"Cod";"Municipio";"Homem_60_69_2022";"Mulher_60_69_2022";"Homem_70_79_2022";"Mulher_70_79_2022";"Homem_80_mais_2022";"Mulher_80_mais_2022";"cod_rgi";"cod_rgint";"cod_regiao_saude"
1100015;"Alta Floresta D'Oeste (RO)";984;871;459;412;200;199;110005;1102;11005
1100023;"Ariquemes (RO)";3302;3347;1557;1647;656;652;110002;1101;11001
1100031;"Cabixi (RO)";310;292;154;127;76;70;110006;1102;11006
1100049;"Cacoal (RO)";3294;3581;1586;1672;662;788;110005;1102;11002
1100056;"Cerejeiras (RO)";622;672;380;358;148;154;110006;1102;11006
1100064;"Colorado do Oeste (RO)";762;722;408;416;185;196;110006;1102;11006
1100072;"Corumbiara (RO)";382;290;165;141;63;48;110006;1102;11006
1100080;"Costa Marques (RO)";414;382;223;165;80;66;110004;1102;11007
1100098;"Espigão D'Oeste (RO)";1148;1121;558;572;239;258;110005;1102;11002
1100106;"Guajará-Mirim (RO)";1199;1253;605;664;260;265;110001;1101;11004
1100114;"Jaru (RO)";1868;1905;990;1071;477;467;110003;1101;11003
1100122;"Ji-Paraná (RO)";4446;4906;2079;2338;898;1051;110004;1102;11003
1100130;"Machadinho D'Oeste (RO)";1280;1084;632;438;199;145;110003;1101;11001
1100148;"Nova Brasilândia D'Oeste (RO)";712;674;371;343;158;137;110005;1102;11005
1100155;"Ouro Preto do Oeste (RO)";1498;1567;793;829;351;415;110004;1102;11003
1100189;"Pimenta Bueno (RO)";1394;1402;640;618;245;258;110005;1102;11002
1100205;"Porto Velho (RO)";15040;16013;6053;6755;2083;2928;110001;1101;11004
1100254;"Presidente Médici (RO)";1023;1006;517;482;229;239;110004;1102;11003
1100262;"Rio Crespo (RO)";168;126;84;60;25;23;110002;1101;11001
1100288;"Rolim de Moura (RO)";2147;2228;1040;1126;463;434;110005;1102;11005
1100296;"Santa Luzia D'Oeste (RO)";379;340;194;206;88;92;110005;1102;11005
1100304;"Vilhena (RO)";3183;3392;1372;1671;595;608;110006;1102;11006
1100320;"São Miguel do Guaporé (RO)";846;758;401;365;173;130;110004;1102;11003
1100338;"Nova Mamoré (RO)";871;749;403;296;130;115;110001;1101;11004
1100346;"Alvorada D'Oeste (RO)";645;637;335;305;151;134;110004;1102;11003
1100379;"Alto Alegre dos Parecis (RO)";499;413;253;211;88;85;110005;1102;11005
1100403;"Alto Paraíso (RO)";674;579;343;298;156;110;110002;1101;11001
1100452;"Buritis (RO)";1061;983;528;403;202;128;110002;1101;11001
1100502;"Novo Horizonte do Oeste (RO)";427;349;196;176;88;83;110005;1102;11005
1100601;"Cacaulândia (RO)";180;170;108;91;44;37;110002;1101;11001
1100700;"Campo Novo de Rondônia (RO)";397;278;187;137;55;40;110002;1101;11001
1100809;"Candeias do Jamari (RO)";878;743;404;319;134;101;110001;1101;11004
1100908;"Castanheiras (RO)";167;131;92;87;51;35;110005;1102;11005
1100924;"Chupinguaia (RO)";333;239;118;101;54;42;110006;1102;11006
1100940;"Cujubim (RO)";529;390;211;170;80;54;110002;1101;11001
1101005;"Governador Jorge Teixeira (RO)";352;328;208;177;90;66;110003;1101;11003
1101104;"Itapuã do Oeste (RO)";367;294;156;129;57;44;110001;1101;11004
1101203;"Ministro Andreazza (RO)";307;285;176;172;89;79;110005;1102;11002
1101302;"Mirante da Serra (RO)";443;443;204;213;111;88;110004;1102;11003
1101401;"Monte Negro (RO)";504;491;297;235;130;87;110002;1101;11001
1101435;"Nova União (RO)";301;248;140;142;67;54;110004;1102;11003
1101450;"Parecis (RO)";170;134;89;70;36;25;110005;1102;11005
1101468;"Pimenteiras do Oeste (RO)";97;75;36;41;14;12;110006;1102;11006
1101476;"Primavera de Rondônia (RO)";167;151;82;80;40;25;110005;1102;11002
1101484;"São Felipe D'Oeste (RO)";287;280;167;132;85;51;110005;1102;11002
1101492;"São Francisco do Guaporé (RO)";588;531;268;244;113;84;110004;1102;11007
1101500;"Seringueiras (RO)";497;396;195;170;99;78;110004;1102;11007
1101559;"Teixeirópolis (RO)";218;181;134;121;59;50;110004;1102;11003
1101609;"Theobroma (RO)";481;379;222;181;70;83;110003;1101;11003
1101708;"Urupá (RO)";531;484;289;265;124;108;110004;1102;11003
1101757;"Vale do Anari (RO)";394;309;222;152;63;58;110003;1101;11003
1101807;"Vale do Paraíso (RO)";351;288;185;171;81;72;110004;1102;11003
1200013;"Acrelândia (AC)";493;410;264;172;104;71;120001;1201;12002
1200054;"Assis Brasil (AC)";222;190;105;91;38;47;120002;1201;12001
1200104;"Brasiléia (AC)";748;711;391;356;188;163;120002;1201;12001
1200138;"Bujari (AC)";497;400;232;175;83;59;120001;1201;12002
1200179;"Capixaba (AC)";400;333;191;142;63;55;120001;1201;12002
1200203;"Cruzeiro do Sul (AC)";2006;2238;1144;1252;549;652;120004;1202;12003
1200252;"Epitaciolândia (AC)";605;521;260;257;135;106;120002;1201;12001
1200302;"Feijó (AC)";825;709;403;400;184;221;120005;1202;12003
1200328;"Jordão (AC)";123;105;49;55;40;26;120005;1202;12002
1200336;"Mâncio Lima (AC)";459;473;242;227;130;113;120004;1202;12003
1200344;"Manoel Urbano (AC)";307;220;140;89;55;49;120003;1201;12002
1200351;"Marechal Thaumaturgo (AC)";298;255;128;120;72;65;120004;1202;12003
1200385;"Plácido de Castro (AC)";641;503;351;279;127;119;120001;1201;12002
1200393;"Porto Walter (AC)";194;163;84;73;43;36;120004;1202;12003
1200401;"Rio Branco (AC)";10134;12089;4814;5815;1880;2678;120001;1201;12002
1200427;"Rodrigues Alves (AC)";348;270;188;175;74;75;120004;1202;12003
1200435;"Santa Rosa do Purus (AC)";81;70;51;40;29;40;120003;1201;12002
1200450;"Senador Guiomard (AC)";730;675;375;362;179;169;120001;1201;12002
1200500;"Sena Madureira (AC)";1051;1001;585;571;248;245;120003;1201;12002
1200609;"Tarauacá (AC)";945;808;478;450;215;233;120005;1202;12003
1200708;"Xapuri (AC)";599;517;309;264;115;122;120002;1201;12001
1200807;"Porto Acre (AC)";642;529;334;265;131;104;120001;1201;12002
1300029;"Alvarães (AM)";324;264;175;147;73;75;130005;1302;13008
1300060;"Amaturá (AM)";224;193;109;104;58;59;130006;1302;13009
1300086;"Anamã (AM)";214;195;100;78;51;37;130004;1301;13002
1300102;"Anori (AM)";459;383;187;164;82;92;130003;1301;13002
1300144;"Apuí (AM)";723;555;326;195;90;72;130009;1303;13003
1300201;"Atalaia do Norte (AM)";319;223;126;132;81;74;130006;1302;13009
1300300;"Autazes (AM)";1214;952;580;450;251;251;130001;1301;13001
1300409;"Barcelos (AM)";474;425;223;177;97;112;130002;1301;13001
1300508;"Barreirinha (AM)";784;619;371;345;197;215;130010;1304;13005
1300607;"Benjamin Constant (AM)";781;708;413;362;220;239;130006;1302;13009
1300631;"Beruri (AM)";456;363;206;166;118;97;130003;1301;13002
1300680;"Boa Vista do Ramos (AM)";580;493;327;299;276;244;130010;1304;13005
1300706;"Boca do Acre (AM)";1103;894;485;474;258;238;130008;1303;13006
1300805;"Borba (AM)";850;752;432;386;210;246;130001;1301;13003
1300839;"Caapiranga (AM)";361;279;186;122;43;54;130004;1301;13002
1300904;"Canutama (AM)";574;444;236;164;92;85;130008;1303;13006
1301001;"Carauari (AM)";655;559;348;306;130;167;130005;1302;13007
1301100;"Careiro (AM)";1282;1061;593;469;195;177;130001;1301;13001
1301159;"Careiro da Várzea (AM)";746;603;353;310;149;115;130001;1301;13001
1301209;"Coari (AM)";1780;1482;807;776;333;423;130003;1301;13002
1301308;"Codajás (AM)";631;506;299;242;121;134;130003;1301;13002
1301407;"Eirunepé (AM)";695;710;369;359;171;211;130007;1302;13007
1301506;"Envira (AM)";323;305;135;151;91;103;130007;1302;13007
1301605;"Fonte Boa (AM)";550;492;273;256;138;140;130005;1302;13009
1301654;"Guajará (AM)";312;294;160;138;64;76;130007;1302;13007
1301704;"Humaitá (AM)";1523;1307;763;661;304;314;130009;1303;13003
1301803;"Ipixuna (AM)";425;374;183;147;67;90;130007;1302;13007
1301852;"Iranduba (AM)";2101;1851;903;724;349;340;130001;1301;13001
1301902;"Itacoatiara (AM)";3122;2752;1386;1379;536;651;130011;1304;13004
1301951;"Itamarati (AM)";186;151;99;104;42;34;130007;1302;13007
1302009;"Itapiranga (AM)";299;268;142;132;53;70;130011;1304;13004
1302108;"Japurá (AM)";163;116;70;45;28;29;130005;1302;13008
1302207;"Juruá (AM)";218;176;95;94;54;61;130005;1302;13008
1302306;"Jutaí (AM)";391;350;240;181;92;103;130005;1302;13009
1302405;"Lábrea (AM)";1083;942;508;485;201;242;130008;1303;13006
1302504;"Manacapuru (AM)";2814;2591;1407;1240;571;614;130004;1301;13002
1302553;"Manaquiri (AM)";631;486;326;248;118;95;130001;1301;13001
1302603;"Manaus (AM)";56316;67976;22905;31480;7526;13935;130001;1301;13001
1302702;"Manicoré (AM)";1426;1149;766;601;314;320;130009;1303;13003
1302801;"Maraã (AM)";323;227;133;86;43;46;130005;1302;13008
1302900;"Maués (AM)";1728;1436;759;664;365;399;130010;1304;13005
1303007;"Nhamundá (AM)";559;524;295;268;146;149;130010;1304;13005
1303106;"Nova Olinda do Norte (AM)";753;607;309;280;158;196;130001;1301;13001
1303205;"Novo Airão (AM)";430;405;231;186;102;90;130004;1301;13002
1303304;"Novo Aripuanã (AM)";665;501;333;243;152;164;130009;1303;13003
1303403;"Parintins (AM)";2741;2661;1346;1415;593;740;130010;1304;13005
1303502;"Pauini (AM)";380;313;195;182;76;105;130008;1303;13006
1303536;"Presidente Figueiredo (AM)";1096;904;456;366;124;119;130001;1301;13001
1303569;"Rio Preto da Eva (AM)";1012;802;450;338;119;121;130001;1301;13001
1303601;"Santa Isabel do Rio Negro (AM)";302;244;166;186;80;88;130002;1301;13001
1303700;"Santo Antônio do Içá (AM)";521;429;265;244;161;143;130006;1302;13009
1303809;"São Gabriel da Cachoeira (AM)";1189;1122;618;723;273;305;130002;1301;13001
1303908;"São Paulo de Olivença (AM)";576;523;324;321;178;181;130006;1302;13009
1303957;"São Sebastião do Uatumã (AM)";301;256;157;133;60;42;130011;1304;13004
1304005;"Silves (AM)";369;314;178;131;52;53;130011;1304;13004
1304062;"Tabatinga (AM)";1400;1303;647;657;276;333;130006;1302;13009
1304104;"Tapauá (AM)";473;403;224;203;93;80;130008;1303;13006
1304203;"Tefé (AM)";1531;1461;804;744;383;384;130005;1302;13008
1304237;"Tonantins (AM)";344;278;170;157;87;105;130006;1302;13009
1304260;"Uarini (AM)";288;213;134;95;72;48;130005;1302;13008
1304302;"Urucará (AM)";675;495;309;246;103;107;130011;1304;13004
1304401;"Urucurituba (AM)";720;587;300;230;127;138;130011;1304;13004
1400027;"Amajari (RR)";385;287;157;93;53;42;140002;1401;14001
1400050;"Alto Alegre (RR)";540;406;276;216;97;74;140001;1401;14001
1400100;"Boa Vista (RR)";9550;10503;4059;4453;1387;1885;140001;1401;14001
1400159;"Bonfim (RR)";372;317;181;147;74;72;140001;1401;14001
1400175;"Cantá (RR)";729;580;346;228;109;62;140001;1401;14001
1400209;"Caracaraí (RR)";744;560;353;220;123;99;140004;1402;14002
1400233;"Caroebe (RR)";316;244;150;93;59;40;140003;1402;14002
1400282;"Iracema (RR)";382;261;167;93;55;33;140004;1402;14002
1400308;"Mucajaí (RR)";622;472;319;244;123;83;140001;1401;14001
1400407;"Normandia (RR)";241;182;106;104;52;55;140002;1401;14001
1400456;"Pacaraima (RR)";351;355;171;125;58;62;140002;1401;14001
1400472;"Rorainópolis (RR)";1018;820;530;322;146;115;140003;1402;14002
1400506;"São João da Baliza (RR)";248;185;136;117;48;25;140003;1402;14002
1400605;"São Luiz do Anauá (RR)";252;220;130;98;45;36;140003;1402;14002
1400704;"Uiramutã (RR)";193;132;65;80;48;54;140002;1401;14001
1500107;"Abaetetuba (PA)";4445;4569;2253;2413;931;1376;150003;1501;15011
1500131;"Abel Figueiredo (PA)";193;218;139;118;57;47;150009;1503;15003
1500206;"Acará (PA)";1719;1492;963;888;460;490;150001;1501;15007
1500305;"Afuá (PA)";932;715;431;395;177;196;150020;1507;15013
1500347;"Água Azul do Norte (PA)";562;447;269;190;111;65;150014;1504;15001
1500404;"Alenquer (PA)";1891;1738;1015;879;431;474;150015;1505;15002
1500503;"Almeirim (PA)";993;810;427;387;194;200;150019;1506;15002
1500602;"Altamira (PA)";3560;3402;1671;1578;691;734;150018;1506;15012
1500701;"Anajás (PA)";524;444;287;238;111;106;150020;1507;15014
1500800;"Ananindeua (PA)";15752;19892;6790;9419;2047;4025;150001;1501;15006
1500859;"Anapu (PA)";898;666;384;264;144;91;150018;1506;15012
1500909;"Augusto Corrêa (PA)";1372;1177;682;644;291;322;150005;1502;15009
1500958;"Aurora do Pará (PA)";681;644;397;314;165;172;150007;1502;15008
1501006;"Aveiro (PA)";655;497;306;261;134;124;150016;1505;15010
1501105;"Bagre (PA)";526;436;249;182;114;111;150020;1507;15014
1501204;"Baião (PA)";1504;1294;816;689;315;301;150011;1503;15011
1501253;"Bannach (PA)";145;124;74;37;27;28;150012;1504;15001
1501303;"Barcarena (PA)";3563;3218;1456;1493;560;766;150001;1501;15011
1501402;"Belém (PA)";50500;65434;24237;36688;9098;19447;150001;1501;15006
1501451;"Belterra (PA)";635;627;362;328;170;172;150015;1505;15002
1501501;"Benevides (PA)";2080;2031;883;987;338;502;150001;1501;15006
1501576;"Bom Jesus do Tocantins (PA)";804;597;281;253;119;114;150009;1503;15003
1501600;"Bonito (PA)";444;370;217;193;92;97;150006;1502;15009
1501709;"Bragança (PA)";3844;3795;1990;2114;799;1011;150005;1502;15009
1501725;"Brasil Novo (PA)";873;712;402;320;169;163;150018;1506;15012
1501758;"Brejo Grande do Araguaia (PA)";253;240;158;119;57;60;150009;1503;15003
1501782;"Breu Branco (PA)";1503;1305;791;620;329;260;150011;1503;15004
1501808;"Breves (PA)";2333;2244;1303;1137;547;652;150020;1507;15014
1501907;"Bujaru (PA)";696;651;426;358;166;242;150001;1501;15007
1501956;"Cachoeira do Piriá (PA)";559;445;254;219;83;76;150005;1502;15009
1502004;"Cachoeira do Arari (PA)";729;681;348;353;171;189;150021;1507;15013
1502103;"Cametá (PA)";3534;3486;2029;2111;898;1141;150002;1501;15011
1502152;"Canaã dos Carajás (PA)";1278;1188;548;538;188;176;150010;1503;15003
1502202;"Capanema (PA)";2284;2637;1259;1334;569;713;150006;1502;15009
1502301;"Capitão Poço (PA)";1663;1606;936;895;391;428;150008;1502;15008
1502400;"Castanhal (PA)";5611;6723;2657;3386;1057;1582;150004;1502;15008
1502509;"Chaves (PA)";478;442;284;195;91;109;150020;1507;15013
1502608;"Colares (PA)";486;452;284;289;116;140;150001;1501;15007
1502707;"Conceição do Araguaia (PA)";1801;1854;1049;984;466;416;150012;1504;15001
1502756;"Concórdia do Pará (PA)";695;629;392;416;181;208;150001;1501;15007
1502764;"Cumaru do Norte (PA)";445;201;149;75;43;36;150012;1504;15001
1502772;"Curionópolis (PA)";814;626;401;290;165;123;150010;1503;15003
1502806;"Curralinho (PA)";645;594;396;320;172;173;150020;1507;15014
1502855;"Curuá (PA)";419;340;197;174;88;82;150017;1505;15002
1502905;"Curuçá (PA)";1571;1471;829;825;401;503;150004;1502;15008
1502939;"Dom Eliseu (PA)";1503;1512;735;675;241;235;150007;1502;15003
1502954;"Eldorado do Carajás (PA)";974;819;546;366;182;154;150010;1503;15003
1503002;"Faro (PA)";274;222;119;113;60;76;150017;1505;15002
1503044;"Floresta do Araguaia (PA)";625;476;333;230;133;98;150012;1504;15001
1503077;"Garrafão do Norte (PA)";713;630;404;336;189;169;150008;1502;15008
1503093;"Goianésia do Pará (PA)";867;759;425;326;153;133;150011;1503;15004
1503101;"Gurupá (PA)";718;575;352;358;175;197;150020;1507;15014
1503200;"Igarapé-Açu (PA)";1286;1342;715;705;297;382;150004;1502;15008
1503309;"Igarapé-Miri (PA)";1748;1713;945;934;387;488;150003;1501;15011
1503408;"Inhangapi (PA)";352;357;187;174;71;103;150004;1502;15008
1503457;"Ipixuna do Pará (PA)";972;713;472;338;161;139;150007;1502;15008
1503507;"Irituia (PA)";1047;1006;696;620;258;324;150004;1502;15008
1503606;"Itaituba (PA)";3684;3372;1685;1455;552;588;150016;1505;15010
1503705;"Itupiranga (PA)";1535;1320;860;678;340;227;150009;1503;15003
1503754;"Jacareacanga (PA)";498;339;218;146;71;54;150016;1505;15010
1503804;"Jacundá (PA)";1249;1280;677;652;285;334;150009;1503;15004
1503903;"Juruti (PA)";1221;1115;658;605;240;308;150017;1505;15002
1504000;"Limoeiro do Ajuru (PA)";692;574;293;312;142;186;150002;1501;15011
1504059;"Mãe do Rio (PA)";939;1033;558;595;244;249;150007;1502;15008
1504109;"Magalhães Barata (PA)";332;356;182;200;91;88;150004;1502;15008
1504208;"Marabá (PA)";7279;7231;3392;3077;1288;1443;150009;1503;15003
1504307;"Maracanã (PA)";984;961;635;569;268;336;150004;1502;15008
1504406;"Marapanim (PA)";1160;1059;629;654;271;310;150004;1502;15008
1504422;"Marituba (PA)";3006;3449;1278;1531;454;703;150001;1501;15006
1504455;"Medicilândia (PA)";926;719;478;312;159;135;150018;1506;15012
1504505;"Melgaço (PA)";450;373;260;173;91;105;150020;1507;15014
1504604;"Mocajuba (PA)";711;700;435;406;228;267;150002;1501;15011
1504703;"Moju (PA)";2205;1712;1097;910;411;436;150003;1501;15011
1504752;"Mojuí dos Campos (PA)";889;742;458;378;197;179;150015;1505;15002
1504802;"Monte Alegre (PA)";2098;1975;1083;1071;508;544;150015;1505;15002
1504901;"Muaná (PA)";1212;1076;623;482;239;305;150021;1507;15013
1504950;"Nova Esperança do Piriá (PA)";513;401;283;196;82;75;150008;1502;15008
1504976;"Nova Ipixuna (PA)";530;481;343;226;107;84;150009;1503;15003
1505007;"Nova Timboteua (PA)";553;559;328;329;147;165;150006;1502;15009
1505031;"Novo Progresso (PA)";1078;784;407;248;88;93;150016;1505;15010
1505064;"Novo Repartimento (PA)";1845;1505;978;731;367;270;150011;1503;15004
1505106;"Óbidos (PA)";1651;1458;899;925;390;487;150017;1505;15002
1505205;"Oeiras do Pará (PA)";745;627;396;380;192;190;150002;1501;15011
1505304;"Oriximiná (PA)";1825;1759;1028;973;445;467;150017;1505;15002
1505403;"Ourém (PA)";592;599;316;329;159;179;150008;1502;15009
1505437;"Ourilândia do Norte (PA)";920;752;421;346;179;139;150013;1504;15001
1505486;"Pacajá (PA)";1244;941;621;439;269;189;150011;1503;15012
1505494;"Palestina do Pará (PA)";236;243;167;129;68;60;150009;1503;15003
1505502;"Paragominas (PA)";2631;2678;1168;1163;454;476;150007;1502;15008
1505536;"Parauapebas (PA)";5026;4630;1807;1890;700;794;150010;1503;15003
1505551;"Pau D'Arco (PA)";310;233;163;122;61;41;150012;1504;15001
1505601;"Peixe-Boi (PA)";408;353;195;170;97;103;150006;1502;15009
1505635;"Piçarra (PA)";423;331;242;179;94;61;150009;1503;15003
1505650;"Placas (PA)";656;466;311;230;108;87;150016;1505;15002
1505700;"Ponta de Pedras (PA)";770;693;364;327;143;217;150021;1507;15013
1505809;"Portel (PA)";1235;1056;664;556;282;282;150020;1507;15014
1505908;"Porto de Moz (PA)";746;610;373;306;175;189;150019;1506;15012
1506005;"Prainha (PA)";961;741;427;380;199;178;150015;1505;15002
1506104;"Primavera (PA)";378;411;268;253;119;121;150006;1502;15009
1506112;"Quatipuru (PA)";460;457;246;224;104;138;150006;1502;15009
1506138;"Redenção (PA)";2440;2595;1210;1190;506;509;150012;1504;15001
1506161;"Rio Maria (PA)";674;621;387;347;156;139;150014;1504;15001
1506187;"Rondon do Pará (PA)";2220;1818;751;704;315;342;150009;1503;15003
1506195;"Rurópolis (PA)";1280;958;654;501;237;184;150016;1505;15010
1506203;"Salinópolis (PA)";1399;1448;761;763;297;347;150006;1502;15009
1506302;"Salvaterra (PA)";777;758;423;407;153;216;150021;1507;15013
1506351;"Santa Bárbara do Pará (PA)";695;694;384;365;135;187;150001;1501;15006
1506401;"Santa Cruz do Arari (PA)";214;199;123;101;44;29;150021;1507;15013
1506500;"Santa Izabel do Pará (PA)";2123;2040;1049;1086;386;553;150001;1501;15007
1506559;"Santa Luzia do Pará (PA)";671;634;374;358;175;188;150005;1502;15009
1506583;"Santa Maria das Barreiras (PA)";703;485;356;206;106;64;150012;1504;15001
1506609;"Santa Maria do Pará (PA)";902;865;420;448;206;236;150004;1502;15008
1506708;"Santana do Araguaia (PA)";1146;933;524;390;180;140;150012;1504;15001
1506807;"Santarém (PA)";9689;10589;4905;5480;1961;2780;150015;1505;15002
1506906;"Santarém Novo (PA)";221;199;134;142;57;73;150006;1502;15009
1507003;"Santo Antônio do Tauá (PA)";1014;974;537;510;194;255;150001;1501;15007
1507102;"São Caetano de Odivelas (PA)";678;674;346;343;154;178;150001;1501;15007
1507151;"São Domingos do Araguaia (PA)";669;657;410;409;217;179;150009;1503;15003
1507201;"São Domingos do Capim (PA)";861;735;547;485;240;234;150004;1502;15008
1507300;"São Félix do Xingu (PA)";2088;1406;857;557;347;175;150013;1504;15001
1507409;"São Francisco do Pará (PA)";634;589;302;307;156;162;150004;1502;15008
1507458;"São Geraldo do Araguaia (PA)";800;707;411;403;200;195;150009;1503;15003
1507466;"São João da Ponta (PA)";223;183;110;98;41;62;150004;1502;15008
1507474;"São João de Pirabas (PA)";760;782;497;410;182;235;150006;1502;15009
1507508;"São João do Araguaia (PA)";599;482;286;199;105;93;150009;1503;15003
1507607;"São Miguel do Guamá (PA)";1460;1528;887;921;316;461;150004;1502;15008
1507706;"São Sebastião da Boa Vista (PA)";618;560;308;302;148;164;150020;1507;15013
1507755;"Sapucaia (PA)";171;152;85;61;35;23;150014;1504;15001
1507805;"Senador José Porfírio (PA)";671;460;256;161;57;63;150018;1506;15012
1507904;"Soure (PA)";820;905;392;438;177;255;150021;1507;15013
1507953;"Tailândia (PA)";1528;1372;737;574;259;262;150003;1501;15004
1507961;"Terra Alta (PA)";383;356;235;203;98;122;150004;1502;15008
1507979;"Terra Santa (PA)";531;518;304;269;119;128;150017;1505;15002
1508001;"Tomé-Açu (PA)";1635;1486;911;842;414;398;150001;1501;15007
1508035;"Tracuateua (PA)";1057;950;546;474;220;251;150005;1502;15009
1508050;"Trairão (PA)";485;400;225;180;84;55;150016;1505;15010
1508084;"Tucumã (PA)";1192;1076;653;508;202;149;150013;1504;15001
1508100;"Tucuruí (PA)";2831;3042;1336;1342;529;592;150011;1503;15004
1508126;"Ulianópolis (PA)";1148;1027;383;306;84;83;150007;1502;15008
1508159;"Uruará (PA)";1440;1021;707;516;268;221;150018;1506;15012
1508209;"Vigia (PA)";1810;1815;993;1009;368;495;150001;1501;15007
1508308;"Viseu (PA)";1778;1607;920;791;398;430;150005;1502;15009
1508357;"Vitória do Xingu (PA)";472;388;265;195;87;83;150018;1506;15012
1508407;"Xinguara (PA)";1521;1441;780;723;307;320;150014;1504;15001
1600055;"Serra do Navio (AP)";121;100;42;35;15;23;160004;1602;16001
1600105;"Amapá (AP)";242;182;111;112;50;51;160003;1602;16002
1600154;"Pedra Branca do Amapari (AP)";268;189;132;75;50;28;160004;1602;16001
1600204;"Calçoene (AP)";348;227;145;83;48;45;160003;1602;16002
1600212;"Cutias (AP)";128;90;61;47;20;27;160003;1602;16001
1600238;"Ferreira Gomes (AP)";166;169;85;74;37;26;160004;1602;16001
1600253;"Itaubal (AP)";161;116;77;51;17;25;160001;1601;16001
1600279;"Laranjal do Jari (AP)";1156;863;401;417;181;153;160002;1601;16003
1600303;"Macapá (AP)";10801;12359;4660;5656;1826;2869;160001;1601;16001
1600402;"Mazagão (AP)";563;453;262;220;119;106;160001;1601;16003
1600501;"Oiapoque (AP)";609;475;236;169;67;54;160003;1602;16002
1600535;"Porto Grande (AP)";526;423;267;173;84;74;160004;1602;16001
1600550;"Pracuúba (AP)";94;80;48;38;21;15;160003;1602;16002
1600600;"Santana (AP)";2548;2853;1269;1347;619;702;160001;1601;16003
1600709;"Tartarugalzinho (AP)";362;296;179;132;49;45;160003;1602;16002
1600808;"Vitória do Jari (AP)";295;216;142;114;67;64;160002;1601;16003
1700251;"Abreulândia (TO)";114;112;73;42;27;21;170003;1701;17007
1700301;"Aguiarnópolis (TO)";134;157;96;84;45;49;170008;1702;17002
1700350;"Aliança do Tocantins (TO)";243;239;156;148;73;65;170010;1703;17005
1700400;"Almas (TO)";265;225;136;143;72;84;170011;1703;17003
1700707;"Alvorada (TO)";318;332;195;217;104;83;170010;1703;17005
1701002;"Ananás (TO)";343;356;239;219;107;100;170005;1702;17002
1701051;"Angico (TO)";129;106;67;63;39;33;170005;1702;17002
1701101;"Aparecida do Rio Negro (TO)";214;175;131;106;71;50;170001;1701;17006
1701309;"Aragominas (TO)";270;220;173;121;51;39;170005;1702;17001
1701903;"Araguacema (TO)";297;257;161;133;64;60;170003;1701;17007
1702000;"Araguaçu (TO)";408;385;251;233;140;126;170010;1703;17005
1702109;"Araguaína (TO)";4690;5471;2618;2957;1251;1529;170005;1702;17001
1702158;"Araguanã (TO)";146;159;105;91;42;33;170005;1702;17001
1702208;"Araguatins (TO)";1083;1131;704;563;311;353;170009;1702;17002
1702307;"Arapoema (TO)";219;242;142;100;57;63;170005;1702;17004
1702406;"Arraias (TO)";508;443;285;234;149;165;170011;1703;17003
1702554;"Augustinópolis (TO)";549;605;315;331;159;158;170009;1702;17002
1702703;"Aurora do Tocantins (TO)";164;144;101;88;45;48;170011;1703;17003
1702901;"Axixá do Tocantins (TO)";275;338;211;215;91;105;170009;1702;17002
1703008;"Babaçulândia (TO)";406;367;276;217;106;116;170005;1702;17001
1703057;"Bandeirantes do Tocantins (TO)";102;103;64;58;36;25;170007;1702;17004
1703073;"Barra do Ouro (TO)";173;140;110;84;44;38;170005;1702;17001
1703107;"Barrolândia (TO)";224;233;124;114;61;51;170003;1701;17007
1703206;"Bernardo Sayão (TO)";174;161;97;82;38;45;170007;1702;17004
1703305;"Bom Jesus do Tocantins (TO)";151;130;75;58;41;31;170006;1702;17004
1703602;"Brasilândia do Tocantins (TO)";89;74;50;36;19;26;170007;1702;17004
1703701;"Brejinho de Nazaré (TO)";239;215;151;109;72;69;170002;1701;17008
1703800;"Buriti do Tocantins (TO)";377;374;221;240;95;91;170009;1702;17002
1703826;"Cachoeirinha (TO)";79;66;43;42;29;28;170008;1702;17002
1703842;"Campos Lindos (TO)";250;218;125;110;43;49;170005;1702;17001
1703867;"Cariri do Tocantins (TO)";154;148;101;74;54;41;170010;1703;17005
1703883;"Carmolândia (TO)";106;85;45;65;14;21;170005;1702;17001
1703891;"Carrasco Bonito (TO)";109;123;79;59;32;25;170009;1702;17002
1703909;"Caseara (TO)";202;172;112;99;43;31;170003;1701;17007
1704105;"Centenário (TO)";111;90;66;55;22;25;170006;1702;17004
1704600;"Chapada de Areia (TO)";88;79;59;43;23;11;170003;1701;17007
1705102;"Chapada da Natividade (TO)";156;95;84;56;44;37;170002;1701;17008
1705508;"Colinas do Tocantins (TO)";1007;1085;579;663;284;322;170007;1702;17004
1705557;"Combinado (TO)";177;180;96;83;48;35;170011;1703;17003
1705607;"Conceição do Tocantins (TO)";175;143;105;88;48;51;170011;1703;17003
1706001;"Couto Magalhães (TO)";263;230;145;106;52;46;170006;1702;17004
1706100;"Cristalândia (TO)";349;345;174;157;101;100;170003;1701;17007
1706258;"Crixás do Tocantins (TO)";76;70;40;37;15;7;170010;1703;17005
1706506;"Darcinópolis (TO)";224;187;95;95;62;47;170005;1702;17001
1707009;"Dianópolis (TO)";627;628;318;325;160;207;170011;1703;17003
1707108;"Divinópolis do Tocantins (TO)";344;293;187;173;89;71;170003;1701;17007
1707207;"Dois Irmãos do Tocantins (TO)";327;289;207;151;111;64;170004;1701;17007
1707306;"Dueré (TO)";228;189;132;113;53;54;170010;1703;17005
1707405;"Esperantina (TO)";322;288;164;134;85;71;170009;1702;17002
1707553;"Fátima (TO)";145;167;81;84;44;43;170002;1701;17008
1707652;"Figueirópolis (TO)";270;250;151;143;89;71;170010;1703;17005
1707702;"Filadélfia (TO)";393;320;237;205;113;132;170005;1702;17001
1708205;"Formoso do Araguaia (TO)";772;703;462;364;198;174;170010;1703;17005
1708254;"Tabocão (TO)";133;116;58;49;34;30;170006;1702;17006
1708304;"Goianorte (TO)";200;188;131;117;51;44;170006;1702;17004
1709005;"Goiatins (TO)";434;389;245;216;127;129;170005;1702;17001
1709302;"Guaraí (TO)";891;961;586;554;230;260;170006;1702;17004
1709500;"Gurupi (TO)";2791;3142;1540;1773;666;827;170010;1703;17005
1709807;"Ipueiras (TO)";85;74;53;40;19;15;170002;1701;17008
1710508;"Itacajá (TO)";261;241;179;160;89;113;170007;1702;17004
1710706;"Itaguatins (TO)";262;220;129;132;72;64;170009;1702;17002
1710904;"Itapiratins (TO)";158;141;98;76;46;42;170007;1702;17004
1711100;"Itaporã do Tocantins (TO)";87;92;62;59;35;24;170006;1702;17004
1711506;"Jaú do Tocantins (TO)";201;154;109;89;53;45;170010;1703;17005
1711803;"Juarina (TO)";119;98;51;45;24;20;170007;1702;17004
1711902;"Lagoa da Confusão (TO)";446;340;182;154;95;75;170003;1701;17007
1711951;"Lagoa do Tocantins (TO)";131;130;73;60;33;27;170001;1701;17006
1712009;"Lajeado (TO)";177;128;83;63;32;23;170001;1701;17006
1712157;"Lavandeira (TO)";85;66;38;33;20;19;170011;1703;17003
1712405;"Lizarda (TO)";182;136;80;77;49;37;170001;1701;17006
1712454;"Luzinópolis (TO)";91;120;64;60;38;20;170008;1702;17002
1712504;"Marianópolis do Tocantins (TO)";194;169;113;66;46;24;170003;1701;17007
1712702;"Mateiros (TO)";80;63;35;34;14;12;170001;1701;17008
1712801;"Maurilândia do Tocantins (TO)";132;114;76;53;30;30;170008;1702;17002
1713205;"Miracema do Tocantins (TO)";796;779;385;410;234;245;170004;1701;17006
1713304;"Miranorte (TO)";534;535;289;276;163;160;170004;1701;17006
1713601;"Monte do Carmo (TO)";311;271;165;135;74;72;170002;1701;17008
1713700;"Monte Santo do Tocantins (TO)";132;100;98;51;40;25;170003;1701;17007
1713809;"Palmeiras do Tocantins (TO)";211;175;117;112;63;56;170008;1702;17002
1713957;"Muricilândia (TO)";127;122;101;69;34;35;170005;1702;17001
1714203;"Natividade (TO)";365;346;212;226;113;127;170002;1701;17008
1714302;"Nazaré (TO)";175;198;132;137;79;67;170008;1702;17002
1714880;"Nova Olinda (TO)";391;400;262;202;139;100;170005;1702;17001
1715002;"Nova Rosalândia (TO)";189;154;99;80;59;38;170003;1701;17007
1715101;"Novo Acordo (TO)";145;159;81;92;40;47;170001;1701;17006
1715150;"Novo Alegre (TO)";87;85;63;57;26;25;170011;1703;17003
1715259;"Novo Jardim (TO)";85;69;67;35;15;24;170011;1703;17003
1715507;"Oliveira de Fátima (TO)";45;45;30;23;13;6;170002;1701;17008
1715705;"Palmeirante (TO)";245;202;136;75;51;38;170007;1702;17004
1715754;"Palmeirópolis (TO)";314;272;188;192;101;87;170010;1703;17005
1716109;"Paraíso do Tocantins (TO)";1665;1807;952;1010;396;507;170003;1701;17007
1716208;"Paranã (TO)";511;403;267;260;151;156;170010;1703;17003
1716307;"Pau D'Arco (TO)";181;131;82;81;48;30;170005;1702;17001
1716505;"Pedro Afonso (TO)";450;415;235;267;138;123;170006;1702;17004
1716604;"Peixe (TO)";521;429;294;230;126;109;170010;1703;17005
1716653;"Pequizeiro (TO)";202;182;117;104;53;51;170006;1702;17004
1716703;"Colméia (TO)";407;384;259;215;109;110;170006;1702;17004
1717008;"Pindorama do Tocantins (TO)";223;180;124;116;64;39;170002;1701;17008
1717206;"Piraquê (TO)";117;94;73;44;26;12;170005;1702;17001
1717503;"Pium (TO)";305;262;173;128;85;76;170003;1701;17007
1717800;"Ponte Alta do Bom Jesus (TO)";240;194;129;123;63;65;170011;1703;17003
1717909;"Ponte Alta do Tocantins (TO)";336;293;205;153;83;77;170002;1701;17008
1718006;"Porto Alegre do Tocantins (TO)";105;103;59;57;33;33;170011;1703;17003
1718204;"Porto Nacional (TO)";2104;2084;1121;1149;557;685;170002;1701;17008
1718303;"Praia Norte (TO)";261;258;170;148;63;48;170009;1702;17002
1718402;"Presidente Kennedy (TO)";121;131;80;79;47;44;170006;1702;17004
1718451;"Pugmil (TO)";101;84;54;45;22;23;170003;1701;17007
1718501;"Recursolândia (TO)";172;94;81;52;40;21;170006;1702;17004
1718550;"Riachinho (TO)";179;158;100;77;61;36;170005;1702;17002
1718659;"Rio da Conceição (TO)";60;60;34;30;12;17;170011;1703;17003
1718709;"Rio dos Bois (TO)";132;110;69;64;32;19;170004;1701;17006
1718758;"Rio Sono (TO)";253;226;145;133;93;66;170001;1701;17006
1718808;"Sampaio (TO)";142;137;73;55;39;35;170009;1702;17002
1718840;"Sandolândia (TO)";184;146;108;92;45;22;170010;1703;17005
1718865;"Santa Fé do Araguaia (TO)";280;234;136;118;70;55;170005;1702;17001
1718881;"Santa Maria do Tocantins (TO)";109;119;85;51;23;32;170006;1702;17004
1718899;"Santa Rita do Tocantins (TO)";120;90;53;45;21;15;170002;1701;17005
1718907;"Santa Rosa do Tocantins (TO)";191;179;110;104;65;55;170002;1701;17008
1719004;"Santa Tereza do Tocantins (TO)";109;100;59;52;34;35;170001;1701;17006
1720002;"Santa Terezinha do Tocantins (TO)";109;86;58;65;39;29;170008;1702;17002
1720101;"São Bento do Tocantins (TO)";207;185;127;106;52;52;170009;1702;17002
1720150;"São Félix do Tocantins (TO)";70;48;24;22;12;20;170001;1701;17006
1720200;"São Miguel do Tocantins (TO)";436;468;269;239;98;113;170009;1702;17002
1720259;"São Salvador do Tocantins (TO)";125;126;90;52;32;27;170010;1703;17005
1720309;"São Sebastião do Tocantins (TO)";147;142;74;63;32;38;170009;1702;17002
1720499;"São Valério (TO)";225;215;160;121;56;68;170010;1703;17005
1720655;"Silvanópolis (TO)";198;214;135;132;82;66;170002;1701;17008
1720804;"Sítio Novo do Tocantins (TO)";447;372;198;232;108;109;170009;1702;17002
1720853;"Sucupira (TO)";69;68;56;35;22;15;170010;1703;17005
1720903;"Taguatinga (TO)";651;558;350;330;177;172;170011;1703;17003
1720937;"Taipas do Tocantins (TO)";83;83;50;40;32;30;170011;1703;17003
1720978;"Talismã (TO)";133;104;76;40;32;21;170010;1703;17005
1721000;"Palmas (TO)";7229;7973;3412;3508;1286;1508;170001;1701;17006
1721109;"Tocantínia (TO)";217;210;124;84;49;78;170004;1701;17006
1721208;"Tocantinópolis (TO)";728;831;401;496;238;297;170008;1702;17002
1721257;"Tupirama (TO)";83;74;43;37;17;13;170006;1702;17004
1721307;"Tupiratins (TO)";111;86;49;42;34;17;170007;1702;17004
1722081;"Wanderlândia (TO)";380;402;252;222;109;98;170005;1702;17001
1722107;"Xambioá (TO)";342;402;189;212;109;129;170005;1702;17001
2100055;"Açailândia (MA)";3094;3317;1688;1719;710;838;210021;2105;21001
2100105;"Afonso Cunha (MA)";186;182;77;96;61;50;210013;2103;21005
2100154;"Água Doce do Maranhão (MA)";387;384;283;239;145;138;210007;2101;21006
2100204;"Alcântara (MA)";778;793;461;394;220;236;210001;2101;21016
2100303;"Aldeias Altas (MA)";767;714;399;381;163;195;210013;2103;21005
2100402;"Altamira do Maranhão (MA)";244;232;129;147;68;73;210010;2102;21002
2100436;"Alto Alegre do Maranhão (MA)";775;778;402;415;218;239;210010;2102;21007
2100477;"Alto Alegre do Pindaré (MA)";794;844;536;510;251;221;210009;2102;21014
2100501;"Alto Parnaíba (MA)";414;404;220;203;80;103;210022;2105;21003
2100550;"Amapá do Maranhão (MA)";206;185;129;104;50;43;210011;2102;21019
2100600;"Amarante do Maranhão (MA)";1033;939;646;558;323;281;210019;2105;21008
2100709;"Anajatuba (MA)";920;897;569;534;313;350;210004;2101;21009
2100808;"Anapurus (MA)";412;431;240;249;96;127;210003;2101;21006
2100832;"Apicum-Açu (MA)";547;502;277;249;130;132;210008;2101;21011
2100873;"Araguanã (MA)";363;358;231;224;120;103;210009;2102;21019
2100907;"Araioses (MA)";1411;1344;893;857;461;529;210007;2101;21006
2100956;"Arame (MA)";692;669;427;397;197;186;210020;2105;21004
2101004;"Arari (MA)";1076;1062;602;592;320;356;210005;2101;21009
2101103;"Axixá (MA)";356;386;218;224;129;202;210001;2101;21013
2101202;"Bacabal (MA)";3113;3938;1774;2269;849;1224;210010;2102;21002
2101251;"Bacabeira (MA)";525;488;245;239;109;156;210001;2101;21013
2101301;"Bacuri (MA)";613;611;328;341;165;214;210008;2101;21011
2101350;"Bacurituba (MA)";255;211;149;114;85;99;210002;2101;21018
2101400;"Balsas (MA)";2420;2557;1149;1360;488;730;210022;2105;21003
2101509;"Barão de Grajaú (MA)";631;717;364;446;183;280;210017;2104;21015
2101608;"Barra do Corda (MA)";2748;2820;1710;1830;860;898;210020;2105;21004
2101707;"Barreirinhas (MA)";1766;1575;921;906;427;465;210006;2101;21013
2101731;"Belágua (MA)";208;152;87;84;44;51;210003;2101;21009
2101772;"Bela Vista do Maranhão (MA)";359;395;232;222;94;137;210009;2102;21014
2101806;"Benedito Leite (MA)";250;226;115;129;67;71;210017;2104;21015
2101905;"Bequimão (MA)";861;821;559;500;287;312;210002;2101;21011
2101939;"Bernardo do Mearim (MA)";236;209;140;157;66;69;210012;2102;21010
2101970;"Boa Vista do Gurupi (MA)";229;206;132;111;39;52;210011;2102;21019
2102002;"Bom Jardim (MA)";1044;1067;662;663;301;308;210009;2102;21014
2102036;"Bom Jesus das Selvas (MA)";865;747;504;373;177;155;210021;2105;21001
2102077;"Bom Lugar (MA)";413;439;278;249;119;133;210010;2102;21002
2102101;"Brejo (MA)";1102;1135;667;761;313;424;210003;2101;21006
2102150;"Brejo de Areia (MA)";290;254;151;135;57;59;210010;2102;21002
2102200;"Buriti (MA)";888;861;531;540;257;285;210003;2101;21005
2102309;"Buriti Bravo (MA)";840;863;489;559;243;310;210014;2103;21015
2102325;"Buriticupu (MA)";1642;1590;965;867;429;321;210021;2105;21001
2102358;"Buritirana (MA)";477;498;306;313;165;141;210019;2105;21008
2102374;"Cachoeira Grande (MA)";277;244;162;149;77;78;210001;2101;21013
2102408;"Cajapió (MA)";349;324;195;177;117;144;210005;2101;21018
2102507;"Cajari (MA)";544;589;336;284;141;174;210005;2101;21018
2102556;"Campestre do Maranhão (MA)";387;365;244;237;109;92;210019;2105;21008
2102606;"Cândido Mendes (MA)";640;546;359;353;157;141;210011;2102;21019
2102705;"Cantanhede (MA)";786;737;384;356;190;181;210004;2101;21009
2102754;"Capinzal do Norte (MA)";431;432;218;277;121;129;210012;2102;21012
2102804;"Carolina (MA)";934;935;544;605;301;356;210022;2105;21008
2102903;"Carutapera (MA)";710;688;408;340;169;211;210011;2102;21019
2103000;"Caxias (MA)";5106;6355;3002;3646;1434;2152;210013;2103;21005
2103109;"Cedral (MA)";417;379;232;226;132;153;210008;2101;21011
2103125;"Central do Maranhão (MA)";239;245;153;145;82;78;210008;2101;21011
2103158;"Centro do Guilherme (MA)";290;259;195;153;72;68;210011;2102;21019
2103174;"Centro Novo do Maranhão (MA)";450;383;224;219;108;73;210011;2102;21019
2103208;"Chapadinha (MA)";2372;2716;1474;1615;723;859;210003;2101;21006
2103257;"Cidelândia (MA)";493;494;301;251;129;116;210019;2105;21001
2103307;"Codó (MA)";3866;4496;2248;2709;1111;1452;210015;2103;21007
2103406;"Coelho Neto (MA)";1455;1689;867;889;366;505;210013;2103;21005
2103505;"Colinas (MA)";1293;1429;701;771;323;443;210018;2104;21015
2103554;"Conceição do Lago-Açu (MA)";425;444;243;171;98;111;210010;2102;21002
2103604;"Coroatá (MA)";2109;2334;1198;1327;553;680;210015;2103;21007
2103703;"Cururupu (MA)";1305;1329;686;716;394;502;210008;2101;21011
2103752;"Davinópolis (MA)";428;492;258;263;141;126;210019;2105;21008
2103802;"Dom Pedro (MA)";778;892;436;575;222;303;210016;2104;21012
2103901;"Duque Bacelar (MA)";296;317;191;209;87;92;210013;2103;21005
2104008;"Esperantinópolis (MA)";645;731;407;440;216;258;210012;2102;21010
2104057;"Estreito (MA)";959;990;649;581;288;266;210019;2105;21008
2104073;"Feira Nova do Maranhão (MA)";299;270;189;161;86;84;210022;2105;21003
2104081;"Fernando Falcão (MA)";267;251;128;134;78;69;210020;2105;21004
2104099;"Formosa da Serra Negra (MA)";600;487;327;333;164;133;210020;2105;21003
2104107;"Fortaleza dos Nogueiras (MA)";435;375;231;241;103;104;210022;2105;21003
2104206;"Fortuna (MA)";610;641;417;419;166;207;210016;2104;21012
2104305;"Godofredo Viana (MA)";300;247;155;127;68;67;210011;2102;21019
2104404;"Gonçalves Dias (MA)";656;670;410;424;168;228;210016;2104;21012
2104503;"Governador Archer (MA)";348;391;233;268;98;133;210016;2104;21012
2104552;"Governador Edison Lobão (MA)";582;577;334;354;158;123;210019;2105;21008
2104602;"Governador Eugênio Barros (MA)";531;574;311;322;159;205;210016;2104;21012
2104628;"Governador Luiz Rocha (MA)";256;272;168;137;68;71;210016;2104;21012
2104651;"Governador Newton Bello (MA)";298;275;168;168;78;65;210009;2102;21014
2104677;"Governador Nunes Freire (MA)";679;722;391;337;158;164;210011;2102;21019
2104701;"Graça Aranha (MA)";204;238;152;196;83;99;210016;2104;21012
2104800;"Grajaú (MA)";1959;1894;1143;1112;559;657;210020;2105;21004
2104909;"Guimarães (MA)";466;461;269;293;172;185;210008;2101;21011
2105005;"Humberto de Campos (MA)";742;686;443;376;231;244;210006;2101;21013
2105104;"Icatu (MA)";766;739;455;429;241;282;210001;2101;21013
2105153;"Igarapé do Meio (MA)";426;448;223;214;106;124;210009;2102;21014
2105203;"Igarapé Grande (MA)";374;421;229;275;126;145;210012;2102;21010
2105302;"Imperatriz (MA)";7775;9581;4125;5123;1874;2554;210019;2105;21008
2105351;"Itaipava do Grajaú (MA)";404;338;240;215;121;91;210020;2105;21004
2105401;"Itapecuru Mirim (MA)";1847;1948;970;1079;483;646;210004;2101;21009
2105427;"Itinga do Maranhão (MA)";765;753;451;425;176;174;210021;2105;21001
2105450;"Jatobá (MA)";247;254;144;143;64;64;210018;2104;21015
2105476;"Jenipapo dos Vieiras (MA)";322;308;219;245;129;146;210020;2105;21004
2105500;"João Lisboa (MA)";748;835;501;531;231;255;210019;2105;21008
2105609;"Joselândia (MA)";523;525;320;369;158;145;210012;2102;21012
2105658;"Junco do Maranhão (MA)";176;169;92;105;47;42;210011;2102;21019
2105708;"Lago da Pedra (MA)";1435;1591;853;932;415;487;210010;2102;21010
2105807;"Lago do Junco (MA)";398;351;175;198;92;105;210012;2102;21010
2105906;"Lago Verde (MA)";493;497;275;299;113;124;210010;2102;21002
2105922;"Lagoa do Mato (MA)";394;379;202;234;108;115;210017;2104;21015
2105948;"Lago dos Rodrigues (MA)";344;383;203;213;100;118;210012;2102;21010
2105963;"Lagoa Grande do Maranhão (MA)";358;304;205;160;89;80;210010;2102;21010
2105989;"Lajeado Novo (MA)";278;223;164;138;96;74;210019;2105;21008
2106003;"Lima Campos (MA)";442;506;277;274;115;168;210012;2102;21010
2106102;"Loreto (MA)";416;417;242;249;125;125;210022;2105;21003
2106201;"Luís Domingues (MA)";237;201;115;114;59;73;210011;2102;21019
2106300;"Magalhães de Almeida (MA)";480;490;312;332;142;155;210007;2101;21006
2106326;"Maracaçumé (MA)";519;562;358;315;143;150;210011;2102;21019
2106359;"Marajá do Sena (MA)";190;140;100;71;35;17;210010;2102;21002
2106375;"Maranhãozinho (MA)";336;353;200;189;113;87;210011;2102;21019
2106409;"Mata Roma (MA)";556;529;292;293;165;183;210003;2101;21006
2106508;"Matinha (MA)";790;806;426;402;210;303;210005;2101;21018
2106607;"Matões (MA)";1132;1158;684;705;318;343;210014;2103;21017
2106631;"Matões do Norte (MA)";482;415;200;174;80;78;210004;2101;21009
2106672;"Milagres do Maranhão (MA)";290;280;179;167;87;80;210003;2101;21006
2106706;"Mirador (MA)";726;736;463;435;182;223;210018;2104;21015
2106755;"Miranda do Norte (MA)";658;743;384;381;143;179;210004;2101;21009
2106805;"Mirinzal (MA)";494;487;311;266;152;188;210008;2101;21011
2106904;"Monção (MA)";867;933;522;465;229;241;210009;2102;21014
2107001;"Montes Altos (MA)";324;320;223;200;111;79;210019;2105;21008
2107100;"Morros (MA)";557;506;321;314;143;164;210001;2101;21013
2107209;"Nina Rodrigues (MA)";351;351;183;188;71;82;210004;2101;21009
2107258;"Nova Colinas (MA)";162;162;116;101;59;48;210022;2105;21003
2107308;"Nova Iorque (MA)";171;199;129;139;58;74;210017;2104;21015
2107357;"Nova Olinda do Maranhão (MA)";483;498;295;305;139;136;210009;2102;21019
2107407;"Olho d'Água das Cunhãs (MA)";664;735;358;429;179;206;210010;2102;21002
2107456;"Olinda Nova do Maranhão (MA)";478;473;239;257;117;166;210005;2101;21018
2107506;"Paço do Lumiar (MA)";3894;4815;1759;2143;613;988;210001;2101;21016
2107605;"Palmeirândia (MA)";718;753;383;408;172;261;210002;2101;21018
2107704;"Paraibano (MA)";656;754;399;506;215;243;210017;2104;21015
2107803;"Parnarama (MA)";1146;1173;660;680;331;351;210014;2103;21017
2107902;"Passagem Franca (MA)";568;714;335;394;199;233;210017;2104;21015
2108009;"Pastos Bons (MA)";627;690;380;398;176;239;210017;2104;21015
2108058;"Paulino Neves (MA)";479;456;288;256;150;175;210007;2101;21006
2108108;"Paulo Ramos (MA)";687;699;382;401;195;172;210010;2102;21002
2108207;"Pedreiras (MA)";1248;1631;798;1046;359;554;210012;2102;21010
2108256;"Pedro do Rosário (MA)";686;684;459;412;229;208;210002;2101;21011
2108306;"Penalva (MA)";1013;1090;622;652;298;375;210005;2101;21018
2108405;"Peri Mirim (MA)";462;432;266;261;132;182;210002;2101;21011
2108454;"Peritoró (MA)";649;770;404;406;168;225;210015;2103;21007
2108504;"Pindaré-Mirim (MA)";916;1108;551;632;296;386;210009;2102;21014
2108603;"Pinheiro (MA)";2704;3033;1496;1674;765;1037;210002;2101;21011
2108702;"Pio XII (MA)";677;757;404;454;208;224;210009;2102;21014
2108801;"Pirapemas (MA)";522;544;273;304;139;189;210004;2101;21009
2108900;"Poção de Pedras (MA)";710;739;455;464;205;249;210012;2102;21010
2109007;"Porto Franco (MA)";728;747;416;449;238;249;210019;2105;21008
2109056;"Porto Rico do Maranhão (MA)";283;278;163;144;96;84;210008;2101;21011
2109106;"Presidente Dutra (MA)";1493;1656;818;915;396;503;210016;2104;21012
2109205;"Presidente Juscelino (MA)";324;330;156;163;97;96;210001;2101;21013
2109239;"Presidente Médici (MA)";166;165;87;95;61;56;210011;2102;21019
2109270;"Presidente Sarney (MA)";499;542;307;317;178;199;210002;2101;21011
2109304;"Presidente Vargas (MA)";298;296;171;166;68;101;210004;2101;21009
2109403;"Primeira Cruz (MA)";394;379;252;221;111;102;210006;2101;21013
2109452;"Raposa (MA)";763;791;376;382;152;156;210001;2101;21016
2109502;"Riachão (MA)";836;809;560;472;242;266;210022;2105;21003
2109551;"Ribamar Fiquene (MA)";290;261;180;135;75;68;210019;2105;21008
2109601;"Rosário (MA)";1175;1350;608;738;331;404;210001;2101;21013
2109700;"Sambaíba (MA)";227;227;116;118;50;87;210022;2105;21003
2109759;"Santa Filomena do Maranhão (MA)";224;205;143;106;53;58;210016;2104;21012
2109809;"Santa Helena (MA)";1266;1366;760;789;382;414;210002;2101;21011
2109908;"Santa Inês (MA)";2514;3097;1418;1792;707;968;210009;2102;21014
2110005;"Santa Luzia (MA)";1907;1880;1158;1107;548;575;210009;2102;21014
2110039;"Santa Luzia do Paruá (MA)";734;768;465;460;238;239;210011;2102;21019
2110104;"Santa Quitéria do Maranhão (MA)";766;801;440;488;232;277;210003;2101;21006
2110203;"Santa Rita (MA)";1014;1069;565;596;331;355;210001;2101;21013
2110237;"Santana do Maranhão (MA)";374;340;227;240;124;114;210007;2101;21006
2110278;"Santo Amaro do Maranhão (MA)";379;356;240;204;104;105;210006;2101;21013
2110302;"Santo Antônio dos Lopes (MA)";464;538;311;333;142;141;210012;2102;21012
2110401;"São Benedito do Rio Preto (MA)";486;554;340;325;138;192;210003;2101;21009
2110500;"São Bento (MA)";1444;1600;812;900;345;589;210002;2101;21018
2110609;"São Bernardo (MA)";834;865;496;577;318;348;210007;2101;21006
2110658;"São Domingos do Azeitão (MA)";243;252;149;163;60;76;210017;2104;21015
2110708;"São Domingos do Maranhão (MA)";1078;1136;714;788;322;356;210016;2104;21012
2110807;"São Félix de Balsas (MA)";192;198;123;125;43;48;210022;2105;21003
2110856;"São Francisco do Brejão (MA)";307;298;181;175;86;85;210021;2105;21001
2110906;"São Francisco do Maranhão (MA)";460;501;307;315;150;182;210017;2104;21017
2111003;"São João Batista (MA)";695;634;397;448;238;254;210005;2101;21018
2111029;"São João do Carú (MA)";387;321;213;154;84;95;210009;2102;21014
2111052;"São João do Paraíso (MA)";354;323;252;231;113;104;210019;2105;21008
2111078;"São João do Soter (MA)";611;641;395;355;155;199;210013;2103;21005
2111102;"São João dos Patos (MA)";957;1120;530;679;289;424;210017;2104;21015
2111201;"São José de Ribamar (MA)";5962;7072;2398;3138;1001;1670;210001;2101;21016
2111250;"São José dos Basílios (MA)";245;247;162;177;73;90;210016;2104;21012
2111300;"São Luís (MA)";32925;43830;15224;22016;6193;12076;210001;2101;21016
2111409;"São Luís Gonzaga do Maranhão (MA)";614;696;393;396;168;200;210010;2102;21002
2111508;"São Mateus do Maranhão (MA)";1382;1466;779;848;370;453;210010;2102;21007
2111532;"São Pedro da Água Branca (MA)";500;483;288;238;121;116;210019;2105;21001
2111573;"São Pedro dos Crentes (MA)";173;151;110;84;47;40;210020;2105;21003
2111607;"São Raimundo das Mangabeiras (MA)";636;637;365;394;179;252;210022;2105;21003
2111631;"São Raimundo do Doca Bezerra (MA)";194;186;115;103;38;42;210012;2102;21010
2111672;"São Roberto (MA)";137;133;83;71;40;39;210012;2102;21010
2111706;"São Vicente Ferrer (MA)";736;724;420;417;209;278;210005;2101;21018
2111722;"Satubinha (MA)";256;251;146;147;77;76;210010;2102;21014
2111748;"Senador Alexandre Costa (MA)";341;340;217;214;94;129;210016;2104;21012
2111763;"Senador La Rocque (MA)";500;560;360;368;174;186;210019;2105;21008
2111789;"Serrano do Maranhão (MA)";391;359;209;184;91;106;210008;2101;21011
2111805;"Sítio Novo (MA)";628;575;385;295;167;175;210020;2105;21008
2111904;"Sucupira do Norte (MA)";394;394;226;231;111;147;210018;2104;21015
2111953;"Sucupira do Riachão (MA)";211;193;115;147;67;81;210017;2104;21015
2112001;"Tasso Fragoso (MA)";303;264;146;141;65;72;210022;2105;21003
2112100;"Timbiras (MA)";954;937;482;504;225;271;210015;2103;21007
2112209;"Timon (MA)";4861;6044;2493;3376;1119;1819;210014;2103;21017
2112233;"Trizidela do Vale (MA)";714;856;426;514;217;257;210012;2102;21010
2112274;"Tufilândia (MA)";169;172;125;122;56;67;210009;2102;21014
2112308;"Tuntum (MA)";1312;1324;812;845;428;403;210016;2104;21012
2112407;"Turiaçu (MA)";1072;1080;616;589;272;291;210002;2101;21011
2112456;"Turilândia (MA)";744;748;405;362;202;227;210002;2101;21011
2112506;"Tutóia (MA)";1542;1501;961;922;439;446;210007;2101;21006
2112605;"Urbano Santos (MA)";807;800;456;450;202;274;210003;2101;21009
2112704;"Vargem Grande (MA)";1200;1328;773;773;351;422;210004;2101;21009
2112803;"Viana (MA)";1582;1731;935;1035;490;596;210005;2101;21018
2112852;"Vila Nova dos Martírios (MA)";346;338;202;182;99;82;210019;2105;21001
2112902;"Vitória do Mearim (MA)";1122;1097;591;623;297;391;210005;2101;21009
2113009;"Vitorino Freire (MA)";1070;1171;670;732;337;393;210010;2102;21002
2114007;"Zé Doca (MA)";1361;1466;814;850;406;458;210009;2102;21019
2200053;"Acauã (PI)";281;250;174;170;63;64;220010;2203;22009
2200103;"Agricolândia (PI)";233;233;159;202;78;92;220002;2201;22004
2200202;"Água Branca (PI)";622;763;379;504;208;291;220002;2201;22004
2200251;"Alagoinha do Piauí (PI)";335;344;221;209;75;68;220009;2203;22009
2200277;"Alegrete do Piauí (PI)";179;200;117;115;62;73;220009;2203;22009
2200301;"Alto Longá (PI)";741;699;385;404;162;251;220001;2201;22004
2200400;"Altos (PI)";1694;1936;981;1108;482;633;220001;2201;22004
2200459;"Alvorada do Gurguéia (PI)";214;193;128;115;48;61;220016;2205;22002
2200509;"Amarante (PI)";663;796;434;551;245;323;220002;2201;22004
2200608;"Angical do Piauí (PI)";339;357;216;245;95;144;220002;2201;22004
2200707;"Anísio de Abreu (PI)";327;311;233;229;115;129;220013;2204;22006
2200806;"Antônio Almeida (PI)";148;165;99;84;31;43;220018;2206;22007
2200905;"Aroazes (PI)";242;291;187;194;95;102;220004;2201;22010
2200954;"Aroeiras do Itaim (PI)";132;116;95;114;45;50;220009;2203;22009
2201002;"Arraial (PI)";194;202;94;151;55;84;220017;2206;22011
2201051;"Assunção do Piauí (PI)";247;287;169;172;95;82;220003;2201;22001
2201101;"Avelino Lopes (PI)";446;404;286;337;135;161;220015;2205;22002
2201150;"Baixa Grande do Ribeiro (PI)";346;330;155;162;77;72;220018;2206;22007
2201176;"Barra D'Alcântara (PI)";168;196;119;134;63;79;220004;2201;22010
2201200;"Barras (PI)";1662;1765;1024;1156;514;655;220005;2201;22003
2201309;"Barreiras do Piauí (PI)";122;124;78;86;34;50;220015;2205;22002
2201408;"Barro Duro (PI)";269;330;151;210;82;111;220002;2201;22004
2201507;"Batalha (PI)";1031;1094;663;647;317;421;220008;2202;22003
2201556;"Bela Vista do Piauí (PI)";150;151;85;89;45;27;220012;2203;22008
2201572;"Belém do Piauí (PI)";125;127;97;105;42;42;220009;2203;22009
2201606;"Beneditinos (PI)";446;515;332;340;134;170;220001;2201;22004
2201705;"Bertolínia (PI)";199;224;124;147;66;106;220018;2206;22011
2201739;"Betânia do Piauí (PI)";208;202;138;167;51;64;220010;2203;22009
2201770;"Boa Hora (PI)";257;239;156;159;72;75;220005;2201;22001
2201804;"Bocaina (PI)";184;232;162;181;82;91;220009;2203;22009
2201903;"Bom Jesus (PI)";735;782;424;479;189;269;220016;2205;22002
2201919;"Bom Princípio do Piauí (PI)";228;194;130;115;70;52;220006;2202;22005
2201929;"Bonfim do Piauí (PI)";216;243;159;156;76;74;220013;2204;22006
2201945;"Boqueirão do Piauí (PI)";252;292;196;167;78;95;220003;2201;22001
2201960;"Brasileira (PI)";343;378;220;215;117;132;220007;2202;22003
2201988;"Brejo do Piauí (PI)";156;156;102;110;50;58;220019;2206;22011
2202000;"Buriti dos Lopes (PI)";670;707;469;504;187;205;220006;2202;22005
2202026;"Buriti dos Montes (PI)";284;278;182;181;133;138;220003;2201;22001
2202059;"Cabeceiras do Piauí (PI)";485;439;250;280;125;152;220005;2201;22001
2202075;"Cajazeiras do Piauí (PI)";118;124;80;102;46;49;220011;2203;22008
2202083;"Cajueiro da Praia (PI)";241;281;159;186;82;87;220006;2202;22005
2202091;"Caldeirão Grande do Piauí (PI)";196;210;128;159;81;91;220009;2203;22009
2202109;"Campinas do Piauí (PI)";243;241;142;162;50;78;220012;2203;22008
2202117;"Campo Alegre do Fidalgo (PI)";175;165;98;112;53;55;220014;2204;22006
2202133;"Campo Grande do Piauí (PI)";224;260;150;146;66;54;220009;2203;22009
2202174;"Campo Largo do Piauí (PI)";243;231;140;121;59;59;220005;2201;22003
2202208;"Campo Maior (PI)";1846;2267;1106;1394;515;783;220003;2201;22001
2202251;"Canavieira (PI)";161;156;101;115;54;71;220017;2206;22011
2202307;"Canto do Buriti (PI)";792;884;517;572;287;301;220019;2206;22011
2202406;"Capitão de Campos (PI)";446;493;280;314;137;161;220007;2202;22003
2202455;"Capitão Gervásio Oliveira (PI)";154;155;114;107;44;70;220014;2204;22006
2202505;"Caracol (PI)";360;331;197;244;89;125;220013;2204;22006
2202539;"Caraúbas do Piauí (PI)";206;207;153;137;55;72;220006;2202;22005
2202554;"Caridade do Piauí (PI)";184;163;117;113;65;69;220010;2203;22009
2202604;"Castelo do Piauí (PI)";804;966;526;609;297;338;220003;2201;22001
2202653;"Caxingó (PI)";194;179;113;100;53;43;220006;2202;22005
2202703;"Cocal (PI)";878;954;622;652;293;353;220006;2202;22005
2202711;"Cocal de Telha (PI)";235;233;134;137;58;68;220003;2201;22001
2202729;"Cocal dos Alves (PI)";245;217;119;144;60;55;220006;2202;22005
2202737;"Coivaras (PI)";177;184;106;105;44;55;220001;2201;22004
2202752;"Colônia do Gurguéia (PI)";218;247;146;144;85;97;220016;2205;22002
2202778;"Colônia do Piauí (PI)";324;338;199;206;88;120;220011;2203;22008
2202802;"Conceição do Canindé (PI)";218;223;175;157;68;95;220012;2203;22008
2202851;"Coronel José Dias (PI)";174;168;157;151;50;73;220013;2204;22006
2202901;"Corrente (PI)";927;963;563;564;271;364;220015;2205;22002
2203008;"Cristalândia do Piauí (PI)";321;272;203;199;99;90;220015;2205;22002
2203107;"Cristino Castro (PI)";371;367;220;256;114;135;220016;2205;22002
2203206;"Curimatá (PI)";451;454;252;282;136;150;220015;2205;22002
2203230;"Currais (PI)";197;191;129;112;56;49;220016;2205;22002
2203255;"Curralinhos (PI)";177;193;114;125;46;59;220001;2201;22004
2203271;"Curral Novo do Piauí (PI)";154;149;106;95;47;51;220010;2203;22009
2203305;"Demerval Lobão (PI)";508;606;331;429;149;201;220001;2201;22004
2203354;"Dirceu Arcoverde (PI)";278;282;199;206;91;123;220013;2204;22006
2203404;"Dom Expedito Lopes (PI)";289;331;195;197;72;82;220009;2203;22009
2203420;"Domingos Mourão (PI)";173;158;108;107;43;54;220007;2202;22003
2203453;"Dom Inocêncio (PI)";432;400;266;262;132;147;220013;2204;22006
2203503;"Elesbão Veloso (PI)";619;713;423;511;199;327;220002;2201;22010
2203602;"Eliseu Martins (PI)";203;199;133;155;71;100;220019;2206;22002
2203701;"Esperantina (PI)";1397;1645;872;1001;439;521;220008;2202;22003
2203750;"Fartura do Piauí (PI)";215;196;155;132;71;79;220013;2204;22006
2203800;"Flores do Piauí (PI)";197;194;135;134;72;66;220019;2206;22011
2203859;"Floresta do Piauí (PI)";117;131;92;94;41;38;220011;2203;22008
2203909;"Floriano (PI)";2093;2789;1195;1672;565;1024;220017;2206;22011
2204006;"Francinópolis (PI)";251;252;149;167;76;109;220002;2201;22010
2204105;"Francisco Ayres (PI)";223;252;155;163;75;102;220017;2206;22011
2204154;"Francisco Macedo (PI)";111;107;74;93;38;33;220009;2203;22009
2204204;"Francisco Santos (PI)";344;346;231;268;99;101;220009;2203;22009
2204303;"Fronteiras (PI)";427;460;269;318;114;151;220009;2203;22009
2204352;"Geminiano (PI)";244;222;147;149;66;59;220009;2203;22009
2204402;"Gilbués (PI)";410;410;239;256;109;119;220015;2205;22002
2204501;"Guadalupe (PI)";373;438;224;291;131;153;220017;2206;22011
2204550;"Guaribas (PI)";134;141;77;97;29;34;220013;2204;22006
2204600;"Hugo Napoleão (PI)";146;152;106;118;42;49;220002;2201;22004
2204659;"Ilha Grande (PI)";315;328;191;208;82;122;220006;2202;22005
2204709;"Inhuma (PI)";615;695;418;485;245;261;220004;2201;22010
2204808;"Ipiranga do Piauí (PI)";380;448;240;273;128;142;220004;2201;22009
2204907;"Isaías Coelho (PI)";304;295;187;237;114;116;220009;2203;22008
2205003;"Itainópolis (PI)";531;564;365;387;165;180;220009;2203;22009
2205102;"Itaueira (PI)";473;493;323;333;140;181;220017;2206;22011
2205151;"Jacobina do Piauí (PI)";270;254;143;140;55;85;220010;2203;22009
2205201;"Jaicós (PI)";684;744;455;507;221;262;220009;2203;22009
2205250;"Jardim do Mulato (PI)";185;187;115;116;63;90;220002;2201;22004
2205276;"Jatobá do Piauí (PI)";225;233;169;160;102;84;220003;2201;22001
2205300;"Jerumenha (PI)";208;201;110;154;70;71;220017;2206;22011
2205359;"João Costa (PI)";141;117;81;78;25;40;220014;2204;22006
2205409;"Joaquim Pires (PI)";517;480;294;321;149;149;220008;2202;22003
2205458;"Joca Marques (PI)";194;196;112;122;68;63;220008;2202;22003
2205508;"José de Freitas (PI)";1526;1562;937;1008;500;606;220001;2201;22004
2205516;"Juazeiro do Piauí (PI)";203;207;134;158;89;99;220003;2201;22001
2205524;"Júlio Borges (PI)";226;195;123;141;79;83;220015;2205;22002
2205532;"Jurema (PI)";170;146;114;123;40;58;220013;2204;22006
2205540;"Lagoinha do Piauí (PI)";127;132;96;85;33;39;220002;2201;22004
2205557;"Lagoa Alegre (PI)";304;268;202;232;98;114;220001;2201;22004
2205565;"Lagoa do Barro do Piauí (PI)";182;162;127;136;61;55;220014;2204;22006
2205573;"Lagoa de São Francisco (PI)";247;234;148;174;83;92;220007;2202;22003
2205581;"Lagoa do Piauí (PI)";177;190;132;94;54;75;220001;2201;22004
2205599;"Lagoa do Sítio (PI)";225;233;145;147;76;61;220004;2201;22010
2205607;"Landri Sales (PI)";260;264;145;182;85;113;220017;2206;22011
2205706;"Luís Correia (PI)";1057;1083;673;646;275;324;220006;2202;22005
2205805;"Luzilândia (PI)";971;1037;581;627;303;364;220008;2202;22003
2205854;"Madeiro (PI)";261;243;140;151;77;90;220008;2202;22003
2205904;"Manoel Emídio (PI)";230;223;138;145;80;88;220018;2206;22011
2205953;"Marcolândia (PI)";248;287;123;146;96;81;220009;2203;22009
2206001;"Marcos Parente (PI)";184;217;95;144;67;97;220017;2206;22011
2206050;"Massapê do Piauí (PI)";227;234;165;187;89;77;220009;2203;22009
2206100;"Matias Olímpio (PI)";361;396;253;275;117;114;220008;2202;22003
2206209;"Miguel Alves (PI)";1142;1223;692;745;342;389;220001;2201;22004
2206308;"Miguel Leão (PI)";50;46;23;41;17;12;220002;2201;22004
2206357;"Milton Brandão (PI)";298;275;174;160;101;101;220007;2202;22003
2206407;"Monsenhor Gil (PI)";412;443;318;356;154;210;220001;2201;22004
2206506;"Monsenhor Hipólito (PI)";353;348;187;223;107;109;220009;2203;22009
2206605;"Monte Alegre do Piauí (PI)";391;387;210;228;83;101;220015;2205;22002
2206654;"Morro Cabeça no Tempo (PI)";190;165;98;99;52;56;220015;2205;22002
2206670;"Morro do Chapéu do Piauí (PI)";263;249;150;143;65;78;220008;2202;22003
2206696;"Murici dos Portelas (PI)";340;295;225;206;91;96;220006;2202;22005
2206704;"Nazaré do Piauí (PI)";306;321;204;256;103;121;220017;2206;22011
2206720;"Nazária (PI)";444;450;257;260;131;134;220001;2201;22004
2206753;"Nossa Senhora de Nazaré (PI)";249;249;162;160;85;95;220003;2201;22001
2206803;"Nossa Senhora dos Remédios (PI)";297;279;166;211;70;104;220005;2201;22003
2206902;"Novo Oriente do Piauí (PI)";283;318;162;224;101;133;220004;2201;22010
2206951;"Novo Santo Antônio (PI)";150;143;117;100;39;34;220001;2201;22001
2207009;"Oeiras (PI)";1402;1615;814;1093;428;618;220011;2203;22008
2207108;"Olho D'Água do Piauí (PI)";101;119;78;75;28;35;220002;2201;22004
2207207;"Padre Marcos (PI)";279;287;171;199;84;93;220009;2203;22009
2207306;"Paes Landim (PI)";179;170;100;112;51;58;220012;2203;22011
2207355;"Pajeú do Piauí (PI)";166;148;121;97;43;58;220019;2206;22011
2207405;"Palmeira do Piauí (PI)";218;181;110;123;69;57;220016;2205;22002
2207504;"Palmeirais (PI)";551;580;311;341;167;231;220002;2201;22004
2207553;"Paquetá (PI)";179;172;112;119;64;51;220009;2203;22009
2207603;"Parnaguá (PI)";426;352;209;210;99;129;220015;2205;22002
2207702;"Parnaíba (PI)";5362;6564;2994;4044;1301;2297;220006;2202;22005
2207751;"Passagem Franca do Piauí (PI)";163;167;88;101;47;49;220002;2201;22004
2207777;"Patos do Piauí (PI)";298;272;199;186;80;93;220010;2203;22009
2207793;"Pau D'Arco do Piauí (PI)";213;184;118;126;41;61;220001;2201;22004
2207801;"Paulistana (PI)";699;781;522;540;212;264;220010;2203;22009
2207850;"Pavussu (PI)";183;164;113;108;59;52;220019;2206;22011
2207900;"Pedro II (PI)";1546;1716;1024;1087;523;644;220007;2202;22003
2207934;"Pedro Laurentino (PI)";115;113;68;46;25;32;220014;2204;22011
2207959;"Nova Santa Rita (PI)";172;157;92;95;33;50;220014;2204;22011
2208007;"Picos (PI)";2810;3375;1579;2111;719;1036;220009;2203;22009
2208106;"Pimenteiras (PI)";466;494;358;332;171;196;220004;2201;22010
2208205;"Pio IX (PI)";656;738;408;432;219;249;220009;2203;22009
2208304;"Piracuruca (PI)";1022;1235;713;755;297;368;220007;2202;22003
2208403;"Piripiri (PI)";2537;2934;1551;1821;740;1065;220007;2202;22003
2208502;"Porto (PI)";361;379;192;237;107;121;220005;2201;22003
2208551;"Porto Alegre do Piauí (PI)";89;99;68;47;28;34;220017;2206;22011
2208601;"Prata do Piauí (PI)";163;164;80;93;58;54;220002;2201;22010
2208650;"Queimada Nova (PI)";316;333;220;229;99;135;220010;2203;22009
2208700;"Redenção do Gurguéia (PI)";325;339;173;206;66;76;220016;2205;22002
2208809;"Regeneração (PI)";673;811;409;516;191;284;220002;2201;22004
2208858;"Riacho Frio (PI)";178;161;82;94;46;43;220015;2205;22002
2208874;"Ribeira do Piauí (PI)";185;188;109;108;43;49;220014;2204;22011
2208908;"Ribeiro Gonçalves (PI)";235;240;105;123;57;80;220018;2206;22007
2209005;"Rio Grande do Piauí (PI)";276;278;194;222;103;116;220019;2206;22011
2209104;"Santa Cruz do Piauí (PI)";274;273;175;206;74;104;220009;2203;22009
2209153;"Santa Cruz dos Milagres (PI)";145;154;99;111;39;63;220004;2201;22010
2209203;"Santa Filomena (PI)";205;192;92;105;60;57;220015;2205;22002
2209302;"Santa Luz (PI)";232;222;146;152;49;64;220016;2205;22002
2209351;"Santana do Piauí (PI)";187;203;126;150;60;69;220009;2203;22009
2209377;"Santa Rosa do Piauí (PI)";206;236;144;161;63;79;220011;2203;22008
2209401;"Santo Antônio de Lisboa (PI)";254;269;182;207;74;107;220009;2203;22009
2209450;"Santo Antônio dos Milagres (PI)";70;90;52;42;27;28;220002;2201;22004
2209500;"Santo Inácio do Piauí (PI)";189;209;108;118;38;64;220011;2203;22008
2209559;"São Braz do Piauí (PI)";195;175;122;109;64;65;220013;2204;22006
2209609;"São Félix do Piauí (PI)";155;163;114;118;78;67;220002;2201;22010
2209658;"São Francisco de Assis do Piauí (PI)";241;186;99;138;46;42;220012;2203;22008
2209708;"São Francisco do Piauí (PI)";293;310;189;184;78;103;220017;2206;22011
2209757;"São Gonçalo do Gurguéia (PI)";121;123;55;67;26;36;220015;2205;22002
2209807;"São Gonçalo do Piauí (PI)";190;190;115;128;50;64;220002;2201;22004
2209856;"São João da Canabrava (PI)";217;234;141;147;62;83;220009;2203;22009
2209872;"São João da Fronteira (PI)";193;211;117;144;61;75;220007;2202;22003
2209906;"São João da Serra (PI)";302;343;215;238;118;108;220003;2201;22001
2209955;"São João da Varjota (PI)";171;190;120;137;63;77;220011;2203;22008
2209971;"São João do Arraial (PI)";271;319;204;172;94;98;220008;2202;22003
2210003;"São João do Piauí (PI)";730;831;402;504;212;292;220014;2204;22006
2210052;"São José do Divino (PI)";194;196;121;110;50;60;220007;2202;22003
2210102;"São José do Peixe (PI)";174;169;85;103;44;62;220017;2206;22011
2210201;"São José do Piauí (PI)";284;300;189;217;100;124;220009;2203;22009
2210300;"São Julião (PI)";257;289;180;197;77;85;220009;2203;22009
2210359;"São Lourenço do Piauí (PI)";228;209;153;161;70;99;220013;2204;22006
2210375;"São Luis do Piauí (PI)";110;113;61;70;44;57;220009;2203;22009
2210383;"São Miguel da Baixa Grande (PI)";100;121;84;88;44;38;220002;2201;22010
2210391;"São Miguel do Fidalgo (PI)";112;120;79;78;37;43;220011;2203;22011
2210409;"São Miguel do Tapuio (PI)";771;807;523;560;278;294;220003;2201;22001
2210508;"São Pedro do Piauí (PI)";521;600;315;368;152;222;220002;2201;22004
2210607;"São Raimundo Nonato (PI)";1239;1355;780;799;326;506;220013;2204;22006
2210623;"Sebastião Barros (PI)";145;103;75;84;27;39;220015;2205;22002
2210631;"Sebastião Leal (PI)";181;150;113;116;50;41;220018;2206;22007
2210656;"Sigefredo Pacheco (PI)";462;449;300;304;160;147;220003;2201;22001
2210706;"Simões (PI)";467;472;305;352;188;190;220010;2203;22009
2210805;"Simplício Mendes (PI)";575;624;339;348;148;211;220012;2203;22008
2210904;"Socorro do Piauí (PI)";189;209;142;139;61;68;220012;2203;22011
2210938;"Sussuapara (PI)";278;259;179;188;89;88;220009;2203;22009
2210953;"Tamboril do Piauí (PI)";122;115;67;70;19;35;220019;2206;22011
2210979;"Tanque do Piauí (PI)";94;119;68;78;29;50;220011;2203;22008
2211001;"Teresina (PI)";28757;39285;14380;20882;5619;10603;220001;2201;22004
2211100;"União (PI)";1546;1826;1047;1206;515;681;220001;2201;22004
2211209;"Uruçuí (PI)";741;832;439;517;210;251;220018;2206;22007
2211308;"Valença do Piauí (PI)";915;1100;601;734;330;438;220004;2201;22010
2211357;"Várzea Branca (PI)";206;196;105;104;52;74;220013;2204;22006
2211407;"Várzea Grande (PI)";222;253;121;148;56;92;220002;2201;22010
2211506;"Vera Mendes (PI)";154;168;92;108;66;55;220009;2203;22009
2211605;"Vila Nova do Piauí (PI)";137;147;87;97;37;31;220009;2203;22009
2211704;"Wall Ferraz (PI)";178;193;112;138;53;48;220009;2203;22009
2300101;"Abaiara (CE)";344;408;243;275;125;160;230012;2304;23019
2300150;"Acarape (CE)";416;496;220;248;114;166;230003;2301;23003
2300200;"Acaraú (CE)";2019;2033;1321;1391;586;786;230017;2306;23012
2300309;"Acopiara (CE)";2024;2186;1386;1563;779;917;230009;2303;23018
2300408;"Aiuaba (CE)";586;632;410;430;234;259;230011;2304;23014
2300507;"Alcântaras (CE)";407;449;248;292;153;211;230015;2306;23011
2300606;"Altaneira (CE)";211;296;182;258;125;135;230011;2304;23020
2300705;"Alto Santo (CE)";634;636;369;361;176;236;230007;2302;23010
2300754;"Amontada (CE)";1306;1209;932;912;515;531;230002;2301;23006
2300804;"Antonina do Norte (CE)";266;337;231;262;124;141;230011;2304;23020
2300903;"Apuiarés (CE)";526;531;344;340;202;220;230005;2301;23002
2301000;"Aquiraz (CE)";3087;3015;1745;1718;780;1006;230001;2301;23001
2301109;"Aracati (CE)";2658;3011;1548;2090;683;995;230008;2302;23007
2301208;"Aracoiaba (CE)";1011;1087;613;669;352;436;230003;2301;23004
2301257;"Ararendá (CE)";469;520;309;320;165;217;230013;2305;23015
2301307;"Araripe (CE)";665;715;478;506;264;326;230011;2304;23020
2301406;"Aratuba (CE)";440;468;252;270;158;151;230003;2301;23004
2301505;"Arneiroz (CE)";322;355;234;234;149;142;230014;2305;23014
2301604;"Assaré (CE)";891;952;633;721;414;414;230011;2304;23020
2301703;"Aurora (CE)";1019;1011;673;751;362;438;230011;2304;23019
2301802;"Baixio (CE)";254;273;158;193;81;120;230010;2303;23017
2301851;"Banabuiú (CE)";663;656;386;387;222;265;230006;2302;23008
2301901;"Barbalha (CE)";2187;2621;1222;1691;631;1008;230011;2304;23021
2301950;"Barreira (CE)";763;846;487;512;255;273;230003;2301;23003
2302008;"Barro (CE)";800;900;539;680;396;430;230012;2304;23019
2302057;"Barroquinha (CE)";483;513;382;363;144;174;230018;2306;23016
2302107;"Baturité (CE)";1185;1320;679;796;430;576;230003;2301;23004
2302206;"Beberibe (CE)";2162;2243;1442;1508;638;769;230001;2301;23022
2302305;"Bela Cruz (CE)";1104;1177;785;821;379;395;230017;2306;23012
2302404;"Boa Viagem (CE)";2158;2227;1429;1547;851;910;230004;2301;23005
2302503;"Brejo Santo (CE)";1665;2041;1095;1311;572;750;230012;2304;23019
2302602;"Camocim (CE)";1928;2222;1173;1381;550;698;230018;2306;23016
2302701;"Campos Sales (CE)";945;1147;633;768;366;492;230011;2304;23020
2302800;"Canindé (CE)";2669;2938;1734;1901;927;1237;230004;2301;23005
2302909;"Capistrano (CE)";660;717;368;409;251;268;230003;2301;23004
2303006;"Caridade (CE)";626;641;389;343;223;250;230004;2301;23005
2303105;"Cariré (CE)";728;753;512;573;262;327;230015;2306;23011
2303204;"Caririaçu (CE)";956;1096;669;732;325;443;230011;2304;23021
2303303;"Cariús (CE)";840;797;549;614;358;356;230009;2303;23018
2303402;"Carnaubal (CE)";639;683;393;435;215;293;230016;2306;23013
2303501;"Cascavel (CE)";2715;2857;1591;1749;744;1051;230001;2301;23022
2303600;"Catarina (CE)";473;482;332;347;211;209;230009;2303;23018
2303659;"Catunda (CE)";482;446;280;297;152;192;230015;2306;23011
2303709;"Caucaia (CE)";10682;12602;4891;6261;1938;3246;230001;2301;23002
2303808;"Cedro (CE)";1085;1174;656;780;407;523;230009;2303;23017
2303907;"Chaval (CE)";424;423;309;338;144;162;230018;2306;23016
2303931;"Choró (CE)";544;467;319;293;193;175;230006;2302;23008
2303956;"Chorozinho (CE)";691;752;382;433;221;252;230001;2301;23022
2304004;"Coreaú (CE)";701;780;482;549;217;263;230015;2306;23011
2304103;"Crateús (CE)";3090;3544;1905;2394;1100;1409;230013;2305;23015
2304202;"Crato (CE)";4206;5597;2429;3507;1323;2150;230011;2304;23020
2304236;"Croatá (CE)";681;739;470;491;243;311;230016;2306;23013
2304251;"Cruz (CE)";937;1046;597;663;278;320;230017;2306;23012
2304269;"Deputado Irapuan Pinheiro (CE)";458;427;286;311;157;175;230006;2302;23018
2304277;"Ereré (CE)";281;306;192;198;93;114;230007;2302;23010
2304285;"Eusébio (CE)";1724;2065;847;975;333;522;230001;2301;23001
2304301;"Farias Brito (CE)";727;796;563;649;308;369;230011;2304;23020
2304350;"Forquilha (CE)";831;898;470;585;264;340;230015;2306;23011
2304400;"Fortaleza (CE)";84379;117935;41917;67062;17292;37391;230001;2301;23001
2304459;"Fortim (CE)";645;697;422;454;167;229;230008;2302;23007
2304509;"Frecheirinha (CE)";487;536;307;335;145;178;230015;2306;23011
2304608;"General Sampaio (CE)";235;251;175;161;88;78;230005;2301;23002
2304657;"Graça (CE)";572;569;373;411;153;236;230015;2306;23011
2304707;"Granja (CE)";1727;1768;1294;1201;511;569;230018;2306;23016
2304806;"Granjeiro (CE)";194;210;119;136;67;92;230011;2304;23021
2304905;"Groaíras (CE)";433;453;276;308;140;210;230015;2306;23011
2304954;"Guaiúba (CE)";779;865;453;468;225;303;230001;2301;23003
2305001;"Guaraciaba do Norte (CE)";1621;1660;990;1078;467;713;230016;2306;23013
2305100;"Guaramiranga (CE)";229;212;113;154;61;84;230003;2301;23004
2305209;"Hidrolândia (CE)";800;784;534;584;300;343;230015;2306;23011
2305233;"Horizonte (CE)";1931;2269;1014;1275;548;657;230001;2301;23022
2305266;"Ibaretama (CE)";512;473;326;315;169;200;230006;2302;23008
2305308;"Ibiapina (CE)";963;990;538;648;280;439;230016;2306;23013
2305332;"Ibicuitinga (CE)";512;447;302;289;156;169;230006;2302;23008
2305357;"Icapuí (CE)";785;834;529;522;165;225;230008;2302;23007
2305407;"Icó (CE)";2669;2933;1533;1856;787;1036;230010;2303;23017
2305506;"Iguatu (CE)";3726;4547;2193;2960;1203;1784;230009;2303;23018
2305605;"Independência (CE)";1107;1160;730;822;407;560;230013;2305;23015
2305654;"Ipaporanga (CE)";523;566;352;368;217;256;230013;2305;23015
2305704;"Ipaumirim (CE)";481;552;322;347;189;250;230010;2303;23017
2305803;"Ipu (CE)";1685;1730;1000;1215;555;807;230016;2306;23011
2305902;"Ipueiras (CE)";1655;1735;1013;1221;517;687;230016;2306;23015
2306009;"Iracema (CE)";616;669;391;461;206;277;230007;2302;23010
2306108;"Irauçuba (CE)";829;788;477;464;226;275;230005;2301;23011
2306207;"Itaiçaba (CE)";313;351;190;267;91;151;230008;2302;23007
2306256;"Itaitinga (CE)";1301;1587;652;775;282;431;230001;2301;23001
2306306;"Itapajé (CE)";1480;1621;919;981;465;605;230005;2301;23002
2306405;"Itapipoca (CE)";4081;4183;2486;2688;1335;1631;230002;2301;23006
2306504;"Itapiúna (CE)";732;720;438;436;224;284;230003;2301;23004
2306553;"Itarema (CE)";1203;1208;763;731;422;441;230017;2306;23012
2306603;"Itatira (CE)";803;769;513;491;270;329;230004;2301;23005
2306702;"Jaguaretama (CE)";877;873;502;461;276;292;230007;2302;23009
2306801;"Jaguaribara (CE)";435;414;269;333;139;168;230007;2302;23010
2306900;"Jaguaribe (CE)";1506;1635;905;1048;491;660;230007;2302;23010
2307007;"Jaguaruana (CE)";1187;1346;722;876;302;429;230008;2302;23009
2307106;"Jardim (CE)";901;1047;670;785;342;515;230011;2304;23021
2307205;"Jati (CE)";307;331;210;229;129;161;230012;2304;23019
2307254;"Jijoca de Jericoacoara (CE)";603;650;360;375;155;183;230017;2306;23012
2307304;"Juazeiro do Norte (CE)";7640;10639;4647;6773;2218;3966;230011;2304;23021
2307403;"Jucás (CE)";1021;1101;684;782;376;466;230009;2303;23018
2307502;"Lavras da Mangabeira (CE)";1416;1447;845;1012;490;653;230011;2304;23017
2307601;"Limoeiro do Norte (CE)";2234;2717;1384;1641;617;810;230007;2302;23010
2307635;"Madalena (CE)";650;679;429;415;249;262;230004;2301;23005
2307650;"Maracanaú (CE)";7198;9030;3313;4492;1249;2265;230001;2301;23003
2307700;"Maranguape (CE)";3440;4061;1811;2344;956;1440;230001;2301;23003
2307809;"Marco (CE)";675;692;423;463;184;239;230017;2306;23012
2307908;"Martinópole (CE)";322;317;223;286;100;151;230015;2306;23016
2308005;"Massapê (CE)";1093;1252;682;864;381;482;230015;2306;23011
2308104;"Mauriti (CE)";1581;1796;1033;1166;562;670;230012;2304;23019
2308203;"Meruoca (CE)";511;590;366;382;197;267;230015;2306;23011
2308302;"Milagres (CE)";969;1125;659;721;394;503;230012;2304;23019
2308351;"Milhã (CE)";605;634;413;448;239;257;230006;2302;23008
2308377;"Miraíma (CE)";515;475;308;266;159;187;230002;2301;23006
2308401;"Missão Velha (CE)";1190;1346;770;1022;413;578;230011;2304;23021
2308500;"Mombaça (CE)";1645;1753;1184;1291;591;778;230009;2303;23018
2308609;"Monsenhor Tabosa (CE)";766;744;498;498;253;363;230013;2305;23015
2308708;"Morada Nova (CE)";2610;2751;1660;1825;833;1046;230007;2302;23009
2308807;"Moraújo (CE)";288;279;207;196;74;103;230015;2306;23011
2308906;"Morrinhos (CE)";694;712;487;519;232;266;230015;2306;23012
2309003;"Mucambo (CE)";596;672;377;513;187;259;230015;2306;23011
2309102;"Mulungu (CE)";426;443;246;256;134;169;230003;2301;23004
2309201;"Nova Olinda (CE)";464;563;333;371;166;229;230011;2304;23020
2309300;"Nova Russas (CE)";1356;1507;888;971;447;631;230013;2305;23015
2309409;"Novo Oriente (CE)";1192;1296;734;791;413;452;230013;2305;23015
2309458;"Ocara (CE)";1028;1020;636;655;342;400;230003;2301;23022
2309508;"Orós (CE)";944;1117;574;691;281;403;230010;2303;23017
2309607;"Pacajus (CE)";2035;2429;1174;1436;569;777;230001;2301;23022
2309706;"Pacatuba (CE)";2294;2805;1046;1289;406;694;230001;2301;23003
2309805;"Pacoti (CE)";457;466;214;265;147;187;230003;2301;23004
2309904;"Pacujá (CE)";264;292;152;209;71;124;230015;2306;23011
2310001;"Palhano (CE)";372;455;291;291;124;146;230007;2302;23009
2310100;"Palmácia (CE)";408;396;235;289;153;192;230001;2301;23003
2310209;"Paracuru (CE)";1361;1426;857;918;371;500;230001;2301;23002
2310258;"Paraipaba (CE)";1100;1145;674;669;355;412;230001;2301;23002
2310308;"Parambu (CE)";1180;1435;917;958;571;598;230014;2305;23014
2310407;"Paramoti (CE)";399;430;302;291;149;189;230004;2301;23005
2310506;"Pedra Branca (CE)";1633;1792;1213;1277;730;797;230006;2302;23008
2310605;"Penaforte (CE)";307;347;169;195;93;135;230012;2304;23019
2310704;"Pentecoste (CE)";1386;1421;786;857;430;592;230005;2301;23002
2310803;"Pereiro (CE)";684;719;413;456;235;312;230007;2302;23010
2310852;"Pindoretama (CE)";817;864;506;550;222;374;230001;2301;23022
2310902;"Piquet Carneiro (CE)";724;798;577;547;266;329;230009;2303;23018
2310951;"Pires Ferreira (CE)";435;412;265;282;179;196;230016;2306;23011
2311009;"Poranga (CE)";473;502;331;367;180;217;230013;2305;23015
2311108;"Porteiras (CE)";621;657;377;478;262;338;230012;2304;23019
2311207;"Potengi (CE)";372;356;229;271;139;177;230011;2304;23020
2311231;"Potiretama (CE)";230;259;166;155;93;80;230007;2302;23010
2311264;"Quiterianópolis (CE)";821;902;550;589;328;353;230013;2305;23015
2311306;"Quixadá (CE)";2931;3264;1723;2121;930;1309;230006;2302;23008
2311355;"Quixelô (CE)";838;802;532;579;262;295;230009;2303;23018
2311405;"Quixeramobim (CE)";3039;3317;1840;2039;1016;1289;230006;2302;23008
2311504;"Quixeré (CE)";748;818;463;567;215;248;230007;2302;23010
2311603;"Redenção (CE)";991;1154;652;702;305;438;230003;2301;23003
2311702;"Reriutaba (CE)";763;835;494;552;275;380;230015;2306;23011
2311801;"Russas (CE)";2530;3053;1561;1959;670;1005;230007;2302;23009
2311900;"Saboeiro (CE)";606;673;446;445;242;253;230009;2303;23018
2311959;"Salitre (CE)";511;520;352;354;170;216;230011;2304;23020
2312007;"Santana do Acaraú (CE)";995;1003;700;754;328;479;230015;2306;23011
2312106;"Santana do Cariri (CE)";640;648;401;447;228;277;230011;2304;23020
2312205;"Santa Quitéria (CE)";1647;1704;1139;1163;561;695;230015;2306;23011
2312304;"São Benedito (CE)";1699;1781;1015;1163;511;727;230016;2306;23013
2312403;"São Gonçalo do Amarante (CE)";1626;1711;915;1014;422;577;230001;2301;23002
2312502;"São João do Jaguaribe (CE)";321;354;236;268;125;158;230007;2302;23010
2312601;"São Luís do Curu (CE)";451;460;270;302;139;186;230001;2301;23002
2312700;"Senador Pompeu (CE)";1112;1170;673;803;403;482;230006;2302;23008
2312809;"Senador Sá (CE)";265;252;179;181;75;88;230015;2306;23011
2312908;"Sobral (CE)";5740;7208;3154;4312;1468;2339;230015;2306;23011
2313005;"Solonópole (CE)";902;939;554;551;283;295;230006;2302;23008
2313104;"Tabuleiro do Norte (CE)";1289;1465;736;935;365;491;230007;2302;23010
2313203;"Tamboril (CE)";1098;1160;705;771;401;520;230013;2305;23015
2313252;"Tarrafas (CE)";377;374;238;232;128;153;230011;2304;23020
2313302;"Tauá (CE)";2478;2834;1750;1943;993;1182;230014;2305;23014
2313351;"Tejuçuoca (CE)";570;558;400;375;206;213;230005;2301;23002
2313401;"Tianguá (CE)";2428;2565;1395;1519;611;834;230016;2306;23013
2313500;"Trairi (CE)";1960;1907;1198;1260;661;752;230002;2301;23006
2313559;"Tururu (CE)";521;553;336;345;188;219;230002;2301;23006
2313609;"Ubajara (CE)";1124;1246;703;747;322;478;230016;2306;23013
2313708;"Umari (CE)";297;333;192;252;141;133;230010;2303;23017
2313757;"Umirim (CE)";561;608;364;403;185;230;230002;2301;23006
2313807;"Uruburetama (CE)";618;667;374;404;170;243;230002;2301;23006
2313906;"Uruoca (CE)";474;435;304;331;137;152;230015;2306;23011
2313955;"Varjota (CE)";674;700;452;512;214;321;230015;2306;23011
2314003;"Várzea Alegre (CE)";1643;1857;1092;1302;630;810;230011;2304;23020
2314102;"Viçosa do Ceará (CE)";1862;1933;1189;1290;632;825;230016;2306;23013
2400109;"Acari (RN)";460;545;297;351;160;268;240008;2402;24004
2400208;"Assú (RN)";1968;2249;1035;1300;529;748;240011;2403;24008
2400307;"Afonso Bezerra (RN)";418;433;241;240;127;197;240011;2403;24003
2400406;"Água Nova (RN)";119;112;72;89;35;43;240010;2403;24006
2400505;"Alexandria (RN)";580;693;387;483;210;306;240010;2403;24006
2400604;"Almino Afonso (RN)";225;226;126;141;77;90;240010;2403;24006
2400703;"Alto do Rodrigues (RN)";397;478;241;268;115;147;240011;2403;24008
2400802;"Angicos (RN)";510;606;254;310;144;213;240011;2403;24008
2400901;"Antônio Martins (RN)";312;324;186;209;100;123;240010;2403;24006
2401008;"Apodi (RN)";1527;1702;789;855;431;521;240009;2403;24002
2401107;"Areia Branca (RN)";1003;1153;454;675;235;351;240009;2403;24002
2401206;"Arez (RN)";485;492;223;267;107;194;240003;2401;24001
2401305;"Campo Grande (RN)";385;392;239;230;152;183;240009;2403;24002
2401404;"Baía Formosa (RN)";349;313;175;186;64;102;240003;2401;24001
2401453;"Baraúna (RN)";790;858;460;451;221;230;240009;2403;24002
2401503;"Barcelona (RN)";167;183;113;126;69;79;240006;2401;24005
2401602;"Bento Fernandes (RN)";198;179;126;129;73;57;240001;2401;24003
2401651;"Bodó (RN)";84;84;61;67;35;42;240008;2402;24004
2401701;"Bom Jesus (RN)";384;381;243;278;124;161;240001;2401;24005
2401800;"Brejinho (RN)";433;479;288;337;137;180;240001;2401;24001
2401859;"Caiçara do Norte (RN)";234;212;95;129;45;78;240005;2401;24003
2401909;"Caiçara do Rio do Vento (RN)";124;161;83;85;35;54;240006;2401;24003
2402006;"Caicó (RN)";2449;3091;1339;1872;693;1087;240007;2402;24004
2402105;"Campo Redondo (RN)";405;407;278;316;173;215;240004;2401;24005
2402204;"Canguaretama (RN)";975;993;525;560;235;369;240003;2401;24001
2402303;"Caraúbas (RN)";808;941;485;585;280;407;240009;2403;24002
2402402;"Carnaúba dos Dantas (RN)";316;351;193;217;96;122;240008;2402;24004
2402501;"Carnaubais (RN)";385;382;197;207;104;118;240011;2403;24008
2402600;"Ceará-Mirim (RN)";2483;2729;1465;1757;655;1008;240001;2401;24003
2402709;"Cerro Corá (RN)";467;451;279;317;150;231;240008;2402;24004
2402808;"Coronel Ezequiel (RN)";208;202;146;159;90;107;240004;2401;24005
2402907;"Coronel João Pessoa (RN)";190;177;116;115;71;75;240010;2403;24006
2403004;"Cruzeta (RN)";372;392;215;268;114;154;240007;2402;24004
2403103;"Currais Novos (RN)";1666;2075;1071;1374;531;870;240008;2402;24004
2403202;"Doutor Severiano (RN)";323;354;197;222;82;138;240010;2403;24006
2403251;"Parnamirim (RN)";8450;10343;3792;5356;1450;2742;240001;2401;24007
2403301;"Encanto (RN)";250;273;141;172;83;98;240010;2403;24006
2403400;"Equador (RN)";216;228;135;160;62;117;240007;2402;24004
2403509;"Espírito Santo (RN)";386;400;257;272;146;185;240003;2401;24001
2403608;"Extremoz (RN)";1578;1784;685;868;271;457;240001;2401;24007
2403707;"Felipe Guerra (RN)";258;282;141;178;98;128;240009;2403;24002
2403756;"Fernando Pedroza (RN)";127;121;59;86;49;51;240011;2403;24008
2403806;"Florânia (RN)";396;429;283;290;154;198;240008;2402;24004
2403905;"Francisco Dantas (RN)";121;148;75;76;45;49;240010;2403;24006
2404002;"Frutuoso Gomes (RN)";177;209;117;128;65;89;240010;2403;24006
2404101;"Galinhos (RN)";71;72;26;37;17;18;240005;2401;24003
2404200;"Goianinha (RN)";851;851;405;478;187;275;240003;2401;24001
2404309;"Governador Dix-Sept Rosado (RN)";510;534;271;321;143;192;240009;2403;24002
2404408;"Grossos (RN)";402;431;218;244;86;116;240009;2403;24002
2404507;"Guamaré (RN)";402;452;240;266;116;136;240011;2403;24003
2404606;"Ielmo Marinho (RN)";432;374;274;253;123;152;240001;2401;24003
2404705;"Ipanguaçu (RN)";474;496;281;302;126;175;240011;2403;24008
2404804;"Ipueira (RN)";102;130;68;69;50;50;240007;2402;24004
2404853;"Itajá (RN)";226;234;116;149;77;96;240011;2403;24008
2404903;"Itaú (RN)";242;276;135;154;63;93;240009;2403;24006
2405009;"Jaçanã (RN)";266;349;228;246;108;150;240004;2401;24005
2405108;"Jandaíra (RN)";211;234;120;136;72;75;240005;2401;24003
2405207;"Janduís (RN)";194;234;136;139;86;107;240009;2403;24002
2405306;"Januário Cicco (RN)";343;359;231;216;115;131;240002;2401;24005
2405405;"Japi (RN)";204;208;120;151;61;94;240004;2401;24005
2405504;"Jardim de Angicos (RN)";118;95;62;68;40;51;240005;2401;24003
2405603;"Jardim de Piranhas (RN)";506;581;286;327;149;204;240007;2402;24004
2405702;"Jardim do Seridó (RN)";623;716;413;476;197;283;240007;2402;24004
2405801;"João Câmara (RN)";955;1106;598;773;329;423;240005;2401;24003
2405900;"João Dias (RN)";74;94;41;50;31;40;240010;2403;24006
2406007;"José da Penha (RN)";216;307;187;226;116;136;240010;2403;24006
2406106;"Jucurutu (RN)";749;863;445;502;238;334;240007;2402;24004
2406155;"Jundiá (RN)";144;131;103;91;56;75;240001;2401;24001
2406205;"Lagoa d'Anta (RN)";194;222;126;139;78;93;240002;2401;24001
2406304;"Lagoa de Pedras (RN)";243;275;171;186;92;111;240002;2401;24001
2406403;"Lagoa de Velhos (RN)";101;105;56;70;27;50;240006;2401;24005
2406502;"Lagoa Nova (RN)";562;590;350;352;185;268;240008;2402;24004
2406601;"Lagoa Salgada (RN)";306;258;180;204;93;113;240001;2401;24001
2406700;"Lajes (RN)";414;417;241;310;139;188;240011;2403;24003
2406809;"Lajes Pintadas (RN)";190;197;147;142;69;93;240004;2401;24005
2406908;"Lucrécia (RN)";152;151;85;117;50;56;240010;2403;24006
2407005;"Luís Gomes (RN)";362;406;231;286;127;169;240010;2403;24006
2407104;"Macaíba (RN)";2606;2877;1360;1646;625;979;240001;2401;24007
2407203;"Macau (RN)";1157;1320;553;698;251;404;240011;2403;24003
2407252;"Major Sales (RN)";172;196;105;121;56;65;240010;2403;24006
2407302;"Marcelino Vieira (RN)";342;418;223;277;107;135;240010;2403;24006
2407401;"Martins (RN)";388;425;257;310;120;187;240010;2403;24006
2407500;"Maxaranguape (RN)";355;380;224;221;79;117;240001;2401;24003
2407609;"Messias Targino (RN)";166;175;96;121;48;50;240009;2403;24002
2407708;"Montanhas (RN)";378;419;258;331;159;210;240003;2401;24001
2407807;"Monte Alegre (RN)";770;836;501;544;221;309;240001;2401;24001
2407906;"Monte das Gameleiras (RN)";72;90;47;53;33;40;240002;2401;24001
2408003;"Mossoró (RN)";9068;11683;4374;6240;1923;3442;240009;2403;24002
2408102;"Natal (RN)";29562;40237;14950;23580;6404;13462;240001;2401;24007
2408201;"Nísia Floresta (RN)";1103;1043;532;643;225;312;240001;2401;24001
2408300;"Nova Cruz (RN)";1172;1324;738;913;408;621;240002;2401;24001
2408409;"Olho d'Água do Borges (RN)";170;211;126;156;80;92;240010;2403;24006
2408508;"Ouro Branco (RN)";255;267;154;171;76;125;240007;2402;24004
2408607;"Paraná (RN)";173;182;130;119;62;63;240010;2403;24006
2408706;"Paraú (RN)";161;165;90;124;64;72;240011;2403;24008
2408805;"Parazinho (RN)";142;176;103;113;62;60;240005;2401;24003
2408904;"Parelhas (RN)";867;948;495;628;228;423;240007;2402;24004
2408953;"Rio do Fogo (RN)";299;339;191;222;87;147;240001;2401;24003
2409100;"Passa e Fica (RN)";352;439;259;292;142;209;240002;2401;24001
2409209;"Passagem (RN)";133;123;79;92;39;50;240002;2401;24001
2409308;"Patu (RN)";422;529;282;328;162;194;240010;2403;24006
2409332;"Santa Maria (RN)";167;177;110;127;66;61;240006;2401;24005
2409407;"Pau dos Ferros (RN)";1000;1300;587;794;318;465;240010;2403;24006
2409506;"Pedra Grande (RN)";110;113;80;100;26;36;240005;2401;24003
2409605;"Pedra Preta (RN)";108;99;76;68;35;35;240005;2401;24003
2409704;"Pedro Avelino (RN)";285;259;172;174;83;123;240005;2401;24003
2409803;"Pedro Velho (RN)";515;516;305;353;186;250;240003;2401;24001
2409902;"Pendências (RN)";440;526;258;324;115;178;240011;2403;24008
2410009;"Pilões (RN)";129;153;85;116;56;56;240010;2403;24006
2410108;"Poço Branco (RN)";428;464;272;279;146;177;240001;2401;24003
2410207;"Portalegre (RN)";361;411;192;229;130;178;240010;2403;24006
2410256;"Porto do Mangue (RN)";185;184;105;100;40;59;240011;2403;24008
2410306;"Serra Caiada (RN)";354;325;223;247;124;129;240002;2401;24005
2410405;"Pureza (RN)";302;290;209;210;100;112;240001;2401;24003
2410504;"Rafael Fernandes (RN)";223;231;154;151;86;91;240010;2403;24006
2410603;"Rafael Godeiro (RN)";129;127;90;95;54;50;240010;2403;24006
2410702;"Riacho da Cruz (RN)";94;114;70;68;51;54;240010;2403;24006
2410801;"Riacho de Santana (RN)";181;211;138;136;83;82;240010;2403;24006
2410900;"Riachuelo (RN)";281;287;145;171;79;108;240006;2401;24003
2411007;"Rodolfo Fernandes (RN)";170;228;117;135;64;68;240009;2403;24006
2411056;"Tibau (RN)";204;231;111;117;40;51;240009;2403;24002
2411106;"Ruy Barbosa (RN)";145;131;79;78;51;57;240006;2401;24005
2411205;"Santa Cruz (RN)";1188;1476;792;974;409;594;240004;2401;24005
2411403;"Santana do Matos (RN)";588;612;389;428;221;278;240011;2403;24004
2411429;"Santana do Seridó (RN)";133;114;56;79;48;54;240007;2402;24004
2411502;"Santo Antônio (RN)";765;844;514;584;264;380;240002;2401;24001
2411601;"São Bento do Norte (RN)";137;107;77;72;44;49;240005;2401;24003
2411700;"São Bento do Trairí (RN)";156;140;93;109;47;69;240004;2401;24005
2411809;"São Fernando (RN)";164;190;117;113;67;63;240007;2402;24004
2411908;"São Francisco do Oeste (RN)";170;202;113;124;63;65;240010;2403;24006
2412005;"São Gonçalo do Amarante (RN)";3282;3794;1555;2088;599;1038;240001;2401;24007
2412104;"São João do Sabugi (RN)";280;298;200;246;108;127;240007;2402;24004
2412203;"São José de Mipibu (RN)";1547;1618;811;1033;396;560;240001;2401;24001
2412302;"São José do Campestre (RN)";417;472;251;327;162;221;240002;2401;24005
2412401;"São José do Seridó (RN)";210;188;101;143;50;70;240007;2402;24004
2412500;"São Miguel (RN)";844;1035;557;692;315;384;240010;2403;24006
2412559;"São Miguel do Gostoso (RN)";331;294;187;210;82;88;240001;2401;24003
2412609;"São Paulo do Potengi (RN)";676;719;359;430;212;330;240006;2401;24005
2412708;"São Pedro (RN)";220;283;152;169;69;121;240006;2401;24005
2412807;"São Rafael (RN)";376;366;203;267;143;164;240011;2403;24008
2412906;"São Tomé (RN)";462;482;313;357;186;250;240006;2401;24005
2413003;"São Vicente (RN)";295;273;160;190;89;114;240008;2402;24004
2413102;"Senador Elói de Souza (RN)";242;252;151;145;78;91;240006;2401;24005
2413201;"Senador Georgino Avelino (RN)";134;145;88;93;29;32;240001;2401;24001
2413300;"Serra de São Bento (RN)";236;224;134;164;77;112;240002;2401;24001
2413359;"Serra do Mel (RN)";411;393;214;216;158;132;240009;2403;24002
2413409;"Serra Negra do Norte (RN)";288;341;199;228;110;157;240007;2402;24004
2413508;"Serrinha (RN)";226;257;169;167;98;119;240002;2401;24001
2413557;"Serrinha dos Pintos (RN)";223;226;157;145;76;89;240010;2403;24006
2413607;"Severiano Melo (RN)";262;281;153;154;68;108;240009;2403;24006
2413706;"Sítio Novo (RN)";205;213;109;126;68;77;240004;2401;24005
2413805;"Taboleiro Grande (RN)";91;116;55;54;31;31;240010;2403;24006
2413904;"Taipu (RN)";400;436;275;284;128;171;240001;2401;24003
2414001;"Tangará (RN)";471;546;269;326;165;199;240004;2401;24005
2414100;"Tenente Ananias (RN)";405;404;239;291;126;177;240010;2403;24006
2414159;"Tenente Laurentino Cruz (RN)";172;202;135;134;59;59;240008;2402;24004
2414209;"Tibau do Sul (RN)";506;531;241;275;69;153;240003;2401;24001
2414308;"Timbaúba dos Batistas (RN)";109;111;68;77;42;58;240007;2402;24004
2414407;"Touros (RN)";1024;1063;643;673;295;388;240001;2401;24003
2414456;"Triunfo Potiguar (RN)";133;112;73;92;46;49;240011;2403;24008
2414506;"Umarizal (RN)";449;525;262;340;149;198;240010;2403;24006
2414605;"Upanema (RN)";477;490;299;300;168;188;240009;2403;24002
2414704;"Várzea (RN)";214;232;155;158;79;117;240002;2401;24001
2414753;"Venha-Ver (RN)";130;142;67;82;35;53;240010;2403;24006
2414803;"Vera Cruz (RN)";383;376;228;275;134;160;240001;2401;24001
2414902;"Viçosa (RN)";67;87;47;44;26;33;240010;2403;24006
2415008;"Vila Flor (RN)";110;91;44;56;33;33;240003;2401;24001
2500106;"Água Branca (PB)";331;395;202;268;118;158;250009;2503;25011
2500205;"Aguiar (PB)";229;261;135;186;91;93;250010;2503;25007
2500304;"Alagoa Grande (PB)";1056;1215;640;796;332;557;250005;2502;25003
2500403;"Alagoa Nova (PB)";719;806;433;560;259;372;250005;2502;25003
2500502;"Alagoinha (PB)";449;492;302;351;153;226;250002;2501;25002
2500536;"Alcantil (PB)";190;220;129;124;70;97;250005;2502;25015
2500577;"Algodão de Jandaíra (PB)";92;100;77;86;37;30;250005;2502;25003
2500601;"Alhandra (PB)";643;726;347;377;119;188;250001;2501;25001
2500700;"São João do Rio do Peixe (PB)";810;891;537;651;293;367;250015;2504;25009
2500734;"Amparo (PB)";92;73;53;57;25;37;250008;2502;25005
2500775;"Aparecida (PB)";327;355;218;260;144;159;250014;2504;25010
2500809;"Araçagi (PB)";645;763;457;511;248;315;250002;2501;25002
2500908;"Arara (PB)";531;635;389;525;246;315;250002;2501;25003
2501005;"Araruna (PB)";655;684;361;467;245;324;250002;2501;25002
2501104;"Areia (PB)";838;956;490;625;247;428;250005;2502;25003
2501153;"Areia de Baraúnas (PB)";89;74;48;54;31;43;250009;2503;25006
2501203;"Areial (PB)";279;306;176;263;96;155;250005;2502;25003
2501302;"Aroeiras (PB)";741;813;470;604;267;323;250005;2502;25015
2501351;"Assunção (PB)";133;136;95;120;58;63;250005;2502;25016
2501401;"Baía da Traição (PB)";284;315;152;163;50;84;250003;2501;25014
2501500;"Bananeiras (PB)";912;939;510;621;303;430;250002;2501;25002
2501534;"Baraúna (PB)";198;216;124;158;82;98;250006;2502;25004
2501575;"Barra de Santana (PB)";374;384;261;272;108;144;250005;2502;25015
2501609;"Barra de Santa Rosa (PB)";571;624;343;408;232;283;250006;2502;25004
2501708;"Barra de São Miguel (PB)";266;277;155;159;79;119;250005;2502;25015
2501807;"Bayeux (PB)";2731;3443;1361;2185;541;1026;250001;2501;25001
2501906;"Belém (PB)";591;732;434;551;262;355;250002;2501;25002
2502003;"Belém do Brejo do Cruz (PB)";240;306;155;182;109;99;250011;2503;25008
2502052;"Bernardino Batista (PB)";120;128;100;96;33;45;250014;2504;25009
2502102;"Boa Ventura (PB)";216;233;143;165;69;87;250010;2503;25007
2502151;"Boa Vista (PB)";284;282;149;170;78;120;250005;2502;25016
2502201;"Bom Jesus (PB)";95;93;50;77;44;43;250015;2504;25009
2502300;"Bom Sucesso (PB)";259;276;191;196;94;124;250011;2503;25008
2502409;"Bonito de Santa Fé (PB)";342;384;254;281;115;135;250015;2504;25009
2502508;"Boqueirão (PB)";639;676;368;509;191;287;250005;2502;25015
2502607;"Igaracy (PB)";246;298;153;190;93;95;250010;2503;25007
2502706;"Borborema (PB)";162;184;120;138;54;83;250002;2501;25002
2502805;"Brejo do Cruz (PB)";548;576;248;348;148;206;250011;2503;25008
2502904;"Brejo dos Santos (PB)";245;281;157;184;102;111;250011;2503;25008
2503001;"Caaporã (PB)";631;723;321;334;131;182;250001;2501;25001
2503100;"Cabaceiras (PB)";245;254;159;168;77;116;250005;2502;25015
2503209;"Cabedelo (PB)";2409;2973;1120;1600;394;825;250001;2501;25001
2503308;"Cachoeira dos Índios (PB)";339;391;246;319;143;178;250015;2504;25009
2503407;"Cacimba de Areia (PB)";145;123;83;91;37;49;250009;2503;25006
2503506;"Cacimba de Dentro (PB)";600;682;418;514;261;381;250002;2501;25002
2503555;"Cacimbas (PB)";236;234;111;155;78;126;250009;2503;25006
2503605;"Caiçara (PB)";248;252;164;181;102;116;250002;2501;25002
2503704;"Cajazeiras (PB)";2238;2851;1389;1873;689;1060;250015;2504;25009
2503753;"Cajazeirinhas (PB)";123;120;68;72;51;40;250012;2503;25013
2503803;"Caldas Brandão (PB)";199;198;142;177;60;104;250001;2501;25012
2503902;"Camalaú (PB)";240;280;183;216;95;103;250007;2502;25005
2504009;"Campina Grande (PB)";14420;19196;7433;11517;3307;6954;250005;2502;25016
2504033;"Capim (PB)";208;212;126;135;47;69;250003;2501;25014
2504074;"Caraúbas (PB)";181;172;134;132;57;72;250005;2502;25005
2504108;"Carrapateira (PB)";103;84;44;47;25;29;250015;2504;25009
2504157;"Casserengue (PB)";258;321;176;215;126;137;250002;2501;25002
2504207;"Catingueira (PB)";193;183;106;134;58;75;250009;2503;25006
2504306;"Catolé do Rocha (PB)";1230;1518;641;877;400;543;250011;2503;25008
2504355;"Caturité (PB)";200;207;137;136;52;79;250005;2502;25015
2504405;"Conceição (PB)";736;803;470;560;215;278;250010;2503;25007
2504504;"Condado (PB)";286;365;185;216;89;117;250012;2503;25006
2504603;"Conde (PB)";973;987;455;486;159;211;250001;2501;25001
2504702;"Congo (PB)";182;191;117;161;75;97;250008;2502;25005
2504801;"Coremas (PB)";592;648;355;441;194;242;250009;2503;25007
2504850;"Coxixola (PB)";105;89;51;76;39;50;250008;2502;25005
2504900;"Cruz do Espírito Santo (PB)";548;567;319;353;97;170;250001;2501;25001
2505006;"Cubati (PB)";277;282;173;224;94;153;250005;2502;25004
2505105;"Cuité (PB)";838;919;494;629;318;476;250006;2502;25004
2505204;"Cuitegi (PB)";231;248;142;170;76;102;250002;2501;25002
2505238;"Cuité de Mamanguape (PB)";280;271;149;169;80;121;250001;2501;25014
2505279;"Curral de Cima (PB)";208;199;137;156;82;106;250003;2501;25014
2505303;"Curral Velho (PB)";83;73;59;66;35;26;250010;2503;25007
2505352;"Damião (PB)";197;203;128;139;74;90;250006;2502;25004
2505402;"Desterro (PB)";265;341;210;255;92;129;250009;2503;25006
2505501;"Vista Serrana (PB)";129;132;72;106;44;47;250009;2503;25006
2505600;"Diamante (PB)";213;283;166;194;85;94;250010;2503;25007
2505709;"Dona Inês (PB)";374;406;279;330;141;170;250002;2501;25002
2505808;"Duas Estradas (PB)";119;145;96;123;50;75;250002;2501;25002
2505907;"Emas (PB)";89;119;61;93;35;37;250009;2503;25006
2506004;"Esperança (PB)";1038;1318;653;898;352;593;250005;2502;25003
2506103;"Fagundes (PB)";414;471;318;372;153;200;250005;2502;25016
2506202;"Frei Martinho (PB)";127;142;97;109;68;72;250006;2502;25004
2506251;"Gado Bravo (PB)";296;339;241;250;93;133;250005;2502;25015
2506301;"Guarabira (PB)";1970;2298;1064;1502;552;1012;250002;2501;25002
2506400;"Gurinhém (PB)";488;535;323;392;177;233;250001;2501;25012
2506509;"Gurjão (PB)";140;138;82;112;51;64;250005;2502;25005
2506608;"Ibiara (PB)";252;297;168;207;81;116;250010;2503;25007
2506707;"Imaculada (PB)";339;377;224;247;117;148;250009;2503;25011
2506806;"Ingá (PB)";727;775;456;538;204;346;250005;2502;25012
2506905;"Itabaiana (PB)";912;1157;514;721;305;455;250004;2501;25012
2507002;"Itaporanga (PB)";818;966;470;591;260;360;250010;2503;25007
2507101;"Itapororoca (PB)";608;620;444;531;207;280;250003;2501;25014
2507200;"Itatuba (PB)";381;459;265;302;130;166;250005;2502;25012
2507309;"Jacaraú (PB)";558;596;368;453;193;266;250003;2501;25014
2507408;"Jericó (PB)";329;382;225;236;116;162;250011;2503;25008
2507507;"João Pessoa (PB)";29138;39888;14387;22416;5515;12270;250001;2501;25001
2507606;"Juarez Távora (PB)";268;281;168;203;112;148;250001;2501;25012
2507705;"Juazeirinho (PB)";508;628;329;391;174;273;250005;2502;25016
2507804;"Junco do Seridó (PB)";287;262;178;186;92;120;250005;2502;25006
2507903;"Juripiranga (PB)";308;371;205;269;126;179;250001;2501;25012
2508000;"Juru (PB)";393;447;227;289;106;132;250013;2503;25011
2508109;"Lagoa (PB)";189;212;124;149;79;96;250012;2503;25013
2508208;"Lagoa de Dentro (PB)";306;314;222;238;111;164;250002;2501;25002
2508307;"Lagoa Seca (PB)";967;1076;601;751;304;394;250005;2502;25003
2508406;"Lastro (PB)";158;138;106;113;42;63;250014;2504;25010
2508505;"Livramento (PB)";261;296;188;227;90;136;250008;2502;25016
2508554;"Logradouro (PB)";143;146;112;117;56;76;250002;2501;25002
2508604;"Lucena (PB)";488;486;222;255;91;105;250001;2501;25001
2508703;"Mãe d'Água (PB)";154;180;92;106;50;72;250009;2503;25006
2508802;"Malta (PB)";252;261;150;198;81;144;250009;2503;25006
2508901;"Mamanguape (PB)";1429;1660;821;1013;339;577;250003;2501;25014
2509008;"Manaíra (PB)";335;388;258;312;126;151;250013;2503;25011
2509057;"Marcação (PB)";264;266;153;168;58;87;250003;2501;25014
2509107;"Mari (PB)";834;897;570;676;255;423;250001;2501;25001
2509156;"Marizópolis (PB)";268;312;154;198;85;125;250014;2504;25010
2509206;"Massaranduba (PB)";505;536;318;419;185;255;250005;2502;25016
2509305;"Mataraca (PB)";238;243;151;172;63;65;250003;2501;25014
2509339;"Matinhas (PB)";167;160;100;114;57;77;250005;2502;25003
2509370;"Mato Grosso (PB)";127;134;77;75;34;40;250011;2503;25008
2509396;"Maturéia (PB)";169;217;129;167;64;103;250009;2503;25006
2509404;"Mogeiro (PB)";488;560;330;385;155;201;250004;2501;25012
2509503;"Montadas (PB)";202;220;142;191;76;91;250005;2502;25003
2509602;"Monte Horebe (PB)";172;181;117;136;51;80;250015;2504;25009
2509701;"Monteiro (PB)";1305;1474;751;954;454;603;250007;2502;25005
2509800;"Mulungu (PB)";351;385;196;258;91;166;250002;2501;25002
2509909;"Natuba (PB)";340;396;227;230;126;178;250004;2501;25015
2510006;"Nazarezinho (PB)";319;316;225;253;117;116;250014;2504;25010
2510105;"Nova Floresta (PB)";317;399;251;320;158;218;250006;2502;25004
2510204;"Nova Olinda (PB)";233;272;142;164;49;86;250010;2503;25007
2510303;"Nova Palmeira (PB)";172;194;125;133;72;78;250006;2502;25004
2510402;"Olho d'Água (PB)";289;285;141;178;71;80;250009;2503;25007
2510501;"Olivedos (PB)";165;158;89;108;68;88;250005;2502;25016
2510600;"Ouro Velho (PB)";155;148;75;86;50;72;250007;2502;25005
2510659;"Parari (PB)";99;99;52;56;28;45;250008;2502;25005
2510709;"Passagem (PB)";110;107;61;68;20;42;250009;2503;25006
2510808;"Patos (PB)";3308;4512;1801;2790;883;1659;250009;2503;25006
2510907;"Paulista (PB)";518;565;312;374;151;177;250012;2503;25013
2511004;"Pedra Branca (PB)";120;173;103;112;50;65;250010;2503;25007
2511103;"Pedra Lavrada (PB)";271;310;216;228;132;135;250006;2502;25004
2511202;"Pedras de Fogo (PB)";971;1103;581;638;319;383;250001;2501;25012
2511301;"Piancó (PB)";679;768;422;483;189;304;250010;2503;25007
2511400;"Picuí (PB)";738;745;454;535;258;348;250006;2502;25004
2511509;"Pilar (PB)";415;469;275;313;135;166;250001;2501;25012
2511608;"Pilões (PB)";228;263;152;164;94;113;250002;2501;25002
2511707;"Pilõezinhos (PB)";193;214;106;133;49;89;250002;2501;25002
2511806;"Pirpirituba (PB)";352;393;218;264;98;176;250002;2501;25002
2511905;"Pitimbu (PB)";530;597;289;309;78;141;250001;2501;25001
2512002;"Pocinhos (PB)";608;673;419;511;222;289;250005;2502;25016
2512036;"Poço Dantas (PB)";124;137;94;104;63;66;250014;2504;25009
2512077;"Poço de José de Moura (PB)";207;199;125;162;69;90;250015;2504;25009
2512101;"Pombal (PB)";1360;1532;785;1156;444;652;250012;2503;25013
2512200;"Prata (PB)";175;176;107;132;58;88;250007;2502;25005
2512309;"Princesa Isabel (PB)";694;898;478;559;248;334;250013;2503;25011
2512408;"Puxinanã (PB)";507;555;303;368;148;222;250005;2502;25016
2512507;"Queimadas (PB)";1625;1799;1045;1279;511;718;250005;2502;25015
2512606;"Quixaba (PB)";77;56;40;43;21;27;250009;2503;25006
2512705;"Remígio (PB)";641;770;416;562;244;394;250005;2502;25003
2512721;"Pedro Régis (PB)";215;230;151;173;97;107;250003;2501;25014
2512747;"Riachão (PB)";113;123;85;87;27;64;250002;2501;25002
2512754;"Riachão do Bacamarte (PB)";204;216;103;126;46;82;250005;2502;25012
2512762;"Riachão do Poço (PB)";166;173;123;123;63;61;250001;2501;25001
2512788;"Riacho de Santo Antônio (PB)";64;71;33;30;22;33;250005;2502;25015
2512804;"Riacho dos Cavalos (PB)";352;361;205;227;104;107;250011;2503;25008
2512903;"Rio Tinto (PB)";1001;1059;533;673;212;384;250003;2501;25014
2513000;"Salgadinho (PB)";146;137;90;85;47;59;250009;2503;25006
2513109;"Salgado de São Félix (PB)";519;566;341;391;203;274;250004;2501;25012
2513158;"Santa Cecília (PB)";270;274;181;190;91;108;250005;2502;25015
2513208;"Santa Cruz (PB)";337;337;213;238;159;156;250014;2504;25010
2513307;"Santa Helena (PB)";242;306;194;237;124;120;250015;2504;25009
2513356;"Santa Inês (PB)";136;106;75;83;33;41;250010;2503;25007
2513406;"Santa Luzia (PB)";591;716;395;480;199;326;250009;2503;25006
2513505;"Santana de Mangueira (PB)";176;203;138;151;55;61;250010;2503;25007
2513604;"Santana dos Garrotes (PB)";330;369;189;264;97;127;250010;2503;25007
2513653;"Joca Claudino (PB)";109;127;77;76;40;43;250014;2504;25009
2513703;"Santa Rita (PB)";4606;5531;2257;3052;834;1646;250001;2501;25001
2513802;"Santa Teresinha (PB)";202;195;127;130;60;95;250009;2503;25006
2513851;"Santo André (PB)";143;117;91;105;33;53;250005;2502;25016
2513901;"São Bento (PB)";1036;1282;581;775;257;358;250011;2503;25008
2513927;"São Bentinho (PB)";182;196;121;154;72;76;250012;2503;25013
2513943;"São Domingos do Cariri (PB)";106;130;69;82;54;57;250005;2502;25015
2513968;"São Domingos (PB)";119;141;81;88;48;59;250012;2503;25013
2513984;"São Francisco (PB)";167;182;101;117;73;78;250014;2504;25010
2514008;"São João do Cariri (PB)";215;208;104;159;64;109;250005;2502;25005
2514107;"São João do Tigre (PB)";187;183;128;126;57;79;250007;2502;25005
2514206;"São José da Lagoa Tapada (PB)";327;390;210;258;105;138;250014;2504;25010
2514305;"São José de Caiana (PB)";202;219;143;133;63;70;250010;2503;25007
2514404;"São José de Espinharas (PB)";200;176;141;139;79;75;250009;2503;25006
2514453;"São José dos Ramos (PB)";216;195;100;154;74;84;250004;2501;25012
2514503;"São José de Piranhas (PB)";735;781;485;581;289;321;250015;2504;25009
2514552;"São José de Princesa (PB)";142;128;108;101;57;64;250013;2503;25011
2514602;"São José do Bonfim (PB)";117;132;78;83;36;45;250009;2503;25006
2514651;"São José do Brejo do Cruz (PB)";71;58;43;42;16;27;250011;2503;25008
2514701;"São José do Sabugi (PB)";181;184;115;126;53;74;250009;2503;25006
2514800;"São José dos Cordeiros (PB)";171;165;105;122;61;77;250008;2502;25005
2514909;"São Mamede (PB)";394;413;248;300;130;201;250009;2503;25006
2515005;"São Miguel de Taipu (PB)";253;268;139;152;75;95;250001;2501;25012
2515104;"São Sebastião de Lagoa de Roça (PB)";459;461;261;315;144;218;250005;2502;25003
2515203;"São Sebastião do Umbuzeiro (PB)";148;144;98;101;44;61;250007;2502;25005
2515302;"Sapé (PB)";1903;2082;1144;1356;502;745;250001;2501;25001
2515401;"São Vicente do Seridó (PB)";329;331;228;250;131;165;250005;2502;25004
2515500;"Serra Branca (PB)";602;719;420;472;224;385;250008;2502;25005
2515609;"Serra da Raiz (PB)";115;144;95;86;44;61;250002;2501;25002
2515708;"Serra Grande (PB)";109;129;67;78;45;47;250015;2504;25007
2515807;"Serra Redonda (PB)";309;347;186;198;90;155;250005;2502;25016
2515906;"Serraria (PB)";206;202;108;158;89;114;250002;2501;25002
2515930;"Sertãozinho (PB)";172;207;141;181;75;108;250002;2501;25002
2515971;"Sobrado (PB)";306;318;196;213;106;148;250001;2501;25001
2516003;"Solânea (PB)";994;1252;660;869;349;549;250002;2501;25002
2516102;"Soledade (PB)";546;604;309;410;187;237;250005;2502;25016
2516151;"Sossêgo (PB)";146;142;85;76;39;61;250006;2502;25004
2516201;"Sousa (PB)";2412;2979;1397;2000;802;1229;250014;2504;25010
2516300;"Sumé (PB)";743;789;479;541;245;373;250008;2502;25005
2516409;"Tacima (PB)";283;308;228;276;126;158;250002;2501;25002
2516508;"Taperoá (PB)";541;595;388;446;209;303;250005;2502;25016
2516607;"Tavares (PB)";501;565;359;427;192;227;250013;2503;25011
2516706;"Teixeira (PB)";488;541;287;358;117;232;250009;2503;25006
2516755;"Tenório (PB)";111;114;77;69;30;32;250005;2502;25016
2516805;"Triunfo (PB)";406;449;265;310;127;179;250015;2504;25009
2516904;"Uiraúna (PB)";603;774;409;540;253;328;250014;2504;25009
2517001;"Umbuzeiro (PB)";311;409;226;285;123;160;250005;2502;25015
2517100;"Várzea (PB)";123;115;86;100;55;71;250009;2503;25006
2517209;"Vieirópolis (PB)";243;263;179;208;106;109;250014;2504;25010
2517407;"Zabelê (PB)";84;120;56;68;25;35;250007;2502;25005
2600054;"Abreu e Lima (PE)";3792;5013;1773;2535;607;1104;260001;2601;26010
2600104;"Afogados da Ingazeira (PE)";1411;1817;909;1119;418;615;260014;2603;26001
2600203;"Afrânio (PE)";643;665;447;487;193;241;260015;2604;26009
2600302;"Agrestina (PE)";779;936;524;668;264;319;260009;2602;26003
2600401;"Água Preta (PE)";930;1025;551;546;216;226;260003;2601;26008
2600500;"Águas Belas (PE)";1264;1583;895;1053;425;522;260010;2602;26004
2600609;"Alagoinha (PE)";571;589;345;366;199;248;260012;2602;26003
2600708;"Aliança (PE)";1411;1694;799;874;323;407;260002;2601;26005
2600807;"Altinho (PE)";906;947;518;619;306;411;260009;2602;26003
2600906;"Amaraji (PE)";677;734;383;384;145;199;260018;2601;26008
2601003;"Angelim (PE)";401;459;256;293;145;168;260010;2602;26004
2601052;"Araçoiaba (PE)";617;683;306;325;119;166;260001;2601;26010
2601102;"Araripina (PE)";2449;2952;1562;1875;802;1120;260016;2604;26007
2601201;"Arcoverde (PE)";2378;3221;1350;2060;658;1152;260011;2602;26002
2601300;"Barra de Guabiraba (PE)";436;443;234;247;101;128;260009;2602;26003
2601409;"Barreiros (PE)";1307;1594;676;833;321;378;260007;2601;26008
2601508;"Belém de Maria (PE)";419;428;224;255;119;155;260003;2601;26008
2601607;"Belém do São Francisco (PE)";612;703;353;447;127;315;260017;2604;26011
2601706;"Belo Jardim (PE)";2736;3263;1501;1964;738;1075;260012;2602;26003
2601805;"Betânia (PE)";393;425;306;349;161;181;260013;2603;26012
2601904;"Bezerros (PE)";2328;2925;1495;1972;703;1139;260009;2602;26003
2602001;"Bodocó (PE)";1131;1270;751;843;364;450;260016;2604;26007
2602100;"Bom Conselho (PE)";1497;1963;1034;1293;493;707;260010;2602;26004
2602209;"Bom Jardim (PE)";1483;1633;945;1132;420;628;260004;2601;26006
2602308;"Bonito (PE)";1392;1517;778;877;372;536;260009;2602;26003
2602407;"Brejão (PE)";303;322;202;238;79;122;260010;2602;26004
2602506;"Brejinho (PE)";280;317;183;228;106;119;260014;2603;26001
2602605;"Brejo da Madre de Deus (PE)";1451;1606;927;1052;436;526;260009;2602;26003
2602704;"Buenos Aires (PE)";482;560;268;341;102;138;260006;2601;26006
2602803;"Buíque (PE)";1773;1899;1151;1213;532;706;260011;2602;26002
2602902;"Cabo de Santo Agostinho (PE)";7164;8727;3324;4283;1121;1852;260001;2601;26010
2603009;"Cabrobó (PE)";901;1146;514;655;260;383;260017;2604;26009
2603108;"Cachoeirinha (PE)";707;831;387;532;265;378;260009;2602;26003
2603207;"Caetés (PE)";930;1060;636;684;277;378;260010;2602;26004
2603306;"Calçado (PE)";407;434;237;298;112;171;260010;2602;26004
2603405;"Calumbi (PE)";189;223;114;172;59;81;260013;2603;26012
2603454;"Camaragibe (PE)";5296;7072;2665;4018;1000;1784;260001;2601;26010
2603504;"Camocim de São Félix (PE)";671;755;365;471;210;273;260009;2602;26003
2603603;"Camutanga (PE)";301;333;180;210;97;124;260002;2601;26005
2603702;"Canhotinho (PE)";888;968;572;630;250;324;260010;2602;26004
2603801;"Capoeiras (PE)";680;715;464;499;215;249;260010;2602;26004
2603900;"Carnaíba (PE)";699;815;457;539;219;314;260014;2603;26001
2603926;"Carnaubeira da Penha (PE)";361;362;238;264;123;151;260013;2603;26012
2604007;"Carpina (PE)";2921;3884;1455;2015;587;979;260006;2601;26006
2604106;"Caruaru (PE)";11112;14837;5503;8596;2491;4562;260009;2602;26003
2604155;"Casinhas (PE)";472;554;279;346;166;227;260008;2601;26006
2604205;"Catende (PE)";1195;1409;658;770;276;435;260003;2601;26008
2604304;"Cedro (PE)";329;395;212;256;130;145;260017;2604;26011
2604403;"Chã de Alegria (PE)";413;492;236;295;89;145;260005;2601;26010
2604502;"Chã Grande (PE)";766;797;439;529;215;289;260009;2602;26010
2604601;"Condado (PE)";874;1033;527;625;217;318;260002;2601;26005
2604700;"Correntes (PE)";646;729;383;439;179;224;260010;2602;26004
2604809;"Cortês (PE)";367;438;190;212;75;91;260018;2601;26008
2604908;"Cumaru (PE)";668;767;429;464;237;291;260009;2602;26006
2605004;"Cupira (PE)";835;1028;539;698;242;366;260009;2602;26003
2605103;"Custódia (PE)";1415;1571;870;1009;487;599;260011;2602;26002
2605152;"Dormentes (PE)";680;664;458;423;202;228;260015;2604;26009
2605202;"Escada (PE)";2034;2418;1009;1293;447;694;260018;2601;26008
2605301;"Exu (PE)";1131;1280;716;836;431;541;260016;2604;26007
2605400;"Feira Nova (PE)";768;958;451;574;221;288;260004;2601;26006
2605459;"Fernando de Noronha (PE)";98;100;25;33;14;21;260001;2601;26010
2605509;"Ferreiros (PE)";568;648;351;418;192;232;260002;2601;26005
2605608;"Flores (PE)";904;946;515;656;325;428;260013;2603;26012
2605707;"Floresta (PE)";819;962;519;708;250;382;260013;2603;26012
2605806;"Frei Miguelinho (PE)";551;658;405;521;226;314;260008;2601;26003
2605905;"Gameleira (PE)";686;706;366;377;141;196;260003;2601;26008
2606002;"Garanhuns (PE)";4342;6012;2653;3752;1062;1964;260010;2602;26004
2606101;"Glória do Goitá (PE)";1056;1150;570;763;282;376;260005;2601;26010
2606200;"Goiana (PE)";2868;3452;1416;1825;571;981;260002;2601;26005
2606309;"Granito (PE)";232;238;164;183;105;124;260016;2604;26007
2606408;"Gravatá (PE)";3279;3806;1784;2395;884;1320;260009;2602;26003
2606507;"Iati (PE)";649;690;402;447;183;223;260010;2602;26004
2606606;"Ibimirim (PE)";952;1040;556;602;247;292;260011;2602;26002
2606705;"Ibirajuba (PE)";290;284;197;229;134;159;260009;2602;26003
2606804;"Igarassu (PE)";3966;4857;1845;2460;722;1128;260001;2601;26010
2606903;"Iguaracy (PE)";547;539;299;343;167;218;260014;2603;26001
2607000;"Inajá (PE)";711;711;403;377;153;148;260011;2602;26002
2607109;"Ingazeira (PE)";220;216;136;146;60;71;260014;2603;26001
2607208;"Ipojuca (PE)";2639;2972;1203;1473;426;641;260001;2601;26010
2607307;"Ipubi (PE)";806;883;496;585;290;352;260016;2604;26007
2607406;"Itacuruba (PE)";136;133;68;103;39;47;260017;2604;26012
2607505;"Itaíba (PE)";1225;1230;708;744;306;328;260011;2602;26004
2607604;"Ilha de Itamaracá (PE)";987;1015;449;519;114;224;260001;2601;26010
2607653;"Itambé (PE)";1239;1353;708;836;315;447;260002;2601;26005
2607703;"Itapetim (PE)";597;692;407;472;202;317;260014;2603;26001
2607752;"Itapissuma (PE)";813;954;384;487;136;220;260001;2601;26010
2607802;"Itaquitinga (PE)";557;578;280;336;141;155;260002;2601;26005
2607901;"Jaboatão dos Guararapes (PE)";23439;31749;10708;16545;3747;7535;260001;2601;26010
2607950;"Jaqueira (PE)";339;354;186;230;79;113;260003;2601;26008
2608008;"Jataúba (PE)";578;622;362;441;176;228;260009;2602;26003
2608057;"Jatobá (PE)";561;601;305;361;143;162;260013;2603;26002
2608107;"João Alfredo (PE)";1100;1333;701;881;370;466;260004;2601;26006
2608206;"Joaquim Nabuco (PE)";414;464;239;275;95;108;260003;2601;26008
2608255;"Jucati (PE)";362;423;295;318;105;148;260010;2602;26004
2608305;"Jupi (PE)";536;559;346;389;150;209;260010;2602;26004
2608404;"Jurema (PE)";533;585;322;392;184;245;260010;2602;26003
2608453;"Lagoa do Carro (PE)";628;722;338;444;121;182;260006;2601;26006
2608503;"Lagoa de Itaenga (PE)";706;815;382;462;149;219;260006;2601;26006
2608602;"Lagoa do Ouro (PE)";438;498;328;338;135;155;260010;2602;26004
2608701;"Lagoa dos Gatos (PE)";552;578;356;389;164;238;260009;2602;26008
2608750;"Lagoa Grande (PE)";712;734;401;477;176;219;260015;2604;26009
2608800;"Lajedo (PE)";1316;1629;828;1070;449;600;260010;2602;26004
2608909;"Limoeiro (PE)";2134;2813;1228;1838;545;983;260004;2601;26006
2609006;"Macaparana (PE)";908;1044;501;591;304;402;260002;2601;26005
2609105;"Machados (PE)";340;441;229;320;124;193;260004;2601;26006
2609154;"Manari (PE)";592;666;407;405;136;205;260011;2602;26002
2609204;"Maraial (PE)";377;355;176;193;87;103;260003;2601;26008
2609303;"Mirandiba (PE)";450;519;269;325;133;203;260013;2603;26011
2609402;"Moreno (PE)";2096;2639;1021;1385;412;677;260001;2601;26010
2609501;"Nazaré da Mata (PE)";1268;1586;716;900;261;453;260006;2601;26006
2609600;"Olinda (PE)";13955;19877;6941;12027;2589;6167;260001;2601;26010
2609709;"Orobó (PE)";920;975;475;632;273;452;260004;2601;26006
2609808;"Orocó (PE)";351;421;225;254;92;155;260015;2604;26009
2609907;"Ouricuri (PE)";2039;2277;1377;1555;694;908;260016;2604;26007
2610004;"Palmares (PE)";1990;2370;1046;1315;423;621;260003;2601;26008
2610103;"Palmeirina (PE)";277;314;157;231;82;116;260010;2602;26004
2610202;"Panelas (PE)";899;963;640;784;284;404;260009;2602;26003
2610301;"Paranatama (PE)";465;508;304;333;139;220;260010;2602;26004
2610400;"Parnamirim (PE)";682;766;484;513;225;310;260017;2604;26007
2610509;"Passira (PE)";1150;1294;619;783;334;442;260004;2601;26006
2610608;"Paudalho (PE)";1903;2264;1012;1238;356;530;260001;2601;26006
2610707;"Paulista (PE)";13485;18357;6369;9495;1815;3984;260001;2601;26010
2610806;"Pedra (PE)";805;851;524;579;238;294;260011;2602;26002
2610905;"Pesqueira (PE)";2393;2811;1344;1705;603;1037;260012;2602;26003
2611002;"Petrolândia (PE)";1060;1186;570;696;249;361;260013;2603;26002
2611101;"Petrolina (PE)";9555;11754;4879;6363;2043;3186;260015;2604;26009
2611200;"Poção (PE)";400;510;268;296;114;145;260012;2602;26003
2611309;"Pombos (PE)";1027;1185;575;618;241;361;260005;2601;26010
2611408;"Primavera (PE)";495;497;260;263;101;119;260018;2601;26008
2611507;"Quipapá (PE)";628;739;419;435;188;269;260010;2602;26008
2611533;"Quixaba (PE)";277;276;165;175;75;83;260014;2603;26001
2611606;"Recife (PE)";59722;85636;28884;49857;11513;28384;260001;2601;26010
2611705;"Riacho das Almas (PE)";768;852;520;613;266;289;260009;2602;26003
2611804;"Ribeirão (PE)";1313;1526;668;853;295;418;260018;2601;26008
2611903;"Rio Formoso (PE)";613;661;309;313;105;150;260007;2601;26008
2612000;"Sairé (PE)";509;496;306;360;151;224;260009;2602;26003
2612109;"Salgadinho (PE)";244;278;177;225;80;108;260004;2601;26006
2612208;"Salgueiro (PE)";1856;2296;1016;1407;513;834;260017;2604;26011
2612307;"Saloá (PE)";526;601;359;460;193;242;260010;2602;26004
2612406;"Sanharó (PE)";667;805;423;521;176;241;260012;2602;26003
2612455;"Santa Cruz (PE)";476;482;380;401;171;213;260016;2604;26007
2612471;"Santa Cruz da Baixa Verde (PE)";406;489;264;332;119;165;260013;2603;26012
2612505;"Santa Cruz do Capibaribe (PE)";2130;2790;1103;1519;467;781;260009;2602;26003
2612554;"Santa Filomena (PE)";494;502;342;349;185;196;260016;2604;26007
2612604;"Santa Maria da Boa Vista (PE)";1209;1223;675;770;332;393;260015;2604;26009
2612703;"Santa Maria do Cambucá (PE)";457;548;323;378;165;199;260008;2601;26003
2612802;"Santa Terezinha (PE)";376;467;245;312;132;132;260014;2603;26001
2612901;"São Benedito do Sul (PE)";457;506;292;306;119;131;260003;2601;26008
2613008;"São Bento do Una (PE)";1714;1936;1076;1214;474;585;260012;2602;26003
2613107;"São Caitano (PE)";1214;1463;762;892;381;549;260009;2602;26003
2613206;"São João (PE)";753;852;498;575;229;308;260010;2602;26004
2613305;"São Joaquim do Monte (PE)";798;844;477;543;219;295;260009;2602;26003
2613404;"São José da Coroa Grande (PE)";619;773;319;383;110;166;260007;2601;26008
2613503;"São José do Belmonte (PE)";1264;1442;768;897;478;559;260013;2603;26012
2613602;"São José do Egito (PE)";1264;1417;818;1045;453;607;260014;2603;26001
2613701;"São Lourenço da Mata (PE)";3747;4937;1779;2486;618;1094;260001;2601;26010
2613800;"São Vicente Férrer (PE)";535;650;303;368;160;242;260002;2601;26005
2613909;"Serra Talhada (PE)";2838;3582;1676;2335;833;1305;260013;2603;26012
2614006;"Serrita (PE)";671;699;424;460;219;309;260017;2604;26011
2614105;"Sertânia (PE)";1376;1546;820;918;404;531;260011;2602;26002
2614204;"Sirinhaém (PE)";1096;1216;548;615;221;261;260007;2601;26008
2614303;"Moreilândia (PE)";387;423;245;289;162;215;260016;2604;26007
2614402;"Solidão (PE)";188;196;136;166;75;60;260014;2603;26001
2614501;"Surubim (PE)";2138;2757;1400;1909;715;988;260008;2601;26006
2614600;"Tabira (PE)";1007;1189;666;833;344;424;260014;2603;26001
2614709;"Tacaimbó (PE)";478;573;328;352;153;191;260012;2602;26003
2614808;"Tacaratu (PE)";816;829;492;590;240;309;260013;2603;26002
2614857;"Tamandaré (PE)";749;785;408;390;142;171;260007;2601;26008
2615003;"Taquaritinga do Norte (PE)";823;957;504;595;238;317;260009;2602;26003
2615102;"Terezinha (PE)";261;260;158;184;73;94;260010;2602;26004
2615201;"Terra Nova (PE)";349;359;198;215;108;144;260017;2604;26011
2615300;"Timbaúba (PE)";1835;2316;1020;1343;473;809;260002;2601;26005
2615409;"Toritama (PE)";817;1070;406;556;172;276;260009;2602;26003
2615508;"Tracunhaém (PE)";449;535;270;280;118;126;260006;2601;26006
2615607;"Trindade (PE)";810;940;478;619;260;343;260016;2604;26007
2615706;"Triunfo (PE)";614;717;382;521;222;339;260013;2603;26012
2615805;"Tupanatinga (PE)";854;919;548;541;230;304;260011;2602;26002
2615904;"Tuparetama (PE)";271;381;244;269;124;163;260014;2603;26001
2616001;"Venturosa (PE)";608;683;369;421;170;218;260011;2602;26002
2616100;"Verdejante (PE)";362;409;201;246;115;154;260017;2604;26011
2616183;"Vertente do Lério (PE)";304;369;226;239;99;148;260008;2601;26006
2616209;"Vertentes (PE)";703;804;484;537;228;330;260008;2601;26003
2616308;"Vicência (PE)";978;1097;511;636;189;248;260002;2601;26006
2616407;"Vitória de Santo Antão (PE)";4546;5953;2404;3396;1044;1835;260005;2601;26010
2616506;"Xexéu (PE)";420;451;242;218;85;98;260003;2601;26008
2700102;"Água Branca (AL)";635;637;457;521;202;297;270009;2702;27010
2700201;"Anadia (AL)";586;625;315;373;133;195;270004;2701;27005
2700300;"Arapiraca (AL)";6945;9196;4004;5349;1524;2459;270007;2702;27007
2700409;"Atalaia (AL)";1288;1576;724;768;273;314;270006;2701;27004
2700508;"Barra de Santo Antônio (AL)";536;598;276;224;72;111;270001;2701;27001
2700607;"Barra de São Miguel (AL)";250;266;111;138;26;48;270001;2701;27001
2700706;"Batalha (AL)";468;600;317;362;134;186;270011;2702;27007
2700805;"Belém (AL)";184;226;120;138;51;63;270008;2702;27008
2700904;"Belo Monte (AL)";214;202;138;139;63;58;270011;2702;27007
2701001;"Boca da Mata (AL)";899;965;490;513;185;267;270004;2701;27005
2701100;"Branquinha (AL)";362;372;227;176;60;78;270005;2701;27003
2701209;"Cacimbinhas (AL)";367;408;221;274;122;145;270008;2702;27008
2701308;"Cajueiro (AL)";542;657;260;341;110;152;270006;2701;27004
2701357;"Campestre (AL)";195;239;127;120;54;71;270002;2701;27003
2701407;"Campo Alegre (AL)";1071;1191;611;651;181;289;270004;2701;27005
2701506;"Campo Grande (AL)";312;340;189;198;91;92;270007;2702;27007
2701605;"Canapi (AL)";455;546;395;379;148;195;270010;2702;27009
2701704;"Capela (AL)";536;563;299;342;96;172;270006;2701;27004
2701803;"Carneiros (AL)";244;283;147;170;70;93;270010;2702;27009
2701902;"Chã Preta (AL)";213;237;141;142;49;74;270006;2701;27004
2702009;"Coité do Nóia (AL)";413;427;249;291;105;125;270007;2702;27007
2702108;"Colônia Leopoldina (AL)";557;560;283;328;106;162;270002;2701;27003
2702207;"Coqueiro Seco (AL)";211;217;101;129;34;68;270001;2701;27001
2702306;"Coruripe (AL)";1639;1846;823;921;298;408;270003;2701;27006
2702355;"Craíbas (AL)";855;949;446;507;180;221;270007;2702;27007
2702405;"Delmiro Gouveia (AL)";1613;1990;981;1273;384;596;270009;2702;27010
2702504;"Dois Riachos (AL)";334;394;218;228;116;141;270010;2702;27009
2702553;"Estrela de Alagoas (AL)";609;733;486;551;231;255;270008;2702;27008
2702603;"Feira Grande (AL)";769;864;456;556;203;260;270007;2702;27007
2702702;"Feliz Deserto (AL)";136;155;79;91;26;37;270003;2701;27006
2702801;"Flexeiras (AL)";363;378;171;198;73;86;270001;2701;27001
2702900;"Girau do Ponciano (AL)";1133;1344;735;719;308;385;270007;2702;27007
2703007;"Ibateguara (AL)";524;555;240;270;128;159;270005;2701;27003
2703106;"Igaci (AL)";984;1050;620;700;255;305;270008;2702;27008
2703205;"Igreja Nova (AL)";863;848;423;477;216;285;270003;2701;27006
2703304;"Inhapi (AL)";495;521;299;381;141;194;270009;2702;27010
2703403;"Jacaré dos Homens (AL)";185;202;97;110;39;53;270011;2702;27007
2703502;"Jacuípe (AL)";183;205;117;111;44;43;270002;2701;27002
2703601;"Japaratinga (AL)";284;316;143;132;50;59;270002;2701;27002
2703700;"Jaramataia (AL)";177;191;88;100;51;60;270007;2702;27007
2703759;"Jequiá da Praia (AL)";346;317;161;187;71;81;270004;2701;27006
2703809;"Joaquim Gomes (AL)";647;617;315;257;136;153;270001;2701;27003
2703908;"Jundiá (AL)";166;149;94;70;34;36;270002;2701;27003
2704005;"Junqueiro (AL)";861;946;502;564;248;309;270007;2702;27005
2704104;"Lagoa da Canoa (AL)";606;686;385;481;149;181;270007;2702;27007
2704203;"Limoeiro de Anadia (AL)";842;924;481;589;210;266;270007;2702;27007
2704302;"Maceió (AL)";31881;43525;14539;22697;5080;10831;270001;2701;27001
2704401;"Major Isidoro (AL)";631;741;403;460;176;231;270008;2702;27007
2704500;"Maragogi (AL)";891;943;469;427;163;180;270002;2701;27002
2704609;"Maravilha (AL)";381;388;208;244;104;104;270010;2702;27009
2704708;"Marechal Deodoro (AL)";2141;2301;948;1012;295;488;270001;2701;27001
2704807;"Maribondo (AL)";469;583;296;366;107;199;270007;2702;27008
2704906;"Mar Vermelho (AL)";130;142;86;89;40;45;270006;2701;27004
2705002;"Mata Grande (AL)";777;772;535;602;230;281;270009;2702;27010
2705101;"Matriz de Camaragibe (AL)";739;881;393;443;156;186;270002;2701;27002
2705200;"Messias (AL)";543;611;268;290;94;121;270001;2701;27001
2705309;"Minador do Negrão (AL)";189;216;132;144;60;60;270008;2702;27008
2705408;"Monteirópolis (AL)";216;254;158;167;62;94;270011;2702;27009
2705507;"Murici (AL)";830;884;415;456;163;202;270005;2701;27003
2705606;"Novo Lino (AL)";356;319;153;190;65;78;270002;2701;27003
2705705;"Olho d'Água das Flores (AL)";672;786;366;463;168;268;270011;2702;27009
2705804;"Olho d'Água do Casado (AL)";254;253;141;165;72;96;270009;2702;27010
2705903;"Olho d'Água Grande (AL)";152;145;98;92;45;49;270007;2702;27007
2706000;"Olivença (AL)";357;419;208;256;117;127;270010;2702;27009
2706109;"Ouro Branco (AL)";362;407;236;279;104;121;270010;2702;27009
2706208;"Palestina (AL)";115;155;73;107;43;57;270011;2702;27009
2706307;"Palmeira dos Índios (AL)";2500;3201;1617;2007;696;1076;270008;2702;27008
2706406;"Pão de Açúcar (AL)";863;937;471;519;211;341;270011;2702;27009
2706422;"Pariconha (AL)";303;343;246;289;108;145;270009;2702;27010
2706448;"Paripueira (AL)";466;526;219;268;82;115;270001;2701;27001
2706505;"Passo de Camaragibe (AL)";411;440;196;224;75;125;270002;2701;27002
2706604;"Paulo Jacinto (AL)";283;301;153;189;71;103;270008;2702;27004
2706703;"Penedo (AL)";2071;2491;1030;1310;478;737;270003;2701;27006
2706802;"Piaçabuçu (AL)";550;640;276;283;119;203;270003;2701;27006
2706901;"Pilar (AL)";1194;1367;578;702;217;291;270001;2701;27001
2707008;"Pindoba (AL)";120;140;48;47;27;35;270006;2701;27004
2707107;"Piranhas (AL)";581;689;396;432;146;178;270009;2702;27010
2707206;"Poço das Trincheiras (AL)";423;421;254;264;120;155;270010;2702;27009
2707305;"Porto Calvo (AL)";743;878;382;423;153;210;270002;2701;27002
2707404;"Porto de Pedras (AL)";296;306;131;131;47;65;270002;2701;27002
2707503;"Porto Real do Colégio (AL)";687;779;407;456;191;226;270003;2701;27006
2707602;"Quebrangulo (AL)";403;437;243;285;97;127;270008;2702;27004
2707701;"Rio Largo (AL)";2906;3469;1222;1632;429;731;270001;2701;27001
2707800;"Roteiro (AL)";174;187;94;102;28;37;270004;2701;27005
2707909;"Santa Luzia do Norte (AL)";204;254;117;141;38;49;270001;2701;27001
2708006;"Santana do Ipanema (AL)";1340;1662;828;989;353;541;270010;2702;27009
2708105;"Santana do Mundaú (AL)";400;430;196;214;75;101;270005;2701;27003
2708204;"São Brás (AL)";248;260;132;164;66;86;270003;2701;27006
2708303;"São José da Laje (AL)";719;793;339;465;176;229;270005;2701;27003
2708402;"São José da Tapera (AL)";908;944;546;589;277;289;270011;2702;27009
2708501;"São Luís do Quitunde (AL)";930;979;468;455;145;214;270002;2701;27002
2708600;"São Miguel dos Campos (AL)";1743;2093;838;973;292;453;270004;2701;27005
2708709;"São Miguel dos Milagres (AL)";250;268;153;156;39;66;270002;2701;27002
2708808;"São Sebastião (AL)";1113;1188;628;698;268;313;270007;2702;27007
2708907;"Satuba (AL)";640;752;280;383;93;151;270001;2701;27001
2708956;"Senador Rui Palmeira (AL)";326;380;240;244;111;122;270010;2702;27009
2709004;"Tanque d'Arca (AL)";237;255;146;181;52;95;270007;2702;27008
2709103;"Taquarana (AL)";708;787;486;528;184;227;270007;2702;27007
2709152;"Teotônio Vilela (AL)";1269;1488;693;704;256;288;270007;2702;27005
2709202;"Traipu (AL)";830;876;532;553;233;291;270007;2702;27007
2709301;"União dos Palmares (AL)";2038;2373;1101;1330;452;630;270005;2701;27003
2709400;"Viçosa (AL)";854;1088;498;530;172;279;270006;2701;27004
2800100;"Amparo do São Francisco (SE)";78;93;45;44;23;26;280003;2801;28007
2800209;"Aquidabã (SE)";866;880;472;556;241;291;280003;2801;28007
2800308;"Aracaju (SE)";21068;29103;10681;16409;3913;8960;280001;2801;28001
2800407;"Arauá (SE)";389;412;187;220;97;150;280002;2801;28002
2800506;"Areia Branca (SE)";567;641;274;326;154;211;280004;2802;28003
2800605;"Barra dos Coqueiros (SE)";1207;1414;532;630;157;324;280001;2801;28001
2800670;"Boquim (SE)";945;1036;595;704;242;345;280002;2801;28002
2800704;"Brejo Grande (SE)";255;237;96;124;63;86;280003;2801;28007
2801009;"Campo do Brito (SE)";670;773;379;452;187;267;280004;2802;28003
2801108;"Canhoba (SE)";146;114;80;86;44;50;280003;2801;28007
2801207;"Canindé de São Francisco (SE)";688;691;366;402;154;198;280006;2802;28005
2801306;"Capela (SE)";1033;1190;603;655;279;413;280001;2801;28006
2801405;"Carira (SE)";776;840;493;529;260;306;280004;2802;28003
2801504;"Carmópolis (SE)";383;463;165;193;64;95;280001;2801;28006
2801603;"Cedro de São João (SE)";196;198;112;179;67;85;280003;2801;28007
2801702;"Cristinápolis (SE)";508;535;246;291;132;146;280002;2801;28002
2801900;"Cumbe (SE)";130;150;80;119;49;63;280001;2801;28006
2802007;"Divina Pastora (SE)";129;151;67;69;41;45;280001;2801;28001
2802106;"Estância (SE)";2334;2686;1111;1449;460;791;280002;2801;28002
2802205;"Feira Nova (SE)";198;235;118;115;48;65;280006;2802;28005
2802304;"Frei Paulo (SE)";492;576;315;365;147;197;280004;2802;28003
2802403;"Gararu (SE)";431;408;276;274;133;119;280006;2802;28005
2802502;"General Maynard (SE)";108;115;60;67;21;36;280001;2801;28006
2802601;"Graccho Cardoso (SE)";252;262;166;138;69;85;280006;2802;28005
2802700;"Ilha das Flores (SE)";272;318;142;175;85;107;280003;2801;28007
2802809;"Indiaroba (SE)";550;537;290;274;144;155;280002;2801;28002
2802908;"Itabaiana (SE)";3258;3829;1768;2255;727;1195;280004;2802;28003
2803005;"Itabaianinha (SE)";1276;1432;720;865;339;481;280002;2801;28002
2803104;"Itabi (SE)";234;250;143;143;52;70;280006;2802;28005
2803203;"Itaporanga d'Ajuda (SE)";1203;1209;636;688;238;360;280001;2801;28001
2803302;"Japaratuba (SE)";617;649;350;363;144;202;280001;2801;28006
2803401;"Japoatã (SE)";416;464;264;274;125;133;280003;2801;28007
2803500;"Lagarto (SE)";3637;4110;2009;2464;897;1365;280005;2802;28004
2803609;"Laranjeiras (SE)";757;871;322;412;130;181;280001;2801;28001
2803708;"Macambira (SE)";280;273;170;185;66;109;280004;2802;28003
2803807;"Malhada dos Bois (SE)";128;100;58;70;34;40;280003;2801;28007
2803906;"Malhador (SE)";477;481;243;265;112;148;280004;2802;28003
2804003;"Maruim (SE)";492;553;218;345;103;144;280001;2801;28006
2804102;"Moita Bonita (SE)";451;467;282;345;135;212;280004;2802;28003
2804201;"Monte Alegre de Sergipe (SE)";400;436;251;239;107;115;280006;2802;28005
2804300;"Muribeca (SE)";262;321;165;172;68;85;280003;2801;28007
2804409;"Neópolis (SE)";661;661;354;402;138;209;280003;2801;28007
2804458;"Nossa Senhora Aparecida (SE)";383;356;249;245;111;136;280004;2802;28003
2804508;"Nossa Senhora da Glória (SE)";1279;1325;687;831;334;367;280006;2802;28005
2804607;"Nossa Senhora das Dores (SE)";930;1060;502;620;228;344;280001;2801;28006
2804706;"Nossa Senhora de Lourdes (SE)";232;258;155;162;62;78;280003;2801;28007
2804805;"Nossa Senhora do Socorro (SE)";5133;6333;1762;2688;514;1061;280001;2801;28006
2804904;"Pacatuba (SE)";412;462;242;249;120;139;280003;2801;28007
2805000;"Pedra Mole (SE)";123;121;63;70;26;35;280004;2802;28003
2805109;"Pedrinhas (SE)";273;332;150;199;57;119;280002;2801;28002
2805208;"Pinhão (SE)";204;264;152;158;55;85;280004;2802;28003
2805307;"Pirambu (SE)";310;310;147;160;65;94;280001;2801;28006
2805406;"Poço Redondo (SE)";945;968;584;611;232;285;280006;2802;28005
2805505;"Poço Verde (SE)";816;942;594;648;251;350;280005;2802;28004
2805604;"Porto da Folha (SE)";896;940;561;580;246;296;280006;2802;28005
2805703;"Propriá (SE)";1003;1111;440;598;205;355;280003;2801;28007
2805802;"Riachão do Dantas (SE)";663;627;412;523;217;291;280005;2802;28004
2805901;"Riachuelo (SE)";267;320;123;137;45;88;280001;2801;28001
2806008;"Ribeirópolis (SE)";685;749;437;494;207;291;280004;2802;28003
2806107;"Rosário do Catete (SE)";273;343;136;188;53;77;280001;2801;28006
2806206;"Salgado (SE)";773;781;436;454;200;237;280005;2802;28004
2806305;"Santa Luzia do Itanhy (SE)";501;476;241;232;104;106;280002;2801;28002
2806404;"Santana do São Francisco (SE)";215;237;126;139;58;70;280003;2801;28007
2806503;"Santa Rosa de Lima (SE)";145;131;79;94;29;50;280001;2801;28001
2806602;"Santo Amaro das Brotas (SE)";467;462;224;245;93;140;280001;2801;28006
2806701;"São Cristóvão (SE)";2816;3523;1236;1520;379;797;280001;2801;28001
2806800;"São Domingos (SE)";365;408;257;285;106;117;280004;2802;28003
2806909;"São Francisco (SE)";125;130;71;63;27;35;280003;2801;28007
2807006;"São Miguel do Aleixo (SE)";129;149;91;95;36;63;280004;2802;28003
2807105;"Simão Dias (SE)";1442;1662;896;1119;451;699;280005;2802;28004
2807204;"Siriri (SE)";267;272;164;165;80;105;280001;2801;28006
2807303;"Telha (SE)";96;100;51;61;27;37;280003;2801;28007
2807402;"Tobias Barreto (SE)";1730;2101;1007;1260;491;727;280005;2802;28004
2807501;"Tomar do Geru (SE)";438;452;242;269;114;154;280002;2801;28002
2807600;"Umbaúba (SE)";739;925;371;446;157;226;280002;2801;28002
2900108;"Abaíra (BA)";465;483;263;332;185;235;290013;2904;29023
2900207;"Abaré (BA)";536;572;323;414;177;220;290024;2909;29017
2900306;"Acajutiba (BA)";544;604;330;388;170;251;290002;2901;29001
2900355;"Adustina (BA)";550;593;361;386;183;224;290027;2909;29019
2900405;"Água Fria (BA)";559;650;424;495;236;292;290029;2910;29025
2900504;"Érico Cardoso (BA)";480;472;297;354;168;222;290013;2904;29003
2900603;"Aiquara (BA)";228;239;118;115;69;82;290012;2904;29015
2900702;"Alagoinhas (BA)";5201;6796;2631;3895;1140;2229;290002;2901;29001
2900801;"Alcobaça (BA)";1114;1034;605;533;253;260;290008;2903;29026
2900900;"Almadina (BA)";297;305;186;186;88;100;290007;2903;29012
2901007;"Amargosa (BA)";1327;1546;796;1007;474;764;290003;2902;29022
2901106;"Amélia Rodrigues (BA)";1019;1194;531;665;214;369;290029;2910;29006
2901155;"América Dourada (BA)";621;590;373;316;176;228;290020;2907;29010
2901205;"Anagé (BA)";1249;1329;866;885;493;613;290011;2904;29028
2901304;"Andaraí (BA)";523;528;339;309;137;188;290031;2910;29011
2901353;"Andorinha (BA)";564;572;407;411;221;245;290023;2908;29024
2901403;"Angical (BA)";593;557;432;356;158;202;290018;2906;29002
2901502;"Anguera (BA)";381;458;256;356;157;239;290029;2910;29006
2901601;"Antas (BA)";575;583;456;443;258;288;290027;2909;29019
2901700;"Antônio Cardoso (BA)";364;417;235;320;142;215;290029;2910;29006
2901809;"Antônio Gonçalves (BA)";432;435;268;298;124;159;290023;2908;29024
2901908;"Aporá (BA)";691;690;430;476;197;288;290002;2901;29001
2901957;"Apuarema (BA)";337;366;198;199;79;103;290012;2904;29015
2902005;"Aracatu (BA)";687;655;435;448;225;315;290013;2904;29003
2902054;"Araçás (BA)";401;377;193;241;88;102;290002;2901;29001
2902104;"Araci (BA)";1652;1772;1199;1279;610;708;290033;2910;29025
2902203;"Aramari (BA)";363;390;210;253;94;177;290002;2901;29001
2902252;"Arataca (BA)";512;400;284;193;108;103;290010;2903;29009
2902302;"Aratuípe (BA)";331;325;164;188;70;97;290006;2902;29022
2902401;"Aurelino Leal (BA)";494;472;301;249;99;138;290007;2903;29012
2902500;"Baianópolis (BA)";558;543;327;354;190;228;290018;2906;29002
2902609;"Baixa Grande (BA)";843;834;527;625;286;359;290029;2910;29006
2902658;"Banzaê (BA)";427;443;347;334;166;202;290025;2909;29019
2902708;"Barra (BA)";1746;1620;968;1011;445;587;290021;2907;29008
2902807;"Barra da Estiva (BA)";933;881;491;540;231;346;290011;2904;29003
2902906;"Barra do Choça (BA)";1300;1361;795;863;410;490;290011;2904;29028
2903003;"Barra do Mendes (BA)";679;663;480;497;214;286;290020;2907;29010
2903102;"Barra do Rocha (BA)";311;249;149;135;89;77;290014;2904;29015
2903201;"Barreiras (BA)";4563;4773;2075;2482;858;1235;290018;2906;29002
2903235;"Barro Alto (BA)";557;539;357;394;164;202;290020;2907;29010
2903276;"Barrocas (BA)";505;493;339;401;173;174;290033;2910;29025
2903300;"Barro Preto (BA)";303;287;179;150;88;97;290007;2903;29012
2903409;"Belmonte (BA)";912;865;453;451;185;253;290009;2903;29018
2903508;"Belo Campo (BA)";837;942;531;583;325;385;290011;2904;29028
2903607;"Biritinga (BA)";591;638;400;398;224;272;290033;2910;29025
2903706;"Boa Nova (BA)";634;614;417;488;268;300;290011;2904;29015
2903805;"Boa Vista do Tupim (BA)";766;715;474;466;222;300;290031;2910;29011
2903904;"Bom Jesus da Lapa (BA)";2235;2403;1142;1330;569;745;290017;2905;29021
2903953;"Bom Jesus da Serra (BA)";438;419;275;277;172;170;290011;2904;29028
2904001;"Boninal (BA)";590;588;354;457;178;311;290034;2910;29023
2904050;"Bonito (BA)";470;479;241;278;92;122;290020;2907;29011
2904100;"Boquira (BA)";784;925;581;648;372;489;290017;2905;29003
2904209;"Botuporã (BA)";483;488;320;356;181;221;290016;2905;29003
2904308;"Brejões (BA)";608;588;345;364;161;272;290003;2902;29015
2904407;"Brejolândia (BA)";473;409;308;319;151;168;290018;2906;29002
2904506;"Brotas de Macaúbas (BA)";600;560;408;413;226;330;290021;2907;29008
2904605;"Brumado (BA)";2727;3028;1655;2024;859;1148;290013;2904;29003
2904704;"Buerarema (BA)";843;772;435;470;239;308;290007;2903;29012
2904753;"Buritirama (BA)";663;592;439;419;212;216;290021;2907;29008
2904803;"Caatiba (BA)";305;281;170;182;107;97;290011;2904;29013
2904852;"Cabaceiras do Paraguaçu (BA)";515;586;315;430;148;272;290004;2902;29005
2904902;"Cachoeira (BA)";1162;1354;606;824;251;500;290004;2902;29005
2905008;"Caculé (BA)";955;943;669;742;344;485;290016;2905;29007
2905107;"Caém (BA)";382;387;296;323;158;194;290030;2910;29014
2905156;"Caetanos (BA)";488;488;336;361;217;236;290011;2904;29028
2905206;"Caetité (BA)";1997;2163;1276;1454;681;1056;290016;2905;29007
2905305;"Cafarnaum (BA)";580;638;367;379;164;255;290020;2907;29010
2905404;"Cairu (BA)";509;492;252;247;87;133;290005;2902;29027
2905503;"Caldeirão Grande (BA)";463;495;328;362;150;231;290030;2910;29014
2905602;"Camacan (BA)";1109;1096;582;623;295;309;290010;2903;29012
2905701;"Camaçari (BA)";9615;11097;4153;4717;1172;1969;290001;2901;29004
2905800;"Camamu (BA)";1233;1172;648;578;281;322;290005;2902;29027
2905909;"Campo Alegre de Lourdes (BA)";1200;1115;757;807;366;452;290022;2908;29016
2906006;"Campo Formoso (BA)";2580;2701;1610;1598;670;946;290023;2908;29024
2906105;"Canápolis (BA)";413;417;269;277;155;161;290019;2906;29021
2906204;"Canarana (BA)";897;1015;533;613;246;326;290020;2907;29010
2906303;"Canavieiras (BA)";1512;1456;923;818;376;522;290010;2903;29009
2906402;"Candeal (BA)";310;361;280;301;134;161;290029;2910;29006
2906501;"Candeias (BA)";2663;3243;1256;1663;431;764;290001;2901;29020
2906600;"Candiba (BA)";686;679;443;428;240;280;290016;2905;29007
2906709;"Cândido Sales (BA)";1216;1154;619;728;362;435;290011;2904;29028
2906808;"Cansanção (BA)";1359;1359;926;932;448;541;290026;2909;29025
2906824;"Canudos (BA)";595;570;378;430;215;233;290026;2909;29016
2906857;"Capela do Alto Alegre (BA)";543;528;384;433;209;250;290029;2910;29006
2906873;"Capim Grosso (BA)";1032;1250;701;895;386;496;290030;2910;29014
2906899;"Caraíbas (BA)";586;505;380;384;216;250;290011;2904;29028
2906907;"Caravelas (BA)";874;919;474;512;202;268;290008;2903;29026
2907004;"Cardeal da Silva (BA)";268;286;135;126;71;91;290002;2901;29001
2907103;"Carinhanha (BA)";1027;1023;614;625;297;357;290016;2905;29007
2907202;"Casa Nova (BA)";2450;2400;1468;1640;689;869;290022;2908;29016
2907301;"Castro Alves (BA)";901;1099;532;736;263;476;290004;2902;29022
2907400;"Catolândia (BA)";145;145;127;97;61;68;290018;2906;29002
2907509;"Catu (BA)";2001;2267;987;1203;386;680;290001;2901;29001
2907558;"Caturama (BA)";419;445;295;313;150;183;290013;2904;29003
2907608;"Central (BA)";707;754;491;486;192;276;290020;2907;29010
2907707;"Chorrochó (BA)";375;359;248;285;136;184;290024;2909;29017
2907806;"Cícero Dantas (BA)";1366;1460;899;1050;482;595;290027;2909;29019
2907905;"Cipó (BA)";570;670;315;432;195;230;290025;2909;29019
2908002;"Coaraci (BA)";939;1023;564;626;305;415;290007;2903;29012
2908101;"Cocos (BA)";811;764;573;518;289;292;290019;2906;29021
2908200;"Conceição da Feira (BA)";666;856;423;524;161;337;290029;2910;29005
2908309;"Conceição do Almeida (BA)";734;834;357;469;168;365;290004;2902;29022
2908408;"Conceição do Coité (BA)";2345;2573;1527;1838;810;943;290032;2910;29025
2908507;"Conceição do Jacuípe (BA)";1144;1499;660;875;273;484;290029;2910;29006
2908606;"Conde (BA)";800;819;421;486;207;318;290002;2901;29004
2908705;"Condeúba (BA)";811;860;561;661;342;416;290011;2904;29028
2908804;"Contendas do Sincorá (BA)";230;208;136;134;64;106;290011;2904;29003
2908903;"Coração de Maria (BA)";939;1168;591;722;228;447;290029;2910;29006
2909000;"Cordeiros (BA)";387;385;253;301;148;189;290011;2904;29028
2909109;"Coribe (BA)";724;685;472;442;218;202;290019;2906;29021
2909208;"Coronel João Sá (BA)";679;587;386;386;206;231;290028;2909;29019
2909307;"Correntina (BA)";1309;1287;815;849;398;473;290019;2906;29021
2909406;"Cotegipe (BA)";589;557;340;317;164;161;290018;2906;29002
2909505;"Cravolândia (BA)";221;214;112;132;56;92;290012;2904;29015
2909604;"Crisópolis (BA)";784;760;552;578;268;296;290002;2901;29001
2909703;"Cristópolis (BA)";610;542;360;342;196;218;290018;2906;29002
2909802;"Cruz das Almas (BA)";2237;2936;1058;1535;478;1038;290004;2902;29005
2909901;"Curaçá (BA)";1125;1027;778;755;367;480;290022;2908;29016
2910008;"Dário Meira (BA)";525;491;318;267;158;171;290014;2904;29015
2910057;"Dias d'Ávila (BA)";2449;2780;1079;1270;339;577;290001;2901;29004
2910107;"Dom Basílio (BA)";545;496;303;347;164;213;290013;2904;29003
2910206;"Dom Macedo Costa (BA)";192;196;101;145;48;75;290003;2902;29022
2910305;"Elísio Medrado (BA)";381;432;244;246;144;195;290003;2902;29022
2910404;"Encruzilhada (BA)";945;789;527;457;232;252;290011;2904;29028
2910503;"Entre Rios (BA)";1370;1441;691;839;302;467;290002;2901;29001
2910602;"Esplanada (BA)";1108;1187;551;673;264;432;290002;2901;29001
2910701;"Euclides da Cunha (BA)";2355;2446;1655;1827;804;1113;290026;2909;29025
2910727;"Eunápolis (BA)";3906;4353;1969;2341;860;1180;290009;2903;29018
2910750;"Fátima (BA)";723;718;512;560;258;299;290027;2909;29019
2910776;"Feira da Mata (BA)";267;260;189;161;78;93;290016;2905;29007
2910800;"Feira de Santana (BA)";18988;25351;9286;14142;3909;7769;290029;2910;29006
2910859;"Filadélfia (BA)";649;673;471;475;198;234;290023;2908;29024
2910909;"Firmino Alves (BA)";210;221;157;144;71;75;290007;2903;29013
2911006;"Floresta Azul (BA)";576;548;345;362;179;181;290007;2903;29012
2911105;"Formosa do Rio Preto (BA)";827;792;480;542;212;270;290018;2906;29002
2911204;"Gandu (BA)";1246;1322;618;681;281;362;290014;2904;29027
2911253;"Gavião (BA)";245;210;160;149;74;95;290029;2910;29006
2911303;"Gentio do Ouro (BA)";503;466;311;318;154;182;290021;2907;29010
2911402;"Glória (BA)";561;597;347;398;153;237;290024;2909;29017
2911501;"Gongogi (BA)";272;253;151;170;73;105;290014;2904;29012
2911600;"Governador Mangabeira (BA)";762;985;427;541;158;334;290004;2902;29005
2911659;"Guajeru (BA)";435;420;303;292;174;229;290016;2905;29003
2911709;"Guanambi (BA)";3241;3672;1950;2295;1004;1349;290016;2905;29007
2911808;"Guaratinga (BA)";916;890;625;607;282;294;290009;2903;29018
2911857;"Heliópolis (BA)";489;545;391;346;180;201;290027;2909;29019
2911907;"Iaçu (BA)";1033;1064;646;722;316;500;290031;2910;29011
2912004;"Ibiassucê (BA)";526;544;359;369;233;252;290016;2905;29007
2912103;"Ibicaraí (BA)";1126;1168;638;731;334;460;290007;2903;29012
2912202;"Ibicoara (BA)";603;558;281;279;106;185;290011;2904;29003
2912301;"Ibicuí (BA)";671;665;413;437;251;281;290007;2903;29013
2912400;"Ibipeba (BA)";700;702;492;490;260;243;290020;2907;29010
2912509;"Ibipitanga (BA)";546;634;383;466;260;323;290017;2905;29003
2912608;"Ibiquera (BA)";147;146;118;121;52;56;290031;2910;29011
2912707;"Ibirapitanga (BA)";1163;932;581;484;251;330;290007;2903;29012
2912806;"Ibirapuã (BA)";370;366;246;241;134;140;290008;2903;29026
2912905;"Ibirataia (BA)";925;962;470;523;278;308;290014;2904;29015
2913002;"Ibitiara (BA)";702;731;472;547;257;366;290034;2910;29023
2913101;"Ibititá (BA)";753;781;476;487;238;290;290020;2907;29010
2913200;"Ibotirama (BA)";917;1021;569;641;281;352;290021;2907;29008
2913309;"Ichu (BA)";271;293;182;172;93;135;290029;2910;29006
2913408;"Igaporã (BA)";612;717;509;450;242;315;290016;2905;29007
2913457;"Igrapiúna (BA)";527;455;275;230;131;115;290005;2902;29027
2913507;"Iguaí (BA)";1011;955;631;617;383;393;290011;2904;29013
2913606;"Ilhéus (BA)";7964;8955;3808;4480;1605;2592;290007;2903;29009
2913705;"Inhambupe (BA)";1189;1311;724;846;361;545;290002;2901;29001
2913804;"Ipecaetá (BA)";530;633;329;372;209;283;290029;2910;29006
2913903;"Ipiaú (BA)";1963;2147;964;1139;481;760;290014;2904;29015
2914000;"Ipirá (BA)";2265;2514;1512;1853;809;1134;290029;2910;29006
2914109;"Ipupiara (BA)";466;465;355;350;153;187;290021;2907;29008
2914208;"Irajuba (BA)";294;281;146;193;81;131;290012;2904;29015
2914307;"Iramaia (BA)";479;478;295;294;121;173;290011;2904;29015
2914406;"Iraquara (BA)";858;870;512;571;216;356;290034;2910;29023
2914505;"Irará (BA)";1058;1238;673;890;311;575;290029;2910;29006
2914604;"Irecê (BA)";2247;2658;1153;1456;512;827;290020;2907;29010
2914653;"Itabela (BA)";979;1024;551;510;249;293;290009;2903;29018
2914703;"Itaberaba (BA)";2297;2660;1346;1616;614;1114;290031;2910;29011
2914802;"Itabuna (BA)";7951;10121;4055;5571;1862;3225;290007;2903;29012
2914901;"Itacaré (BA)";990;823;457;446;175;205;290007;2903;29009
2915007;"Itaeté (BA)";544;539;354;363;157;233;290031;2910;29011
2915106;"Itagi (BA)";665;666;396;357;202;256;290012;2904;29015
2915205;"Itagibá (BA)";784;693;418;408;218;249;290014;2904;29015
2915304;"Itagimirim (BA)";273;306;167;185;102;109;290009;2903;29018
2915353;"Itaguaçu da Bahia (BA)";515;417;326;290;120;144;290020;2907;29010
2915403;"Itaju do Colônia (BA)";261;264;155;136;61;110;290007;2903;29012
2915502;"Itajuípe (BA)";944;995;522;511;245;345;290007;2903;29012
2915601;"Itamaraju (BA)";2381;2617;1374;1480;610;784;290008;2903;29026
2915700;"Itamari (BA)";367;328;224;182;89;129;290014;2904;29015
2915809;"Itambé (BA)";926;975;575;620;314;375;290011;2904;29013
2915908;"Itanagra (BA)";255;235;97;95;52;67;290001;2901;29001
2916005;"Itanhém (BA)";956;970;615;629;330;409;290008;2903;29026
2916104;"Itaparica (BA)";952;1065;460;538;165;266;290006;2902;29020
2916203;"Itapé (BA)";493;407;253;253;122;176;290007;2903;29012
2916302;"Itapebi (BA)";446;407;233;209;115;128;290009;2903;29018
2916401;"Itapetinga (BA)";2439;2814;1481;1846;712;1033;290015;2904;29013
2916500;"Itapicuru (BA)";1218;1142;736;765;356;406;290002;2901;29001
2916609;"Itapitanga (BA)";419;431;281;250;105;147;290007;2903;29012
2916708;"Itaquara (BA)";380;361;201;197;105;145;290012;2904;29015
2916807;"Itarantim (BA)";738;746;480;489;300;296;290015;2904;29013
2916856;"Itatim (BA)";504;538;297;368;144;226;290004;2902;29022
2916906;"Itiruçu (BA)";490;565;297;367;141;290;290012;2904;29015
2917003;"Itiúba (BA)";1275;1278;871;962;463;585;290023;2908;29024
2917102;"Itororó (BA)";783;922;506;535;245;350;290015;2904;29013
2917201;"Ituaçu (BA)";767;781;488;526;241;378;290011;2904;29003
2917300;"Ituberá (BA)";863;1030;499;533;216;288;290005;2902;29027
2917334;"Iuiu (BA)";420;401;230;226;116;134;290016;2905;29007
2917359;"Jaborandi (BA)";412;395;275;278;134;141;290019;2906;29021
2917409;"Jacaraci (BA)";769;739;531;517;284;358;290016;2905;29007
2917508;"Jacobina (BA)";2934;3386;1756;2301;730;1184;290030;2910;29014
2917607;"Jaguaquara (BA)";1739;2019;1031;1217;537;745;290012;2904;29015
2917706;"Jaguarari (BA)";1331;1264;855;927;431;543;290023;2908;29024
2917805;"Jaguaripe (BA)";725;746;381;374;160;199;290006;2902;29022
2917904;"Jandaíra (BA)";308;335;176;201;80;97;290002;2901;29001
2918001;"Jequié (BA)";6224;7240;3150;4235;1698;2568;290012;2904;29015
2918100;"Jeremoabo (BA)";1439;1489;918;1007;496;632;290028;2909;29017
2918209;"Jiquiriçá (BA)";600;577;294;318;165;222;290003;2902;29022
2918308;"Jitaúna (BA)";670;681;379;386;210;277;290012;2904;29015
2918357;"João Dourado (BA)";829;863;497;563;248;265;290020;2907;29010
2918407;"Juazeiro (BA)";6775;7766;3446;4309;1470;2371;290022;2908;29016
2918456;"Jucuruçu (BA)";487;418;305;233;126;108;290008;2903;29026
2918506;"Jussara (BA)";681;612;462;455;207;203;290020;2907;29010
2918555;"Jussari (BA)";293;303;186;146;74;108;290010;2903;29012
2918605;"Jussiape (BA)";408;432;249;303;142;221;290013;2904;29003
2918704;"Lafaiete Coutinho (BA)";251;221;132;134;83;89;290012;2904;29015
2918753;"Lagoa Real (BA)";517;514;404;411;207;261;290016;2905;29007
2918803;"Laje (BA)";847;800;391;492;211;325;290003;2902;29022
2918902;"Lajedão (BA)";192;189;112;142;61;74;290008;2903;29026
2919009;"Lajedinho (BA)";152;160;113;92;43;49;290031;2910;29011
2919058;"Lajedo do Tabocal (BA)";346;311;206;216;104;149;290012;2904;29015
2919108;"Lamarão (BA)";355;400;229;283;125;183;290029;2910;29025
2919157;"Lapão (BA)";968;1059;608;678;263;313;290020;2907;29010
2919207;"Lauro de Freitas (BA)";6490;8544;3175;4232;1001;2028;290001;2901;29020
2919306;"Lençóis (BA)";330;364;169;181;62;130;290034;2910;29023
2919405;"Licínio de Almeida (BA)";583;614;442;387;218;280;290016;2905;29007
2919504;"Livramento de Nossa Senhora (BA)";1843;1876;1171;1233;544;719;290013;2904;29003
2919553;"Luís Eduardo Magalhães (BA)";1951;1725;653;708;232;274;290018;2906;29002
2919603;"Macajuba (BA)";453;480;275;338;144;211;290029;2910;29011
2919702;"Macarani (BA)";832;815;496;524;224;264;290015;2904;29013
2919801;"Macaúbas (BA)";1886;1857;1166;1283;607;840;290017;2905;29003
2919900;"Macururé (BA)";223;268;194;223;124;161;290024;2909;29017
2919926;"Madre de Deus (BA)";719;851;308;416;117;197;290001;2901;29020
2919959;"Maetinga (BA)";347;334;293;283;126;163;290011;2904;29028
2920007;"Maiquinique (BA)";378;394;217;221;107;116;290015;2904;29013
2920106;"Mairi (BA)";771;877;572;644;274;352;290029;2910;29014
2920205;"Malhada (BA)";573;535;332;314;139;179;290016;2905;29007
2920304;"Malhada de Pedras (BA)";390;360;256;276;163;165;290013;2904;29003
2920403;"Manoel Vitorino (BA)";654;673;428;411;225;247;290012;2904;29015
2920452;"Mansidão (BA)";518;488;299;308;134;173;290018;2906;29002
2920502;"Maracás (BA)";1196;1192;625;711;360;475;290012;2904;29015
2920601;"Maragogipe (BA)";1393;1514;656;952;311;588;290006;2902;29005
2920700;"Maraú (BA)";849;662;404;327;142;168;290007;2903;29012
2920809;"Marcionílio Souza (BA)";371;393;243;219;120;168;290031;2910;29011
2920908;"Mascote (BA)";634;625;416;372;184;172;290010;2903;29009
2921005;"Mata de São João (BA)";1433;1748;750;859;249;439;290001;2901;29004
2921054;"Matina (BA)";407;387;261;278;122;170;290016;2905;29007
2921104;"Medeiros Neto (BA)";1005;1046;609;699;380;401;290008;2903;29026
2921203;"Miguel Calmon (BA)";1173;1139;638;784;326;472;290030;2910;29014
2921302;"Milagres (BA)";394;458;287;320;134;194;290003;2902;29022
2921401;"Mirangaba (BA)";619;670;416;448;187;230;290030;2910;29014
2921450;"Mirante (BA)";434;429;299;321;186;222;290011;2904;29028
2921500;"Monte Santo (BA)";1730;1880;1511;1448;765;840;290026;2909;29025
2921609;"Morpará (BA)";403;375;255;249;126;135;290021;2907;29008
2921708;"Morro do Chapéu (BA)";1373;1431;769;816;385;465;290020;2907;29014
2921807;"Mortugaba (BA)";556;628;404;443;229;301;290016;2905;29007
2921906;"Mucugê (BA)";427;419;236;300;115;189;290034;2910;29023
2922003;"Mucuri (BA)";1398;1436;698;666;286;336;290008;2903;29026
2922052;"Mulungu do Morro (BA)";409;450;215;270;102;139;290020;2907;29010
2922102;"Mundo Novo (BA)";788;779;444;538;240;378;290029;2910;29006
2922201;"Muniz Ferreira (BA)";314;341;164;210;77;122;290003;2902;29022
2922250;"Muquém do São Francisco (BA)";390;296;255;182;96;96;290021;2907;29008
2922300;"Muritiba (BA)";1062;1388;536;807;274;526;290004;2902;29005
2922409;"Mutuípe (BA)";875;870;410;526;208;350;290003;2902;29022
2922508;"Nazaré (BA)";1055;1191;452;623;235;464;290006;2902;29022
2922607;"Nilo Peçanha (BA)";505;451;274;246;106;146;290005;2902;29027
2922656;"Nordestina (BA)";688;607;411;393;198;190;290032;2910;29025
2922706;"Nova Canaã (BA)";761;633;402;444;227;298;290011;2904;29013
2922730;"Nova Fátima (BA)";371;392;246;277;126;158;290029;2910;29006
2922755;"Nova Ibiá (BA)";328;269;167;147;75;88;290014;2904;29027
2922805;"Nova Itarana (BA)";283;284;182;185;74;131;290003;2902;29015
2922854;"Nova Redenção (BA)";294;323;219;232;99;131;290031;2910;29011
2922904;"Nova Soure (BA)";969;1056;678;762;313;430;290025;2909;29019
2923001;"Nova Viçosa (BA)";1555;1624;811;835;325;412;290008;2903;29026
2923035;"Novo Horizonte (BA)";453;441;288;322;164;172;290034;2910;29023
2923050;"Novo Triunfo (BA)";435;451;293;290;161;165;290028;2909;29019
2923100;"Olindina (BA)";855;944;538;597;259;412;290025;2909;29019
2923209;"Oliveira dos Brejinhos (BA)";949;879;684;690;388;483;290021;2907;29008
2923308;"Ouriçangas (BA)";338;346;177;233;111;177;290029;2910;29001
2923357;"Ourolândia (BA)";658;666;385;353;172;164;290030;2910;29014
2923407;"Palmas de Monte Alto (BA)";943;938;574;592;279;342;290016;2905;29007
2923506;"Palmeiras (BA)";331;361;213;264;101;178;290034;2910;29023
2923605;"Paramirim (BA)";933;926;602;661;338;475;290013;2904;29003
2923704;"Paratinga (BA)";1102;1124;729;754;314;455;290017;2905;29008
2923803;"Paripiranga (BA)";1016;1122;679;790;356;524;290027;2909;29019
2923902;"Pau Brasil (BA)";397;363;250;232;133;123;290010;2903;29012
2924009;"Paulo Afonso (BA)";3670;4764;2356;2875;1037;1530;290024;2909;29017
2924058;"Pé de Serra (BA)";545;560;390;420;225;283;290029;2910;29006
2924108;"Pedrão (BA)";259;274;146;197;108;165;290002;2901;29001
2924207;"Pedro Alexandre (BA)";459;402;240;255;101;121;290028;2909;29017
2924306;"Piatã (BA)";875;976;615;681;282;480;290034;2910;29023
2924405;"Pilão Arcado (BA)";1220;1253;779;829;371;463;290022;2908;29016
2924504;"Pindaí (BA)";684;659;480;486;242;314;290016;2905;29007
2924603;"Pindobaçu (BA)";707;710;497;498;223;257;290023;2908;29024
2924652;"Pintadas (BA)";431;461;351;367;148;198;290029;2910;29006
2924678;"Piraí do Norte (BA)";443;383;181;140;76;111;290014;2904;29027
2924702;"Piripá (BA)";438;529;312;368;164;224;290011;2904;29028
2924801;"Piritiba (BA)";795;838;491;572;253;358;290030;2910;29014
2924900;"Planaltino (BA)";402;377;251;231;131;155;290012;2904;29015
2925006;"Planalto (BA)";967;1032;572;652;336;455;290011;2904;29028
2925105;"Poções (BA)";1933;2309;1245;1387;686;989;290011;2904;29028
2925204;"Pojuca (BA)";1184;1414;571;694;212;345;290001;2901;29004
2925253;"Ponto Novo (BA)";673;597;420;497;216;249;290023;2908;29024
2925303;"Porto Seguro (BA)";4743;4961;2078;2202;725;957;290009;2903;29018
2925402;"Potiraguá (BA)";415;422;257;228;115;128;290015;2904;29013
2925501;"Prado (BA)";1403;1389;728;647;263;326;290008;2903;29026
2925600;"Presidente Dutra (BA)";657;703;376;424;157;243;290020;2907;29010
2925709;"Presidente Jânio Quadros (BA)";604;629;427;456;236;280;290011;2904;29028
2925758;"Presidente Tancredo Neves (BA)";961;920;483;484;240;239;290005;2902;29022
2925808;"Queimadas (BA)";1095;1108;715;718;358;463;290032;2910;29025
2925907;"Quijingue (BA)";1057;1004;808;776;423;498;290026;2909;29025
2925931;"Quixabeira (BA)";416;411;313;343;152;164;290030;2910;29014
2925956;"Rafael Jambeiro (BA)";789;969;542;636;327;421;290029;2910;29006
2926004;"Remanso (BA)";1561;1638;1057;1162;424;605;290022;2908;29016
2926103;"Retirolândia (BA)";486;558;379;405;172;202;290032;2910;29025
2926202;"Riachão das Neves (BA)";914;860;576;506;253;264;290018;2906;29002
2926301;"Riachão do Jacuípe (BA)";1395;1593;935;1082;494;683;290029;2910;29006
2926400;"Riacho de Santana (BA)";1273;1307;826;901;471;560;290016;2905;29007
2926509;"Ribeira do Amparo (BA)";504;535;364;359;179;231;290025;2909;29019
2926608;"Ribeira do Pombal (BA)";1977;2206;1324;1494;670;852;290025;2909;29019
2926657;"Ribeirão do Largo (BA)";437;373;290;250;108;121;290011;2904;29028
2926707;"Rio de Contas (BA)";683;721;454;555;243;324;290013;2904;29003
2926806;"Rio do Antônio (BA)";606;614;432;429;234;277;290016;2905;29007
2926905;"Rio do Pires (BA)";511;522;345;409;199;245;290013;2904;29003
2927002;"Rio Real (BA)";1280;1330;740;811;398;472;290002;2901;29001
2927101;"Rodelas (BA)";224;273;148;220;84;110;290024;2909;29017
2927200;"Ruy Barbosa (BA)";1107;1263;636;927;345;581;290031;2910;29011
2927309;"Salinas da Margarida (BA)";590;700;332;378;113;187;290006;2902;29022
2927408;"Salvador (BA)";96478;132196;44883;70210;16814;38494;290001;2901;29020
2927507;"Santa Bárbara (BA)";716;874;481;587;228;364;290029;2910;29006
2927606;"Santa Brígida (BA)";544;549;365;357;211;212;290024;2909;29017
2927705;"Santa Cruz Cabrália (BA)";1062;1100;576;549;190;213;290009;2903;29018
2927804;"Santa Cruz da Vitória (BA)";225;228;135;145;83;87;290007;2903;29012
2927903;"Santa Inês (BA)";452;494;272;322;127;241;290012;2904;29015
2928000;"Santaluz (BA)";1376;1398;904;981;482;602;290032;2910;29025
2928059;"Santa Luzia (BA)";677;513;322;238;122;139;290010;2903;29009
2928109;"Santa Maria da Vitória (BA)";1507;1640;893;1051;496;597;290019;2906;29021
2928208;"Santana (BA)";1167;1139;749;780;378;458;290018;2906;29021
2928307;"Santanópolis (BA)";311;399;227;301;118;221;290029;2910;29006
2928406;"Santa Rita de Cássia (BA)";1180;1126;695;669;341;433;290018;2906;29002
2928505;"Santa Terezinha (BA)";457;473;288;285;171;241;290004;2902;29022
2928604;"Santo Amaro (BA)";2406;2887;1217;1679;486;970;290001;2901;29020
2928703;"Santo Antônio de Jesus (BA)";3168;4117;1460;2179;606;1354;290003;2902;29022
2928802;"Santo Estêvão (BA)";1674;2141;917;1332;492;820;290029;2910;29006
2928901;"São Desidério (BA)";995;903;515;521;267;256;290018;2906;29002
2928950;"São Domingos (BA)";373;414;307;322;149;149;290032;2910;29025
2929008;"São Félix (BA)";481;577;209;299;97;169;290004;2902;29005
2929057;"São Félix do Coribe (BA)";568;603;328;314;155;163;290019;2906;29021
2929107;"São Felipe (BA)";837;935;430;565;257;411;290004;2902;29022
2929206;"São Francisco do Conde (BA)";1266;1452;539;663;199;337;290001;2901;29020
2929255;"São Gabriel (BA)";740;746;469;478;238;240;290020;2907;29010
2929305;"São Gonçalo dos Campos (BA)";1219;1525;626;869;304;621;290029;2910;29006
2929354;"São José da Vitória (BA)";280;254;143;138;79;67;290007;2903;29012
2929370;"São José do Jacuípe (BA)";401;430;262;315;155;197;290030;2910;29014
2929404;"São Miguel das Matas (BA)";432;465;245;267;138;210;290003;2902;29022
2929503;"São Sebastião do Passé (BA)";1722;1961;814;937;345;558;290001;2901;29020
2929602;"Sapeaçu (BA)";688;806;336;478;159;329;290004;2902;29005
2929701;"Sátiro Dias (BA)";574;590;419;436;190;280;290002;2901;29001
2929750;"Saubara (BA)";555;678;273;323;103;212;290001;2901;29020
2929800;"Saúde (BA)";462;506;313;373;152;214;290030;2910;29014
2929909;"Seabra (BA)";1650;1716;942;1146;447;704;290034;2910;29023
2930006;"Sebastião Laranjeiras (BA)";486;428;260;257;128;144;290016;2905;29007
2930105;"Senhor do Bonfim (BA)";2753;3252;1571;2031;793;1234;290023;2908;29024
2930154;"Serra do Ramalho (BA)";1152;1139;752;749;372;385;290017;2905;29021
2930204;"Sento Sé (BA)";1460;1300;785;732;291;388;290022;2908;29016
2930303;"Serra Dourada (BA)";813;758;542;540;273;290;290018;2906;29021
2930402;"Serra Preta (BA)";720;816;509;622;299;413;290029;2910;29006
2930501;"Serrinha (BA)";2647;3091;1513;2043;756;1198;290033;2910;29025
2930600;"Serrolândia (BA)";576;644;381;444;197;245;290030;2910;29014
2930709;"Simões Filho (BA)";3622;4450;1704;2093;555;906;290001;2901;29004
2930758;"Sítio do Mato (BA)";484;423;244;239;101;152;290017;2905;29021
2930766;"Sítio do Quinto (BA)";622;605;489;411;213;238;290028;2909;29019
2930774;"Sobradinho (BA)";800;971;542;608;224;300;290022;2908;29016
2930808;"Souto Soares (BA)";542;611;359;395;158;238;290034;2910;29023
2930907;"Tabocas do Brejo Velho (BA)";483;502;298;340;183;211;290018;2906;29002
2931004;"Tanhaçu (BA)";876;926;605;655;346;369;290011;2904;29003
2931053;"Tanque Novo (BA)";655;683;472;487;233;275;290016;2905;29007
2931103;"Tanquinho (BA)";340;370;202;264;106;157;290029;2910;29006
2931202;"Taperoá (BA)";667;708;328;375;188;214;290005;2902;29027
2931301;"Tapiramutá (BA)";554;549;283;310;143;204;290030;2910;29014
2931350;"Teixeira de Freitas (BA)";5082;5802;2658;3279;1257;1654;290008;2903;29026
2931400;"Teodoro Sampaio (BA)";295;315;162;220;69;171;290002;2901;29006
2931509;"Teofilândia (BA)";690;778;539;599;237;297;290033;2910;29025
2931608;"Teolândia (BA)";568;543;295;254;117;150;290014;2904;29027
2931707;"Terra Nova (BA)";419;507;240;323;111;190;290001;2901;29006
2931806;"Tremedal (BA)";868;888;573;634;334;385;290011;2904;29028
2931905;"Tucano (BA)";1996;2070;1198;1444;621;813;290025;2909;29025
2932002;"Uauá (BA)";1080;1036;748;767;421;567;290022;2908;29016
2932101;"Ubaíra (BA)";920;870;503;517;265;328;290003;2902;29022
2932200;"Ubaitaba (BA)";707;809;405;480;198;281;290007;2903;29012
2932309;"Ubatã (BA)";731;857;442;504;228;293;290014;2904;29012
2932408;"Uibaí (BA)";612;625;370;386;180;228;290020;2907;29010
2932457;"Umburanas (BA)";487;481;286;250;159;153;290030;2910;29014
2932507;"Una (BA)";961;901;509;476;244;222;290010;2903;29009
2932606;"Urandi (BA)";672;727;444;459;246;299;290016;2905;29007
2932705;"Uruçuca (BA)";964;909;525;487;220;247;290007;2903;29009
2932804;"Utinga (BA)";613;649;342;391;160;253;290031;2910;29011
2932903;"Valença (BA)";3350;3743;1608;1870;678;1060;290005;2902;29027
2933000;"Valente (BA)";966;1047;661;688;293;393;290032;2910;29025
2933059;"Várzea da Roça (BA)";597;635;425;466;235;256;290029;2910;29014
2933109;"Várzea do Poço (BA)";386;418;244;288;141;166;290030;2910;29014
2933158;"Várzea Nova (BA)";541;561;345;392;165;183;290030;2910;29014
2933174;"Varzedo (BA)";371;414;237;295;124;199;290003;2902;29022
2933208;"Vera Cruz (BA)";2174;2448;1177;1174;355;527;290006;2902;29020
2933257;"Vereda (BA)";321;285;186;167;89;119;290008;2903;29026
2933307;"Vitória da Conquista (BA)";12462;14961;6590;8855;3240;5035;290011;2904;29028
2933406;"Wagner (BA)";356;371;241;283;101;158;290031;2910;29011
2933455;"Wanderley (BA)";549;523;320;309;138;161;290018;2906;29002
2933505;"Wenceslau Guimarães (BA)";1031;912;504;410;197;224;290014;2904;29027
2933604;"Xique-Xique (BA)";1569;1680;899;1042;415;632;290021;2907;29010
3100104;"Abadia dos Dourados (MG)";384;377;235;244;98;95;310061;3111;31074
3100203;"Abaeté (MG)";1305;1436;771;814;321;436;310070;3113;31024
3100302;"Abre Campo (MG)";755;748;399;459;214;247;310028;3106;31059
3100401;"Acaiaca (MG)";204;222;124;139;51;96;310030;3106;31060
3100500;"Açucena (MG)";523;513;284;317;193;255;310024;3105;31037
3100609;"Água Boa (MG)";602;581;299;326;144;220;310014;3103;31081
3100708;"Água Comprida (MG)";130;124;76;73;27;28;310055;3110;31072
3100807;"Aguanil (MG)";289;260;154;151;46;64;310048;3108;31089
3100906;"Águas Formosas (MG)";741;834;537;580;268;379;310019;3103;31062
3101003;"Águas Vermelhas (MG)";560;571;369;322;156;206;310018;3103;31068
3101102;"Aimorés (MG)";1287;1407;725;896;369;510;310023;3104;31040
3101201;"Aiuruoca (MG)";400;383;226;243;114;132;310054;3109;31008
3101300;"Alagoa (MG)";196;180;84;100;39;52;310053;3109;31008
3101409;"Albertina (MG)";146;152;76;100;27;48;310050;3109;31006
3101508;"Além Paraíba (MG)";1694;2037;826;1153;399;753;310036;3106;31041
3101607;"Alfenas (MG)";3719;4261;2047;2485;790;1264;310042;3108;31001
3101631;"Alfredo Vasconcelos (MG)";317;338;156;172;60;82;310037;3107;31013
3101706;"Almenara (MG)";1673;1856;1064;1171;555;799;310015;3103;31094
3101805;"Alpercata (MG)";346;393;249;239;117;147;310020;3104;31036
3101904;"Alpinópolis (MG)";944;1004;498;524;193;251;310041;3108;31092
3102001;"Alterosa (MG)";805;751;459;442;221;241;310042;3108;31001
3102050;"Alto Caparaó (MG)";264;274;149;157;71;68;310028;3106;31059
3102100;"Alto Rio Doce (MG)";639;626;374;448;173;237;310037;3107;31013
3102209;"Alvarenga (MG)";245;240;119;136;85;85;310025;3105;31040
3102308;"Alvinópolis (MG)";811;861;462;595;219;361;310030;3106;31060
3102407;"Alvorada de Minas (MG)";157;167;65;84;38;56;310016;3103;31095
3102506;"Amparo do Serra (MG)";272;277;157;181;72;114;310030;3106;31060
3102605;"Andradas (MG)";2103;2187;1119;1217;452;658;310051;3109;31006
3102704;"Cachoeira de Pajeú (MG)";469;425;252;277;155;156;310018;3103;31068
3102803;"Andrelândia (MG)";728;745;404;418;157;250;310027;3106;31090
3102852;"Angelândia (MG)";266;303;157;175;79;103;310014;3103;31099
3102902;"Antônio Carlos (MG)";628;601;307;374;109;162;310037;3107;31013
3103009;"Antônio Dias (MG)";496;445;202;236;123;133;310024;3105;31035
3103108;"Antônio Prado de Minas (MG)";106;99;71;68;36;55;310031;3106;31045
3103207;"Araçaí (MG)";136;134;73;83;33;50;310002;3101;31024
3103306;"Aracitaba (MG)";144;175;90;83;40;44;310027;3106;31046
3103405;"Araçuaí (MG)";1498;1591;884;989;478;778;310017;3103;31064
3103504;"Araguari (MG)";5628;6270;3053;3738;1269;1988;310059;3111;31075
3103603;"Arantina (MG)";190;185;83;112;39;50;310027;3106;31090
3103702;"Araponga (MG)";371;354;158;182;106;101;310033;3106;31061
3103751;"Araporã (MG)";283;314;181;167;73;84;310059;3111;31075
3103801;"Arapuá (MG)";173;157;114;105;47;60;310062;3112;31082
3103900;"Araújos (MG)";401;413;220;239;99;130;310065;3113;31086
3104007;"Araxá (MG)";5010;5555;2380;2912;903;1439;310056;3110;31070
3104106;"Arceburgo (MG)";548;526;279;295;116;166;310044;3108;31002
3104205;"Arcos (MG)";2005;2248;1017;1161;450;551;310066;3113;31087
3104304;"Areado (MG)";734;742;383;429;209;245;310042;3108;31001
3104403;"Argirita (MG)";150;174;93;114;51;76;310032;3106;31044
3104452;"Aricanduva (MG)";232;206;111;124;59;78;310014;3103;31027
3104502;"Arinos (MG)";838;770;425;455;238;240;310063;3112;31058
3104601;"Astolfo Dutra (MG)";759;766;435;463;196;244;310032;3106;31044
3104700;"Ataléia (MG)";739;754;427;476;235;310;310013;3103;31099
3104809;"Augusto de Lima (MG)";243;266;152;148;87;98;310004;3101;31019
3104908;"Baependi (MG)";1035;1109;577;575;257;333;310054;3109;31008
3105004;"Baldim (MG)";466;501;238;296;129;200;310002;3101;31024
3105103;"Bambuí (MG)";1392;1530;789;880;361;535;310066;3113;31030
3105202;"Bandeira (MG)";279;241;174;179;86;116;310015;3103;31094
3105301;"Bandeira do Sul (MG)";326;292;180;180;61;89;310051;3109;31001
3105400;"Barão de Cocais (MG)";1360;1529;628;692;221;426;310003;3101;31021
3105509;"Barão do Monte Alto (MG)";328;314;192;228;108;125;310031;3106;31045
3105608;"Barbacena (MG)";6156;7942;3161;4207;1259;2348;310037;3107;31013
3105707;"Barra Longa (MG)";380;408;234;240;102;159;310030;3106;31060
3105905;"Barroso (MG)";927;1100;485;619;184;296;310037;3107;31015
3106002;"Bela Vista de Minas (MG)";468;524;238;303;111;205;310026;3105;31023
3106101;"Belmiro Braga (MG)";206;181;133;133;42;72;310027;3106;31097
3106200;"Belo Horizonte (MG)";104174;139333;55930;84706;26287;51674;310001;3101;31016
3106309;"Belo Oriente (MG)";1102;1052;520;597;260;330;310024;3105;31037
3106408;"Belo Vale (MG)";521;519;261;281;122;181;310038;3107;31016
3106507;"Berilo (MG)";477;474;246;316;106;199;310017;3103;31064
3106606;"Bertópolis (MG)";168;183;140;134;82;74;310019;3103;31062
3106655;"Berizal (MG)";213;182;111;113;38;76;310008;3102;31085
3106705;"Betim (MG)";15389;17864;6127;7777;2309;3681;310001;3101;31017
3106804;"Bias Fortes (MG)";244;195;137;124;50;68;310027;3106;31090
3106903;"Bicas (MG)";805;943;470;593;210;337;310035;3106;31047
3107000;"Biquinhas (MG)";188;177;109;119;55;63;310070;3113;31024
3107109;"Boa Esperança (MG)";2029;2217;1079;1166;479;620;310046;3108;31011
3107208;"Bocaina de Minas (MG)";330;308;167;162;72;81;310027;3106;31090
3107307;"Bocaiúva (MG)";2027;2123;1050;1140;435;625;310006;3102;31083
3107406;"Bom Despacho (MG)";2486;2748;1251;1537;560;827;310067;3113;31028
3107505;"Bom Jardim de Minas (MG)";422;390;213;243;100;126;310027;3106;31090
3107604;"Bom Jesus da Penha (MG)";246;216;145;144;60;59;310041;3108;31092
3107703;"Bom Jesus do Amparo (MG)";285;288;164;194;76;116;310005;3101;31021
3107802;"Bom Jesus do Galho (MG)";869;859;524;518;256;281;310025;3105;31034
3107901;"Bom Repouso (MG)";587;528;339;299;112;91;310050;3109;31007
3108008;"Bom Sucesso (MG)";1027;1069;567;674;238;373;310043;3108;31015
3108107;"Bonfim (MG)";509;518;311;341;155;175;310069;3113;31017
3108206;"Bonfinópolis de Minas (MG)";307;254;147;193;77;93;310063;3112;31058
3108255;"Bonito de Minas (MG)";373;388;267;259;156;177;310009;3102;31053
3108305;"Borda da Mata (MG)";1039;1076;584;573;293;306;310050;3109;31007
3108404;"Botelhos (MG)";845;832;459;501;237;295;310051;3109;31001
3108503;"Botumirim (MG)";281;258;158;153;59;82;310006;3102;31051
3108552;"Brasilândia de Minas (MG)";574;529;270;280;110;151;310062;3112;31077
3108602;"Brasília de Minas (MG)";1357;1396;849;1007;459;636;310006;3102;31049
3108701;"Brás Pires (MG)";266;257;159;165;87;115;310029;3106;31048
3108800;"Braúnas (MG)";270;227;158;193;112;155;310024;3105;31037
3108909;"Brazópolis (MG)";837;877;534;543;209;326;310052;3109;31003
3109006;"Brumadinho (MG)";2062;2040;1041;1051;407;535;310001;3101;31017
3109105;"Bueno Brandão (MG)";674;633;394;405;163;183;310050;3109;31007
3109204;"Buenópolis (MG)";428;467;320;324;157;180;310004;3101;31019
3109253;"Bugre (MG)";217;187;125;122;90;84;310024;3105;31037
3109303;"Buritis (MG)";997;993;550;524;235;239;310063;3112;31058
3109402;"Buritizeiro (MG)";997;1078;551;511;194;266;310010;3102;31055
3109451;"Cabeceira Grande (MG)";363;305;179;160;64;66;310063;3112;31058
3109501;"Cabo Verde (MG)";692;622;354;360;151;163;310044;3108;31002
3109600;"Cachoeira da Prata (MG)";217;247;120;171;41;99;310002;3101;31024
3109709;"Cachoeira de Minas (MG)";737;686;429;395;183;211;310050;3109;31007
3109808;"Cachoeira Dourada (MG)";122;120;55;75;29;31;310060;3111;31073
3109907;"Caetanópolis (MG)";662;682;308;353;114;194;310002;3101;31024
3110004;"Caeté (MG)";1934;2347;1046;1330;480;754;310001;3101;31016
3110103;"Caiana (MG)";260;252;119;127;53;66;310034;3106;31042
3110202;"Cajuri (MG)";249;224;116;130;65;70;310033;3106;31061
3110301;"Caldas (MG)";977;907;522;516;228;258;310051;3109;31006
3110400;"Camacho (MG)";159;158;105;98;43;38;310065;3113;31089
3110509;"Camanducaia (MG)";1267;1240;670;661;239;271;310050;3109;31007
3110608;"Cambuí (MG)";1554;1658;903;960;417;450;310050;3109;31007
3110707;"Cambuquira (MG)";726;780;410;460;166;247;310045;3108;31010
3110806;"Campanário (MG)";142;157;81;99;58;75;310013;3103;31096
3110905;"Campanha (MG)";819;864;431;534;165;300;310045;3108;31010
3111002;"Campestre (MG)";1260;1161;746;631;280;306;310051;3109;31001
3111101;"Campina Verde (MG)";1145;1129;694;659;336;354;310059;3111;31073
3111150;"Campo Azul (MG)";184;182;119;133;81;81;310006;3102;31049
3111200;"Campo Belo (MG)";2833;3262;1579;1817;659;976;310048;3108;31089
3111309;"Campo do Meio (MG)";711;736;324;354;155;172;310042;3108;31001
3111408;"Campo Florido (MG)";328;328;158;153;72;69;310055;3110;31072
3111507;"Campos Altos (MG)";609;600;293;342;123;174;310056;3110;31070
3111606;"Campos Gerais (MG)";1398;1333;704;731;270;353;310042;3108;31001
3111705;"Canaã (MG)";264;302;141;162;93;85;310033;3106;31061
3111804;"Canápolis (MG)";556;567;337;336;153;161;310059;3111;31073
3111903;"Cana Verde (MG)";344;296;207;193;88;86;310043;3108;31089
3112000;"Candeias (MG)";898;875;500;503;242;285;310048;3108;31089
3112059;"Cantagalo (MG)";170;210;114;125;48;73;310021;3104;31080
3112109;"Caparaó (MG)";204;210;116;92;33;47;310028;3106;31042
3112208;"Capela Nova (MG)";273;292;149;200;94;119;310038;3107;31013
3112307;"Capelinha (MG)";1350;1469;660;826;299;462;310014;3103;31027
3112406;"Capetinga (MG)";394;358;244;219;86;108;310041;3108;31091
3112505;"Capim Branco (MG)";529;595;284;305;122;187;310002;3101;31024
3112604;"Capinópolis (MG)";724;771;396;443;212;218;310060;3111;31073
3112653;"Capitão Andrade (MG)";252;284;163;175;82;108;310020;3104;31036
3112703;"Capitão Enéas (MG)";543;528;288;318;117;162;310006;3102;31051
3112802;"Capitólio (MG)";558;540;283;295;129;146;310049;3108;31093
3112901;"Caputira (MG)";405;418;221;268;121;152;310028;3106;31059
3113008;"Caraí (MG)";831;915;535;592;301;393;310013;3103;31067
3113107;"Caranaíba (MG)";198;157;100;94;50;65;310038;3107;31079
3113206;"Carandaí (MG)";1220;1343;591;746;237;338;310038;3107;31013
3113305;"Carangola (MG)";1617;1957;942;1111;385;640;310034;3106;31042
3113404;"Caratinga (MG)";3914;4529;2105;2509;1008;1510;310025;3105;31034
3113503;"Carbonita (MG)";415;386;217;238;101;129;310016;3103;31026
3113602;"Careaçu (MG)";421;367;179;212;91;94;310050;3109;31007
3113701;"Carlos Chagas (MG)";940;990;589;657;313;389;310013;3103;31066
3113800;"Carmésia (MG)";137;116;74;76;33;50;310005;3101;31020
3113909;"Carmo da Cachoeira (MG)";621;573;301;302;94;170;310045;3108;31010
3114006;"Carmo da Mata (MG)";611;617;337;413;148;262;310065;3113;31088
3114105;"Carmo de Minas (MG)";691;661;333;341;136;171;310053;3109;31008
3114204;"Carmo do Cajuru (MG)";1083;1122;594;663;229;313;310065;3113;31086
3114303;"Carmo do Paranaíba (MG)";1582;1734;885;989;394;569;310062;3112;31082
3114402;"Carmo do Rio Claro (MG)";1170;1161;628;627;261;332;310041;3108;31092
3114501;"Carmópolis de Minas (MG)";924;845;511;486;206;270;310069;3113;31088
3114550;"Carneirinho (MG)";481;495;316;285;133;127;310058;3110;31071
3114600;"Carrancas (MG)";240;248;116;151;60;62;310043;3108;31004
3114709;"Carvalhópolis (MG)";224;208;116;118;67;65;310042;3108;31001
3114808;"Carvalhos (MG)";288;279;154;146;58;91;310054;3109;31008
3114907;"Casa Grande (MG)";103;102;85;82;39;37;310038;3107;31079
3115003;"Cascalho Rico (MG)";171;168;121;96;53;53;310059;3111;31075
3115102;"Cássia (MG)";1001;1025;581;595;248;289;310041;3108;31091
3115201;"Conceição da Barra de Minas (MG)";204;201;123;129;48;56;310039;3107;31015
3115300;"Cataguases (MG)";3742;4191;1890;2497;857;1432;310032;3106;31044
3115359;"Catas Altas (MG)";238;262;122;157;45;76;310003;3101;31021
3115409;"Catas Altas da Noruega (MG)";169;160;91;99;38;60;310038;3107;31079
3115458;"Catuji (MG)";286;275;151;185;80;114;310013;3103;31067
3115474;"Catuti (MG)";235;239;135;141;68;80;310012;3102;31052
3115508;"Caxambu (MG)";1193;1448;704;912;280;511;310054;3109;31008
3115607;"Cedro do Abaeté (MG)";83;90;39;40;25;34;310070;3113;31024
3115706;"Central de Minas (MG)";336;435;215;243;115;128;310022;3104;31038
3115805;"Centralina (MG)";538;558;322;293;149;171;310059;3111;31073
3115904;"Chácara (MG)";213;195;88;94;48;63;310027;3106;31097
3116001;"Chalé (MG)";331;290;161;173;86;98;310028;3106;31059
3116100;"Chapada do Norte (MG)";444;500;231;324;112;184;310014;3103;31027
3116159;"Chapada Gaúcha (MG)";418;367;238;231;103;126;310011;3102;31058
3116209;"Chiador (MG)";165;158;114;100;33;67;310027;3106;31097
3116308;"Cipotânea (MG)";300;299;181;208;88;133;310037;3107;31013
3116407;"Claraval (MG)";323;271;177;121;41;53;310041;3108;31091
3116506;"Claro dos Poções (MG)";401;384;214;274;112;149;310006;3102;31084
3116605;"Cláudio (MG)";1314;1333;662;715;274;387;310065;3113;31086
3116704;"Coimbra (MG)";418;425;239;246;110;128;310033;3106;31048
3116803;"Coluna (MG)";356;374;223;301;104;170;310021;3104;31026
3116902;"Comendador Gomes (MG)";157;125;82;71;29;31;310057;3110;31071
3117009;"Comercinho (MG)";403;352;248;276;142;172;310018;3103;31065
3117108;"Conceição da Aparecida (MG)";591;531;314;306;125;147;310042;3108;31001
3117207;"Conceição das Pedras (MG)";172;137;87;82;44;50;310052;3109;31003
3117306;"Conceição das Alagoas (MG)";1099;1038;527;531;164;246;310055;3110;31072
3117405;"Conceição de Ipanema (MG)";279;224;141;166;73;100;310028;3106;31059
3117504;"Conceição do Mato Dentro (MG)";885;901;454;521;245;396;310002;3101;31095
3117603;"Conceição do Pará (MG)";328;322;195;174;76;93;310065;3113;31032
3117702;"Conceição do Rio Verde (MG)";650;631;357;383;158;188;310053;3109;31008
3117801;"Conceição dos Ouros (MG)";576;539;311;298;113;129;310050;3109;31007
3117836;"Cônego Marinho (MG)";326;302;241;228;108;130;310009;3102;31053
3117876;"Confins (MG)";365;372;166;173;71;113;310001;3101;31025
3117900;"Congonhal (MG)";634;682;375;332;169;183;310050;3109;31007
3118007;"Congonhas (MG)";2329;2655;1042;1270;375;646;310038;3107;31078
3118106;"Congonhas do Norte (MG)";211;220;129;159;62;124;310002;3101;31026
3118205;"Conquista (MG)";372;399;198;208;63;97;310055;3110;31072
3118304;"Conselheiro Lafaiete (MG)";6115;7282;2973;3858;1087;2104;310038;3107;31079
3118403;"Conselheiro Pena (MG)";1067;1198;637;709;311;420;310020;3104;31040
3118502;"Consolação (MG)";104;80;72;57;25;36;310050;3109;31003
3118601;"Contagem (MG)";24940;31626;11844;16645;4565;7929;310001;3101;31018
3118700;"Coqueiral (MG)";529;546;292;286;124;155;310046;3108;31011
3118809;"Coração de Jesus (MG)";1191;1209;720;774;317;436;310006;3102;31050
3118908;"Cordisburgo (MG)";522;471;263;309;139;182;310002;3101;31024
3119005;"Cordislândia (MG)";186;187;120;97;40;52;310040;3108;31012
3119104;"Corinto (MG)";1282;1337;636;730;334;464;310004;3101;31019
3119203;"Coroaci (MG)";557;530;304;331;167;231;310020;3104;31036
3119302;"Coromandel (MG)";1599;1577;876;926;318;426;310064;3112;31074
3119401;"Coronel Fabriciano (MG)";4957;5779;2318;3133;1076;1759;310024;3105;31035
3119500;"Coronel Murta (MG)";435;400;244;263;126;185;310017;3103;31064
3119609;"Coronel Pacheco (MG)";179;174;92;87;46;62;310027;3106;31097
3119708;"Coronel Xavier Chaves (MG)";199;225;124;127;48;61;310039;3107;31015
3119807;"Córrego Danta (MG)";216;187;162;126;64;66;310066;3113;31030
3119906;"Córrego do Bom Jesus (MG)";309;292;187;188;74;91;310050;3109;31007
3119955;"Córrego Fundo (MG)";332;313;166;160;84;99;310066;3113;31030
3120003;"Córrego Novo (MG)";180;181;91;121;48;59;310025;3105;31035
3120102;"Couto de Magalhães de Minas (MG)";194;205;106;136;51;83;310016;3103;31026
3120151;"Crisólita (MG)";226;226;139;151;83;106;310019;3103;31062
3120201;"Cristais (MG)";610;558;349;351;144;189;310048;3108;31089
3120300;"Cristália (MG)";185;179;96;106;30;57;310006;3102;31051
3120409;"Cristiano Otoni (MG)";229;245;121;155;51;72;310038;3107;31079
3120508;"Cristina (MG)";577;519;337;321;128;181;310053;3109;31008
3120607;"Crucilândia (MG)";335;333;194;200;91;97;310069;3113;31017
3120706;"Cruzeiro da Fortaleza (MG)";165;167;96;112;46;56;310064;3112;31057
3120805;"Cruzília (MG)";831;871;470;495;220;276;310054;3109;31008
3120839;"Cuparaque (MG)";234;232;111;133;47;69;310023;3104;31040
3120870;"Curral de Dentro (MG)";294;287;159;207;117;111;310008;3102;31085
3120904;"Curvelo (MG)";3621;4114;1835;2373;899;1472;310004;3101;31019
3121001;"Datas (MG)";258;265;123;152;53;98;310016;3103;31026
3121100;"Delfim Moreira (MG)";500;466;266;231;98;108;310052;3109;31003
3121209;"Delfinópolis (MG)";444;371;229;226;85;103;310041;3108;31091
3121258;"Delta (MG)";300;303;168;163;42;61;310055;3110;31072
3121308;"Descoberto (MG)";287;303;182;155;85;119;310035;3106;31047
3121407;"Desterro de Entre Rios (MG)";486;438;256;270;116;142;310038;3107;31078
3121506;"Desterro do Melo (MG)";169;171;124;128;43;46;310037;3107;31013
3121605;"Diamantina (MG)";1980;2229;965;1255;466;862;310016;3103;31026
3121704;"Diogo de Vasconcelos (MG)";236;228;149;132;83;103;310030;3106;31060
3121803;"Dionísio (MG)";433;439;237;314;117;175;310024;3105;31035
3121902;"Divinésia (MG)";213;216;110;114;46;65;310029;3106;31048
3122009;"Divino (MG)";1030;969;555;558;244;299;310034;3106;31042
3122108;"Divino das Laranjeiras (MG)";239;293;164;153;66;94;310020;3104;31038
3122207;"Divinolândia de Minas (MG)";318;327;162;215;85;117;310021;3104;31036
3122306;"Divinópolis (MG)";10885;12838;5477;6937;2198;3563;310065;3113;31086
3122355;"Divisa Alegre (MG)";193;209;113;154;61;74;310018;3103;31068
3122405;"Divisa Nova (MG)";327;280;175;165;89;96;310042;3108;31001
3122454;"Divisópolis (MG)";441;417;241;284;151;154;310018;3103;31068
3122470;"Dom Bosco (MG)";236;185;114;92;43;35;310063;3112;31058
3122504;"Dom Cavati (MG)";271;321;174;214;115;141;310024;3105;31037
3122603;"Dom Joaquim (MG)";250;245;112;154;68;105;310021;3104;31020
3122702;"Dom Silvério (MG)";270;341;183;236;95;210;310030;3106;31060
3122801;"Dom Viçoso (MG)";216;169;106;89;50;50;310053;3109;31008
3122900;"Dona Euzébia (MG)";326;318;141;175;67;103;310032;3106;31044
3123007;"Dores de Campos (MG)";534;556;272;314;72;106;310037;3107;31015
3123106;"Dores de Guanhães (MG)";281;237;136;156;87;128;310021;3104;31020
3123205;"Dores do Indaiá (MG)";766;876;476;601;251;403;310067;3113;31028
3123304;"Dores do Turvo (MG)";294;253;160;162;64;89;310029;3106;31048
3123403;"Doresópolis (MG)";83;80;54;54;15;18;310049;3108;31093
3123502;"Douradoquara (MG)";105;98;74;80;31;24;310061;3111;31074
3123528;"Durandé (MG)";331;346;174;154;86;102;310028;3106;31059
3123601;"Elói Mendes (MG)";1324;1463;707;765;267;379;310040;3108;31012
3123700;"Engenheiro Caldas (MG)";493;531;276;267;134;195;310020;3104;31036
3123809;"Engenheiro Navarro (MG)";357;323;171;173;71;88;310006;3102;31083
3123858;"Entre Folhas (MG)";297;267;170;172;95;100;310025;3105;31034
3123908;"Entre Rios de Minas (MG)";728;797;396;491;171;320;310038;3107;31078
3124005;"Ervália (MG)";989;988;521;540;289;374;310033;3106;31048
3124104;"Esmeraldas (MG)";3516;3572;1682;1691;606;838;310001;3101;31017
3124203;"Espera Feliz (MG)";1168;1210;603;613;221;343;310034;3106;31042
3124302;"Espinosa (MG)";1333;1398;797;914;405;564;310012;3102;31052
3124401;"Espírito Santo do Dourado (MG)";314;290;181;168;71;79;310050;3109;31007
3124500;"Estiva (MG)";633;637;399;359;161;177;310050;3109;31007
3124609;"Estrela Dalva (MG)";148;164;94;80;37;52;310036;3106;31041
3124708;"Estrela do Indaiá (MG)";183;233;127;145;48;84;310067;3113;31028
3124807;"Estrela do Sul (MG)";431;364;214;176;89;128;310061;3111;31074
3124906;"Eugenópolis (MG)";598;634;381;364;169;209;310031;3106;31045
3125002;"Ewbank da Câmara (MG)";201;203;90;79;36;48;310027;3106;31097
3125101;"Extrema (MG)";1911;2042;1023;1108;385;474;310050;3109;31007
3125200;"Fama (MG)";212;186;118;106;37;57;310042;3108;31001
3125309;"Faria Lemos (MG)";174;183;106;112;60;70;310034;3106;31042
3125408;"Felício dos Santos (MG)";267;269;143;158;77;132;310016;3103;31026
3125507;"São Gonçalo do Rio Preto (MG)";163;154;89;120;33;57;310016;3103;31026
3125606;"Felisburgo (MG)";280;276;206;215;113;140;310015;3103;31094
3125705;"Felixlândia (MG)";960;899;520;461;202;253;310004;3101;31019
3125804;"Fernandes Tourinho (MG)";188;173;88;96;58;70;310020;3104;31036
3125903;"Ferros (MG)";576;553;315;372;224;291;310005;3101;31021
3125952;"Fervedouro (MG)";477;489;260;245;113;118;310031;3106;31042
3126000;"Florestal (MG)";441;458;250;276;118;145;310001;3101;31017
3126109;"Formiga (MG)";3684;4116;1863;2336;889;1135;310066;3113;31030
3126208;"Formoso (MG)";370;299;202;157;86;91;310063;3112;31058
3126307;"Fortaleza de Minas (MG)";243;190;130;121;43;54;310041;3108;31092
3126406;"Fortuna de Minas (MG)";166;148;91;96;49;56;310002;3101;31024
3126505;"Francisco Badaró (MG)";440;393;251;290;126;219;310017;3103;31064
3126604;"Francisco Dumont (MG)";235;201;120;133;48;58;310006;3102;31083
3126703;"Francisco Sá (MG)";1064;1068;612;754;251;379;310006;3102;31051
3126752;"Franciscópolis (MG)";281;243;134;153;75;89;310013;3103;31099
3126802;"Frei Gaspar (MG)";255;255;151;155;80;114;310013;3103;31096
3126901;"Frei Inocêncio (MG)";403;433;237;285;115;144;310020;3104;31036
3126950;"Frei Lagonegro (MG)";140;156;107;107;29;59;310021;3104;31080
3127008;"Fronteira (MG)";725;706;357;344;131;146;310057;3110;31071
3127057;"Fronteira dos Vales (MG)";198;201;158;156;66;95;310019;3103;31062
3127073;"Fruta de Leite (MG)";210;231;127;159;60;84;310008;3102;31098
3127107;"Frutal (MG)";2607;2885;1434;1641;583;760;310057;3110;31071
3127206;"Funilândia (MG)";272;275;135;123;55;67;310002;3101;31024
3127305;"Galiléia (MG)";330;343;198;239;86;100;310020;3104;31036
3127339;"Gameleiras (MG)";239;254;146;144;54;67;310012;3102;31052
3127354;"Glaucilândia (MG)";149;168;105;98;48;59;310006;3102;31084
3127370;"Goiabeira (MG)";178;176;86;101;30;50;310020;3104;31040
3127388;"Goianá (MG)";252;269;136;164;67;81;310027;3106;31097
3127404;"Gonçalves (MG)";310;294;190;158;65;58;310052;3109;31003
3127503;"Gonzaga (MG)";284;293;183;166;62;107;310020;3104;31036
3127602;"Gouveia (MG)";579;606;327;362;149;203;310016;3103;31026
3127701;"Governador Valadares (MG)";11011;13796;5798;8234;2721;4702;310020;3104;31036
3127800;"Grão Mogol (MG)";661;584;333;357;144;189;310006;3102;31051
3127909;"Grupiara (MG)";102;87;50;57;32;31;310061;3111;31074
3128006;"Guanhães (MG)";1407;1556;779;895;356;549;310021;3104;31020
3128105;"Guapé (MG)";831;716;391;391;148;171;310041;3108;31093
3128204;"Guaraciaba (MG)";657;592;331;390;197;243;310030;3106;31060
3128253;"Guaraciama (MG)";258;247;156;151;65;65;310006;3102;31083
3128303;"Guaranésia (MG)";1008;1045;551;576;211;279;310044;3108;31002
3128402;"Guarani (MG)";437;480;244;280;140;162;310029;3106;31048
3128501;"Guarará (MG)";179;178;103;117;40;52;310035;3106;31047
3128600;"Guarda-Mor (MG)";334;291;169;155;68;74;310062;3112;31057
3128709;"Guaxupé (MG)";2686;3047;1398;1674;560;838;310044;3108;31002
3128808;"Guidoval (MG)";449;429;224;221;107;128;310029;3106;31048
3128907;"Guimarânia (MG)";396;384;237;230;100;115;310064;3112;31057
3129004;"Guiricema (MG)";512;518;301;309;144;171;310029;3106;31048
3129103;"Gurinhatã (MG)";355;328;261;203;137;105;310060;3111;31073
3129202;"Heliodora (MG)";391;371;244;192;70;87;310050;3109;31007
3129301;"Iapu (MG)";599;601;314;371;174;197;310024;3105;31037
3129400;"Ibertioga (MG)";290;298;172;188;58;82;310037;3107;31013
3129509;"Ibiá (MG)";1131;1171;579;580;205;287;310056;3110;31070
3129608;"Ibiaí (MG)";324;249;164;166;67;91;310010;3102;31055
3129657;"Ibiracatu (MG)";260;255;159;154;84;88;310006;3102;31049
3129707;"Ibiraci (MG)";527;489;293;280;117;151;310041;3108;31091
3129806;"Ibirité (MG)";6009;7049;2503;3191;856;1473;310001;3101;31018
3129905;"Ibitiúra de Minas (MG)";227;219;146;126;53;60;310051;3109;31006
3130002;"Ibituruna (MG)";143;146;98;90;37;58;310043;3108;31015
3130051;"Icaraí de Minas (MG)";412;382;211;278;106;134;310011;3102;31049
3130101;"Igarapé (MG)";1777;1850;839;977;324;440;310001;3101;31017
3130200;"Igaratinga (MG)";425;434;228;260;80;92;310068;3113;31032
3130309;"Iguatama (MG)";432;469;224;248;91;123;310066;3113;31030
3130408;"Ijaci (MG)";334;371;201;187;71;89;310043;3108;31004
3130507;"Ilicínea (MG)";634;618;344;301;159;163;310046;3108;31011
3130556;"Imbé de Minas (MG)";343;327;168;170;99;86;310025;3105;31034
3130606;"Inconfidentes (MG)";447;442;253;233;87;95;310050;3109;31007
3130655;"Indaiabira (MG)";339;337;202;216;100;112;310008;3102;31085
3130705;"Indianópolis (MG)";288;278;154;137;73;73;310059;3111;31075
3130804;"Ingaí (MG)";151;133;88;72;32;47;310043;3108;31004
3130903;"Inhapim (MG)";1327;1260;702;755;407;508;310025;3105;31034
3131000;"Inhaúma (MG)";354;340;172;175;62;87;310002;3101;31024
3131109;"Inimutaba (MG)";400;406;248;243;103;111;310004;3101;31019
3131158;"Ipaba (MG)";722;763;375;376;189;221;310024;3105;31037
3131208;"Ipanema (MG)";1000;1106;626;710;306;419;310028;3106;31059
3131307;"Ipatinga (MG)";11092;13322;5481;6441;2215;3232;310024;3105;31037
3131406;"Ipiaçu (MG)";206;205;147;136;77;65;310060;3111;31073
3131505;"Ipuiúna (MG)";508;459;300;304;129;125;310050;3109;31007
3131604;"Iraí de Minas (MG)";299;277;181;149;63;64;310061;3111;31074
3131703;"Itabira (MG)";5039;6015;2487;3257;1113;1876;310005;3101;31021
3131802;"Itabirinha (MG)";482;543;274;340;160;211;310022;3104;31038
3131901;"Itabirito (MG)";2240;2635;1096;1350;435;790;310003;3101;31022
3132008;"Itacambira (MG)";227;199;130;152;62;74;310006;3102;31084
3132107;"Itacarambi (MG)";668;710;397;438;177;240;310009;3102;31053
3132206;"Itaguara (MG)";800;744;371;385;152;253;310069;3113;31031
3132305;"Itaipé (MG)";370;426;191;264;116;158;310013;3103;31067
3132404;"Itajubá (MG)";4528;5370;2305;2903;927;1580;310052;3109;31003
3132503;"Itamarandiba (MG)";1280;1291;699;742;318;430;310014;3103;31026
3132602;"Itamarati de Minas (MG)";237;232;124;131;84;76;310032;3106;31044
3132701;"Itambacuri (MG)";957;1065;488;659;324;574;310013;3103;31096
3132800;"Itambé do Mato Dentro (MG)";147;148;78;92;42;61;310005;3101;31021
3132909;"Itamogi (MG)";681;675;347;336;113;165;310047;3108;31009
3133006;"Itamonte (MG)";792;803;409;413;133;194;310053;3109;31008
3133105;"Itanhandu (MG)";747;907;424;467;150;253;310053;3109;31008
3133204;"Itanhomi (MG)";639;651;316;439;201;250;310020;3104;31036
3133303;"Itaobim (MG)";821;944;557;659;295;408;310013;3103;31065
3133402;"Itapagipe (MG)";766;737;394;390;227;225;310057;3110;31071
3133501;"Itapecerica (MG)";1221;1396;752;902;356;489;310065;3113;31086
3133600;"Itapeva (MG)";597;639;341;332;104;130;310050;3109;31007
3133709;"Itatiaiuçu (MG)";679;635;368;332;147;119;310065;3113;31031
3133758;"Itaú de Minas (MG)";870;902;476;488;192;247;310041;3108;31092
3133808;"Itaúna (MG)";4663;5301;2265;2781;824;1418;310065;3113;31031
3133907;"Itaverava (MG)";351;333;195;174;71;98;310038;3107;31079
3134004;"Itinga (MG)";623;653;423;442;200;267;310017;3103;31065
3134103;"Itueta (MG)";358;329;196;235;117;122;310023;3104;31040
3134202;"Ituiutaba (MG)";4686;5591;2821;3490;1352;1908;310060;3111;31073
3134301;"Itumirim (MG)";357;363;205;215;90;117;310043;3108;31004
3134400;"Iturama (MG)";1524;1683;794;909;379;396;310058;3110;31071
3134509;"Itutinga (MG)";267;243;135;135;53;62;310043;3108;31004
3134608;"Jaboticatubas (MG)";1307;1206;700;684;286;353;310001;3101;31016
3134707;"Jacinto (MG)";551;564;348;395;225;249;310015;3103;31094
3134806;"Jacuí (MG)";479;430;281;282;109;103;310047;3108;31009
3134905;"Jacutinga (MG)";1212;1260;670;691;274;380;310050;3109;31007
3135001;"Jaguaraçu (MG)";205;191;86;97;30;55;310024;3105;31035
3135050;"Jaíba (MG)";1180;1103;642;634;261;234;310007;3102;31052
3135076;"Jampruca (MG)";235;229;121;142;86;94;310020;3104;31036
3135100;"Janaúba (MG)";2600;2923;1399;1738;611;869;310007;3102;31052
3135209;"Januária (MG)";2835;2936;1575;1724;776;1066;310009;3102;31053
3135308;"Japaraíba (MG)";217;194;112;111;40;47;310065;3113;31087
3135357;"Japonvar (MG)";410;335;217;229;120;122;310006;3102;31049
3135407;"Jeceaba (MG)";350;324;194;205;68;113;310038;3107;31078
3135456;"Jenipapo de Minas (MG)";221;252;125;178;64;117;310017;3103;31064
3135506;"Jequeri (MG)";652;639;384;436;186;271;310030;3106;31060
3135605;"Jequitaí (MG)";395;365;198;186;107;134;310006;3102;31050
3135704;"Jequitibá (MG)";390;329;186;188;92;116;310002;3101;31024
3135803;"Jequitinhonha (MG)";1129;1115;731;745;425;552;310015;3103;31094
3135902;"Jesuânia (MG)";315;299;168;162;63;66;310053;3109;31008
3136009;"Joaíma (MG)";645;621;390;457;219;281;310015;3103;31094
3136108;"Joanésia (MG)";296;280;155;199;118;131;310024;3105;31037
3136207;"João Monlevade (MG)";3728;4688;1955;2702;923;1409;310026;3105;31023
3136306;"João Pinheiro (MG)";2040;1989;1048;1045;365;510;310062;3112;31077
3136405;"Joaquim Felício (MG)";207;201;134;143;53;79;310006;3102;31083
3136504;"Jordânia (MG)";458;443;284;308;186;238;310015;3103;31094
3136520;"José Gonçalves de Minas (MG)";153;178;84;100;26;46;310017;3103;31027
3136553;"José Raydan (MG)";215;196;140;126;66;105;310021;3104;31081
3136579;"Josenópolis (MG)";160;155;75;84;32;61;310006;3102;31051
3136603;"Nova União (MG)";307;324;175;156;83;90;310001;3101;31016
3136652;"Juatuba (MG)";1229;1333;649;671;201;308;310001;3101;31017
3136702;"Juiz de Fora (MG)";25762;33799;13733;19742;5581;10749;310027;3106;31097
3136801;"Juramento (MG)";204;181;117;131;38;42;310006;3102;31084
3136900;"Juruaia (MG)";520;528;305;226;123;136;310044;3108;31002
3136959;"Juvenília (MG)";251;251;147;137;78;63;310009;3102;31076
3137007;"Ladainha (MG)";608;638;350;413;163;282;310013;3103;31099
3137106;"Lagamar (MG)";492;417;276;270;103;122;310062;3112;31057
3137205;"Lagoa da Prata (MG)";2251;2553;1078;1286;459;652;310065;3113;31087
3137304;"Lagoa dos Patos (MG)";151;147;90;102;47;49;310006;3102;31050
3137403;"Lagoa Dourada (MG)";587;615;333;310;116;177;310039;3107;31015
3137502;"Lagoa Formosa (MG)";1001;982;533;626;248;316;310062;3112;31057
3137536;"Lagoa Grande (MG)";406;380;235;192;95;101;310062;3112;31077
3137601;"Lagoa Santa (MG)";3160;3669;1617;1902;638;1083;310001;3101;31025
3137700;"Lajinha (MG)";920;930;482;516;216;330;310028;3106;31059
3137809;"Lambari (MG)";1134;1237;668;729;243;367;310053;3109;31008
3137908;"Lamim (MG)";194;180;112;124;51;68;310038;3107;31079
3138005;"Laranjal (MG)";382;408;246;261;92;146;310032;3106;31044
3138104;"Lassance (MG)";385;354;201;181;95;115;310010;3102;31055
3138203;"Lavras (MG)";4793;5700;2367;3111;970;1621;310043;3108;31004
3138302;"Leandro Ferreira (MG)";162;170;119;90;56;60;310065;3113;31032
3138351;"Leme do Prado (MG)";182;218;79;106;38;72;310014;3103;31027
3138401;"Leopoldina (MG)";2542;3031;1457;1990;670;1092;310032;3106;31044
3138500;"Liberdade (MG)";321;289;181;225;94;85;310027;3106;31090
3138609;"Lima Duarte (MG)";1022;979;498;597;247;315;310027;3106;31090
3138625;"Limeira do Oeste (MG)";416;317;192;166;80;96;310058;3110;31071
3138658;"Lontra (MG)";377;426;249;271;105;134;310006;3102;31049
3138674;"Luisburgo (MG)";312;288;159;143;84;92;310028;3106;31059
3138682;"Luislândia (MG)";259;251;146;161;61;93;310006;3102;31049
3138708;"Luminárias (MG)";354;285;185;175;76;64;310043;3108;31004
3138807;"Luz (MG)";982;1045;568;627;250;329;310067;3113;31028
3138906;"Machacalis (MG)";336;318;204;221;120;144;310019;3103;31062
3139003;"Machado (MG)";1877;1995;967;1076;357;598;310042;3108;31001
3139102;"Madre de Deus de Minas (MG)";284;292;136;146;55;94;310039;3107;31015
3139201;"Malacacheta (MG)";813;874;481;592;237;369;310013;3103;31099
3139250;"Mamonas (MG)";372;364;250;253;120;175;310012;3102;31052
3139300;"Manga (MG)";762;802;412;497;230;268;310007;3102;31076
3139409;"Manhuaçu (MG)";3524;3938;1799;2116;797;1194;310028;3106;31059
3139508;"Manhumirim (MG)";1002;1073;533;603;217;369;310028;3106;31059
3139607;"Mantena (MG)";1337;1449;717;917;383;533;310022;3104;31038
3139706;"Maravilhas (MG)";362;342;175;181;81;96;310068;3113;31024
3139805;"Mar de Espanha (MG)";648;743;356;416;165;231;310035;3106;31047
3139904;"Maria da Fé (MG)";792;796;391;428;142;173;310052;3109;31003
3140001;"Mariana (MG)";2424;2769;1139;1396;412;780;310003;3101;31022
3140100;"Marilac (MG)";190;208;97;137;61;93;310020;3104;31036
3140159;"Mário Campos (MG)";599;628;276;311;105;145;310001;3101;31017
3140209;"Maripá de Minas (MG)";187;205;115;115;57;73;310035;3106;31047
3140308;"Marliéria (MG)";261;259;155;151;73;84;310024;3105;31035
3140407;"Marmelópolis (MG)";177;165;92;98;41;41;310052;3109;31003
3140506;"Martinho Campos (MG)";724;752;433;465;205;208;310067;3113;31028
3140530;"Martins Soares (MG)";366;339;226;205;87;101;310028;3106;31059
3140555;"Mata Verde (MG)";354;378;249;242;115;161;310015;3103;31094
3140605;"Materlândia (MG)";217;212;120;132;68;116;310021;3104;31020
3140704;"Mateus Leme (MG)";1606;1812;868;917;337;453;310001;3101;31017
3140803;"Matias Barbosa (MG)";771;862;405;476;184;268;310027;3106;31097
3140852;"Matias Cardoso (MG)";316;326;184;181;87;101;310007;3102;31052
3140902;"Matipó (MG)";750;817;373;412;191;225;310028;3106;31059
3141009;"Mato Verde (MG)";591;645;364;386;149;241;310012;3102;31052
3141108;"Matozinhos (MG)";1570;1730;774;947;330;505;310002;3101;31025
3141207;"Matutina (MG)";228;239;144;165;90;102;310062;3112;31082
3141306;"Medeiros (MG)";208;168;108;79;37;47;310066;3113;31030
3141405;"Medina (MG)";892;945;609;706;332;463;310018;3103;31065
3141504;"Mendes Pimentel (MG)";296;356;215;227;112;136;310022;3104;31038
3141603;"Mercês (MG)";614;600;335;366;175;211;310029;3106;31048
3141702;"Mesquita (MG)";303;316;200;199;94;104;310024;3105;31037
3141801;"Minas Novas (MG)";950;1172;518;613;204;384;310014;3103;31027
3141900;"Minduri (MG)";217;233;124;118;41;67;310054;3109;31008
3142007;"Mirabela (MG)";640;616;379;417;173;243;310006;3102;31084
3142106;"Miradouro (MG)";500;513;262;254;129;170;310031;3106;31045
3142205;"Miraí (MG)";715;788;396;468;175;236;310031;3106;31045
3142254;"Miravânia (MG)";205;188;112;118;49;71;310007;3102;31076
3142304;"Moeda (MG)";305;300;188;169;83;125;310001;3101;31016
3142403;"Moema (MG)";350;381;215;236;86;122;310067;3113;31028
3142502;"Monjolos (MG)";116;110;72;90;52;39;310004;3101;31019
3142601;"Monsenhor Paulo (MG)";508;469;263;240;95;119;310040;3108;31012
3142700;"Montalvânia (MG)";648;664;448;496;208;237;310009;3102;31076
3142809;"Monte Alegre de Minas (MG)";1050;1051;632;596;324;360;310059;3111;31075
3142908;"Monte Azul (MG)";1099;1167;709;739;362;420;310012;3102;31052
3143005;"Monte Belo (MG)";794;687;442;397;175;227;310044;3108;31002
3143104;"Monte Carmelo (MG)";2257;2350;1085;1295;428;584;310061;3111;31074
3143153;"Monte Formoso (MG)";189;182;126;109;62;81;310013;3103;31065
3143203;"Monte Santo de Minas (MG)";1211;1270;667;749;318;381;310047;3108;31009
3143302;"Montes Claros (MG)";14374;17758;7569;10109;3027;4942;310006;3102;31084
3143401;"Monte Sião (MG)";1235;1286;591;637;244;310;310050;3109;31007
3143450;"Montezuma (MG)";322;312;171;200;87;119;310012;3102;31085
3143500;"Morada Nova de Minas (MG)";515;437;245;256;112;128;310070;3113;31024
3143609;"Morro da Garça (MG)";131;150;92;69;40;32;310004;3101;31019
3143708;"Morro do Pilar (MG)";183;174;102;113;51;92;310002;3101;31021
3143807;"Munhoz (MG)";428;405;197;199;65;61;310050;3109;31007
3143906;"Muriaé (MG)";4872;5894;2683;3237;1110;1796;310031;3106;31045
3144003;"Mutum (MG)";1331;1312;803;830;371;466;310028;3106;31059
3144102;"Muzambinho (MG)";1293;1316;712;704;274;378;310044;3108;31002
3144201;"Nacip Raydan (MG)";119;123;80;100;53;69;310020;3104;31036
3144300;"Nanuque (MG)";1595;1875;907;1282;506;728;310013;3103;31066
3144359;"Naque (MG)";285;283;140;175;56;89;310024;3105;31037
3144375;"Natalândia (MG)";173;135;77;71;37;43;310063;3112;31058
3144409;"Natércia (MG)";325;305;210;187;86;118;310050;3109;31007
3144508;"Nazareno (MG)";460;405;226;243;87;148;310039;3107;31015
3144607;"Nepomuceno (MG)";1433;1459;760;786;304;449;310043;3108;31004
3144656;"Ninheira (MG)";446;455;286;331;128;173;310008;3102;31085
3144672;"Nova Belém (MG)";181;159;95;89;40;42;310022;3104;31038
3144706;"Nova Era (MG)";878;978;414;563;205;356;310026;3105;31023
3144805;"Nova Lima (MG)";4986;5588;2445;3023;819;1495;310001;3101;31016
3144904;"Nova Módica (MG)";186;185;112;150;52;82;310013;3103;31096
3145000;"Nova Ponte (MG)";516;541;288;258;88;121;310055;3110;31075
3145059;"Nova Porteirinha (MG)";256;248;158;197;73;75;310007;3102;31052
3145109;"Nova Resende (MG)";859;791;454;408;162;186;310044;3108;31092
3145208;"Nova Serrana (MG)";2464;2644;988;1118;365;497;310065;3113;31032
3145307;"Novo Cruzeiro (MG)";1058;1217;622;755;309;504;310013;3103;31099
3145356;"Novo Oriente de Minas (MG)";451;483;343;356;191;199;310013;3103;31099
3145372;"Novorizonte (MG)";207;241;143;151;99;122;310008;3102;31098
3145406;"Olaria (MG)";130;109;71;79;33;23;310027;3106;31090
3145455;"Olhos-d'Água (MG)";198;237;127;90;40;58;310006;3102;31083
3145505;"Olímpio Noronha (MG)";171;184;91;90;38;37;310053;3109;31008
3145604;"Oliveira (MG)";2001;2385;1087;1244;489;820;310069;3113;31088
3145703;"Oliveira Fortes (MG)";127;113;72;83;24;32;310027;3106;31046
3145802;"Onça de Pitangui (MG)";182;171;81;86;38;46;310068;3113;31032
3145851;"Oratórios (MG)";244;248;127;133;52;77;310030;3106;31060
3145877;"Orizânia (MG)";367;334;188;191;93;108;310034;3106;31042
3145901;"Ouro Branco (MG)";1927;2070;821;856;227;353;310038;3107;31078
3146008;"Ouro Fino (MG)";1868;1938;1048;1165;420;569;310050;3109;31007
3146107;"Ouro Preto (MG)";3526;3826;1754;2175;695;1312;310003;3101;31022
3146206;"Ouro Verde de Minas (MG)";265;284;145;183;86;116;310013;3103;31099
3146255;"Padre Carvalho (MG)";188;198;93;133;38;57;310008;3102;31098
3146305;"Padre Paraíso (MG)";652;801;450;492;246;357;310013;3103;31067
3146404;"Paineiras (MG)";309;305;187;183;90;100;310070;3113;31024
3146503;"Pains (MG)";448;466;246;277;103;152;310066;3113;31030
3146552;"Pai Pedro (MG)";243;274;148;148;80;79;310007;3102;31052
3146602;"Paiva (MG)";107;104;60;54;32;38;310027;3106;31013
3146701;"Palma (MG)";355;349;220;258;83;126;310032;3106;31044
3146750;"Palmópolis (MG)";312;358;218;212;102;137;310015;3103;31094
3146909;"Papagaios (MG)";588;587;269;290;92;169;310068;3113;31024
3147006;"Paracatu (MG)";3459;3588;1557;1682;648;965;310062;3112;31058
3147105;"Pará de Minas (MG)";4137;4739;1920;2652;814;1344;310068;3113;31032
3147204;"Paraguaçu (MG)";1158;1101;678;747;307;387;310042;3108;31001
3147303;"Paraisópolis (MG)";1083;1155;610;645;238;333;310052;3109;31003
3147402;"Paraopeba (MG)";1084;1177;496;617;181;322;310002;3101;31024
3147501;"Passabém (MG)";94;110;64;76;38;60;310005;3101;31021
3147600;"Passa Quatro (MG)";824;949;433;467;145;231;310053;3109;31008
3147709;"Passa Tempo (MG)";500;511;295;328;137;186;310069;3113;31088
3147808;"Passa Vinte (MG)";149;137;77;77;34;43;310027;3106;31090
3147907;"Passos (MG)";5354;6085;2863;3450;1110;1589;310041;3108;31092
3147956;"Patis (MG)";195;202;155;160;55;72;310006;3102;31049
3148004;"Patos de Minas (MG)";7217;8283;3680;4478;1450;2390;310062;3112;31057
3148103;"Patrocínio (MG)";3927;4134;1873;2220;792;1127;310064;3112;31074
3148202;"Patrocínio do Muriaé (MG)";311;327;198;230;89;119;310031;3106;31045
3148301;"Paula Cândido (MG)";509;464;257;283;141;179;310033;3106;31061
3148400;"Paulistas (MG)";202;253;145;157;67;119;310021;3104;31080
3148509;"Pavão (MG)";377;374;254;312;156;189;310013;3103;31062
3148608;"Peçanha (MG)";729;804;412;520;255;381;310021;3104;31080
3148707;"Pedra Azul (MG)";945;1052;585;750;316;448;310018;3103;31068
3148756;"Pedra Bonita (MG)";314;290;132;125;73;60;310034;3106;31042
3148806;"Pedra do Anta (MG)";217;221;142;152;69;77;310033;3106;31061
3148905;"Pedra do Indaiá (MG)";250;233;142;133;79;68;310065;3113;31087
3149002;"Pedra Dourada (MG)";132;128;72;79;28;41;310034;3106;31042
3149101;"Pedralva (MG)";652;604;363;357;146;192;310052;3109;31003
3149150;"Pedras de Maria da Cruz (MG)";488;475;262;248;111;130;310009;3102;31053
3149200;"Pedrinópolis (MG)";189;174;113;109;36;39;310056;3110;31070
3149309;"Pedro Leopoldo (MG)";3058;3533;1480;1807;560;1058;310001;3101;31025
3149408;"Pedro Teixeira (MG)";110;88;66;64;26;21;310027;3106;31090
3149507;"Pequeri (MG)";177;179;101;121;32;55;310035;3106;31047
3149606;"Pequi (MG)";231;255;123;134;55;82;310068;3113;31024
3149705;"Perdigão (MG)";445;452;234;242;115;134;310065;3113;31086
3149804;"Perdizes (MG)";728;623;339;317;108;133;310056;3110;31070
3149903;"Perdões (MG)";1158;1188;622;697;298;414;310043;3108;31004
3149952;"Periquito (MG)";311;311;153;182;81;107;310024;3105;31037
3150000;"Pescador (MG)";188;204;132;126;77;84;310013;3103;31096
3150109;"Piau (MG)";195;178;116;109;51;73;310027;3106;31097
3150158;"Piedade de Caratinga (MG)";352;335;188;192;80;100;310025;3105;31034
3150208;"Piedade de Ponte Nova (MG)";171;189;102;101;44;77;310030;3106;31060
3150307;"Piedade do Rio Grande (MG)";303;315;157;170;73;116;310039;3107;31015
3150406;"Piedade dos Gerais (MG)";316;285;173;185;79;90;310069;3113;31017
3150505;"Pimenta (MG)";502;510;241;216;105;120;310066;3113;31093
3150539;"Pingo-d'Água (MG)";218;251;142;133;54;61;310024;3105;31035
3150570;"Pintópolis (MG)";324;309;211;216;103;109;310011;3102;31049
3150604;"Piracema (MG)";423;428;217;224;97;115;310069;3113;31031
3150703;"Pirajuba (MG)";228;209;111;112;45;67;310057;3110;31071
3150802;"Piranga (MG)";938;884;462;562;248;365;310038;3107;31079
3150901;"Piranguçu (MG)";395;351;189;166;82;91;310052;3109;31003
3151008;"Piranguinho (MG)";502;467;237;220;116;138;310052;3109;31003
3151107;"Pirapetinga (MG)";561;628;325;361;112;164;310036;3106;31041
3151206;"Pirapora (MG)";2256;2598;1147;1333;449;733;310010;3102;31055
3151305;"Piraúba (MG)";655;655;371;406;173;222;310029;3106;31048
3151404;"Pitangui (MG)";1135;1334;594;764;262;407;310065;3113;31032
3151503;"Piumhi (MG)";1819;1999;936;1111;416;607;310049;3108;31093
3151602;"Planura (MG)";475;511;262;268;100;112;310057;3110;31071
3151701;"Poço Fundo (MG)";969;978;630;554;219;282;310042;3108;31001
3151800;"Poços de Caldas (MG)";7791;9734;4500;5725;1750;2893;310051;3109;31006
3151909;"Pocrane (MG)";504;484;308;348;188;212;310028;3106;31059
3152006;"Pompéu (MG)";1363;1444;723;798;305;420;310067;3113;31024
3152105;"Ponte Nova (MG)";2867;3388;1422;1992;620;1118;310030;3106;31060
3152131;"Ponto Chique (MG)";164;137;96;92;40;50;310010;3102;31055
3152170;"Ponto dos Volantes (MG)";455;441;296;359;184;237;310013;3103;31065
3152204;"Porteirinha (MG)";1692;1812;1057;1176;474;630;310007;3102;31052
3152303;"Porto Firme (MG)";662;636;348;324;164;234;310033;3106;31061
3152402;"Poté (MG)";705;679;396;481;254;361;310013;3103;31099
3152501;"Pouso Alegre (MG)";6487;7589;3222;4087;1287;2042;310050;3109;31007
3152600;"Pouso Alto (MG)";442;428;196;223;81;130;310053;3109;31008
3152709;"Prados (MG)";475;501;205;273;92;155;310039;3107;31015
3152808;"Prata (MG)";1278;1221;717;708;255;355;310059;3111;31075
3152907;"Pratápolis (MG)";593;576;326;341;128;192;310041;3108;31009
3153004;"Pratinha (MG)";187;190;111;95;51;45;310056;3110;31070
3153103;"Presidente Bernardes (MG)";310;303;173;173;95;113;310033;3106;31048
3153202;"Presidente Juscelino (MG)";202;197;122;118;58;75;310004;3101;31019
3153301;"Presidente Kubitschek (MG)";117;117;69;85;41;63;310016;3103;31026
3153400;"Presidente Olegário (MG)";1006;895;530;559;224;280;310062;3112;31057
3153509;"Alto Jequitibá (MG)";451;494;233;222;121;158;310028;3106;31059
3153608;"Prudente de Morais (MG)";464;522;225;248;79;130;310002;3101;31024
3153707;"Quartel Geral (MG)";225;204;129;128;45;57;310067;3113;31024
3153806;"Queluzito (MG)";140;115;72;85;19;27;310038;3107;31079
3153905;"Raposos (MG)";726;874;358;447;80;217;310001;3101;31016
3154002;"Raul Soares (MG)";1340;1409;757;842;406;571;310025;3105;31060
3154101;"Recreio (MG)";718;749;400;496;186;274;310032;3106;31044
3154150;"Reduto (MG)";340;320;173;172;87;80;310028;3106;31059
3154200;"Resende Costa (MG)";668;690;333;365;131;204;310039;3107;31015
3154309;"Resplendor (MG)";886;949;570;660;249;365;310023;3104;31040
3154408;"Ressaquinha (MG)";249;241;128;150;51;79;310037;3107;31013
3154457;"Riachinho (MG)";380;319;184;194;82;100;310063;3112;31058
3154507;"Riacho dos Machados (MG)";357;346;210;240;93;115;310007;3102;31052
3154606;"Ribeirão das Neves (MG)";11708;13981;5232;6604;1670;2769;310001;3101;31016
3154705;"Ribeirão Vermelho (MG)";271;266;114;137;58;84;310043;3108;31004
3154804;"Rio Acima (MG)";481;513;217;261;79;135;310001;3101;31016
3154903;"Rio Casca (MG)";669;801;381;447;200;278;310030;3106;31060
3155009;"Rio Doce (MG)";150;183;75;85;39;52;310030;3106;31060
3155108;"Rio do Prado (MG)";250;221;148;163;90;96;310015;3103;31094
3155207;"Rio Espera (MG)";313;312;210;230;117;140;310038;3107;31079
3155306;"Rio Manso (MG)";385;364;220;206;90;86;310069;3113;31017
3155405;"Rio Novo (MG)";475;489;302;316;127;187;310027;3106;31097
3155504;"Rio Paranaíba (MG)";618;587;297;311;126;177;310062;3112;31082
3155603;"Rio Pardo de Minas (MG)";1172;1150;645;742;287;391;310008;3102;31085
3155702;"Rio Piracicaba (MG)";820;874;433;533;170;287;310026;3105;31023
3155801;"Rio Pomba (MG)";919;958;514;618;282;412;310029;3106;31048
3155900;"Rio Preto (MG)";318;318;174;180;71;138;310027;3106;31090
3156007;"Rio Vermelho (MG)";599;643;365;404;191;292;310021;3104;31020
3156106;"Ritápolis (MG)";322;359;184;214;82;108;310039;3107;31015
3156205;"Rochedo de Minas (MG)";124;130;70;67;29;43;310035;3106;31047
3156304;"Rodeiro (MG)";344;338;188;183;81;104;310029;3106;31048
3156403;"Romaria (MG)";171;189;107;90;41;52;310061;3111;31074
3156452;"Rosário da Limeira (MG)";241;262;142;151;63;77;310031;3106;31045
3156502;"Rubelita (MG)";360;307;209;237;96;133;310008;3102;31098
3156601;"Rubim (MG)";445;447;301;343;166;248;310015;3103;31094
3156700;"Sabará (MG)";5371;6730;2508;3525;1001;1902;310001;3101;31016
3156809;"Sabinópolis (MG)";721;750;453;474;224;353;310021;3104;31020
3156908;"Sacramento (MG)";1247;1228;655;727;282;411;310055;3110;31072
3157005;"Salinas (MG)";1748;1985;1198;1306;612;850;310008;3102;31098
3157104;"Salto da Divisa (MG)";304;281;161;186;108;124;310015;3103;31094
3157203;"Santa Bárbara (MG)";1276;1495;631;714;214;446;310003;3101;31021
3157252;"Santa Bárbara do Leste (MG)";407;369;225;217;118;124;310025;3105;31034
3157278;"Santa Bárbara do Monte Verde (MG)";179;157;107;90;31;53;310027;3106;31090
3157302;"Santa Bárbara do Tugúrio (MG)";259;234;150;155;42;61;310037;3107;31013
3157336;"Santa Cruz de Minas (MG)";380;440;140;204;54;84;310039;3107;31015
3157377;"Santa Cruz de Salinas (MG)";218;208;129;169;88;93;310008;3102;31098
3157401;"Santa Cruz do Escalvado (MG)";313;283;147;185;105;108;310030;3106;31060
3157500;"Santa Efigênia de Minas (MG)";202;224;131;169;73;66;310020;3104;31036
3157609;"Santa Fé de Minas (MG)";206;157;88;73;50;50;310010;3102;31055
3157658;"Santa Helena de Minas (MG)";239;251;162;160;74;106;310019;3103;31062
3157708;"Santa Juliana (MG)";534;511;267;276;63;103;310055;3110;31070
3157807;"Santa Luzia (MG)";8139;10335;3940;5303;1403;2444;310001;3101;31016
3157906;"Santa Margarida (MG)";702;689;360;366;132;215;310028;3106;31059
3158003;"Santa Maria de Itabira (MG)";515;471;233;310;120;235;310005;3101;31021
3158102;"Santa Maria do Salto (MG)";266;277;167;172;103;106;310015;3103;31094
3158201;"Santa Maria do Suaçuí (MG)";587;649;345;409;177;278;310021;3104;31081
3158300;"Santana da Vargem (MG)";360;375;193;228;73;79;310046;3108;31011
3158409;"Santana de Cataguases (MG)";235;240;133;132;69;68;310032;3106;31044
3158508;"Santana de Pirapama (MG)";486;416;285;286;153;166;310002;3101;31024
3158607;"Santana do Deserto (MG)";216;214;135;124;47;71;310027;3106;31097
3158706;"Santana do Garambéu (MG)";110;117;97;78;21;33;310037;3107;31013
3158805;"Santana do Jacaré (MG)";265;249;131;153;71;87;310048;3108;31089
3158904;"Santana do Manhuaçu (MG)";404;406;241;212;97;129;310028;3106;31059
3158953;"Santana do Paraíso (MG)";1619;1539;650;688;250;344;310024;3105;31037
3159001;"Santana do Riacho (MG)";266;291;149;153;53;66;310002;3101;31025
3159100;"Santana dos Montes (MG)";213;207;116;134;52;76;310038;3107;31079
3159209;"Santa Rita de Caldas (MG)";585;533;375;355;120;149;310051;3109;31006
3159308;"Santa Rita de Jacutinga (MG)";325;302;186;186;82;112;310027;3106;31090
3159357;"Santa Rita de Minas (MG)";333;307;180;177;84;108;310025;3105;31034
3159407;"Santa Rita de Ibitipoca (MG)";206;180;112;100;56;64;310037;3107;31013
3159506;"Santa Rita do Itueto (MG)";296;305;183;177;72;90;310023;3104;31040
3159605;"Santa Rita do Sapucaí (MG)";1758;2039;976;1115;347;571;310050;3109;31007
3159704;"Santa Rosa da Serra (MG)";176;167;124;90;41;42;310056;3110;31082
3159803;"Santa Vitória (MG)";1041;1026;629;603;300;289;310060;3111;31073
3159902;"Santo Antônio do Amparo (MG)";880;989;460;508;199;259;310043;3108;31088
3160009;"Santo Antônio do Aventureiro (MG)";229;221;141;132;71;76;310036;3106;31041
3160108;"Santo Antônio do Grama (MG)";190;219;117;139;69;111;310030;3106;31060
3160207;"Santo Antônio do Itambé (MG)";184;199;92;130;56;77;310016;3103;31095
3160306;"Santo Antônio do Jacinto (MG)";525;514;342;390;191;210;310015;3103;31094
3160405;"Santo Antônio do Monte (MG)";1301;1390;633;750;320;406;310065;3113;31087
3160454;"Santo Antônio do Retiro (MG)";312;301;173;185;89;95;310012;3102;31085
3160504;"Santo Antônio do Rio Abaixo (MG)";112;106;47;59;24;30;310005;3101;31021
3160603;"Santo Hipólito (MG)";211;188;87;106;49;66;310004;3101;31019
3160702;"Santos Dumont (MG)";2349;2702;1116;1529;466;862;310027;3106;31046
3160801;"São Bento Abade (MG)";206;183;94;94;50;53;310045;3108;31010
3160900;"São Brás do Suaçuí (MG)";231;211;105;135;50;77;310038;3107;31078
3160959;"São Domingos das Dores (MG)";252;230;116;109;64;76;310025;3105;31034
3161007;"São Domingos do Prata (MG)";1115;1121;619;690;295;460;310026;3105;31023
3161056;"São Félix de Minas (MG)";167;153;105;106;62;63;310022;3104;31038
3161106;"São Francisco (MG)";2043;2123;1164;1324;522;707;310011;3102;31049
3161205;"São Francisco de Paula (MG)";370;349;192;193;95;115;310069;3113;31088
3161304;"São Francisco de Sales (MG)";309;300;129;118;72;44;310058;3110;31071
3161403;"São Francisco do Glória (MG)";289;271;150;164;72;90;310031;3106;31045
3161502;"São Geraldo (MG)";510;508;292;300;129;177;310029;3106;31048
3161601;"São Geraldo da Piedade (MG)";174;207;124;119;64;75;310020;3104;31036
3161650;"São Geraldo do Baixio (MG)";184;178;92;97;42;71;310020;3104;31036
3161700;"São Gonçalo do Abaeté (MG)";356;327;173;158;86;68;310062;3112;31057
3161809;"São Gonçalo do Pará (MG)";616;599;316;349;159;204;310065;3113;31086
3161908;"São Gonçalo do Rio Abaixo (MG)";512;526;243;308;105;172;310026;3105;31021
3162005;"São Gonçalo do Sapucaí (MG)";1223;1244;629;697;249;380;310040;3108;31012
3162104;"São Gotardo (MG)";1415;1452;715;773;294;419;310062;3112;31082
3162203;"São João Batista do Glória (MG)";431;392;269;237;76;108;310041;3108;31092
3162252;"São João da Lagoa (MG)";288;244;120;129;50;72;310006;3102;31050
3162302;"São João da Mata (MG)";193;180;100;91;26;36;310050;3109;31007
3162401;"São João da Ponte (MG)";1121;1109;668;685;285;367;310006;3102;31049
3162450;"São João das Missões (MG)";330;329;204;211;87;114;310009;3102;31076
3162500;"São João del Rei (MG)";4854;5549;2271;3033;878;1658;310039;3107;31015
3162559;"São João do Manhuaçu (MG)";446;418;182;222;95;121;310028;3106;31059
3162575;"São João do Manteninha (MG)";263;253;149;168;81;104;310022;3104;31038
3162609;"São João do Oriente (MG)";396;425;223;257;122;150;310024;3105;31037
3162658;"São João do Pacuí (MG)";183;189;138;117;62;75;310006;3102;31050
3162708;"São João do Paraíso (MG)";957;1080;626;692;290;381;310008;3102;31085
3162807;"São João Evangelista (MG)";736;778;408;513;237;344;310021;3104;31080
3162906;"São João Nepomuceno (MG)";1439;1584;719;931;326;522;310035;3106;31047
3162922;"São Joaquim de Bicas (MG)";1178;1275;606;645;206;294;310001;3101;31017
3162948;"São José da Barra (MG)";429;398;223;201;77;76;310041;3108;31092
3162955;"São José da Lapa (MG)";1079;1143;477;557;183;300;310001;3101;31025
3163003;"São José da Safira (MG)";154;147;69;94;38;57;310020;3104;31036
3163102;"São José da Varginha (MG)";234;194;114;113;49;60;310068;3113;31032
3163201;"São José do Alegre (MG)";243;239;135;145;58;53;310052;3109;31003
3163300;"São José do Divino (MG)";183;187;99;115;47;69;310013;3103;31096
3163409;"São José do Goiabal (MG)";314;352;175;199;78;120;310024;3105;31060
3163508;"São José do Jacuri (MG)";272;282;168;226;84;134;310021;3104;31080
3163607;"São José do Mantimento (MG)";134;131;97;80;38;51;310028;3106;31059
3163706;"São Lourenço (MG)";2260;2867;1216;1739;543;947;310053;3109;31008
3163805;"São Miguel do Anta (MG)";423;373;195;196;103;148;310033;3106;31061
3163904;"São Pedro da União (MG)";312;283;191;177;72;84;310044;3108;31002
3164001;"São Pedro dos Ferros (MG)";427;442;221;277;110;189;310030;3106;31060
3164100;"São Pedro do Suaçuí (MG)";262;258;184;218;104;110;310021;3104;31080
3164209;"São Romão (MG)";430;378;225;192;108;118;310011;3102;31049
3164308;"São Roque de Minas (MG)";370;365;207;221;86;101;310049;3108;31093
3164407;"São Sebastião da Bela Vista (MG)";346;309;197;171;70;62;310050;3109;31007
3164431;"São Sebastião da Vargem Alegre (MG)";159;162;97;73;37;42;310031;3106;31045
3164472;"São Sebastião do Anta (MG)";277;254;150;149;75;85;310025;3105;31034
3164506;"São Sebastião do Maranhão (MG)";478;463;317;317;166;207;310021;3104;31081
3164605;"São Sebastião do Oeste (MG)";374;348;207;185;87;95;310065;3113;31086
3164704;"São Sebastião do Paraíso (MG)";3467;3866;1909;2231;792;1215;310047;3108;31009
3164803;"São Sebastião do Rio Preto (MG)";74;82;42;54;27;37;310005;3101;31021
3164902;"São Sebastião do Rio Verde (MG)";151;150;89;69;28;48;310053;3109;31008
3165008;"São Tiago (MG)";618;594;349;376;144;211;310039;3107;31015
3165107;"São Tomás de Aquino (MG)";355;340;232;247;98;136;310047;3108;31009
3165206;"São Tomé das Letras (MG)";408;323;168;127;47;62;310045;3108;31010
3165305;"São Vicente de Minas (MG)";377;388;198;220;78;122;310039;3107;31015
3165404;"Sapucaí-Mirim (MG)";338;319;191;177;64;73;310052;3109;31003
3165503;"Sardoá (MG)";256;250;142;141;77;106;310020;3104;31036
3165537;"Sarzedo (MG)";1210;1309;520;606;177;251;310001;3101;31018
3165552;"Setubinha (MG)";357;397;204;261;84;142;310013;3103;31099
3165560;"Sem-Peixe (MG)";156;169;106;131;70;90;310030;3106;31060
3165578;"Senador Amaral (MG)";234;225;117;110;37;42;310050;3109;31007
3165602;"Senador Cortes (MG)";111;117;52;64;33;20;310035;3106;31047
3165701;"Senador Firmino (MG)";418;417;266;266;127;169;310029;3106;31048
3165800;"Senador José Bento (MG)";167;140;107;69;42;53;310050;3109;31007
3165909;"Senador Modestino Gonçalves (MG)";206;199;131;142;70;92;310016;3103;31026
3166006;"Senhora de Oliveira (MG)";311;297;146;164;92;140;310038;3107;31079
3166105;"Senhora do Porto (MG)";151;149;98;106;54;99;310021;3104;31020
3166204;"Senhora dos Remédios (MG)";551;536;343;360;124;188;310037;3107;31013
3166303;"Sericita (MG)";318;304;172;193;77;85;310030;3106;31060
3166402;"Seritinga (MG)";108;115;61;58;28;30;310054;3109;31008
3166501;"Serra Azul de Minas (MG)";150;175;76;99;52;68;310016;3103;31095
3166600;"Serra da Saudade (MG)";65;49;32;34;18;7;310067;3113;31028
3166709;"Serra dos Aimorés (MG)";302;353;164;227;88;159;310013;3103;31066
3166808;"Serra do Salitre (MG)";485;392;184;206;59;92;310064;3112;31057
3166907;"Serrania (MG)";383;407;208;233;91;112;310042;3108;31001
3166956;"Serranópolis de Minas (MG)";216;234;131;163;59;71;310007;3102;31052
3167004;"Serranos (MG)";102;109;64;75;31;31;310054;3109;31008
3167103;"Serro (MG)";961;1011;486;516;238;414;310016;3103;31095
3167202;"Sete Lagoas (MG)";9905;12145;4685;6329;1869;3376;310002;3101;31024
3167301;"Silveirânia (MG)";157;125;70;78;44;50;310029;3106;31048
3167400;"Silvianópolis (MG)";391;380;295;244;106;132;310050;3109;31007
3167509;"Simão Pereira (MG)";208;188;90;112;41;57;310027;3106;31097
3167608;"Simonésia (MG)";808;793;434;463;197;248;310028;3106;31059
3167707;"Sobrália (MG)";302;336;173;190;94;106;310020;3104;31036
3167806;"Soledade de Minas (MG)";337;346;184;202;77;84;310053;3109;31008
3167905;"Tabuleiro (MG)";274;255;151;154;82;107;310029;3106;31048
3168002;"Taiobeiras (MG)";1342;1492;795;931;423;604;310008;3102;31085
3168051;"Taparuba (MG)";197;206;140;126;70;78;310028;3106;31059
3168101;"Tapira (MG)";247;217;107;87;36;35;310056;3110;31070
3168200;"Tapiraí (MG)";127;99;66;52;26;34;310066;3113;31030
3168309;"Taquaraçu de Minas (MG)";307;284;158;136;63;64;310001;3101;31016
3168408;"Tarumirim (MG)";819;820;516;548;235;308;310020;3104;31036
3168507;"Teixeiras (MG)";741;752;385;422;211;291;310033;3106;31061
3168606;"Teófilo Otoni (MG)";5725;6897;3130;4223;1570;2837;310013;3103;31099
3168705;"Timóteo (MG)";4007;4670;1822;2402;851;1337;310024;3105;31035
3168804;"Tiradentes (MG)";408;476;174;211;63;103;310039;3107;31015
3168903;"Tiros (MG)";487;420;261;254;118;136;310062;3112;31082
3169000;"Tocantins (MG)";825;839;500;533;213;288;310029;3106;31048
3169059;"Tocos do Moji (MG)";296;249;181;130;69;67;310050;3109;31007
3169109;"Toledo (MG)";419;390;238;209;89;90;310050;3109;31007
3169208;"Tombos (MG)";511;571;279;347;146;238;310034;3106;31042
3169307;"Três Corações (MG)";3565;3933;1716;2100;664;1021;310045;3108;31010
3169356;"Três Marias (MG)";1430;1488;689;777;241;348;310004;3101;31019
3169406;"Três Pontas (MG)";2781;3070;1355;1553;484;812;310046;3108;31011
3169505;"Tumiritinga (MG)";290;285;147;180;83;91;310020;3104;31036
3169604;"Tupaciguara (MG)";1227;1336;755;879;371;478;310059;3111;31075
3169703;"Turmalina (MG)";797;807;419;484;219;317;310014;3103;31027
3169802;"Turvolândia (MG)";255;260;159;132;78;66;310050;3109;31007
3169901;"Ubá (MG)";4572;5203;2310;2734;917;1448;310029;3106;31048
3170008;"Ubaí (MG)";438;448;258;306;126;181;310011;3102;31049
3170057;"Ubaporanga (MG)";737;654;363;364;169;197;310025;3105;31034
3170107;"Uberaba (MG)";14669;17859;7315;10141;3008;5420;310055;3110;31072
3170206;"Uberlândia (MG)";27602;34367;13663;17814;5479;9223;310059;3111;31075
3170305;"Umburatiba (MG)";131;147;90;79;46;54;310019;3103;31062
3170404;"Unaí (MG)";3689;3845;1753;1794;650;888;310063;3112;31058
3170438;"União de Minas (MG)";228;179;117;92;44;35;310058;3110;31071
3170479;"Uruana de Minas (MG)";189;160;95;105;50;36;310063;3112;31058
3170503;"Urucânia (MG)";446;480;236;275;108;174;310030;3106;31060
3170529;"Urucuia (MG)";630;595;345;353;166;152;310063;3112;31049
3170578;"Vargem Alegre (MG)";332;329;191;199;104;124;310025;3105;31034
3170602;"Vargem Bonita (MG)";146;124;87;70;29;32;310049;3108;31093
3170651;"Vargem Grande do Rio Pardo (MG)";198;199;111;102;56;76;310008;3102;31085
3170701;"Varginha (MG)";6400;7300;2985;3711;1090;1789;310040;3108;31012
3170750;"Varjão de Minas (MG)";284;244;130;117;46;55;310062;3112;31057
3170800;"Várzea da Palma (MG)";1608;1601;759;749;311;393;310010;3102;31055
3170909;"Varzelândia (MG)";791;815;455;525;215;277;310006;3102;31049
3171006;"Vazante (MG)";941;937;465;491;196;234;310062;3112;31057
3171030;"Verdelândia (MG)";259;244;135;139;53;64;310007;3102;31052
3171071;"Veredinha (MG)";266;238;135;144;48;86;310014;3103;31027
3171105;"Veríssimo (MG)";220;200;158;115;44;31;310055;3110;31072
3171154;"Vermelho Novo (MG)";252;219;151;159;76;84;310025;3105;31034
3171204;"Vespasiano (MG)";4187;5087;1655;2322;625;1025;310001;3101;31025
3171303;"Viçosa (MG)";3690;4207;1848;2168;792;1338;310033;3106;31061
3171402;"Vieiras (MG)";258;233;128;119;47;66;310031;3106;31045
3171501;"Mathias Lobato (MG)";149;180;77;86;25;31;310020;3104;31036
3171600;"Virgem da Lapa (MG)";572;613;330;435;170;289;310017;3103;31064
3171709;"Virgínia (MG)";491;531;263;311;103;146;310053;3109;31008
3171808;"Virginópolis (MG)";573;591;276;318;145;238;310021;3104;31020
3171907;"Virgolândia (MG)";263;263;144;184;103;138;310020;3104;31036
3172004;"Visconde do Rio Branco (MG)";1817;2034;930;1136;390;681;310029;3106;31048
3172103;"Volta Grande (MG)";231;273;137;143;68;96;310036;3106;31041
3172202;"Wenceslau Braz (MG)";163;143;77;94;40;39;310052;3109;31003
3200102;"Afonso Cláudio (ES)";1555;1574;859;980;416;521;320002;3201;32002
3200136;"Águia Branca (ES)";525;479;266;271;111;123;320005;3203;32005
3200169;"Água Doce do Norte (ES)";641;656;315;363;177;205;320006;3203;32005
3200201;"Alegre (ES)";1529;1647;846;941;426;560;320008;3204;32004
3200300;"Alfredo Chaves (ES)";794;815;466;450;225;290;320001;3201;32004
3200359;"Alto Rio Novo (ES)";401;400;201;216;94;105;320005;3203;32005
3200409;"Anchieta (ES)";1437;1502;705;738;316;382;320001;3201;32004
3200508;"Apiacá (ES)";377;441;214;252;113;139;320008;3204;32004
3200607;"Aracruz (ES)";3789;4098;1741;1845;653;921;320004;3202;32002
3200706;"Atílio Vivácqua (ES)";534;510;297;266;104;132;320007;3204;32004
3200805;"Baixo Guandu (ES)";1467;1608;728;936;394;573;320005;3203;32005
3200904;"Barra de São Francisco (ES)";1970;2012;1027;1135;471;611;320006;3203;32005
3201001;"Boa Esperança (ES)";607;690;311;378;147;184;320003;3202;32005
3201100;"Bom Jesus do Norte (ES)";499;611;242;299;134;206;320008;3204;32004
3201159;"Brejetuba (ES)";532;472;228;216;91;98;320002;3201;32002
3201209;"Cachoeiro de Itapemirim (ES)";8795;10066;4118;5181;1756;2990;320007;3204;32004
3201308;"Cariacica (ES)";14392;17644;6474;8825;2365;4305;320001;3201;32002
3201407;"Castelo (ES)";1895;1995;1000;1104;493;684;320007;3204;32004
3201506;"Colatina (ES)";5535;6458;2650;3549;1203;2096;320005;3203;32005
3201605;"Conceição da Barra (ES)";1233;1362;624;672;245;332;320003;3202;32005
3201704;"Conceição do Castelo (ES)";578;612;321;327;138;200;320002;3201;32002
3201803;"Divino de São Lourenço (ES)";265;242;130;110;48;52;320008;3204;32004
3201902;"Domingos Martins (ES)";1831;1757;875;979;372;544;320002;3201;32002
3202009;"Dores do Rio Preto (ES)";313;332;164;166;75;95;320008;3204;32004
3202108;"Ecoporanga (ES)";1139;1246;617;643;280;349;320006;3203;32005
3202207;"Fundão (ES)";996;972;451;476;231;306;320001;3201;32002
3202256;"Governador Lindenberg (ES)";571;555;271;286;130;174;320005;3203;32005
3202306;"Guaçuí (ES)";1438;1571;755;874;351;515;320008;3204;32004
3202405;"Guarapari (ES)";6148;6676;2956;3290;1066;1619;320001;3201;32002
3202454;"Ibatiba (ES)";1043;1078;561;607;266;297;320008;3204;32002
3202504;"Ibiraçu (ES)";578;608;273;331;145;186;320004;3202;32002
3202553;"Ibitirama (ES)";459;384;184;194;83;96;320008;3204;32004
3202603;"Iconha (ES)";735;729;333;347;163;253;320007;3204;32004
3202652;"Irupi (ES)";552;538;308;324;140;144;320008;3204;32004
3202702;"Itaguaçu (ES)";833;861;445;489;222;364;320005;3203;32002
3202801;"Itapemirim (ES)";1805;2005;945;972;350;472;320007;3204;32004
3202900;"Itarana (ES)";608;612;319;421;174;255;320002;3201;32002
3203007;"Iúna (ES)";1238;1294;626;665;259;335;320008;3204;32004
3203056;"Jaguaré (ES)";1051;1137;503;555;234;254;320003;3202;32005
3203106;"Jerônimo Monteiro (ES)";602;606;335;387;200;226;320007;3204;32004
3203130;"João Neiva (ES)";778;838;413;468;203;312;320004;3202;32002
3203163;"Laranja da Terra (ES)";618;658;398;430;169;198;320002;3201;32002
3203205;"Linhares (ES)";5897;6775;2719;3423;1164;1762;320004;3202;32005
3203304;"Mantenópolis (ES)";730;681;334;380;181;218;320005;3203;32005
3203320;"Marataízes (ES)";2087;2310;1132;1138;415;529;320007;3204;32004
3203346;"Marechal Floriano (ES)";825;811;391;438;173;241;320002;3201;32002
3203353;"Marilândia (ES)";638;681;347;395;192;223;320005;3203;32005
3203403;"Mimoso do Sul (ES)";1452;1404;738;741;304;438;320007;3204;32004
3203502;"Montanha (ES)";830;899;490;497;242;346;320003;3202;32005
3203601;"Mucurici (ES)";300;291;151;165;78;105;320003;3202;32005
3203700;"Muniz Freire (ES)";930;879;456;507;222;315;320008;3204;32004
3203809;"Muqui (ES)";729;764;377;421;192;297;320007;3204;32004
3203908;"Nova Venécia (ES)";2309;2492;1105;1200;553;693;320006;3203;32005
3204005;"Pancas (ES)";1028;995;533;593;242;296;320005;3203;32005
3204054;"Pedro Canário (ES)";885;979;469;484;192;244;320003;3202;32005
3204104;"Pinheiros (ES)";998;1051;541;591;229;352;320003;3202;32005
3204203;"Piúma (ES)";1100;1207;518;569;192;300;320001;3201;32004
3204252;"Ponto Belo (ES)";342;332;206;216;105;129;320003;3202;32005
3204302;"Presidente Kennedy (ES)";610;642;346;336;140;140;320007;3204;32004
3204351;"Rio Bananal (ES)";874;860;453;441;176;267;320004;3202;32005
3204401;"Rio Novo do Sul (ES)";630;609;331;314;157;191;320007;3204;32004
3204500;"Santa Leopoldina (ES)";809;683;410;354;163;215;320002;3201;32002
3204559;"Santa Maria de Jetibá (ES)";1578;1649;779;893;281;372;320002;3201;32002
3204609;"Santa Teresa (ES)";1216;1290;716;761;318;466;320002;3201;32002
3204658;"São Domingos do Norte (ES)";438;440;218;208;90;126;320005;3203;32005
3204708;"São Gabriel da Palha (ES)";1468;1629;698;855;333;473;320005;3203;32005
3204807;"São José do Calçado (ES)";639;649;370;408;155;235;320008;3204;32004
3204906;"São Mateus (ES)";5061;5381;2377;2536;967;1327;320003;3202;32005
3204955;"São Roque do Canaã (ES)";635;608;315;380;199;233;320005;3203;32005
3205002;"Serra (ES)";19058;22373;7854;9993;2570;4633;320001;3201;32002
3205010;"Sooretama (ES)";881;950;465;435;162;204;320004;3202;32005
3205036;"Vargem Alta (ES)";989;890;499;455;231;301;320007;3204;32004
3205069;"Venda Nova do Imigrante (ES)";1033;1025;511;605;239;353;320002;3201;32002
3205101;"Viana (ES)";2805;3246;1121;1510;401;675;320001;3201;32002
3205150;"Vila Pavão (ES)";434;439;239;195;96;107;320006;3203;32005
3205176;"Vila Valério (ES)";615;610;308;335;117;175;320005;3203;32005
3205200;"Vila Velha (ES)";20538;25706;9707;13719;3907;7472;320001;3201;32002
3205309;"Vitória (ES)";15401;20144;7764;11373;3291;6832;320001;3201;32002
3300100;"Angra dos Reis (RJ)";7586;8104;3366;3836;1062;1487;330002;3301;33001
3300159;"Aperibé (RJ)";585;652;335;326;136;200;330012;3304;33007
3300209;"Araruama (RJ)";6963;8075;3866;4623;1392;2375;330013;3305;33002
3300225;"Areal (RJ)";595;640;303;375;114;184;330007;3303;33003
3300233;"Armação dos Búzios (RJ)";1745;1916;764;785;231;356;330013;3305;33002
3300258;"Arraial do Cabo (RJ)";1760;1977;797;990;299;450;330013;3305;33002
3300308;"Barra do Piraí (RJ)";4867;5969;2370;3318;908;1740;330004;3302;33004
3300407;"Barra Mansa (RJ)";8770;10726;4290;5754;1619;2769;330004;3302;33004
3300456;"Belford Roxo (RJ)";19092;23156;8643;11570;2568;4873;330001;3301;33005
3300506;"Bom Jardim (RJ)";1406;1461;793;816;276;435;330008;3303;33009
3300605;"Bom Jesus do Itabapoana (RJ)";1868;2123;945;1243;465;748;330011;3304;33007
3300704;"Cabo Frio (RJ)";11048;12750;5400;6615;1862;2962;330013;3305;33002
3300803;"Cachoeiras de Macacu (RJ)";2952;3144;1530;1696;556;803;330003;3301;33009
3300902;"Cambuci (RJ)";890;904;523;563;247;286;330012;3304;33007
3300936;"Carapebus (RJ)";708;642;361;382;146;172;330014;3305;33008
3300951;"Comendador Levy Gasparian (RJ)";432;471;230;283;99;126;330009;3303;33003
3301009;"Campos dos Goytacazes (RJ)";20720;25832;10354;14247;4188;7225;330010;3304;33008
3301108;"Cantagalo (RJ)";994;1059;583;723;270;371;330008;3303;33009
3301157;"Cardoso Moreira (RJ)";672;731;425;483;197;274;330010;3304;33007
3301207;"Carmo (RJ)";954;1050;485;586;198;318;330008;3303;33009
3301306;"Casimiro de Abreu (RJ)";2091;2390;1039;1234;360;585;330014;3305;33002
3301405;"Conceição de Macabu (RJ)";1034;1124;535;622;229;343;330014;3305;33008
3301504;"Cordeiro (RJ)";1024;1211;582;752;225;430;330008;3303;33009
3301603;"Duas Barras (RJ)";574;569;347;308;127;144;330008;3303;33009
3301702;"Duque de Caxias (RJ)";34025;42516;15394;21775;5008;9773;330001;3301;33005
3301801;"Engenheiro Paulo de Frontin (RJ)";713;822;338;468;151;249;330004;3302;33003
3301850;"Guapimirim (RJ)";2325;2584;1182;1323;377;625;330001;3301;33009
3301876;"Iguaba Grande (RJ)";1611;1985;969;1154;333;568;330013;3305;33002
3301900;"Itaboraí (RJ)";10041;12054;4934;6083;1594;2570;330001;3301;33006
3302007;"Itaguaí (RJ)";4986;5657;2467;2893;828;1204;330001;3301;33005
3302056;"Italva (RJ)";837;944;496;562;236;299;330010;3304;33007
3302106;"Itaocara (RJ)";1319;1484;828;954;357;484;330012;3304;33007
3302205;"Itaperuna (RJ)";4981;5850;2668;3464;1215;1864;330011;3304;33007
3302254;"Itatiaia (RJ)";1417;1643;715;844;278;383;330005;3302;33004
3302270;"Japeri (RJ)";3334;3699;1539;1853;437;797;330001;3301;33005
3302304;"Laje do Muriaé (RJ)";412;443;225;234;94;125;330011;3304;33007
3302403;"Macaé (RJ)";9237;10477;3910;4989;1426;2459;330014;3305;33008
3302452;"Macuco (RJ)";233;268;155;206;60;75;330008;3303;33009
3302502;"Magé (RJ)";9812;11639;4893;6191;1652;2725;330001;3301;33005
3302601;"Mangaratiba (RJ)";2361;2437;1167;1195;394;579;330001;3301;33001
3302700;"Maricá (RJ)";10515;11935;4998;6005;1646;2816;330001;3301;33006
3302809;"Mendes (RJ)";1041;1259;523;624;218;370;330004;3302;33003
3302858;"Mesquita (RJ)";7245;9667;3436;5199;1189;2415;330001;3301;33005
3302908;"Miguel Pereira (RJ)";1492;1901;915;1211;388;648;330006;3302;33003
3303005;"Miracema (RJ)";1333;1498;686;908;348;552;330012;3304;33007
3303104;"Natividade (RJ)";816;922;468;540;231;337;330011;3304;33007
3303203;"Nilópolis (RJ)";7263;9435;3474;5460;1246;2664;330001;3301;33005
3303302;"Niterói (RJ)";25103;33777;14046;21793;6355;13747;330001;3301;33006
3303401;"Nova Friburgo (RJ)";9787;12115;5386;7146;2220;3773;330008;3303;33009
3303500;"Nova Iguaçu (RJ)";33036;41582;15492;21896;5165;10148;330001;3301;33005
3303609;"Paracambi (RJ)";2044;2397;1000;1275;397;644;330001;3301;33003
3303708;"Paraíba do Sul (RJ)";2109;2515;1013;1405;467;782;330009;3303;33003
3303807;"Paraty (RJ)";1949;1969;853;884;289;362;330002;3301;33001
3303856;"Paty do Alferes (RJ)";1498;1625;777;845;316;450;330006;3302;33003
3303906;"Petrópolis (RJ)";13649;17256;7816;11301;3269;6138;330007;3303;33009
3303955;"Pinheiral (RJ)";1246;1464;618;668;174;311;330004;3302;33004
3304003;"Piraí (RJ)";1417;1521;741;861;260;418;330004;3302;33004
3304102;"Porciúncula (RJ)";877;934;477;555;222;313;330011;3304;33007
3304110;"Porto Real (RJ)";882;926;350;444;134;203;330005;3302;33004
3304128;"Quatis (RJ)";628;731;325;445;119;187;330005;3302;33004
3304144;"Queimados (RJ)";5590;6799;2543;3381;808;1477;330001;3301;33005
3304151;"Quissamã (RJ)";1055;1155;565;589;219;316;330014;3305;33008
3304201;"Resende (RJ)";5707;6923;2844;3740;1057;1885;330005;3302;33004
3304300;"Rio Bonito (RJ)";2704;3142;1500;1744;535;934;330003;3301;33006
3304409;"Rio Claro (RJ)";920;971;513;519;221;276;330004;3302;33004
3304508;"Rio das Flores (RJ)";395;455;220;294;115;145;330006;3302;33004
3304524;"Rio das Ostras (RJ)";6439;7737;2964;3768;957;1564;330014;3305;33002
3304557;"Rio de Janeiro (RJ)";282269;383147;149297;235392;63636;139430;330001;3301;33005
3304607;"Santa Maria Madalena (RJ)";624;634;371;353;177;205;330008;3303;33009
3304706;"Santo Antônio de Pádua (RJ)";2185;2360;1248;1454;514;760;330012;3304;33007
3304755;"São Francisco de Itabapoana (RJ)";2268;2308;1234;1269;460;568;330010;3304;33008
3304805;"São Fidélis (RJ)";2119;2270;1183;1418;546;728;330010;3304;33008
3304904;"São Gonçalo (RJ)";43104;54603;20946;30686;7443;14381;330001;3301;33006
3305000;"São João da Barra (RJ)";1927;2070;934;1088;392;533;330010;3304;33008
3305109;"São João de Meriti (RJ)";20211;25363;8666;12777;2795;5956;330001;3301;33005
3305133;"São José de Ubá (RJ)";396;374;236;250;110;136;330011;3304;33007
3305158;"São José do Vale do Rio Preto (RJ)";989;1063;499;572;162;258;330007;3303;33009
3305208;"São Pedro da Aldeia (RJ)";4652;5450;2394;2814;813;1200;330013;3305;33002
3305307;"São Sebastião do Alto (RJ)";448;489;236;261;125;151;330008;3303;33009
3305406;"Sapucaia (RJ)";990;1078;506;566;194;287;330009;3303;33003
3305505;"Saquarema (RJ)";5400;5902;2840;3206;943;1404;330001;3301;33002
3305554;"Seropédica (RJ)";3551;4103;1668;2084;580;912;330001;3301;33005
3305604;"Silva Jardim (RJ)";1058;1098;522;573;237;279;330003;3301;33006
3305703;"Sumidouro (RJ)";751;726;354;359;121;155;330008;3303;33009
3305752;"Tanguá (RJ)";1447;1508;729;799;271;351;330001;3301;33006
3305802;"Teresópolis (RJ)";7871;9748;4204;5607;1675;2981;330007;3303;33009
3305901;"Trajano de Moraes (RJ)";588;585;328;323;147;184;330008;3303;33009
3306008;"Três Rios (RJ)";3705;4597;1907;2636;712;1341;330009;3303;33003
3306107;"Valença (RJ)";3640;4401;2002;2646;831;1567;330006;3302;33004
3306156;"Varre-Sai (RJ)";470;470;217;242;101;118;330011;3304;33007
3306206;"Vassouras (RJ)";1646;2019;898;1225;351;635;330006;3302;33003
3306305;"Volta Redonda (RJ)";14294;17783;6734;9428;2511;4630;330004;3302;33004
3500105;"Adamantina (SP)";1876;2252;1104;1394;557;812;350019;3505;35091
3500204;"Adolfo (SP)";250;273;158;155;33;80;350025;3507;35156
3500303;"Aguaí (SP)";1548;1633;770;923;271;444;350044;3510;35142
3500402;"Águas da Prata (SP)";492;559;269;335;151;234;350044;3510;35142
3500501;"Águas de Lindóia (SP)";1000;1142;588;706;277;376;350048;3510;35074
3500550;"Águas de Santa Bárbara (SP)";441;429;255;248;106;118;350007;3502;35061
3500600;"Águas de São Pedro (SP)";176;288;133;157;69;121;350040;3510;35103
3500709;"Agudos (SP)";1692;1913;875;1048;346;556;350009;3503;35062
3500758;"Alambari (SP)";352;334;182;153;44;66;350006;3502;35161
3500808;"Alfredo Marcondes (SP)";248;276;174;193;82;99;350018;3505;35112
3500907;"Altair (SP)";155;166;106;100;37;45;350025;3507;35051
3501004;"Altinópolis (SP)";833;938;513;526;231;291;350031;3508;35133
3501103;"Alto Alegre (SP)";240;257;199;176;76;90;350023;3506;35023
3501152;"Alumínio (SP)";700;749;381;428;138;176;350003;3502;35163
3501202;"Álvares Florence (SP)";310;298;180;183;90;78;350027;3507;35157
3501301;"Álvares Machado (SP)";1269;1401;700;820;270;421;350018;3505;35112
3501400;"Álvaro de Carvalho (SP)";188;182;105;101;39;40;350013;3504;35093
3501509;"Alvinlândia (SP)";144;150;78;88;34;43;350013;3504;35093
3501608;"Americana (SP)";11569;13687;5757;7637;2316;4094;350038;3510;35072
3501707;"Américo Brasiliense (SP)";1347;1407;611;739;206;306;350036;3509;35031
3501806;"Américo de Campos (SP)";366;384;207;233;92;125;350027;3507;35157
3501905;"Amparo (SP)";3409;3965;1854;2354;834;1409;350048;3510;35074
3502002;"Analândia (SP)";230;263;135;117;57;83;350046;3510;35104
3502101;"Andradina (SP)";2886;3558;1644;2173;723;1053;350024;3506;35022
3502200;"Angatuba (SP)";1241;1198;607;648;247;259;350006;3502;35161
3502309;"Anhembi (SP)";313;296;161;159;48;65;350011;3503;35063
3502408;"Anhumas (SP)";209;210;128;129;57;77;350018;3505;35112
3502507;"Aparecida (SP)";1589;2046;777;1099;277;524;350052;3511;35172
3502606;"Aparecida d'Oeste (SP)";270;285;156;186;76;91;350028;3507;35153
3502705;"Apiaí (SP)";1137;1150;626;644;215;280;350004;3502;35162
3502754;"Araçariguama (SP)";875;817;407;442;131;151;350003;3502;35163
3502804;"Araçatuba (SP)";9527;11752;5101;7047;2146;3614;350022;3506;35021
3502903;"Araçoiaba da Serra (SP)";2182;2054;1022;1004;337;429;350003;3502;35163
3503000;"Aramina (SP)";294;315;153;180;83;103;350035;3508;35083
3503109;"Arandu (SP)";368;347;182;189;69;89;350007;3502;35061
3503158;"Arapeí (SP)";155;147;65;75;29;39;350053;3511;35172
3503208;"Araraquara (SP)";11207;13692;5725;8023;2444;4354;350036;3509;35031
3503307;"Araras (SP)";6145;7244;3178;4099;1321;2199;350045;3510;35101
3503356;"Arco-Íris (SP)";124;111;70;77;25;40;350016;3504;35095
3503406;"Arealva (SP)";567;539;338;329;154;147;350009;3503;35062
3503505;"Areias (SP)";209;169;86;104;31;81;350053;3511;35172
3503604;"Areiópolis (SP)";384;400;195;203;78;103;350011;3503;35063
3503703;"Ariranha (SP)";401;455;237;263;80;144;350026;3507;35151
3503802;"Artur Nogueira (SP)";2160;2421;1092;1155;405;534;350038;3510;35072
3503901;"Arujá (SP)";3540;4157;1649;1934;517;866;350001;3501;35011
3503950;"Aspásia (SP)";115;98;78;82;31;33;350028;3507;35153
3504008;"Assis (SP)";4759;5905;2510;3409;1042;1798;350014;3504;35092
3504107;"Atibaia (SP)";7222;8425;3896;4847;1569;2700;350041;3510;35071
3504206;"Auriflama (SP)";731;834;460;496;200;254;350022;3506;35021
3504305;"Avaí (SP)";237;255;138;122;32;63;350009;3503;35062
3504404;"Avanhandava (SP)";456;489;223;280;80;139;350023;3506;35023
3504503;"Avaré (SP)";4079;4914;2206;2831;880;1422;350007;3502;35061
3504602;"Bady Bassitt (SP)";1039;1177;500;602;210;299;350025;3507;35155
3504701;"Balbinos (SP)";96;93;55;48;21;26;350009;3503;35062
3504800;"Bálsamo (SP)";483;562;269;361;119;169;350025;3507;35155
3504909;"Bananal (SP)";479;574;292;367;103;185;350053;3511;35172
3505005;"Barão de Antonina (SP)";214;198;108;112;51;52;350004;3502;35061
3505104;"Barbosa (SP)";287;317;158;197;50;93;350023;3506;35023
3505203;"Bariri (SP)";1633;1876;827;1131;368;625;350010;3503;35064
3505302;"Barra Bonita (SP)";1891;2154;951;1255;444;658;350010;3503;35064
3505351;"Barra do Chapéu (SP)";248;209;119;131;58;47;350004;3502;35162
3505401;"Barra do Turvo (SP)";368;403;246;168;95;104;350005;3502;35121
3505500;"Barretos (SP)";5413;6722;2813;3992;1133;1947;350032;3508;35051
3505609;"Barrinha (SP)";1183;1237;477;584;169;272;350031;3508;35131
3505708;"Barueri (SP)";10693;13085;4646;6019;1376;2388;350001;3501;35014
3505807;"Bastos (SP)";1047;1235;550;705;236;364;350016;3504;35095
3505906;"Batatais (SP)";2925;3407;1621;2036;658;1166;350031;3508;35133
3506003;"Bauru (SP)";16395;20776;8536;12205;3748;6575;350009;3503;35062
3506102;"Bebedouro (SP)";3660;4299;2082;2679;850;1477;350032;3508;35052
3506201;"Bento de Abreu (SP)";112;135;66;74;32;40;350022;3506;35021
3506300;"Bernardino de Campos (SP)";542;606;323;421;151;272;350015;3504;35094
3506359;"Bertioga (SP)";2534;2702;1253;1206;323;470;350002;3501;35041
3506409;"Bilac (SP)";400;458;257;285;102;159;350023;3506;35021
3506508;"Birigui (SP)";5449;6501;2972;3749;1213;1772;350023;3506;35023
3506607;"Biritiba Mirim (SP)";1381;1421;818;840;282;353;350001;3501;35011
3506706;"Boa Esperança do Sul (SP)";561;649;331;347;102;153;350036;3509;35031
3506805;"Bocaina (SP)";521;584;281;344;108;192;350010;3503;35064
3506904;"Bofete (SP)";675;620;374;332;136;173;350011;3503;35063
3507001;"Boituva (SP)";2661;2940;1367;1661;501;698;350003;3502;35163
3507100;"Bom Jesus dos Perdões (SP)";905;1018;475;570;174;257;350041;3510;35071
3507159;"Bom Sucesso de Itararé (SP)";131;130;75;59;22;18;350004;3502;35162
3507209;"Borá (SP)";54;52;29;32;11;7;350014;3504;35092
3507308;"Boracéia (SP)";215;223;106;125;46;64;350010;3503;35064
3507407;"Borborema (SP)";852;878;449;502;212;276;350036;3509;35032
3507456;"Borebi (SP)";121;122;55;61;23;31;350009;3503;35062
3507506;"Botucatu (SP)";6440;7834;3485;4602;1491;2614;350011;3503;35063
3507605;"Bragança Paulista (SP)";7813;9262;4233;5370;1632;2644;350041;3510;35071
3507704;"Braúna (SP)";282;285;147;181;103;133;350023;3506;35023
3507753;"Brejo Alegre (SP)";147;148;94;80;25;32;350023;3506;35023
3507803;"Brodowski (SP)";1116;1283;632;729;269;396;350031;3508;35133
3507902;"Brotas (SP)";1158;1202;632;771;286;428;350010;3503;35064
3508009;"Buri (SP)";806;849;446;408;163;180;350004;3502;35162
3508108;"Buritama (SP)";1042;1095;549;610;178;285;350023;3506;35023
3508207;"Buritizal (SP)";233;237;126;154;75;87;350035;3508;35083
3508306;"Cabrália Paulista (SP)";211;204;102;137;41;62;350009;3503;35062
3508405;"Cabreúva (SP)";1709;1875;842;926;285;421;350039;3510;35073
3508504;"Caçapava (SP)";4423;5042;2328;2700;847;1360;350049;3511;35171
3508603;"Cachoeira Paulista (SP)";1502;1725;820;1054;276;502;350053;3511;35172
3508702;"Caconde (SP)";1037;987;574;633;255;326;350047;3510;35143
3508801;"Cafelândia (SP)";836;963;471;564;190;317;350012;3503;35065
3508900;"Caiabu (SP)";235;228;122;132;57;74;350018;3505;35112
3509007;"Caieiras (SP)";3868;4514;1722;2228;490;940;350001;3501;35012
3509106;"Caiuá (SP)";282;278;148;139;62;73;350021;3505;35114
3509205;"Cajamar (SP)";2803;3287;1201;1564;392;580;350001;3501;35012
3509254;"Cajati (SP)";1169;1236;656;635;305;333;350005;3502;35121
3509304;"Cajobi (SP)";483;528;302;362;108;174;350032;3508;35051
3509403;"Cajuru (SP)";1133;1202;596;684;244;388;350031;3508;35133
3509452;"Campina do Monte Alegre (SP)";335;287;158;186;69;70;350006;3502;35161
3509502;"Campinas (SP)";49896;63780;26730;37198;11401;20262;350038;3510;35072
3509601;"Campo Limpo Paulista (SP)";3422;4015;1595;2019;534;929;350039;3510;35073
3509700;"Campos do Jordão (SP)";2004;2323;925;1161;334;516;350050;3511;35174
3509809;"Campos Novos Paulista (SP)";246;245;140;164;55;63;350013;3504;35093
3509908;"Cananéia (SP)";626;664;361;392;139;206;350005;3502;35121
3509957;"Canas (SP)";234;214;92;97;27;35;350052;3511;35172
3510005;"Cândido Mota (SP)";1574;1760;823;978;361;528;350014;3504;35092
3510104;"Cândido Rodrigues (SP)";190;168;96;126;58;79;350036;3509;35033
3510153;"Canitar (SP)";188;215;110;105;36;61;350015;3504;35094
3510203;"Capão Bonito (SP)";2011;2172;1110;1284;409;609;350004;3502;35161
3510302;"Capela do Alto (SP)";1009;944;487;494;166;212;350003;3502;35163
3510401;"Capivari (SP)";2196;2454;1127;1342;416;683;350040;3510;35103
3510500;"Caraguatatuba (SP)";5977;6976;3131;3717;1101;1669;350051;3511;35173
3510609;"Carapicuíba (SP)";13815;17899;6762;9139;1991;3451;350001;3501;35014
3510708;"Cardoso (SP)";713;795;445;491;174;237;350027;3507;35157
3510807;"Casa Branca (SP)";1422;1524;792;907;315;435;350044;3510;35143
3510906;"Cássia dos Coqueiros (SP)";197;161;95;90;62;62;350031;3508;35133
3511003;"Castilho (SP)";1066;1102;565;589;222;282;350024;3506;35022
3511102;"Catanduva (SP)";5642;6788;3050;4148;1401;2405;350026;3507;35151
3511201;"Catiguá (SP)";358;355;188;220;70;97;350026;3507;35151
3511300;"Cedral (SP)";563;613;334;393;157;198;350025;3507;35155
3511409;"Cerqueira César (SP)";969;993;501;598;212;315;350007;3502;35061
3511508;"Cerquilho (SP)";2035;2350;1117;1431;411;620;350003;3502;35161
3511607;"Cesário Lange (SP)";813;869;506;482;196;210;350008;3502;35161
3511706;"Charqueada (SP)";732;765;378;423;145;193;350040;3510;35103
3511904;"Clementina (SP)";326;349;163;191;76;93;350023;3506;35023
3512001;"Colina (SP)";851;963;480;589;176;287;350032;3508;35051
3512100;"Colômbia (SP)";320;329;164;186;63;60;350032;3508;35051
3512209;"Conchal (SP)";1118;1168;571;690;242;349;350045;3510;35101
3512308;"Conchas (SP)";907;917;468;523;217;268;350011;3503;35063
3512407;"Cordeirópolis (SP)";954;1078;532;617;204;325;350042;3510;35102
3512506;"Coroados (SP)";275;310;159;157;61;89;350023;3506;35023
3512605;"Coronel Macedo (SP)";280;251;140;156;53;63;350007;3502;35061
3512704;"Corumbataí (SP)";203;205;115;118;36;47;350046;3510;35104
3512803;"Cosmópolis (SP)";2509;2884;1226;1528;470;673;350038;3510;35072
3512902;"Cosmorama (SP)";472;509;298;323;153;157;350027;3507;35157
3513009;"Cotia (SP)";9756;11811;4372;5574;1435;2381;350001;3501;35013
3513108;"Cravinhos (SP)";1578;1795;770;954;295;481;350031;3508;35132
3513207;"Cristais Paulista (SP)";491;462;227;234;96;121;350033;3508;35081
3513306;"Cruzália (SP)";142;148;60;78;34;57;350014;3504;35092
3513405;"Cruzeiro (SP)";3805;4513;1874;2514;699;1261;350053;3511;35172
3513504;"Cubatão (SP)";4310;5117;1846;2613;690;1166;350002;3501;35041
3513603;"Cunha (SP)";1286;1236;691;689;307;299;350052;3511;35172
3513702;"Descalvado (SP)";1617;1789;862;1098;406;609;350037;3509;35034
3513801;"Diadema (SP)";14291;18612;6677;9377;1992;3861;350001;3501;35015
3513850;"Dirce Reis (SP)";98;102;59;69;36;34;350028;3507;35153
3513900;"Divinolândia (SP)";712;748;397;415;137;159;350047;3510;35143
3514007;"Dobrada (SP)";313;356;158;200;59;86;350036;3509;35033
3514106;"Dois Córregos (SP)";1174;1315;618;755;281;427;350010;3503;35064
3514205;"Dolcinópolis (SP)";144;139;75;78;40;45;350028;3507;35153
3514304;"Dourado (SP)";447;514;264;291;102;152;350037;3509;35034
3514403;"Dracena (SP)";2420;2933;1294;1745;622;998;350020;3505;35111
3514502;"Duartina (SP)";714;779;429;493;180;263;350009;3503;35062
3514601;"Dumont (SP)";397;420;213;208;62;120;350031;3508;35131
3514700;"Echaporã (SP)";299;362;177;221;86;111;350013;3504;35093
3514809;"Eldorado (SP)";592;578;381;342;171;205;350005;3502;35121
3514908;"Elias Fausto (SP)";821;832;383;398;142;193;350038;3510;35103
3514924;"Elisiário (SP)";164;168;97;93;41;49;350026;3507;35151
3514957;"Embaúba (SP)";142;150;76;78;39;43;350026;3507;35151
3515004;"Embu das Artes (SP)";8312;10933;3903;5358;1083;1868;350001;3501;35013
3515103;"Embu-Guaçu (SP)";2855;3162;1370;1644;449;672;350001;3501;35013
3515129;"Emilianópolis (SP)";179;169;119;136;49;69;350018;3505;35112
3515152;"Engenheiro Coelho (SP)";621;679;320;371;150;177;350042;3510;35102
3515186;"Espírito Santo do Pinhal (SP)";2099;2403;1125;1435;508;743;350044;3510;35142
3515194;"Espírito Santo do Turvo (SP)";175;179;82;115;21;33;350015;3504;35094
3515202;"Estrela d'Oeste (SP)";501;507;276;314;134;165;350029;3507;35154
3515301;"Estrela do Norte (SP)";142;143;62;84;37;49;350018;3505;35112
3515350;"Euclides da Cunha Paulista (SP)";389;425;205;235;109;124;350018;3505;35115
3515400;"Fartura (SP)";924;966;489;598;209;271;350017;3504;35061
3515509;"Fernandópolis (SP)";3560;4373;2126;2605;976;1443;350029;3507;35154
3515608;"Fernando Prestes (SP)";304;315;217;255;100;141;350026;3507;35151
3515657;"Fernão (SP)";81;93;71;59;25;26;350013;3504;35093
3515707;"Ferraz de Vasconcelos (SP)";6496;7855;2669;3729;752;1427;350001;3501;35011
3515806;"Flora Rica (SP)";96;97;69;82;32;34;350020;3505;35111
3515905;"Floreal (SP)";200;210;129;149;60;88;350027;3507;35157
3516002;"Flórida Paulista (SP)";642;672;359;438;160;210;350019;3505;35091
3516101;"Florínea (SP)";183;173;108;86;24;41;350014;3504;35092
3516200;"Franca (SP)";15499;18520;7839;10428;3154;5139;350033;3508;35081
3516309;"Francisco Morato (SP)";6095;7196;2543;2963;633;938;350001;3501;35012
3516408;"Franco da Rocha (SP)";5088;6129;2454;3013;621;1095;350001;3501;35012
3516507;"Gabriel Monteiro (SP)";150;170;113;112;46;58;350023;3506;35023
3516606;"Gália (SP)";368;405;240;263;86;142;350013;3504;35093
3516705;"Garça (SP)";2160;2525;1212;1549;454;810;350013;3504;35093
3516804;"Gastão Vidigal (SP)";170;198;126;140;43;62;350022;3506;35157
3516853;"Gavião Peixoto (SP)";218;194;95;120;49;55;350036;3509;35031
3516903;"General Salgado (SP)";592;697;379;397;140;198;350022;3506;35157
3517000;"Getulina (SP)";508;540;281;335;122;169;350013;3504;35065
3517109;"Glicério (SP)";269;262;129;145;59;74;350023;3506;35023
3517208;"Guaiçara (SP)";521;564;245;283;99;143;350012;3503;35065
3517307;"Guaimbê (SP)";293;314;169;173;65;98;350013;3504;35093
3517406;"Guaíra (SP)";1890;2049;983;1195;352;517;350032;3508;35051
3517505;"Guapiaçu (SP)";946;1014;511;605;228;271;350025;3507;35155
3517604;"Guapiara (SP)";897;877;502;457;187;211;350004;3502;35162
3517703;"Guará (SP)";852;938;460;583;161;245;350035;3508;35083
3517802;"Guaraçaí (SP)";475;496;279;326;145;189;350024;3506;35022
3517901;"Guaraci (SP)";528;533;309;335;115;174;350032;3508;35051
3518008;"Guarani d'Oeste (SP)";119;124;72;77;43;34;350029;3507;35154
3518107;"Guarantã (SP)";330;328;166;203;71;85;350012;3503;35093
3518206;"Guararapes (SP)";1504;1835;873;1106;417;637;350022;3506;35021
3518305;"Guararema (SP)";1466;1641;866;949;242;423;350001;3501;35011
3518404;"Guaratinguetá (SP)";5690;6941;2916;4016;1124;1976;350052;3511;35172
3518503;"Guareí (SP)";675;623;348;329;174;151;350006;3502;35161
3518602;"Guariba (SP)";1538;1719;676;818;283;423;350031;3508;35131
3518701;"Guarujá (SP)";11753;14092;5221;7083;1745;3203;350002;3501;35041
3518800;"Guarulhos (SP)";47429;59945;21518;30094;6963;12792;350001;3501;35011
3518859;"Guatapará (SP)";377;388;236;202;63;91;350031;3508;35132
3518909;"Guzolândia (SP)";247;253;120;117;58;61;350022;3506;35021
3519006;"Herculândia (SP)";446;483;231;268;95;153;350016;3504;35095
3519055;"Holambra (SP)";631;691;310;362;146;177;350038;3510;35072
3519071;"Hortolândia (SP)";8494;10144;3620;4589;1263;1917;350038;3510;35072
3519105;"Iacanga (SP)";481;558;272;338;112;147;350009;3503;35062
3519204;"Iacri (SP)";356;368;202;239;89;112;350016;3504;35095
3519253;"Iaras (SP)";528;236;230;110;57;45;350007;3502;35061
3519303;"Ibaté (SP)";1252;1377;591;648;238;326;350037;3509;35034
3519402;"Ibirá (SP)";597;726;361;417;164;250;350025;3507;35155
3519501;"Ibirarema (SP)";307;328;187;225;89;134;350015;3504;35094
3519600;"Ibitinga (SP)";2639;3116;1391;1725;562;900;350036;3509;35032
3519709;"Ibiúna (SP)";3719;3848;2011;1989;679;862;350003;3502;35163
3519808;"Icém (SP)";361;381;202;242;84;95;350025;3507;35155
3519907;"Iepê (SP)";432;456;232;261;115;140;350018;3505;35113
3520004;"Igaraçu do Tietê (SP)";1126;1221;488;568;156;279;350010;3503;35064
3520103;"Igarapava (SP)";1313;1485;659;911;336;525;350035;3508;35083
3520202;"Igaratá (SP)";568;567;303;299;112;129;350049;3511;35171
3520301;"Iguape (SP)";1718;1674;970;1007;370;536;350005;3502;35121
3520400;"Ilhabela (SP)";1297;1400;686;716;187;350;350051;3511;35173
3520426;"Ilha Comprida (SP)";1103;1146;586;565;160;180;350005;3502;35121
3520442;"Ilha Solteira (SP)";1353;1623;837;995;321;452;350024;3506;35022
3520509;"Indaiatuba (SP)";10936;12705;5611;6963;2072;3246;350038;3510;35072
3520608;"Indiana (SP)";255;308;156;170;61;80;350018;3505;35112
3520707;"Indiaporã (SP)";253;316;174;180;70;83;350029;3507;35154
3520806;"Inúbia Paulista (SP)";217;215;113;106;44;81;350019;3505;35091
3520905;"Ipaussu (SP)";638;722;345;445;146;203;350015;3504;35094
3521002;"Iperó (SP)";1507;1528;719;719;204;278;350003;3502;35163
3521101;"Ipeúna (SP)";300;321;173;174;78;83;350046;3510;35104
3521150;"Ipiguá (SP)";338;362;186;191;78;87;350025;3507;35155
3521200;"Iporanga (SP)";208;194;80;102;55;49;350005;3502;35121
3521309;"Ipuã (SP)";594;671;305;369;92;158;350034;3508;35082
3521408;"Iracemápolis (SP)";975;1031;440;572;172;277;350042;3510;35102
3521507;"Irapuã (SP)";375;397;216;219;80;105;350025;3507;35151
3521606;"Irapuru (SP)";369;395;222;289;119;148;350020;3505;35111
3521705;"Itaberá (SP)";911;872;445;505;212;219;350004;3502;35162
3521804;"Itaí (SP)";1291;1118;612;567;201;276;350007;3502;35061
3521903;"Itajobi (SP)";882;936;546;622;221;326;350026;3507;35151
3522000;"Itaju (SP)";219;196;118;114;43;53;350010;3503;35064
3522109;"Itanhaém (SP)";6395;7720;3644;4010;1076;1624;350002;3501;35041
3522158;"Itaoca (SP)";187;176;107;108;53;45;350004;3502;35162
3522208;"Itapecerica da Serra (SP)";5808;6900;2704;3333;787;1299;350001;3501;35013
3522307;"Itapetininga (SP)";6800;7834;3414;4374;1296;2101;350006;3502;35161
3522406;"Itapeva (SP)";3722;4116;1995;2353;746;983;350004;3502;35162
3522505;"Itapevi (SP)";7398;8830;3080;3944;852;1380;350001;3501;35014
3522604;"Itapira (SP)";3686;4171;2052;2364;812;1257;350043;3510;35141
3522653;"Itapirapuã Paulista (SP)";154;129;103;104;37;34;350004;3502;35162
3522703;"Itápolis (SP)";1965;2216;1099;1410;492;758;350036;3509;35032
3522802;"Itaporanga (SP)";750;868;441;445;153;217;350004;3502;35061
3522901;"Itapuí (SP)";641;657;279;351;114;188;350010;3503;35064
3523008;"Itapura (SP)";230;251;130;119;45;57;350024;3506;35022
3523107;"Itaquaquecetuba (SP)";12601;14933;5125;6468;1389;2302;350001;3501;35011
3523206;"Itararé (SP)";2034;2273;1115;1346;398;644;350004;3502;35162
3523305;"Itariri (SP)";749;748;418;420;177;229;350002;3501;35121
3523404;"Itatiba (SP)";5466;6297;2730;3478;1020;1671;350039;3510;35072
3523503;"Itatinga (SP)";744;747;377;423;145;196;350011;3503;35063
3523602;"Itirapina (SP)";639;657;335;371;131;200;350037;3509;35104
3523701;"Itirapuã (SP)";265;280;196;179;84;77;350033;3508;35081
3523800;"Itobi (SP)";429;437;212;248;80;122;350047;3510;35143
3523909;"Itu (SP)";7188;8495;3578;4390;1303;2216;350003;3502;35163
3524006;"Itupeva (SP)";2429;2596;1148;1319;392;591;350039;3510;35073
3524105;"Ituverava (SP)";1876;2269;1088;1351;452;704;350035;3508;35083
3524204;"Jaborandi (SP)";326;328;141;209;69;101;350032;3508;35051
3524303;"Jaboticabal (SP)";3493;4167;1983;2598;787;1366;350031;3508;35131
3524402;"Jacareí (SP)";10498;12538;5682;7103;1899;3099;350049;3511;35171
3524501;"Jaci (SP)";317;336;157;173;73;65;350025;3507;35156
3524600;"Jacupiranga (SP)";769;787;429;468;202;238;350005;3502;35121
3524709;"Jaguariúna (SP)";2403;2755;1190;1482;497;708;350038;3510;35072
3524808;"Jales (SP)";2622;3104;1469;1921;702;960;350028;3507;35153
3524907;"Jambeiro (SP)";365;327;193;183;62;90;350049;3511;35171
3525003;"Jandira (SP)";4210;5015;1778;2319;476;929;350001;3501;35014
3525102;"Jardinópolis (SP)";1920;2056;1004;1176;349;567;350031;3508;35132
3525201;"Jarinu (SP)";1567;1655;861;831;257;400;350039;3510;35073
3525300;"Jaú (SP)";6509;7814;3337;4361;1348;2330;350010;3503;35064
3525409;"Jeriquara (SP)";153;147;66;80;36;42;350033;3508;35081
3525508;"Joanópolis (SP)";659;721;409;423;163;208;350041;3510;35071
3525607;"João Ramalho (SP)";187;232;109;102;44;49;350018;3505;35113
3525706;"José Bonifácio (SP)";1754;1858;905;1070;332;537;350025;3507;35156
3525805;"Júlio Mesquita (SP)";219;225;119;146;46;59;350013;3504;35093
3525854;"Jumirim (SP)";132;151;68;79;35;53;350003;3502;35163
3525904;"Jundiaí (SP)";19529;23632;10551;14357;4701;7811;350039;3510;35073
3526001;"Junqueirópolis (SP)";1021;1071;594;700;253;399;350020;3505;35111
3526100;"Juquiá (SP)";908;997;570;524;234;271;350005;3502;35121
3526209;"Juquitiba (SP)";1412;1329;705;708;247;259;350001;3501;35013
3526308;"Lagoinha (SP)";335;298;203;185;102;103;350050;3511;35174
3526407;"Laranjal Paulista (SP)";1257;1399;723;851;294;492;350040;3510;35063
3526506;"Lavínia (SP)";294;298;169;200;77;105;350024;3506;35022
3526605;"Lavrinhas (SP)";287;321;136;158;51;60;350053;3511;35172
3526704;"Leme (SP)";4137;4780;2221;2656;784;1311;350045;3510;35101
3526803;"Lençóis Paulista (SP)";3031;3274;1510;1795;538;813;350009;3503;35062
3526902;"Limeira (SP)";13939;16442;6919;8481;2623;4170;350042;3510;35102
3527009;"Lindóia (SP)";367;414;201;240;82;122;350048;3510;35074
3527108;"Lins (SP)";3577;4375;1815;2667;835;1475;350012;3503;35065
3527207;"Lorena (SP)";3916;4763;2100;2915;767;1408;350052;3511;35172
3527256;"Lourdes (SP)";112;130;91;91;33;36;350023;3506;35023
3527306;"Louveira (SP)";1721;1976;838;948;323;495;350039;3510;35073
3527405;"Lucélia (SP)";1143;1077;627;648;237;362;350019;3505;35091
3527504;"Lucianópolis (SP)";129;145;86;101;29;41;350009;3503;35062
3527603;"Luís Antônio (SP)";540;516;217;259;103;114;350031;3508;35132
3527702;"Luiziânia (SP)";229;263;121;137;55;87;350023;3506;35023
3527801;"Lupércio (SP)";211;237;112;131;55;61;350013;3504;35093
3527900;"Lutécia (SP)";149;164;70;90;42;44;350014;3504;35092
3528007;"Macatuba (SP)";753;835;374;430;179;261;350009;3503;35062
3528106;"Macaubal (SP)";474;489;292;292;157;195;350025;3507;35157
3528205;"Macedônia (SP)";236;258;149;160;67;78;350029;3507;35154
3528304;"Magda (SP)";208;212;118;145;57;78;350022;3506;35157
3528403;"Mairinque (SP)";2223;2503;1163;1314;350;537;350003;3502;35163
3528502;"Mairiporã (SP)";4633;4679;2171;2364;693;1035;350001;3501;35012
3528601;"Manduri (SP)";494;506;306;354;131;171;350007;3502;35061
3528700;"Marabá Paulista (SP)";208;223;112;104;41;42;350021;3505;35114
3528809;"Maracaí (SP)";629;680;347;423;132;170;350014;3504;35092
3528858;"Marapoama (SP)";171;168;93;111;43;37;350026;3507;35151
3528908;"Mariápolis (SP)";219;223;121;118;52;61;350019;3505;35091
3529005;"Marília (SP)";10891;13348;5860;7893;2503;4340;350013;3504;35093
3529104;"Marinópolis (SP)";122;144;65;55;24;29;350028;3507;35153
3529203;"Martinópolis (SP)";1241;1382;631;781;295;427;350018;3505;35112
3529302;"Matão (SP)";3990;4481;1989;2360;741;1127;350036;3509;35033
3529401;"Mauá (SP)";16117;20070;7462;9942;2455;4253;350001;3501;35015
3529500;"Mendonça (SP)";302;307;199;214;76;99;350025;3507;35156
3529609;"Meridiano (SP)";247;274;139;144;58;83;350029;3507;35154
3529658;"Mesópolis (SP)";120;102;49;63;29;32;350028;3507;35153
3529708;"Miguelópolis (SP)";888;976;464;574;158;215;350035;3508;35083
3529807;"Mineiros do Tietê (SP)";597;659;311;317;115;159;350010;3503;35064
3529906;"Miracatu (SP)";960;960;556;527;230;223;350005;3502;35121
3530003;"Mira Estrela (SP)";233;249;141;122;36;46;350029;3507;35154
3530102;"Mirandópolis (SP)";1389;1486;828;999;390;564;350024;3506;35022
3530201;"Mirante do Paranapanema (SP)";943;950;494;565;265;269;350018;3505;35115
3530300;"Mirassol (SP)";3016;3376;1513;1980;592;1050;350025;3507;35155
3530409;"Mirassolândia (SP)";234;237;154;150;72;80;350025;3507;35155
3530508;"Mococa (SP)";3595;4032;2060;2403;748;1167;350047;3510;35143
3530607;"Mogi das Cruzes (SP)";18632;22107;8968;11827;3446;5647;350001;3501;35011
3530706;"Mogi Guaçu (SP)";7108;8270;3783;4460;1361;2009;350043;3510;35141
3530805;"Mogi Mirim (SP)";4640;5473;2440;3086;901;1525;350043;3510;35141
3530904;"Mombuca (SP)";155;176;76;90;32;38;350040;3510;35103
3531001;"Monções (SP)";131;151;84;84;41;42;350022;3506;35157
3531100;"Mongaguá (SP)";3951;4341;2337;2281;488;736;350002;3501;35041
3531209;"Monte Alegre do Sul (SP)";564;576;290;317;115;169;350048;3510;35074
3531308;"Monte Alto (SP)";2473;2871;1371;1710;575;969;350031;3508;35131
3531407;"Monte Aprazível (SP)";1101;1336;694;841;300;454;350025;3507;35156
3531506;"Monte Azul Paulista (SP)";930;1020;576;642;230;369;350032;3508;35052
3531605;"Monte Castelo (SP)";251;271;130;158;59;89;350020;3505;35111
3531704;"Monteiro Lobato (SP)";275;251;133;127;45;65;350049;3511;35171
3531803;"Monte Mor (SP)";2395;2775;1145;1276;388;556;350038;3510;35072
3531902;"Morro Agudo (SP)";1165;1270;612;733;218;320;350034;3508;35082
3532009;"Morungaba (SP)";574;667;354;377;117;160;350039;3510;35072
3532058;"Motuca (SP)";212;218;114;110;43;55;350036;3509;35031
3532108;"Murutinga do Sul (SP)";227;269;140;184;59;98;350024;3506;35022
3532157;"Nantes (SP)";117;112;46;75;21;38;350018;3505;35113
3532207;"Narandiba (SP)";230;229;118;134;60;47;350018;3505;35112
3532306;"Natividade da Serra (SP)";494;416;296;246;128;99;350050;3511;35174
3532405;"Nazaré Paulista (SP)";958;879;520;533;226;285;350041;3510;35071
3532504;"Neves Paulista (SP)";561;611;345;386;169;247;350025;3507;35155
3532603;"Nhandeara (SP)";657;661;376;495;195;238;350027;3507;35157
3532702;"Nipoã (SP)";177;198;116;126;45;66;350025;3507;35156
3532801;"Nova Aliança (SP)";333;390;171;203;93;122;350025;3507;35155
3532827;"Nova Campina (SP)";321;319;165;156;48;69;350004;3502;35162
3532843;"Nova Canaã Paulista (SP)";164;166;110;109;40;53;350030;3507;35152
3532868;"Nova Castilho (SP)";65;47;30;34;18;12;350022;3506;35021
3532900;"Nova Europa (SP)";448;440;215;260;84;116;350036;3509;35032
3533007;"Nova Granada (SP)";943;1040;558;623;257;323;350025;3507;35155
3533106;"Nova Guataporanga (SP)";148;155;73;89;40;48;350020;3505;35111
3533205;"Nova Independência (SP)";171;191;90;99;41;34;350024;3506;35022
3533254;"Novais (SP)";161;148;89;109;47;57;350026;3507;35151
3533304;"Nova Luzitânia (SP)";165;174;83;104;38;43;350022;3506;35021
3533403;"Nova Odessa (SP)";2772;3281;1386;1655;471;793;350038;3510;35072
3533502;"Novo Horizonte (SP)";2014;2126;1067;1268;427;666;350025;3507;35151
3533601;"Nuporanga (SP)";366;416;198;207;71;116;350034;3508;35082
3533700;"Ocauçu (SP)";260;246;139;132;65;86;350013;3504;35093
3533809;"Óleo (SP)";156;177;97;88;32;55;350007;3502;35094
3533908;"Olímpia (SP)";2436;2900;1524;1888;606;998;350032;3508;35051
3534005;"Onda Verde (SP)";214;222;120;124;38;56;350025;3507;35155
3534104;"Oriente (SP)";384;414;171;212;77;143;350013;3504;35093
3534203;"Orindiúva (SP)";249;246;118;138;62;61;350025;3507;35155
3534302;"Orlândia (SP)";1910;2175;931;1276;378;629;350034;3508;35082
3534401;"Osasco (SP)";27789;36645;13293;19530;4915;8957;350001;3501;35014
3534500;"Oscar Bressane (SP)";129;175;115;144;53;59;350013;3504;35093
3534609;"Osvaldo Cruz (SP)";1751;2039;998;1225;485;712;350019;3505;35091
3534708;"Ourinhos (SP)";4840;6019;2648;3713;1052;1683;350015;3504;35094
3534757;"Ouroeste (SP)";512;591;301;308;117;152;350029;3507;35154
3534807;"Ouro Verde (SP)";351;398;197;228;92;134;350020;3505;35111
3534906;"Pacaembu (SP)";648;676;360;407;204;254;350019;3505;35091
3535002;"Palestina (SP)";588;621;366;426;163;222;350025;3507;35155
3535101;"Palmares Paulista (SP)";373;375;177;193;69;108;350026;3507;35151
3535200;"Palmeira d'Oeste (SP)";592;612;340;394;178;217;350028;3507;35153
3535309;"Palmital (SP)";1059;1265;664;863;282;407;350014;3504;35092
3535408;"Panorama (SP)";681;758;387;463;139;183;350020;3505;35111
3535507;"Paraguaçu Paulista (SP)";1935;2202;1055;1360;440;666;350014;3504;35092
3535606;"Paraibuna (SP)";993;1003;562;531;248;254;350049;3511;35171
3535705;"Paraíso (SP)";340;337;188;191;77;113;350026;3507;35151
3535804;"Paranapanema (SP)";908;892;423;430;150;166;350007;3502;35061
3535903;"Paranapuã (SP)";224;237;116;138;58;72;350028;3507;35153
3536000;"Parapuã (SP)";659;663;349;432;182;240;350016;3504;35095
3536109;"Pardinho (SP)";311;337;175;192;85;78;350011;3503;35063
3536208;"Pariquera-Açu (SP)";889;917;515;567;246;311;350005;3502;35121
3536257;"Parisi (SP)";180;174;108;106;36;51;350027;3507;35157
3536307;"Patrocínio Paulista (SP)";675;707;347;370;142;183;350033;3508;35081
3536406;"Paulicéia (SP)";424;413;213;193;74;66;350020;3505;35111
3536505;"Paulínia (SP)";4262;4997;2091;2573;730;1086;350038;3510;35072
3536570;"Paulistânia (SP)";105;91;51;64;32;32;350009;3503;35062
3536604;"Paulo de Faria (SP)";375;428;243;259;115;141;350025;3507;35155
3536703;"Pederneiras (SP)";2038;2229;1094;1187;409;632;350009;3503;35062
3536802;"Pedra Bela (SP)";389;375;242;219;77;102;350041;3510;35071
3536901;"Pedranópolis (SP)";204;220;115;105;43;66;350029;3507;35154
3537008;"Pedregulho (SP)";775;854;414;420;168;238;350033;3508;35081
3537107;"Pedreira (SP)";2073;2306;1016;1253;380;698;350038;3510;35072
3537156;"Pedrinhas Paulista (SP)";152;190;86;108;43;49;350014;3504;35092
3537206;"Pedro de Toledo (SP)";725;657;359;344;126;119;350002;3501;35121
3537305;"Penápolis (SP)";3120;3710;1719;2195;730;1218;350023;3506;35023
3537404;"Pereira Barreto (SP)";1195;1454;728;912;323;436;350024;3506;35022
3537503;"Pereiras (SP)";466;456;284;251;85;121;350008;3502;35063
3537602;"Peruíbe (SP)";3868;4483;2242;2597;802;1103;350002;3501;35041
3537701;"Piacatu (SP)";321;312;156;187;83;100;350023;3506;35023
3537800;"Piedade (SP)";2866;2842;1414;1474;568;776;350003;3502;35163
3537909;"Pilar do Sul (SP)";1385;1369;794;798;299;323;350003;3502;35163
3538006;"Pindamonhangaba (SP)";7429;8743;3833;4461;1245;1931;350050;3511;35174
3538105;"Pindorama (SP)";760;835;486;562;186;321;350026;3507;35151
3538204;"Pinhalzinho (SP)";915;987;542;557;196;248;350041;3510;35071
3538303;"Piquerobi (SP)";161;209;95;116;46;61;350021;3505;35114
3538501;"Piquete (SP)";717;879;362;502;143;251;350052;3511;35172
3538600;"Piracaia (SP)";1382;1525;845;917;300;413;350041;3510;35071
3538709;"Piracicaba (SP)";18632;22193;9804;13190;3756;6862;350040;3510;35103
3538808;"Piraju (SP)";1590;1780;881;1062;341;541;350017;3504;35061
3538907;"Pirajuí (SP)";1133;1284;545;677;214;418;350009;3503;35062
3539004;"Pirangi (SP)";535;647;335;385;175;212;350026;3507;35151
3539103;"Pirapora do Bom Jesus (SP)";590;679;288;300;95;140;350001;3501;35014
3539202;"Pirapozinho (SP)";1214;1416;607;769;284;428;350018;3505;35112
3539301;"Pirassununga (SP)";3657;4246;2063;2710;869;1405;350037;3509;35101
3539400;"Piratininga (SP)";765;839;393;459;145;263;350009;3503;35062
3539509;"Pitangueiras (SP)";1352;1449;661;830;284;410;350031;3508;35131
3539608;"Planalto (SP)";228;237;109;120;48;64;350025;3507;35156
3539707;"Platina (SP)";159;161;90;98;35;50;350014;3504;35092
3539806;"Poá (SP)";4314;5396;2020;2763;624;1132;350001;3501;35011
3539905;"Poloni (SP)";311;319;171;236;100;159;350025;3507;35156
3540002;"Pompéia (SP)";1046;1189;577;682;214;341;350013;3504;35093
3540101;"Pongaí (SP)";241;246;101;145;57;62;350012;3503;35065
3540200;"Pontal (SP)";1395;1505;575;684;212;356;350031;3508;35131
3540259;"Pontalinda (SP)";199;198;122;119;44;53;350028;3507;35153
3540309;"Pontes Gestal (SP)";138;142;91;106;40;44;350027;3507;35157
3540408;"Populina (SP)";254;273;155;160;75;77;350028;3507;35154
3540507;"Porangaba (SP)";801;713;434;420;160;163;350008;3502;35063
3540606;"Porto Feliz (SP)";2718;2803;1342;1570;488;758;350003;3502;35163
3540705;"Porto Ferreira (SP)";2479;2857;1330;1629;581;903;350037;3509;35034
3540754;"Potim (SP)";688;746;281;395;92;133;350052;3511;35172
3540804;"Potirendaba (SP)";904;989;518;581;221;361;350025;3507;35155
3540853;"Pracinha (SP)";71;80;48;61;16;17;350019;3505;35091
3540903;"Pradópolis (SP)";746;874;395;474;129;191;350031;3508;35131
3541000;"Praia Grande (SP)";15615;20514;8250;11217;2652;4602;350002;3501;35041
3541059;"Pratânia (SP)";198;213;84;99;36;42;350011;3503;35063
3541109;"Presidente Alves (SP)";243;239;118;145;43;80;350009;3503;35062
3541208;"Presidente Bernardes (SP)";784;848;484;549;209;302;350018;3505;35112
3541307;"Presidente Epitácio (SP)";1993;2361;1070;1293;413;616;350021;3505;35114
3541406;"Presidente Prudente (SP)";10428;13383;5800;7924;2507;4187;350018;3505;35112
3541505;"Presidente Venceslau (SP)";1890;2309;1071;1381;504;800;350021;3505;35114
3541604;"Promissão (SP)";1713;1864;926;1137;409;551;350012;3503;35065
3541653;"Quadra (SP)";200;189;130;92;33;39;350008;3502;35161
3541703;"Quatá (SP)";605;683;280;375;129;185;350018;3505;35113
3541802;"Queiroz (SP)";119;137;57;71;39;36;350016;3504;35095
3541901;"Queluz (SP)";429;460;213;263;83;130;350053;3511;35172
3542008;"Quintana (SP)";311;362;169;221;81;109;350013;3504;35093
3542107;"Rafard (SP)";401;421;212;264;90;158;350040;3510;35103
3542206;"Rancharia (SP)";1444;1677;707;948;331;523;350018;3505;35113
3542305;"Redenção da Serra (SP)";363;295;175;153;70;52;350050;3511;35174
3542404;"Regente Feijó (SP)";1034;1118;529;646;236;354;350018;3505;35112
3542503;"Reginópolis (SP)";290;342;180;200;75;123;350009;3503;35062
3542602;"Registro (SP)";2615;2881;1441;1714;639;882;350005;3502;35121
3542701;"Restinga (SP)";287;287;145;127;55;69;350033;3508;35081
3542800;"Ribeira (SP)";185;163;103;105;40;58;350004;3502;35162
3542909;"Ribeirão Bonito (SP)";521;570;288;324;146;197;350037;3509;35034
3543006;"Ribeirão Branco (SP)";766;695;393;372;124;132;350004;3502;35162
3543105;"Ribeirão Corrente (SP)";193;203;121;125;48;48;350033;3508;35081
3543204;"Ribeirão do Sul (SP)";295;251;176;183;62;87;350015;3504;35094
3543238;"Ribeirão dos Índios (SP)";112;144;84;88;37;51;350018;3505;35112
3543253;"Ribeirão Grande (SP)";367;347;223;226;90;106;350004;3502;35161
3543303;"Ribeirão Pires (SP)";5376;6630;2922;3697;936;1601;350001;3501;35015
3543402;"Ribeirão Preto (SP)";29130;37096;14948;21925;6210;12147;350031;3508;35132
3543501;"Riversul (SP)";321;327;162;170;65;93;350004;3502;35162
3543600;"Rifaina (SP)";231;206;119;135;48;69;350033;3508;35081
3543709;"Rincão (SP)";450;493;270;264;93;141;350036;3509;35031
3543808;"Rinópolis (SP)";551;572;305;363;170;246;350016;3504;35095
3543907;"Rio Claro (SP)";9170;10970;4761;6561;1989;3587;350046;3510;35104
3544004;"Rio das Pedras (SP)";1271;1369;609;729;201;330;350040;3510;35103
3544103;"Rio Grande da Serra (SP)";1727;1999;767;984;242;405;350001;3501;35015
3544202;"Riolândia (SP)";387;412;234;229;73;111;350027;3507;35157
3544251;"Rosana (SP)";970;1024;553;583;185;201;350018;3505;35115
3544301;"Roseira (SP)";452;565;247;257;58;104;350052;3511;35172
3544400;"Rubiácea (SP)";130;129;63;55;25;38;350022;3506;35021
3544509;"Rubinéia (SP)";315;305;178;172;73;68;350030;3507;35152
3544608;"Sabino (SP)";353;365;186;207;96;108;350012;3503;35065
3544707;"Sagres (SP)";147;147;75;105;43;33;350019;3505;35091
3544806;"Sales (SP)";436;452;214;226;79;96;350025;3507;35151
3544905;"Sales Oliveira (SP)";549;632;319;381;122;193;350034;3508;35082
3545001;"Salesópolis (SP)";812;821;425;450;157;191;350001;3501;35011
3545100;"Salmourão (SP)";246;268;151;174;66;86;350019;3505;35091
3545159;"Saltinho (SP)";439;480;259;277;100;137;350040;3510;35103
3545209;"Salto (SP)";5861;6554;2702;3272;1014;1625;350003;3502;35163
3545308;"Salto de Pirapora (SP)";2107;2243;1102;1203;419;467;350003;3502;35163
3545407;"Salto Grande (SP)";468;539;299;317;114;164;350015;3504;35094
3545506;"Sandovalina (SP)";177;182;103;95;38;32;350018;3505;35112
3545605;"Santa Adélia (SP)";672;757;406;478;166;263;350026;3507;35151
3545704;"Santa Albertina (SP)";400;421;244;265;105;107;350028;3507;35153
3545803;"Santa Bárbara d'Oeste (SP)";9327;10841;4274;5185;1550;2436;350038;3510;35072
3546009;"Santa Branca (SP)";786;840;445;448;180;195;350049;3511;35171
3546108;"Santa Clara d'Oeste (SP)";144;160;90;88;44;31;350030;3507;35152
3546207;"Santa Cruz da Conceição (SP)";279;301;174;173;71;94;350045;3510;35101
3546256;"Santa Cruz da Esperança (SP)";125;118;76;86;31;38;350031;3508;35133
3546306;"Santa Cruz das Palmeiras (SP)";1304;1478;668;821;276;412;350044;3510;35142
3546405;"Santa Cruz do Rio Pardo (SP)";2149;2584;1284;1597;540;899;350015;3504;35094
3546504;"Santa Ernestina (SP)";265;266;137;129;39;70;350031;3508;35033
3546603;"Santa Fé do Sul (SP)";1776;2029;1021;1332;455;642;350030;3507;35152
3546702;"Santa Gertrudes (SP)";788;845;399;486;165;248;350046;3510;35104
3546801;"Santa Isabel (SP)";2484;2753;1265;1404;449;648;350001;3501;35011
3546900;"Santa Lúcia (SP)";363;358;157;207;55;103;350036;3509;35031
3547007;"Santa Maria da Serra (SP)";251;258;124;134;67;63;350040;3510;35103
3547106;"Santa Mercedes (SP)";155;170;79;89;41;55;350020;3505;35111
3547205;"Santana da Ponte Pensa (SP)";129;130;81;84;44;44;350030;3507;35153
3547304;"Santana de Parnaíba (SP)";5984;6723;2785;3252;858;1488;350001;3501;35014
3547403;"Santa Rita d'Oeste (SP)";180;206;127;132;57;67;350030;3507;35152
3547502;"Santa Rita do Passa Quatro (SP)";1527;1685;897;1102;435;679;350037;3509;35132
3547601;"Santa Rosa de Viterbo (SP)";1176;1409;689;832;297;460;350031;3508;35132
3547650;"Santa Salete (SP)";98;109;71;69;40;30;350028;3507;35153
3547700;"Santo Anastácio (SP)";976;1096;553;744;283;434;350018;3505;35112
3547809;"Santo André (SP)";33776;43311;17802;26250;7781;14887;350001;3501;35015
3547908;"Santo Antônio da Alegria (SP)";395;407;250;218;83;101;350031;3508;35133
3548005;"Santo Antônio de Posse (SP)";1038;1118;502;546;220;258;350038;3510;35072
3548054;"Santo Antônio do Aracanguá (SP)";507;487;230;239;94;89;350022;3506;35021
3548104;"Santo Antônio do Jardim (SP)";351;376;226;214;72;105;350044;3510;35142
3548203;"Santo Antônio do Pinhal (SP)";406;393;184;186;77;108;350050;3511;35174
3548302;"Santo Expedito (SP)";188;181;97;143;48;62;350018;3505;35112
3548401;"Santópolis do Aguapeí (SP)";195;215;78;111;47;60;350023;3506;35023
3548500;"Santos (SP)";21862;30143;12946;20863;6301;13942;350002;3501;35041
3548609;"São Bento do Sapucaí (SP)";720;699;382;386;159;215;350050;3511;35174
3548708;"São Bernardo do Campo (SP)";34983;44448;17645;24439;6261;11382;350001;3501;35015
3548807;"São Caetano do Sul (SP)";8509;11316;4876;7870;2442;5214;350001;3501;35015
3548906;"São Carlos (SP)";11607;13811;5993;8077;2494;4373;350037;3509;35034
3549003;"São Francisco (SP)";166;172;114;119;57;76;350028;3507;35153
3549102;"São João da Boa Vista (SP)";4640;5577;2460;3213;1021;1851;350044;3510;35142
3549201;"São João das Duas Pontes (SP)";159;141;79;85;39;51;350029;3507;35154
3549250;"São João de Iracema (SP)";105;93;58;76;29;28;350029;3507;35154
3549300;"São João do Pau d'Alho (SP)";171;164;90;109;54;59;350020;3505;35111
3549409;"São Joaquim da Barra (SP)";2240;2550;1192;1558;462;815;350034;3508;35082
3549508;"São José da Bela Vista (SP)";328;336;184;221;63;98;350033;3508;35081
3549607;"São José do Barreiro (SP)";227;215;112;110;46;75;350053;3511;35172
3549706;"São José do Rio Pardo (SP)";2955;3320;1590;1892;640;1009;350047;3510;35143
3549805;"São José do Rio Preto (SP)";21255;27147;11585;15962;4913;8529;350025;3507;35155
3549904;"São José dos Campos (SP)";30218;37013;15937;20054;5246;9025;350049;3511;35171
3549953;"São Lourenço da Serra (SP)";776;794;414;396;128;204;350001;3501;35013
3550001;"São Luiz do Paraitinga (SP)";706;659;361;371;172;183;350050;3511;35174
3550100;"São Manuel (SP)";1762;1976;910;1117;351;584;350011;3503;35063
3550209;"São Miguel Arcanjo (SP)";1475;1560;836;838;323;417;350006;3502;35161
3550308;"São Paulo (SP)";468236;629143;242646;372705;103071;207259;350001;3501;35016
3550407;"São Pedro (SP)";2028;2329;1237;1588;477;749;350040;3510;35103
3550506;"São Pedro do Turvo (SP)";353;345;219;244;69;94;350015;3504;35094
3550605;"São Roque (SP)";3858;4543;2010;2519;813;1282;350003;3502;35163
3550704;"São Sebastião (SP)";3109;3493;1474;1736;498;790;350051;3511;35173
3550803;"São Sebastião da Grama (SP)";595;589;306;346;149;183;350047;3510;35143
3550902;"São Simão (SP)";746;784;379;498;170;302;350031;3508;35132
3551009;"São Vicente (SP)";13967;17999;6768;10320;2375;4764;350002;3501;35041
3551108;"Sarapuí (SP)";574;547;308;277;107;133;350003;3502;35161
3551207;"Sarutaiá (SP)";193;214;113;121;37;69;350017;3504;35061
3551306;"Sebastianópolis do Sul (SP)";208;197;101;103;40;65;350027;3507;35157
3551405;"Serra Azul (SP)";564;467;265;224;62;109;350031;3508;35132
3551504;"Serrana (SP)";1623;1712;728;894;244;436;350031;3508;35132
3551603;"Serra Negra (SP)";1666;1943;984;1182;450;712;350048;3510;35074
3551702;"Sertãozinho (SP)";5193;5904;2568;3293;927;1496;350031;3508;35131
3551801;"Sete Barras (SP)";655;631;407;349;157;175;350005;3502;35121
3551900;"Severínia (SP)";660;686;336;339;120;203;350032;3508;35051
3552007;"Silveiras (SP)";326;324;184;173;79;96;350053;3511;35172
3552106;"Socorro (SP)";2402;2519;1331;1620;636;860;350041;3510;35071
3552205;"Sorocaba (SP)";29415;36362;14409;19453;5388;9742;350003;3502;35163
3552304;"Sud Mennucci (SP)";416;369;212;236;86;95;350024;3506;35022
3552403;"Sumaré (SP)";10546;12944;5074;5943;1523;2485;350038;3510;35072
3552502;"Suzano (SP)";11554;13895;5500;6833;1681;2841;350001;3501;35011
3552551;"Suzanápolis (SP)";196;181;100;117;42;45;350028;3507;35022
3552601;"Tabapuã (SP)";630;663;358;415;155;242;350026;3507;35151
3552700;"Tabatinga (SP)";738;762;375;402;147;225;350036;3509;35032
3552809;"Taboão da Serra (SP)";9507;12600;4334;6430;1386;2721;350001;3501;35013
3552908;"Taciba (SP)";278;288;148;170;65;99;350018;3505;35112
3553005;"Taguaí (SP)";519;544;291;310;88;129;350007;3502;35061
3553104;"Taiaçu (SP)";275;272;171;186;83;117;350032;3508;35052
3553203;"Taiúva (SP)";306;342;193;220;79;145;350032;3508;35052
3553302;"Tambaú (SP)";1163;1203;572;732;262;368;350044;3510;35142
3553401;"Tanabi (SP)";1358;1469;777;891;362;513;350025;3507;35155
3553500;"Tapiraí (SP)";346;378;249;232;98;100;350003;3502;35163
3553609;"Tapiratiba (SP)";688;714;309;387;172;223;350047;3510;35143
3553658;"Taquaral (SP)";144;158;83;91;29;41;350032;3508;35052
3553708;"Taquaritinga (SP)";2624;2936;1434;1753;595;984;350036;3509;35033
3553807;"Taquarituba (SP)";1135;1241;536;619;238;293;350007;3502;35061
3553856;"Taquarivaí (SP)";323;265;135;126;40;51;350004;3502;35162
3553906;"Tarabai (SP)";284;327;146;165;75;93;350018;3505;35112
3553955;"Tarumã (SP)";633;668;286;340;110;148;350014;3504;35092
3554003;"Tatuí (SP)";5199;6086;2787;3524;1078;1637;350008;3502;35161
3554102;"Taubaté (SP)";13836;16837;7261;9515;2647;4675;350050;3511;35174
3554201;"Tejupá (SP)";220;194;142;133;35;50;350017;3504;35061
3554300;"Teodoro Sampaio (SP)";911;1034;529;560;226;227;350018;3505;35115
3554409;"Terra Roxa (SP)";436;456;203;246;80;142;350032;3508;35052
3554508;"Tietê (SP)";1840;1990;949;1228;374;678;350003;3502;35163
3554607;"Timburi (SP)";182;160;107;113;39;41;350017;3504;35094
3554656;"Torre de Pedra (SP)";136;139;72;78;29;41;350008;3502;35063
3554706;"Torrinha (SP)";518;544;283;355;139;202;350010;3503;35064
3554755;"Trabiju (SP)";65;71;43;43;24;24;350036;3509;35031
3554805;"Tremembé (SP)";2126;2337;1036;1266;410;589;350050;3511;35174
3554904;"Três Fronteiras (SP)";358;410;232;223;97;132;350030;3507;35152
3554953;"Tuiuti (SP)";429;439;284;281;109;122;350041;3510;35071
3555000;"Tupã (SP)";3226;3985;1976;2680;935;1507;350016;3504;35095
3555109;"Tupi Paulista (SP)";884;1029;556;631;256;361;350020;3505;35111
3555208;"Turiúba (SP)";125;122;94;89;29;47;350023;3506;35023
3555307;"Turmalina (SP)";154;124;87;101;36;40;350028;3507;35154
3555356;"Ubarana (SP)";221;235;128;144;57;54;350025;3507;35156
3555406;"Ubatuba (SP)";3996;4251;1936;2188;599;958;350051;3511;35173
3555505;"Ubirajara (SP)";264;243;143;131;44;51;350009;3503;35093
3555604;"Uchoa (SP)";590;590;323;397;134;243;350025;3507;35155
3555703;"União Paulista (SP)";82;66;40;44;16;21;350025;3507;35156
3555802;"Urânia (SP)";530;592;294;344;143;209;350028;3507;35153
3555901;"Uru (SP)";90;103;55;51;21;23;350012;3503;35065
3556008;"Urupês (SP)";780;807;460;519;232;290;350025;3507;35151
3556107;"Valentim Gentil (SP)";667;691;367;381;137;182;350027;3507;35157
3556206;"Valinhos (SP)";5970;6982;3089;3823;1260;2036;350038;3510;35072
3556305;"Valparaíso (SP)";952;1026;454;574;219;321;350022;3506;35021
3556354;"Vargem (SP)";479;534;344;302;106;133;350041;3510;35071
3556404;"Vargem Grande do Sul (SP)";1986;2195;1057;1261;401;625;350044;3510;35142
3556453;"Vargem Grande Paulista (SP)";2130;2378;1055;1225;360;556;350001;3501;35013
3556503;"Várzea Paulista (SP)";4744;5394;2117;2400;652;1008;350039;3510;35073
3556602;"Vera Cruz (SP)";499;644;342;429;154;246;350013;3504;35093
3556701;"Vinhedo (SP)";3468;4012;1915;2295;748;1220;350038;3510;35072
3556800;"Viradouro (SP)";807;856;452;537;178;254;350032;3508;35052
3556909;"Vista Alegre do Alto (SP)";323;299;150;203;70;102;350026;3507;35052
3556958;"Vitória Brasil (SP)";90;99;58;53;24;30;350028;3507;35153
3557006;"Votorantim (SP)";5127;6094;2538;3210;844;1236;350003;3502;35163
3557105;"Votuporanga (SP)";4693;5600;2636;3365;1116;1807;350027;3507;35157
3557154;"Zacarias (SP)";158;159;84;97;42;46;350023;3506;35156
3557204;"Chavantes (SP)";622;644;320;426;109;206;350015;3504;35094
3557303;"Estiva Gerbi (SP)";539;566;257;282;81;125;350043;3510;35141
4100103;"Abatiá (PR)";428;431;213;265;94;127;410022;4105;41018
4100202;"Adrianópolis (PR)";342;305;196;199;78;92;410001;4101;41002
4100301;"Agudos do Sul (PR)";550;514;278;252;89;91;410001;4101;41002
4100400;"Almirante Tamandaré (PR)";3940;4571;1772;1980;501;743;410001;4101;41002
4100459;"Altamira do Paraná (PR)";197;186;113;115;45;38;410015;4104;41011
4100509;"Altônia (PR)";1081;1202;653;719;336;315;410016;4104;41012
4100608;"Alto Paraná (PR)";676;739;353;428;175;216;410017;4104;41014
4100707;"Alto Piquiri (PR)";487;546;275;307;130;143;410016;4104;41012
4100806;"Alvorada do Sul (PR)";684;719;390;360;132;174;410021;4105;41017
4100905;"Amaporã (PR)";213;230;92;98;53;55;410017;4104;41014
4101002;"Ampére (PR)";875;984;474;512;171;237;410009;4103;41008
4101051;"Anahy (PR)";159;171;98;104;43;44;410006;4103;41010
4101101;"Andirá (PR)";1032;1216;647;729;247;394;410022;4105;41018
4101150;"Ângulo (PR)";159;176;94;93;44;45;410014;4104;41015
4101200;"Antonina (PR)";1035;1044;595;621;207;285;410002;4101;41001
4101309;"Antônio Olinto (PR)";478;374;231;231;82;94;410003;4101;41006
4101408;"Apucarana (PR)";5654;6970;3108;4156;1271;1922;410023;4105;41016
4101507;"Arapongas (PR)";4960;5951;2625;3402;1092;1690;410021;4105;41016
4101606;"Arapoti (PR)";1089;1074;547;571;198;281;410027;4106;41003
4101655;"Arapuã (PR)";209;203;113;130;65;80;410025;4105;41022
4101705;"Araruna (PR)";730;736;396;464;153;206;410015;4104;41011
4101804;"Araucária (PR)";5225;6025;2257;2706;706;1087;410001;4101;41002
4101853;"Ariranha do Ivaí (PR)";148;122;90;91;37;49;410025;4105;41022
4101903;"Assaí (PR)";726;896;493;561;208;306;410021;4105;41017
4102000;"Assis Chateaubriand (PR)";1753;2054;1032;1328;463;625;410008;4103;41020
4102109;"Astorga (PR)";1354;1561;732;902;329;481;410014;4104;41015
4102208;"Atalaia (PR)";247;225;149;158;52;76;410014;4104;41015
4102307;"Balsa Nova (PR)";618;639;309;345;99;136;410001;4101;41002
4102406;"Bandeirantes (PR)";1638;1827;898;1126;359;587;410024;4105;41018
4102505;"Barbosa Ferraz (PR)";640;696;368;407;188;213;410015;4104;41011
4102604;"Barracão (PR)";470;505;249;272;94;123;410009;4103;41008
4102703;"Barra do Jacaré (PR)";180;174;117;117;44;55;410022;4105;41019
4102752;"Bela Vista da Caroba (PR)";263;246;121;110;49;74;410009;4103;41008
4102802;"Bela Vista do Paraíso (PR)";773;917;476;563;220;309;410021;4105;41017
4102901;"Bituruna (PR)";720;606;355;361;113;137;410003;4101;41006
4103008;"Boa Esperança (PR)";260;253;119;138;83;85;410015;4104;41011
4103024;"Boa Esperança do Iguaçu (PR)";136;140;82;67;22;28;410012;4103;41008
4103040;"Boa Ventura de São Roque (PR)";301;284;159;133;43;59;410005;4102;41005
4103057;"Boa Vista da Aparecida (PR)";370;455;265;245;102;86;410006;4103;41010
4103107;"Bocaiúva do Sul (PR)";574;571;323;313;106;124;410001;4101;41002
4103156;"Bom Jesus do Sul (PR)";237;212;126;136;62;61;410009;4103;41008
4103206;"Bom Sucesso (PR)";306;326;157;189;86;110;410023;4105;41016
4103222;"Bom Sucesso do Sul (PR)";189;181;113;129;28;57;410010;4103;41007
4103305;"Borrazópolis (PR)";491;477;261;305;123;154;410023;4105;41016
4103354;"Braganey (PR)";284;277;147;156;70;90;410006;4103;41010
4103370;"Brasilândia do Sul (PR)";161;173;114;110;37;59;410016;4104;41012
4103404;"Cafeara (PR)";127;125;64;84;28;47;410021;4105;41017
4103453;"Cafelândia (PR)";632;703;347;373;112;173;410006;4103;41010
4103479;"Cafezal do Sul (PR)";263;284;136;153;79;90;410016;4104;41012
4103503;"Califórnia (PR)";448;456;264;263;117;104;410023;4105;41016
4103602;"Cambará (PR)";1208;1317;665;832;274;442;410022;4105;41019
4103701;"Cambé (PR)";4694;5648;2528;3176;1005;1523;410021;4105;41017
4103800;"Cambira (PR)";478;507;245;262;134;133;410023;4105;41016
4103909;"Campina da Lagoa (PR)";790;862;472;495;175;238;410015;4104;41011
4103958;"Campina do Simão (PR)";212;180;101;69;45;28;410004;4102;41005
4104006;"Campina Grande do Sul (PR)";1737;1998;801;914;264;362;410001;4101;41002
4104055;"Campo Bonito (PR)";225;196;105;128;45;45;410006;4103;41010
4104105;"Campo do Tenente (PR)";320;298;158;146;59;62;410001;4101;41002
4104204;"Campo Largo (PR)";5595;6382;2807;3238;834;1302;410001;4101;41002
4104253;"Campo Magro (PR)";1192;1311;498;580;155;209;410001;4101;41002
4104303;"Campo Mourão (PR)";4132;5102;2148;2712;809;1220;410015;4104;41011
4104402;"Cândido de Abreu (PR)";860;749;475;436;161;164;410025;4105;41022
4104428;"Candói (PR)";681;640;330;332;108;136;410004;4102;41005
4104451;"Cantagalo (PR)";517;574;291;291;95;122;410004;4102;41005
4104501;"Capanema (PR)";1090;1166;609;699;206;341;410009;4103;41008
4104600;"Capitão Leônidas Marques (PR)";721;767;432;471;169;218;410006;4103;41010
4104659;"Carambeí (PR)";786;848;377;413;127;158;410027;4106;41003
4104709;"Carlópolis (PR)";940;942;489;480;152;224;410022;4105;41019
4104808;"Cascavel (PR)";12737;15893;6152;8153;2207;3500;410006;4103;41010
4104907;"Castro (PR)";2737;2993;1415;1651;513;675;410027;4106;41003
4105003;"Catanduvas (PR)";486;473;257;277;118;113;410006;4103;41010
4105102;"Centenário do Sul (PR)";575;635;319;348;136;169;410021;4105;41017
4105201;"Cerro Azul (PR)";797;717;414;392;172;145;410001;4101;41002
4105300;"Céu Azul (PR)";536;578;346;397;115;174;410006;4103;41010
4105409;"Chopinzinho (PR)";963;1015;555;645;196;290;410010;4103;41007
4105508;"Cianorte (PR)";3435;4094;1851;2300;838;1209;410018;4104;41013
4105607;"Cidade Gaúcha (PR)";480;533;253;285;114;166;410016;4104;41013
4105706;"Clevelândia (PR)";732;791;351;426;135;227;410010;4103;41007
4105805;"Colombo (PR)";7924;9614;3594;4616;1164;1842;410001;4101;41002
4105904;"Colorado (PR)";1208;1414;647;739;290;367;410019;4104;41015
4106001;"Congonhinhas (PR)";480;422;258;273;119;128;410024;4105;41018
4106100;"Conselheiro Mairinck (PR)";180;207;112;125;43;46;410026;4105;41019
4106209;"Contenda (PR)";868;870;438;509;136;180;410001;4101;41002
4106308;"Corbélia (PR)";777;920;464;553;157;276;410006;4103;41010
4106407;"Cornélio Procópio (PR)";2389;2905;1346;1805;579;946;410024;4105;41018
4106456;"Coronel Domingos Soares (PR)";249;186;126;106;57;32;410010;4103;41007
4106506;"Coronel Vivida (PR)";1183;1328;633;733;250;406;410010;4103;41007
4106555;"Corumbataí do Sul (PR)";239;230;139;119;61;66;410015;4104;41011
4106571;"Cruzeiro do Iguaçu (PR)";217;222;109;130;48;52;410012;4103;41008
4106605;"Cruzeiro do Oeste (PR)";1052;1236;587;699;264;355;410016;4104;41012
4106704;"Cruzeiro do Sul (PR)";227;266;133;141;60;73;410019;4104;41014
4106803;"Cruz Machado (PR)";797;814;393;431;157;211;410003;4101;41006
4106852;"Cruzmaltina (PR)";196;179;93;99;44;51;410025;4105;41022
4106902;"Curitiba (PR)";75951;101498;39818;58581;15574;30255;410001;4101;41002
4107009;"Curiúva (PR)";718;645;373;352;159;185;410028;4106;41021
4107108;"Diamante do Norte (PR)";287;304;167;201;94;116;410017;4104;41014
4107124;"Diamante do Sul (PR)";166;144;93;76;41;44;410006;4103;41010
4107157;"Diamante D'Oeste (PR)";224;229;147;142;53;62;410006;4103;41020
4107207;"Dois Vizinhos (PR)";1851;2053;890;1061;351;456;410012;4103;41008
4107256;"Douradina (PR)";410;448;235;239;102;169;410016;4104;41012
4107306;"Doutor Camargo (PR)";372;390;210;251;120;144;410014;4104;41015
4107405;"Enéas Marques (PR)";391;359;179;183;51;83;410009;4103;41008
4107504;"Engenheiro Beltrão (PR)";680;797;373;465;184;211;410015;4104;41011
4107520;"Esperança Nova (PR)";106;104;74;92;35;45;410016;4104;41012
4107538;"Entre Rios do Oeste (PR)";217;218;121;163;40;64;410013;4103;41020
4107546;"Espigão Alto do Iguaçu (PR)";257;217;151;151;52;46;410011;4103;41010
4107553;"Farol (PR)";170;159;99;102;39;47;410015;4104;41011
4107603;"Faxinal (PR)";747;809;434;525;179;224;410025;4105;41016
4107652;"Fazenda Rio Grande (PR)";3862;4649;1526;1809;391;661;410001;4101;41002
4107702;"Fênix (PR)";241;281;162;157;74;101;410015;4104;41011
4107736;"Fernandes Pinheiro (PR)";306;268;163;156;45;60;410029;4106;41004
4107751;"Figueira (PR)";419;464;244;266;115;127;410026;4105;41019
4107801;"Floraí (PR)";291;357;195;250;87;108;410014;4104;41015
4107850;"Flor da Serra do Sul (PR)";287;220;122;128;45;64;410009;4103;41008
4107900;"Floresta (PR)";414;477;207;239;100;121;410014;4104;41015
4108007;"Florestópolis (PR)";614;579;264;316;110;132;410021;4105;41017
4108106;"Flórida (PR)";157;150;75;89;30;43;410014;4104;41015
4108205;"Formosa do Oeste (PR)";462;549;284;311;140;157;410008;4103;41010
4108304;"Foz do Iguaçu (PR)";10477;12589;4744;5878;1574;2391;410007;4103;41009
4108320;"Francisco Alves (PR)";343;441;231;251;113;123;410016;4104;41012
4108403;"Francisco Beltrão (PR)";3915;4645;1971;2493;637;1070;410009;4103;41008
4108452;"Foz do Jordão (PR)";233;252;136;115;40;37;410004;4102;41005
4108502;"General Carneiro (PR)";471;480;223;260;91;108;410003;4101;41006
4108551;"Godoy Moreira (PR)";229;201;117;120;63;58;410025;4105;41022
4108601;"Goioerê (PR)";1381;1655;728;932;338;479;410015;4104;41011
4108650;"Goioxim (PR)";332;284;156;154;56;50;410004;4102;41005
4108700;"Grandes Rios (PR)";341;314;199;187;80;80;410025;4105;41016
4108809;"Guaíra (PR)";1339;1589;751;898;345;407;410008;4103;41020
4108908;"Guairaçá (PR)";283;328;168;177;82;98;410017;4104;41014
4108957;"Guamiranga (PR)";419;381;177;194;63;71;410004;4102;41004
4109005;"Guapirama (PR)";218;232;122;122;35;48;410022;4105;41019
4109104;"Guaporema (PR)";108;142;75;60;33;44;410018;4104;41013
4109203;"Guaraci (PR)";231;274;159;180;69;88;410021;4105;41017
4109302;"Guaraniaçu (PR)";782;750;415;458;198;225;410006;4103;41010
4109401;"Guarapuava (PR)";7039;8476;3466;4271;1189;1751;410004;4102;41005
4109500;"Guaraqueçaba (PR)";391;337;204;189;73;84;410002;4101;41001
4109609;"Guaratuba (PR)";2356;2598;1174;1216;329;455;410002;4101;41001
4109658;"Honório Serpa (PR)";265;271;131;137;42;57;410010;4103;41007
4109708;"Ibaiti (PR)";1434;1553;773;843;314;368;410026;4105;41019
4109757;"Ibema (PR)";280;305;159;169;65;88;410006;4103;41010
4109807;"Ibiporã (PR)";2410;2849;1319;1624;528;750;410021;4105;41017
4109906;"Icaraíma (PR)";450;518;274;307;139;151;410016;4104;41012
4110003;"Iguaraçu (PR)";235;242;125;132;60;60;410014;4104;41015
4110052;"Iguatu (PR)";114;128;74;72;34;45;410006;4103;41010
4110078;"Imbaú (PR)";622;572;348;253;108;103;410028;4106;41021
4110102;"Imbituva (PR)";1210;1186;557;656;185;254;410029;4106;41004
4110201;"Inácio Martins (PR)";458;409;217;214;69;100;410004;4102;41004
4110300;"Inajá (PR)";129;171;88;87;31;42;410019;4104;41014
4110409;"Indianópolis (PR)";240;245;145;148;78;74;410018;4104;41013
4110508;"Ipiranga (PR)";625;582;300;295;117;120;410027;4106;41003
4110607;"Iporã (PR)";821;956;463;513;234;303;410016;4104;41012
4110656;"Iracema do Oeste (PR)";129;106;61;83;38;44;410008;4103;41010
4110706;"Irati (PR)";2740;3026;1354;1655;474;781;410029;4106;41004
4110805;"Iretama (PR)";573;579;310;313;133;153;410015;4104;41011
4110904;"Itaguajé (PR)";257;287;111;121;44;76;410019;4104;41015
4110953;"Itaipulândia (PR)";470;519;270;304;74;123;410007;4103;41009
4111001;"Itambaracá (PR)";360;396;190;232;69;108;410024;4105;41018
4111100;"Itambé (PR)";310;368;189;214;82;90;410014;4104;41015
4111209;"Itapejara d'Oeste (PR)";607;640;327;353;127;173;410010;4103;41007
4111258;"Itaperuçu (PR)";970;894;465;447;149;158;410001;4101;41002
4111308;"Itaúna do Sul (PR)";187;190;104;112;54;89;410017;4104;41014
4111407;"Ivaí (PR)";579;583;354;333;84;141;410027;4106;41003
4111506;"Ivaiporã (PR)";1732;1945;944;1123;466;594;410025;4105;41022
4111555;"Ivaté (PR)";337;405;212;208;100;113;410016;4104;41012
4111605;"Ivatuba (PR)";153;201;91;94;48;57;410014;4104;41015
4111704;"Jaboti (PR)";312;292;168;174;66;68;410026;4105;41019
4111803;"Jacarezinho (PR)";1894;2159;992;1208;353;596;410022;4105;41019
4111902;"Jaguapitã (PR)";634;702;290;386;146;203;410021;4105;41017
4112009;"Jaguariaíva (PR)";1457;1518;650;757;197;273;410027;4106;41003
4112108;"Jandaia do Sul (PR)";1026;1267;622;809;288;417;410023;4105;41016
4112207;"Janiópolis (PR)";329;385;230;223;89;113;410015;4104;41011
4112306;"Japira (PR)";292;264;158;161;58;69;410026;4105;41019
4112405;"Japurá (PR)";512;584;322;322;129;205;410018;4104;41013
4112504;"Jardim Alegre (PR)";691;739;409;421;185;215;410025;4105;41022
4112603;"Jardim Olinda (PR)";66;53;22;32;14;18;410019;4104;41014
4112702;"Jataizinho (PR)";532;626;300;356;113;154;410021;4105;41017
4112751;"Jesuítas (PR)";582;601;363;421;176;181;410008;4103;41010
4112801;"Joaquim Távora (PR)";532;598;300;354;117;165;410022;4105;41019
4112900;"Jundiaí do Sul (PR)";223;199;112;118;52;55;410022;4105;41019
4112959;"Juranda (PR)";355;408;193;229;93;98;410015;4104;41011
4113007;"Jussara (PR)";336;329;181;219;80;100;410018;4104;41013
4113106;"Kaloré (PR)";276;287;168;188;92;105;410023;4105;41016
4113205;"Lapa (PR)";2177;2309;1120;1253;366;532;410001;4101;41002
4113254;"Laranjal (PR)";252;220;116;123;65;38;410005;4102;41005
4113304;"Laranjeiras do Sul (PR)";1466;1576;709;811;288;401;410011;4103;41005
4113403;"Leópolis (PR)";267;263;135;148;46;53;410024;4105;41018
4113429;"Lidianópolis (PR)";220;250;164;150;60;87;410025;4105;41022
4113452;"Lindoeste (PR)";279;288;191;159;65;56;410006;4103;41010
4113502;"Loanda (PR)";975;1137;542;667;256;332;410020;4104;41014
4113601;"Lobato (PR)";259;283;100;127;51;74;410019;4104;41015
4113700;"Londrina (PR)";23813;30956;13302;18633;5812;9432;410021;4105;41017
4113734;"Luiziana (PR)";304;325;169;184;83;78;410015;4104;41011
4113759;"Lunardelli (PR)";315;318;192;192;71;97;410025;4105;41022
4113809;"Lupionópolis (PR)";237;237;130;144;65;104;410021;4105;41017
4113908;"Mallet (PR)";716;676;337;383;83;183;410029;4106;41004
4114005;"Mamborê (PR)";709;828;391;407;144;183;410015;4104;41011
4114104;"Mandaguaçu (PR)";1208;1308;603;678;243;346;410014;4104;41015
4114203;"Mandaguari (PR)";1776;2005;957;1237;414;611;410014;4104;41015
4114302;"Mandirituba (PR)";1476;1399;662;633;226;265;410001;4101;41002
4114351;"Manfrinópolis (PR)";160;155;82;81;24;39;410009;4103;41008
4114401;"Mangueirinha (PR)";718;786;413;396;131;174;410010;4103;41007
4114500;"Manoel Ribas (PR)";644;672;355;358;130;170;410025;4105;41022
4114609;"Marechal Cândido Rondon (PR)";2350;2760;1335;1640;470;838;410013;4103;41020
4114708;"Maria Helena (PR)";333;313;177;191;93;114;410016;4104;41012
4114807;"Marialva (PR)";1866;2247;1086;1270;427;541;410014;4104;41015
4114906;"Marilândia do Sul (PR)";463;463;245;240;116;126;410023;4105;41016
4115002;"Marilena (PR)";356;361;210;221;110;110;410017;4104;41014
4115101;"Mariluz (PR)";439;445;243;294;129;141;410016;4104;41012
4115200;"Maringá (PR)";17788;22883;10044;13546;4143;6600;410014;4104;41015
4115309;"Mariópolis (PR)";390;394;203;214;58;82;410010;4103;41007
4115358;"Maripá (PR)";312;349;197;220;76;94;410008;4103;41020
4115408;"Marmeleiro (PR)";760;771;454;495;171;221;410009;4103;41008
4115457;"Marquinho (PR)";251;231;137;127;50;45;410011;4103;41005
4115507;"Marumbi (PR)";261;284;127;137;60;94;410023;4105;41016
4115606;"Matelândia (PR)";771;864;409;473;170;243;410006;4103;41009
4115705;"Matinhos (PR)";2230;2655;1158;1207;297;407;410002;4101;41001
4115739;"Mato Rico (PR)";234;195;96;69;41;35;410005;4102;41022
4115754;"Mauá da Serra (PR)";352;348;157;172;62;81;410023;4105;41016
4115804;"Medianeira (PR)";2085;2491;1066;1280;378;596;410007;4103;41009
4115853;"Mercedes (PR)";272;312;153;183;73;95;410013;4103;41020
4115903;"Mirador (PR)";118;112;53;51;23;29;410017;4104;41014
4116000;"Miraselva (PR)";115;116;74;83;25;37;410021;4105;41017
4116059;"Missal (PR)";598;605;382;434;142;192;410007;4103;41009
4116109;"Moreira Sales (PR)";691;750;340;370;202;249;410015;4104;41011
4116208;"Morretes (PR)";934;962;507;525;179;254;410002;4101;41001
4116307;"Munhoz de Melo (PR)";206;207;134;151;70;82;410014;4104;41015
4116406;"Nossa Senhora das Graças (PR)";213;218;93;109;37;51;410019;4104;41015
4116505;"Nova Aliança do Ivaí (PR)";72;71;28;36;20;16;410017;4104;41014
4116604;"Nova América da Colina (PR)";180;163;93;111;43;54;410024;4105;41018
4116703;"Nova Aurora (PR)";677;733;389;455;159;224;410006;4103;41010
4116802;"Nova Cantu (PR)";362;341;192;215;93;100;410015;4104;41011
4116901;"Nova Esperança (PR)";1378;1567;692;921;301;469;410014;4104;41015
4116950;"Nova Esperança do Sudoeste (PR)";291;277;136;149;39;73;410009;4103;41008
4117008;"Nova Fátima (PR)";402;449;233;248;97;117;410024;4105;41018
4117057;"Nova Laranjeiras (PR)";543;495;265;271;127;144;410011;4103;41005
4117107;"Nova Londrina (PR)";588;670;294;410;160;179;410017;4104;41014
4117206;"Nova Olímpia (PR)";306;350;180;191;78;114;410016;4104;41012
4117214;"Nova Santa Bárbara (PR)";191;222;115;149;70;66;410024;4105;41018
4117222;"Nova Santa Rosa (PR)";431;413;236;289;83;140;410013;4103;41020
4117255;"Nova Prata do Iguaçu (PR)";557;621;321;376;113;141;410012;4103;41008
4117271;"Nova Tebas (PR)";410;411;225;205;107;108;410005;4102;41022
4117297;"Novo Itacolomi (PR)";185;172;104;111;46;51;410023;4105;41016
4117305;"Ortigueira (PR)";1131;1066;645;579;232;231;410028;4106;41021
4117404;"Ourizona (PR)";187;196;97;114;58;69;410014;4104;41015
4117453;"Ouro Verde do Oeste (PR)";290;306;167;187;73;82;410008;4103;41020
4117503;"Paiçandu (PR)";1778;2074;828;1041;356;444;410014;4104;41015
4117602;"Palmas (PR)";1688;1904;769;947;272;352;410010;4103;41007
4117701;"Palmeira (PR)";1528;1643;745;833;268;396;410027;4106;41003
4117800;"Palmital (PR)";648;666;350;376;125;121;410005;4102;41005
4117909;"Palotina (PR)";1372;1515;787;1034;341;508;410008;4103;41020
4118006;"Paraíso do Norte (PR)";522;617;309;355;129;193;410017;4104;41014
4118105;"Paranacity (PR)";448;440;229;260;104;141;410019;4104;41015
4118204;"Paranaguá (PR)";5636;6222;2459;3256;893;1469;410002;4101;41001
4118303;"Paranapoema (PR)";107;140;59;55;19;34;410019;4104;41014
4118402;"Paranavaí (PR)";4074;5008;2175;2927;970;1526;410017;4104;41014
4118451;"Pato Bragado (PR)";272;282;157;202;60;84;410013;4103;41020
4118501;"Pato Branco (PR)";3541;4473;1785;2279;619;1103;410010;4103;41007
4118600;"Paula Freitas (PR)";318;299;142;153;60;70;410003;4101;41006
4118709;"Paulo Frontin (PR)";371;334;184;204;47;80;410003;4101;41006
4118808;"Peabiru (PR)";628;731;351;410;140;213;410015;4104;41011
4118857;"Perobal (PR)";304;380;199;204;94;103;410016;4104;41012
4118907;"Pérola (PR)";629;730;367;386;188;215;410016;4104;41012
4119004;"Pérola d'Oeste (PR)";417;417;224;253;90;98;410009;4103;41008
4119103;"Piên (PR)";591;586;270;287;80;101;410001;4101;41002
4119152;"Pinhais (PR)";4768;6044;2317;3175;668;1242;410001;4101;41002
4119202;"Pinhalão (PR)";395;379;202;199;72;96;410026;4105;41019
4119251;"Pinhal de São Bento (PR)";177;135;73;93;25;30;410009;4103;41008
4119301;"Pinhão (PR)";1206;1287;625;604;228;205;410004;4102;41005
4119400;"Piraí do Sul (PR)";990;1094;524;632;231;306;410027;4106;41003
4119509;"Piraquara (PR)";3489;4119;1376;1834;442;682;410001;4101;41002
4119608;"Pitanga (PR)";1497;1593;823;895;313;368;410005;4102;41005
4119657;"Pitangueiras (PR)";163;157;76;82;37;40;410021;4105;41017
4119707;"Planaltina do Paraná (PR)";198;205;105;113;74;74;410017;4104;41014
4119806;"Planalto (PR)";842;878;460;500;153;248;410009;4103;41008
4119905;"Ponta Grossa (PR)";13456;17014;6701;9051;2246;4184;410027;4106;41003
4119954;"Pontal do Paraná (PR)";1870;2158;990;991;252;320;410002;4101;41001
4120002;"Porecatu (PR)";615;722;376;491;175;218;410021;4105;41017
4120101;"Porto Amazonas (PR)";193;210;96;107;30;52;410027;4106;41003
4120150;"Porto Barreiro (PR)";208;165;99;96;27;37;410011;4103;41005
4120200;"Porto Rico (PR)";155;148;67;76;22;32;410020;4104;41014
4120309;"Porto Vitória (PR)";180;189;105;111;37;58;410003;4101;41006
4120333;"Prado Ferreira (PR)";169;193;106;115;50;45;410021;4105;41017
4120358;"Pranchita (PR)";317;318;163;207;66;109;410009;4103;41008
4120408;"Presidente Castelo Branco (PR)";213;243;99;107;39;51;410014;4104;41015
4120507;"Primeiro de Maio (PR)";663;676;345;400;136;209;410021;4105;41017
4120606;"Prudentópolis (PR)";2407;2418;1228;1412;368;659;410004;4102;41005
4120655;"Quarto Centenário (PR)";236;223;82;121;64;60;410015;4104;41011
4120705;"Quatiguá (PR)";420;483;238;285;102;130;410022;4105;41019
4120804;"Quatro Barras (PR)";907;1036;442;487;142;206;410001;4101;41002
4120853;"Quatro Pontes (PR)";263;246;129;158;57;92;410013;4103;41020
4120903;"Quedas do Iguaçu (PR)";1348;1433;757;769;247;357;410011;4103;41010
4121000;"Querência do Norte (PR)";525;516;260;300;121;131;410020;4104;41014
4121109;"Quinta do Sol (PR)";251;250;143;183;74;72;410015;4104;41011
4121208;"Quitandinha (PR)";1005;956;528;502;166;161;410001;4101;41002
4121257;"Ramilândia (PR)";188;186;114;85;39;51;410006;4103;41009
4121307;"Rancho Alegre (PR)";211;235;150;154;54;83;410024;4105;41018
4121356;"Rancho Alegre D'Oeste (PR)";137;141;63;83;38;50;410015;4104;41011
4121406;"Realeza (PR)";855;992;510;593;200;288;410009;4103;41008
4121505;"Rebouças (PR)";739;714;360;428;131;149;410029;4106;41004
4121604;"Renascença (PR)";384;372;185;189;55;119;410009;4103;41008
4121703;"Reserva (PR)";1087;1015;609;607;227;257;410028;4106;41021
4121752;"Reserva do Iguaçu (PR)";320;247;122;110;42;37;410004;4102;41005
4121802;"Ribeirão Claro (PR)";685;672;394;426;141;217;410022;4105;41019
4121901;"Ribeirão do Pinhal (PR)";709;719;348;426;167;212;410022;4105;41018
4122008;"Rio Azul (PR)";648;627;343;377;97;145;410029;4106;41004
4122107;"Rio Bom (PR)";213;200;108;111;68;75;410023;4105;41016
4122156;"Rio Bonito do Iguaçu (PR)";643;590;316;285;99;93;410011;4103;41005
4122172;"Rio Branco do Ivaí (PR)";184;190;93;88;41;46;410025;4105;41022
4122206;"Rio Branco do Sul (PR)";1521;1423;670;636;220;257;410001;4101;41002
4122305;"Rio Negro (PR)";1394;1547;739;904;237;384;410001;4101;41002
4122404;"Rolândia (PR)";2841;3433;1663;2001;653;1009;410021;4105;41017
4122503;"Roncador (PR)";562;593;314;304;126;155;410015;4104;41011
4122602;"Rondon (PR)";400;429;235;259;122;141;410018;4104;41013
4122651;"Rosário do Ivaí (PR)";302;288;195;199;102;95;410025;4105;41022
4122701;"Sabáudia (PR)";397;425;224;206;80;111;410021;4105;41016
4122800;"Salgado Filho (PR)";213;229;105;111;52;66;410009;4103;41008
4122909;"Salto do Itararé (PR)";322;339;194;184;55;68;410022;4105;41019
4123006;"Salto do Lontra (PR)";790;809;415;400;139;192;410012;4103;41008
4123105;"Santa Amélia (PR)";214;216;120;117;35;68;410024;4105;41018
4123204;"Santa Cecília do Pavão (PR)";205;193;111;135;47;61;410024;4105;41018
4123303;"Santa Cruz de Monte Castelo (PR)";462;508;255;246;95;149;410020;4104;41014
4123402;"Santa Fé (PR)";591;686;302;362;151;223;410014;4104;41015
4123501;"Santa Helena (PR)";1186;1328;714;801;237;363;410008;4103;41020
4123600;"Santa Inês (PR)";99;102;60;74;22;22;410019;4104;41015
4123709;"Santa Isabel do Ivaí (PR)";483;539;257;311;138;167;410020;4104;41014
4123808;"Santa Izabel do Oeste (PR)";731;770;371;406;158;203;410009;4103;41008
4123824;"Santa Lúcia (PR)";190;218;127;132;63;65;410006;4103;41010
4123857;"Santa Maria do Oeste (PR)";533;505;296;264;99;91;410005;4102;41022
4123907;"Santa Mariana (PR)";668;722;392;466;146;246;410024;4105;41018
4123956;"Santa Mônica (PR)";169;173;101;94;44;54;410020;4104;41014
4124004;"Santana do Itararé (PR)";327;305;167;161;59;75;410022;4105;41019
4124020;"Santa Tereza do Oeste (PR)";506;544;262;308;95;120;410006;4103;41010
4124053;"Santa Terezinha de Itaipu (PR)";1070;1299;569;687;198;272;410007;4103;41009
4124103;"Santo Antônio da Platina (PR)";2074;2303;1180;1353;415;629;410022;4105;41019
4124202;"Santo Antônio do Caiuá (PR)";141;152;58;93;43;53;410017;4104;41014
4124301;"Santo Antônio do Paraíso (PR)";155;129;66;82;23;34;410024;4105;41018
4124400;"Santo Antônio do Sudoeste (PR)";1144;1168;593;658;241;315;410009;4103;41008
4124509;"Santo Inácio (PR)";284;298;160;167;53;90;410019;4104;41015
4124608;"São Carlos do Ivaí (PR)";289;318;166;183;70;100;410017;4104;41014
4124707;"São Jerônimo da Serra (PR)";584;540;309;284;142;163;410024;4105;41018
4124806;"São João (PR)";646;707;357;374;123;192;410010;4103;41007
4124905;"São João do Caiuá (PR)";291;302;122;182;74;115;410017;4104;41014
4125001;"São João do Ivaí (PR)";653;699;382;444;177;220;410025;4105;41022
4125100;"São João do Triunfo (PR)";653;569;308;306;92;125;410027;4106;41003
4125209;"São Jorge d'Oeste (PR)";542;550;285;283;95;163;410012;4103;41008
4125308;"São Jorge do Ivaí (PR)";315;312;187;232;97;112;410014;4104;41015
4125357;"São Jorge do Patrocínio (PR)";383;397;235;228;113;111;410016;4104;41012
4125407;"São José da Boa Vista (PR)";374;360;200;166;80;89;410022;4105;41019
4125456;"São José das Palmeiras (PR)";200;202;129;138;61;35;410008;4103;41020
4125506;"São José dos Pinhais (PR)";10915;13181;4790;6214;1506;2426;410001;4101;41002
4125555;"São Manoel do Paraná (PR)";125;141;67;73;37;41;410018;4104;41013
4125605;"São Mateus do Sul (PR)";1887;1914;906;1066;350;469;410003;4101;41006
4125704;"São Miguel do Iguaçu (PR)";1281;1470;747;789;276;352;410007;4103;41009
4125753;"São Pedro do Iguaçu (PR)";307;370;198;210;78;87;410008;4103;41020
4125803;"São Pedro do Ivaí (PR)";444;534;248;321;116;141;410023;4105;41016
4125902;"São Pedro do Paraná (PR)";143;139;74;98;32;37;410020;4104;41014
4126009;"São Sebastião da Amoreira (PR)";411;437;212;297;98;114;410024;4105;41018
4126108;"São Tomé (PR)";262;304;152;130;60;74;410018;4104;41013
4126207;"Sapopema (PR)";329;316;216;198;86;87;410024;4105;41018
4126256;"Sarandi (PR)";3894;4806;1969;2471;634;938;410014;4104;41015
4126272;"Saudade do Iguaçu (PR)";288;277;141;152;50;72;410010;4103;41007
4126306;"Sengés (PR)";791;706;365;369;151;145;410027;4106;41003
4126355;"Serranópolis do Iguaçu (PR)";285;298;160;209;69;109;410007;4103;41009
4126405;"Sertaneja (PR)";338;400;203;211;79;126;410024;4105;41018
4126504;"Sertanópolis (PR)";813;934;457;521;200;289;410021;4105;41017
4126603;"Siqueira Campos (PR)";1117;1140;532;632;224;270;410022;4105;41019
4126652;"Sulina (PR)";215;189;114;132;49;62;410010;4103;41007
4126678;"Tamarana (PR)";482;467;277;285;133;106;410021;4105;41017
4126702;"Tamboara (PR)";262;295;136;158;65;75;410017;4104;41014
4126801;"Tapejara (PR)";701;748;333;407;170;226;410018;4104;41013
4126900;"Tapira (PR)";331;369;192;215;119;120;410016;4104;41012
4127007;"Teixeira Soares (PR)";474;409;217;232;97;95;410029;4106;41004
4127106;"Telêmaco Borba (PR)";2835;3265;1444;1761;557;748;410028;4106;41021
4127205;"Terra Boa (PR)";838;865;409;567;230;295;410018;4104;41011
4127304;"Terra Rica (PR)";706;828;417;480;207;256;410017;4104;41014
4127403;"Terra Roxa (PR)";878;991;477;574;235;305;410008;4103;41020
4127502;"Tibagi (PR)";922;908;436;422;175;205;410028;4106;41021
4127601;"Tijucas do Sul (PR)";928;817;443;411;167;170;410001;4101;41002
4127700;"Toledo (PR)";6059;6823;2811;3587;1166;1769;410008;4103;41020
4127809;"Tomazina (PR)";518;506;292;279;99;120;410022;4105;41019
4127858;"Três Barras do Paraná (PR)";581;547;306;330;122;143;410006;4103;41010
4127882;"Tunas do Paraná (PR)";225;200;106;89;32;41;410001;4101;41002
4127908;"Tuneiras do Oeste (PR)";395;427;215;247;112;115;410018;4104;41013
4127957;"Tupãssi (PR)";431;491;311;318;141;124;410008;4103;41020
4127965;"Turvo (PR)";631;645;342;339;124;124;410004;4102;41005
4128005;"Ubiratã (PR)";1160;1403;607;726;270;394;410015;4104;41011
4128104;"Umuarama (PR)";4926;6268;2704;3531;1267;1702;410016;4104;41012
4128203;"União da Vitória (PR)";2323;2707;1153;1509;443;816;410003;4101;41006
4128302;"Uniflor (PR)";108;110;70;86;31;39;410014;4104;41015
4128401;"Uraí (PR)";630;672;391;434;172;247;410024;4105;41018
4128500;"Wenceslau Braz (PR)";907;1045;536;560;195;272;410022;4105;41019
4128534;"Ventania (PR)";416;394;233;191;90;81;410028;4106;41021
4128559;"Vera Cruz do Oeste (PR)";472;506;250;286;117;138;410006;4103;41010
4128609;"Verê (PR)";459;493;254;270;95;126;410009;4103;41008
4128625;"Alto Paraíso (PR)";159;174;85;81;40;43;410016;4104;41012
4128633;"Doutor Ulysses (PR)";259;233;143;128;63;55;410001;4101;41002
4128658;"Virmond (PR)";192;182;123;118;31;48;410011;4103;41005
4128708;"Vitorino (PR)";404;401;220;251;77;108;410010;4103;41007
4128807;"Xambrê (PR)";328;362;190;246;101;123;410016;4104;41012
4200051;"Abdon Batista (SC)";174;154;94;105;30;24;420008;4204;42008
4200101;"Abelardo Luz (SC)";771;757;380;409;119;162;420011;4204;42003
4200200;"Agrolândia (SC)";480;450;229;298;83;139;420022;4207;42004
4200309;"Agronômica (SC)";302;301;139;166;36;57;420022;4207;42004
4200408;"Água Doce (SC)";345;334;192;212;77;122;420008;4204;42008
4200507;"Águas de Chapecó (SC)";384;388;175;169;72;91;420007;4204;42002
4200556;"Águas Frias (SC)";171;149;88;98;29;44;420007;4204;42002
4200606;"Águas Mornas (SC)";383;314;194;204;81;86;420001;4201;42007
4200705;"Alfredo Wagner (SC)";572;534;292;291;74;113;420001;4201;42007
4200754;"Alto Bela Vista (SC)";146;132;90;105;29;46;420010;4204;42010
4200804;"Anchieta (SC)";394;364;201;213;76;121;420009;4204;42001
4200903;"Angelina (SC)";337;310;170;180;86;109;420001;4201;42007
4201000;"Anita Garibaldi (SC)";483;478;259;271;81;136;420005;4203;42013
4201109;"Anitápolis (SC)";229;198;114;135;44;53;420001;4201;42007
4201208;"Antônio Carlos (SC)";496;454;263;305;130;170;420001;4201;42007
4201257;"Apiúna (SC)";465;490;237;236;72;112;420019;4207;42006
4201273;"Arabutã (SC)";270;267;192;204;45;94;420010;4204;42010
4201307;"Araquari (SC)";1281;1291;484;566;161;236;420016;4206;42011
4201406;"Araranguá (SC)";3130;3685;1556;1956;496;844;420004;4202;42014
4201505;"Armazém (SC)";434;413;241;256;69;126;420003;4202;42016
4201604;"Arroio Trinta (SC)";226;230;141;156;48;55;420015;4205;42009
4201653;"Arvoredo (SC)";172;139;88;76;26;49;420007;4204;42002
4201703;"Ascurra (SC)";390;429;219;259;84;121;420019;4207;42006
4201802;"Atalanta (SC)";192;183;99;110;27;37;420022;4207;42004
4201901;"Aurora (SC)";363;334;167;182;55;76;420022;4207;42004
4201950;"Balneário Arroio do Silva (SC)";1043;1165;557;562;151;196;420004;4202;42014
4202008;"Balneário Camboriú (SC)";5973;8225;3437;4614;1248;2098;420020;4207;42005
4202057;"Balneário Barra do Sul (SC)";1157;1206;612;601;183;210;420016;4206;42011
4202073;"Balneário Gaivota (SC)";1024;1104;507;518;150;217;420004;4202;42014
4202081;"Bandeirante (SC)";204;191;112;106;33;59;420009;4204;42001
4202099;"Barra Bonita (SC)";119;104;70;71;36;34;420009;4204;42001
4202107;"Barra Velha (SC)";2104;2415;1085;1095;253;470;420020;4207;42017
4202131;"Bela Vista do Toldo (SC)";307;280;146;118;37;59;420017;4206;42012
4202156;"Belmonte (SC)";171;141;83;91;31;53;420009;4204;42001
4202206;"Benedito Novo (SC)";556;570;304;309;99;138;420019;4207;42006
4202305;"Biguaçu (SC)";2937;3313;1292;1650;435;737;420001;4201;42007
4202404;"Blumenau (SC)";14370;17358;6752;9395;2297;4588;420019;4207;42006
4202438;"Bocaina do Sul (SC)";206;205;111;92;48;42;420005;4203;42013
4202453;"Bombinhas (SC)";1054;1162;498;509;115;190;420020;4207;42005
4202503;"Bom Jardim da Serra (SC)";220;184;85;114;49;40;420005;4203;42013
4202537;"Bom Jesus (SC)";144;135;76;54;29;26;420011;4204;42003
4202578;"Bom Jesus do Oeste (SC)";135;130;99;88;36;46;420012;4204;42001
4202602;"Bom Retiro (SC)";392;402;211;219;78;92;420005;4203;42013
4202701;"Botuverá (SC)";289;262;147;153;60;83;420021;4207;42006
4202800;"Braço do Norte (SC)";1254;1408;610;753;188;326;420003;4202;42016
4202859;"Braço do Trombudo (SC)";175;207;127;139;36;67;420022;4207;42004
4202875;"Brunópolis (SC)";135;132;82;73;41;32;420006;4203;42008
4202909;"Brusque (SC)";5213;5936;2225;2994;774;1438;420021;4207;42006
4203006;"Caçador (SC)";2807;3173;1391;1667;457;726;420014;4205;42009
4203105;"Caibi (SC)";407;379;178;217;69;112;420007;4204;42002
4203154;"Calmon (SC)";142;120;57;55;27;23;420014;4205;42009
4203204;"Camboriú (SC)";2895;3503;1106;1485;313;543;420020;4207;42005
4203253;"Capão Alto (SC)";191;168;99;73;42;27;420005;4203;42013
4203303;"Campo Alegre (SC)";668;668;332;346;93;186;420018;4206;42012
4203402;"Campo Belo do Sul (SC)";418;383;206;202;95;82;420005;4203;42013
4203501;"Campo Erê (SC)";431;456;247;294;98;123;420013;4204;42003
4203600;"Campos Novos (SC)";1609;1669;769;916;278;390;420008;4204;42008
4203709;"Canelinha (SC)";568;533;258;319;86;122;420021;4207;42007
4203808;"Canoinhas (SC)";2410;2641;1122;1489;391;650;420017;4206;42012
4203907;"Capinzal (SC)";926;1003;451;575;152;305;420008;4204;42008
4203956;"Capivari de Baixo (SC)";1018;1286;466;664;158;295;420003;4202;42016
4204004;"Catanduvas (SC)";422;471;228;244;78;122;420008;4204;42008
4204103;"Caxambu do Sul (SC)";308;296;189;182;46;84;420007;4204;42002
4204152;"Celso Ramos (SC)";177;152;90;93;36;30;420008;4204;42008
4204178;"Cerro Negro (SC)";191;155;105;97;56;53;420005;4203;42013
4204194;"Chapadão do Lageado (SC)";156;156;77;61;27;35;420024;4207;42004
4204202;"Chapecó (SC)";8176;9546;3818;5022;1291;2164;420007;4204;42002
4204251;"Cocal do Sul (SC)";851;967;383;467;100;187;420002;4202;42015
4204301;"Concórdia (SC)";3707;4167;2059;2485;720;1222;420010;4204;42010
4204350;"Cordilheira Alta (SC)";261;246;131;156;34;56;420007;4204;42002
4204400;"Coronel Freitas (SC)";585;594;309;364;128;177;420007;4204;42002
4204459;"Coronel Martins (SC)";135;113;64;72;29;35;420011;4204;42003
4204509;"Corupá (SC)";672;718;339;417;130;232;420016;4206;42017
4204558;"Correia Pinto (SC)";711;707;384;416;130;133;420005;4203;42013
4204608;"Criciúma (SC)";9324;11165;3982;5651;1290;2311;420002;4202;42015
4204707;"Cunha Porã (SC)";607;681;367;432;101;195;420012;4204;42002
4204756;"Cunhataí (SC)";124;124;64;64;20;32;420007;4204;42002
4204806;"Curitibanos (SC)";1632;1860;814;1103;358;481;420006;4203;42009
4204905;"Descanso (SC)";582;563;332;350;105;190;420009;4204;42001
4205001;"Dionísio Cerqueira (SC)";760;781;370;426;135;176;420009;4204;42001
4205100;"Dona Emma (SC)";201;181;103;122;42;46;420023;4207;42004
4205159;"Doutor Pedrinho (SC)";197;193;113;123;50;91;420019;4207;42006
4205175;"Entre Rios (SC)";145;137;68;49;35;48;420011;4204;42003
4205191;"Ermo (SC)";131;129;61;71;22;26;420004;4202;42014
4205209;"Erval Velho (SC)";291;291;185;212;66;120;420008;4204;42008
4205308;"Faxinal dos Guedes (SC)";556;556;254;297;99;123;420011;4204;42003
4205357;"Flor do Sertão (SC)";110;108;63;75;21;37;420009;4204;42001
4205407;"Florianópolis (SC)";22271;28928;11876;15982;4383;8238;420001;4201;42007
4205431;"Formosa do Sul (SC)";151;140;90;95;47;54;420007;4204;42002
4205456;"Forquilhinha (SC)";1077;1157;449;499;134;261;420002;4202;42015
4205506;"Fraiburgo (SC)";1428;1600;702;809;233;362;420015;4205;42009
4205555;"Frei Rogério (SC)";154;121;75;68;26;35;420006;4203;42009
4205605;"Galvão (SC)";202;195;105;105;33;60;420013;4204;42003
4205704;"Garopaba (SC)";1376;1597;675;764;228;366;420001;4201;42007
4205803;"Garuva (SC)";722;715;324;346;119;144;420016;4206;42011
4205902;"Gaspar (SC)";2920;3325;1245;1594;397;680;420019;4207;42006
4206009;"Governador Celso Ramos (SC)";966;970;465;443;143;204;420001;4201;42007
4206108;"Grão-Pará (SC)";328;315;165;180;63;78;420003;4202;42016
4206207;"Gravatal (SC)";628;695;343;387;105;172;420003;4202;42016
4206306;"Guabiruba (SC)";1064;1039;414;508;123;217;420021;4207;42006
4206405;"Guaraciaba (SC)";677;687;362;403;132;206;420009;4204;42001
4206504;"Guaramirim (SC)";1446;1564;660;780;221;325;420016;4206;42017
4206603;"Guarujá do Sul (SC)";304;330;162;172;59;100;420009;4204;42001
4206652;"Guatambú (SC)";374;345;195;173;51;60;420007;4204;42002
4206702;"Herval d'Oeste (SC)";1047;1244;562;611;196;329;420008;4204;42008
4206751;"Ibiam (SC)";121;116;71;80;21;26;420015;4205;42009
4206801;"Ibicaré (SC)";253;208;121;137;48;80;420008;4204;42008
4206900;"Ibirama (SC)";861;925;439;509;172;241;420023;4207;42004
4207007;"Içara (SC)";2559;2853;1050;1272;312;507;420002;4202;42015
4207106;"Ilhota (SC)";707;695;305;320;111;157;420019;4207;42005
4207205;"Imaruí (SC)";842;771;461;483;167;217;420003;4202;42016
4207304;"Imbituba (SC)";2717;3034;1371;1626;431;757;420001;4201;42016
4207403;"Imbuia (SC)";312;311;138;162;35;55;420024;4207;42004
4207502;"Indaial (SC)";2562;2943;1196;1545;375;704;420019;4207;42006
4207577;"Iomerê (SC)";176;158;117;127;50;64;420015;4205;42009
4207601;"Ipira (SC)";283;287;152;197;73;112;420010;4204;42010
4207650;"Iporã do Oeste (SC)";581;586;279;293;117;182;420009;4204;42001
4207684;"Ipuaçu (SC)";282;280;160;142;68;85;420011;4204;42003
4207700;"Ipumirim (SC)";432;416;233;260;70;114;420010;4204;42010
4207759;"Iraceminha (SC)";249;242;158;173;61;78;420012;4204;42001
4207809;"Irani (SC)";472;490;258;257;88;115;420010;4204;42010
4207858;"Irati (SC)";132;126;62;76;19;34;420007;4204;42002
4207908;"Irineópolis (SC)";481;441;231;251;79;110;420017;4206;42012
4208005;"Itá (SC)";399;391;227;249;81;120;420010;4204;42010
4208104;"Itaiópolis (SC)";948;948;474;551;154;233;420017;4206;42012
4208203;"Itajaí (SC)";8577;10452;3667;5168;1233;2438;420020;4207;42005
4208302;"Itapema (SC)";3014;3646;1453;1668;425;617;420020;4207;42005
4208401;"Itapiranga (SC)";865;809;419;436;135;227;420009;4204;42001
4208450;"Itapoá (SC)";1757;2012;918;873;207;276;420016;4206;42011
4208500;"Ituporanga (SC)";1109;1172;571;684;171;295;420024;4207;42004
4208609;"Jaborá (SC)";265;258;150;177;54;91;420008;4204;42008
4208708;"Jacinto Machado (SC)";566;576;306;358;148;175;420004;4202;42014
4208807;"Jaguaruna (SC)";1263;1342;680;709;190;252;420003;4202;42016
4208906;"Jaraguá do Sul (SC)";6512;7494;2916;3699;943;1673;420016;4206;42017
4208955;"Jardinópolis (SC)";115;99;46;57;22;28;420007;4204;42002
4209003;"Joaçaba (SC)";1405;1633;726;876;310;513;420008;4204;42008
4209102;"Joinville (SC)";23383;27659;10698;14287;3474;6425;420016;4206;42011
4209151;"José Boiteux (SC)";246;241;150;136;58;65;420023;4207;42004
4209177;"Jupiá (SC)";144;126;78;85;33;38;420013;4204;42003
4209201;"Lacerdópolis (SC)";130;121;84;104;42;63;420008;4204;42008
4209300;"Lages (SC)";6866;8401;3550;4792;1369;2151;420005;4203;42013
4209409;"Laguna (SC)";2498;2766;1383;1717;441;708;420003;4202;42016
4209458;"Lajeado Grande (SC)";105;104;55;61;19;29;420007;4204;42003
4209508;"Laurentino (SC)";404;393;174;198;64;106;420022;4207;42004
4209607;"Lauro Müller (SC)";731;745;329;436;123;223;420002;4202;42015
4209706;"Lebon Régis (SC)";487;497;246;249;74;96;420014;4205;42009
4209805;"Leoberto Leal (SC)";197;181;94;92;45;51;420024;4207;42007
4209854;"Lindóia do Sul (SC)";290;270;165;171;44;89;420010;4204;42010
4209904;"Lontras (SC)";540;609;259;322;99;164;420022;4207;42004
4210001;"Luiz Alves (SC)";544;498;230;255;65;113;420020;4207;42005
4210035;"Luzerna (SC)";330;359;201;222;80;140;420008;4204;42008
4210050;"Macieira (SC)";101;108;64;66;19;23;420014;4205;42009
4210100;"Mafra (SC)";2593;2888;1209;1561;397;714;420017;4206;42012
4210209;"Major Gercino (SC)";197;174;109;125;35;50;420021;4207;42007
4210308;"Major Vieira (SC)";402;372;173;190;67;84;420017;4206;42012
4210407;"Maracajá (SC)";384;408;163;181;49;83;420004;4202;42014
4210506;"Maravilha (SC)";1216;1315;636;774;236;409;420012;4204;42001
4210555;"Marema (SC)";148;135;87;82;39;53;420007;4204;42003
4210605;"Massaranduba (SC)";855;817;453;507;189;238;420016;4206;42017
4210704;"Matos Costa (SC)";125;135;78;67;20;32;420014;4205;42009
4210803;"Meleiro (SC)";356;383;228;230;78;144;420004;4202;42014
4210852;"Mirim Doce (SC)";134;118;91;89;28;36;420022;4207;42004
4210902;"Modelo (SC)";217;211;105;147;50;67;420007;4204;42001
4211009;"Mondaí (SC)";522;566;293;304;101;155;420007;4204;42001
4211058;"Monte Carlo (SC)";370;353;152;184;66;74;420015;4205;42008
4211108;"Monte Castelo (SC)";369;356;142;176;63;88;420017;4206;42012
4211207;"Morro da Fumaça (SC)";785;849;329;402;100;172;420002;4202;42015
4211256;"Morro Grande (SC)";181;160;85;90;31;45;420002;4202;42014
4211306;"Navegantes (SC)";3207;3733;1471;1693;394;667;420020;4207;42005
4211405;"Nova Erechim (SC)";267;275;130;148;51;73;420007;4204;42002
4211454;"Nova Itaberaba (SC)";294;255;119;120;48;80;420007;4204;42002
4211504;"Nova Trento (SC)";745;709;329;399;155;222;420021;4207;42007
4211603;"Nova Veneza (SC)";685;726;355;387;139;202;420002;4202;42015
4211652;"Novo Horizonte (SC)";174;171;104;91;30;36;420013;4204;42003
4211702;"Orleans (SC)";1086;1169;526;682;188;275;420002;4202;42015
4211751;"Otacílio Costa (SC)";685;760;389;423;124;167;420005;4203;42013
4211801;"Ouro (SC)";439;420;218;261;70;148;420008;4204;42008
4211850;"Ouro Verde (SC)";129;131;63;52;21;26;420011;4204;42003
4211876;"Paial (SC)";145;122;60;63;23;34;420007;4204;42002
4211892;"Painel (SC)";143;132;88;64;30;37;420005;4203;42013
4211900;"Palhoça (SC)";7463;8933;3205;4185;907;1609;420001;4201;42007
4212007;"Palma Sola (SC)";386;352;193;212;72;98;420009;4204;42001
4212056;"Palmeira (SC)";172;147;87;76;39;29;420005;4203;42013
4212106;"Palmitos (SC)";914;952;545;616;175;310;420007;4204;42002
4212205;"Papanduva (SC)";842;908;402;427;129;170;420017;4206;42012
4212239;"Paraíso (SC)";275;242;136;159;48;77;420009;4204;42001
4212254;"Passo de Torres (SC)";721;699;330;327;97;113;420004;4202;42014
4212270;"Passos Maia (SC)";200;193;114;91;35;45;420011;4204;42003
4212304;"Paulo Lopes (SC)";471;487;255;256;90;124;420001;4201;42007
4212403;"Pedras Grandes (SC)";273;274;141;135;44;79;420003;4202;42016
4212502;"Penha (SC)";1619;1881;817;906;210;370;420020;4207;42005
4212601;"Peritiba (SC)";231;215;118;122;44;76;420010;4204;42010
4212650;"Pescaria Brava (SC)";528;558;291;319;76;129;420003;4202;42016
4212700;"Petrolândia (SC)";397;392;194;224;88;94;420024;4207;42004
4212809;"Balneário Piçarras (SC)";1304;1513;623;690;190;259;420020;4207;42005
4212908;"Pinhalzinho (SC)";849;937;380;483;178;272;420007;4204;42002
4213005;"Pinheiro Preto (SC)";177;157;76;81;32;50;420015;4205;42009
4213104;"Piratuba (SC)";335;330;188;202;79;86;420010;4204;42010
4213153;"Planalto Alegre (SC)";194;179;94;93;40;44;420007;4204;42002
4213203;"Pomerode (SC)";1402;1558;777;906;236;447;420019;4207;42006
4213302;"Ponte Alta (SC)";228;264;123;132;45;42;420005;4203;42013
4213351;"Ponte Alta do Norte (SC)";121;134;54;67;22;28;420006;4203;42009
4213401;"Ponte Serrada (SC)";503;528;217;288;72;120;420011;4204;42003
4213500;"Porto Belo (SC)";1065;1225;497;564;145;261;420020;4207;42005
4213609;"Porto União (SC)";1603;1748;843;1030;306;561;420017;4206;42012
4213708;"Pouso Redondo (SC)";706;763;384;410;141;182;420022;4207;42004
4213807;"Praia Grande (SC)";422;451;248;257;93;110;420004;4202;42014
4213906;"Presidente Castello Branco (SC)";113;110;59;77;31;34;420010;4204;42010
4214003;"Presidente Getúlio (SC)";767;817;410;504;146;229;420023;4207;42004
4214102;"Presidente Nereu (SC)";139;133;73;72;27;43;420022;4207;42004
4214151;"Princesa (SC)";160;140;77;84;33;56;420009;4204;42001
4214201;"Quilombo (SC)";607;569;320;341;121;181;420007;4204;42002
4214300;"Rancho Queimado (SC)";201;200;115;107;38;47;420001;4201;42007
4214409;"Rio das Antas (SC)";365;330;179;203;62;77;420015;4205;42009
4214508;"Rio do Campo (SC)";340;326;192;184;49;72;420022;4207;42004
4214607;"Rio do Oeste (SC)";423;398;233;271;87;153;420022;4207;42004
4214706;"Rio dos Cedros (SC)";577;572;345;373;128;200;420019;4207;42006
4214805;"Rio do Sul (SC)";2811;3418;1428;1972;515;926;420022;4207;42004
4214904;"Rio Fortuna (SC)";290;261;150;166;59;69;420003;4202;42016
4215000;"Rio Negrinho (SC)";1652;1807;746;935;275;379;420018;4206;42012
4215059;"Rio Rufino (SC)";126;115;72;66;26;32;420005;4203;42013
4215075;"Riqueza (SC)";272;271;165;185;54;68;420007;4204;42002
4215109;"Rodeio (SC)";688;718;375;454;143;214;420019;4207;42006
4215208;"Romelândia (SC)";357;331;200;216;56;114;420009;4204;42001
4215307;"Salete (SC)";409;421;237;200;64;73;420022;4207;42004
4215356;"Saltinho (SC)";216;223;133;116;43;62;420012;4204;42001
4215406;"Salto Veloso (SC)";200;226;118;130;41;68;420015;4205;42009
4215455;"Sangão (SC)";456;455;194;230;54;83;420003;4202;42016
4215505;"Santa Cecília (SC)";553;556;289;313;82;154;420006;4203;42009
4215554;"Santa Helena (SC)";158;164;78;93;29;48;420009;4204;42001
4215604;"Santa Rosa de Lima (SC)";123;117;53;70;27;37;420003;4202;42016
4215653;"Santa Rosa do Sul (SC)";506;500;284;296;85;123;420004;4202;42014
4215679;"Santa Terezinha (SC)";433;354;207;212;61;86;420022;4207;42004
4215687;"Santa Terezinha do Progresso (SC)";147;154;109;103;32;59;420012;4204;42001
4215695;"Santiago do Sul (SC)";98;95;56;59;20;31;420007;4204;42002
4215703;"Santo Amaro da Imperatriz (SC)";1203;1296;596;714;242;368;420001;4201;42007
4215752;"São Bernardino (SC)";173;147;98;89;31;31;420013;4204;42003
4215802;"São Bento do Sul (SC)";3434;3734;1515;1929;442;813;420018;4206;42012
4215901;"São Bonifácio (SC)";198;173;129;133;41;65;420001;4201;42007
4216008;"São Carlos (SC)";613;629;306;366;96;163;420007;4204;42002
4216057;"São Cristóvão do Sul (SC)";241;174;105;102;23;40;420006;4203;42009
4216107;"São Domingos (SC)";558;536;288;315;90;135;420011;4204;42003
4216206;"São Francisco do Sul (SC)";2919;3125;1375;1586;400;632;420016;4206;42011
4216255;"São João do Oeste (SC)";427;398;227;274;79;123;420009;4204;42001
4216305;"São João Batista (SC)";1160;1202;511;596;174;295;420021;4207;42007
4216354;"São João do Itaperiú (SC)";206;212;107;91;45;52;420016;4206;42017
4216404;"São João do Sul (SC)";491;456;237;263;91;111;420004;4202;42014
4216503;"São Joaquim (SC)";1189;1279;621;624;241;278;420005;4203;42013
4216602;"São José (SC)";9817;13156;4734;6970;1506;3100;420001;4201;42007
4216701;"São José do Cedro (SC)";843;822;401;472;166;264;420009;4204;42001
4216800;"São José do Cerrito (SC)";611;571;310;285;136;142;420005;4203;42013
4216909;"São Lourenço do Oeste (SC)";1124;1252;640;704;241;365;420013;4204;42003
4217006;"São Ludgero (SC)";459;481;211;230;80;103;420003;4202;42016
4217105;"São Martinho (SC)";212;203;120;136;48;67;420003;4202;42016
4217154;"São Miguel da Boa Vista (SC)";130;119;72;81;33;32;420012;4204;42001
4217204;"São Miguel do Oeste (SC)";2034;2268;1008;1299;369;643;420009;4204;42001
4217253;"São Pedro de Alcântara (SC)";299;268;155;182;79;105;420001;4201;42007
4217303;"Saudades (SC)";591;517;221;245;71;150;420007;4204;42001
4217402;"Schroeder (SC)";718;748;347;378;116;165;420016;4206;42017
4217501;"Seara (SC)";897;924;464;519;160;267;420010;4204;42010
4217550;"Serra Alta (SC)";203;188;82;115;44;79;420007;4204;42002
4217600;"Siderópolis (SC)";729;836;357;418;115;216;420002;4202;42015
4217709;"Sombrio (SC)";1225;1377;591;681;217;362;420004;4202;42014
4217758;"Sul Brasil (SC)";189;181;94;97;38;44;420007;4204;42002
4217808;"Taió (SC)";889;953;495;581;164;228;420022;4207;42004
4217907;"Tangará (SC)";423;431;264;268;88;137;420015;4205;42009
4217956;"Tigrinhos (SC)";143;132;66;58;23;43;420012;4204;42001
4218004;"Tijucas (SC)";1750;1991;823;987;235;422;420020;4207;42007
4218103;"Timbé do Sul (SC)";295;291;182;166;68;68;420004;4202;42014
4218202;"Timbó (SC)";1999;2262;930;1245;346;595;420019;4207;42006
4218251;"Timbó Grande (SC)";270;243;118;97;46;36;420014;4205;42009
4218301;"Três Barras (SC)";769;769;355;429;109;150;420017;4206;42012
4218350;"Treviso (SC)";221;219;103;128;42;58;420002;4202;42015
4218400;"Treze de Maio (SC)";398;386;212;236;65;89;420003;4202;42016
4218509;"Treze Tílias (SC)";307;351;172;204;68;92;420008;4204;42008
4218608;"Trombudo Central (SC)";332;383;203;212;61;100;420022;4207;42004
4218707;"Tubarão (SC)";5224;6206;2640;3671;861;1578;420003;4202;42016
4218756;"Tunápolis (SC)";303;279;181;169;55;86;420009;4204;42001
4218806;"Turvo (SC)";619;647;322;386;114;199;420004;4202;42014
4218855;"União do Oeste (SC)";175;159;99;103;34;56;420007;4204;42002
4218905;"Urubici (SC)";552;532;267;297;111;152;420005;4203;42013
4218954;"Urupema (SC)";130;140;101;88;31;27;420005;4203;42013
4219002;"Urussanga (SC)";1171;1343;573;737;224;397;420002;4202;42015
4219101;"Vargeão (SC)";195;182;97;104;38;54;420011;4204;42003
4219150;"Vargem (SC)";147;150;90;78;18;26;420008;4204;42008
4219176;"Vargem Bonita (SC)";205;206;114;138;49;58;420008;4204;42008
4219200;"Vidal Ramos (SC)";338;304;161;168;47;56;420024;4207;42004
4219309;"Videira (SC)";2171;2423;1020;1367;374;645;420015;4205;42009
4219358;"Vitor Meireles (SC)";282;242;140;152;53;60;420023;4207;42004
4219408;"Witmarsum (SC)";219;187;108;104;28;46;420023;4207;42004
4219507;"Xanxerê (SC)";2135;2472;1002;1349;374;629;420011;4204;42003
4219606;"Xavantina (SC)";268;256;159;140;46;72;420011;4204;42010
4219705;"Xaxim (SC)";1383;1486;741;844;223;374;420007;4204;42003
4219853;"Zortéa (SC)";157;163;87;101;25;33;420008;4204;42008
4220000;"Balneário Rincão (SC)";1000;1063;526;554;148;178;420002;4202;42015
4300034;"Aceguá (RS)";234;214;124;118;50;53;430010;4302;43022
4300059;"Água Santa (RS)";231;234;126;134;38;61;430032;4306;43018
4300109;"Agudo (RS)";946;975;519;652;195;317;430011;4303;43001
4300208;"Ajuricaba (RS)";446;464;245;272;104;181;430018;4305;43013
4300307;"Alecrim (RS)";512;508;349;373;99;147;430019;4305;43014
4300406;"Alegrete (RS)";3961;4350;2269;2736;968;1472;430015;4304;43003
4300455;"Alegria (RS)";301;278;168;193;64;93;430023;4305;43014
4300471;"Almirante Tamandaré do Sul (RS)";153;132;88;81;26;35;430028;4306;43017
4300505;"Alpestre (RS)";527;507;289;329;111;166;430035;4306;43015
4300554;"Alto Alegre (RS)";133;127;78;87;30;44;430025;4306;43019
4300570;"Alto Feliz (RS)";225;170;88;131;45;77;430036;4307;43026
4300604;"Alvorada (RS)";7505;9232;3349;4930;934;2005;430001;4301;43010
4300638;"Amaral Ferrador (RS)";334;312;160;149;55;75;430005;4301;43021
4300646;"Ametista do Sul (RS)";366;378;178;213;63;97;430029;4306;43015
4300661;"André da Rocha (RS)";80;74;45;47;17;21;430038;4307;43018
4300703;"Anta Gorda (RS)";442;417;241;281;98;178;430043;4308;43029
4300802;"Antônio Prado (RS)";843;871;471;579;209;315;430036;4307;43026
4300851;"Arambaré (RS)";328;334;203;179;61;100;430005;4301;43009
4300877;"Araricá (RS)";363;338;164;192;48;82;430002;4301;43007
4300901;"Aratiba (RS)";498;480;306;334;118;214;430026;4306;43016
4301008;"Arroio do Meio (RS)";1191;1282;625;751;213;395;430041;4308;43029
4301057;"Arroio do Sal (RS)";854;915;480;496;140;207;430008;4301;43004
4301073;"Arroio do Padre (RS)";162;139;105;122;29;60;430009;4302;43021
4301107;"Arroio dos Ratos (RS)";768;895;450;479;148;254;430001;4301;43009
4301206;"Arroio do Tigre (RS)";704;729;355;467;102;178;430042;4308;43027
4301305;"Arroio Grande (RS)";1024;1046;586;637;224;351;430009;4302;43021
4301404;"Arvorezinha (RS)";612;601;334;423;131;229;430031;4306;43019
4301503;"Augusto Pestana (RS)";479;487;314;392;136;196;430018;4305;43013
4301552;"Áurea (RS)";247;224;158;170;42;84;430026;4306;43016
4301602;"Bagé (RS)";5776;6957;2994;4123;1240;2397;430010;4302;43022
4301636;"Balneário Pinhal (RS)";1196;1341;686;707;182;263;430003;4301;43005
4301651;"Barão (RS)";362;338;180;243;65;124;430037;4307;43008
4301701;"Barão de Cotegipe (RS)";439;438;246;298;116;216;430026;4306;43016
4301750;"Barão do Triunfo (RS)";417;315;204;182;47;74;430001;4301;43009
4301800;"Barracão (RS)";344;315;197;209;91;98;430033;4306;43018
4301859;"Barra do Guarita (RS)";165;172;87;92;38;51;430021;4305;43015
4301875;"Barra do Quaraí (RS)";196;163;94;69;25;32;430015;4304;43003
4301909;"Barra do Ribeiro (RS)";700;812;406;456;153;254;430001;4301;43009
4301925;"Barra do Rio Azul (RS)";169;141;91;101;31;51;430026;4306;43016
4301958;"Barra Funda (RS)";151;165;98;113;29;48;430028;4306;43020
4302006;"Barros Cassal (RS)";615;577;326;321;99;116;430031;4306;43019
4302055;"Benjamin Constant do Sul (RS)";107;96;62;65;25;52;430026;4306;43016
4302105;"Bento Gonçalves (RS)";5553;6706;3080;3855;1081;1934;430037;4307;43025
4302154;"Boa Vista das Missões (RS)";129;114;65;65;27;36;430029;4306;43020
4302204;"Boa Vista do Buricá (RS)";440;461;248;317;104;140;430023;4305;43014
4302220;"Boa Vista do Cadeado (RS)";169;132;87;85;39;54;430027;4306;43012
4302238;"Boa Vista do Incra (RS)";132;135;77;80;27;33;430027;4306;43012
4302253;"Boa Vista do Sul (RS)";226;183;151;143;43;88;430037;4307;43025
4302303;"Bom Jesus (RS)";508;582;378;375;131;181;430039;4307;43024
4302352;"Bom Princípio (RS)";698;676;332;404;109;193;430002;4301;43026
4302378;"Bom Progresso (RS)";163;169;73;74;19;41;430021;4305;43015
4302402;"Bom Retiro do Sul (RS)";661;733;329;390;106;214;430041;4308;43030
4302451;"Boqueirão do Leão (RS)";412;358;183;204;45;73;430041;4308;43029
4302501;"Bossoroca (RS)";410;394;282;226;91;99;430022;4305;43011
4302584;"Bozano (RS)";151;153;106;94;48;67;430018;4305;43013
4302600;"Braga (RS)";204;215;127;115;39;65;430021;4305;43020
4302659;"Brochier (RS)";322;330;196;195;85;145;430007;4301;43008
4302709;"Butiá (RS)";1094;1186;513;636;167;303;430006;4301;43009
4302808;"Caçapava do Sul (RS)";2078;2196;1158;1369;455;763;430012;4303;43027
4302907;"Cacequi (RS)";756;716;405;392;161;268;430011;4303;43002
4303004;"Cachoeira do Sul (RS)";4653;5390;2502;3435;1001;1882;430013;4303;43027
4303103;"Cachoeirinha (RS)";5594;7039;2560;3912;915;1745;430001;4301;43010
4303202;"Cacique Doble (RS)";283;278;181;204;84;99;430033;4306;43018
4303301;"Caibaté (RS)";338;334;175;181;77;117;430022;4305;43011
4303400;"Caiçara (RS)";346;333;195;236;70;109;430029;4306;43015
4303509;"Camaquã (RS)";3160;3532;1739;2068;610;1193;430005;4301;43009
4303558;"Camargo (RS)";171;170;94;105;60;82;430030;4306;43017
4303608;"Cambará do Sul (RS)";327;327;186;206;63;63;430036;4307;43006
4303673;"Campestre da Serra (RS)";232;212;130;140;69;67;430036;4307;43024
4303707;"Campina das Missões (RS)";467;490;265;304;76;126;430019;4305;43014
4303806;"Campinas do Sul (RS)";348;401;215;279;86;151;430026;4306;43016
4303905;"Campo Bom (RS)";2996;3542;1266;1718;369;816;430002;4301;43007
4304002;"Campo Novo (RS)";311;315;150;160;71;84;430021;4305;43013
4304101;"Campos Borges (RS)";234;253;156;157;42;71;430025;4306;43019
4304200;"Candelária (RS)";1570;1702;958;1178;301;580;430040;4308;43028
4304309;"Cândido Godói (RS)";460;461;254;298;90;146;430019;4305;43014
4304358;"Candiota (RS)";523;430;198;189;61;95;430010;4302;43022
4304408;"Canela (RS)";1920;2302;874;1202;272;492;430036;4307;43023
4304507;"Canguçu (RS)";3062;2940;1739;2044;626;1032;430009;4302;43021
4304606;"Canoas (RS)";15291;19066;7401;10823;2509;5272;430001;4301;43008
4304614;"Canudos do Vale (RS)";136;131;88;97;14;33;430041;4308;43029
4304622;"Capão Bonito do Sul (RS)";118;111;61;58;35;27;430033;4306;43018
4304630;"Capão da Canoa (RS)";2900;3589;1461;1894;438;733;430003;4301;43004
4304655;"Capão do Cipó (RS)";190;175;107;91;40;38;430014;4303;43002
4304663;"Capão do Leão (RS)";1274;1398;668;706;186;309;430009;4302;43021
4304671;"Capivari do Sul (RS)";204;212;110;112;35;63;430001;4301;43005
4304689;"Capela de Santana (RS)";614;643;286;296;82;133;430002;4301;43008
4304697;"Capitão (RS)";191;189;100;110;33;71;430041;4308;43029
4304705;"Carazinho (RS)";3040;3717;1627;2280;573;1058;430028;4306;43017
4304713;"Caraá (RS)";582;485;335;308;153;149;430001;4301;43005
4304804;"Carlos Barbosa (RS)";1610;1664;755;882;302;467;430037;4307;43025
4304853;"Carlos Gomes (RS)";98;97;50;68;23;30;430026;4306;43016
4304903;"Casca (RS)";584;631;326;413;111;197;430030;4306;43017
4304952;"Caseiros (RS)";168;178;115;136;41;44;430033;4306;43018
4305009;"Catuípe (RS)";587;623;337;417;141;255;430018;4305;43013
4305108;"Caxias do Sul (RS)";21606;26080;10433;14318;3795;6982;430036;4307;43023
4305116;"Centenário (RS)";200;208;120;127;55;75;430026;4306;43016
4305124;"Cerrito (RS)";447;384;249;251;84;150;430009;4302;43021
4305132;"Cerro Branco (RS)";288;297;173;186;65;104;430013;4303;43027
4305157;"Cerro Grande (RS)";161;154;90;105;43;41;430034;4306;43020
4305173;"Cerro Grande do Sul (RS)";508;427;259;207;95;120;430005;4301;43009
4305207;"Cerro Largo (RS)";801;842;415;567;187;326;430024;4305;43011
4305306;"Chapada (RS)";613;651;342;418;130;221;430028;4306;43020
4305355;"Charqueadas (RS)";1552;1859;860;1095;272;456;430006;4301;43009
4305371;"Charrua (RS)";160;156;110;122;37;53;430032;4306;43016
4305405;"Chiapetta (RS)";237;242;138;161;50;70;430018;4305;43013
4305439;"Chuí (RS)";300;306;156;184;47;83;430009;4302;43021
4305447;"Chuvisca (RS)";253;227;106;121;50;58;430005;4301;43009
4305454;"Cidreira (RS)";1368;1573;752;787;204;321;430003;4301;43005
4305504;"Ciríaco (RS)";281;279;192;222;65;88;430030;4306;43017
4305587;"Colinas (RS)";172;177;115;134;51;84;430041;4308;43030
4305603;"Colorado (RS)";206;252;141;191;58;100;430028;4306;43012
4305702;"Condor (RS)";365;362;188;238;60;91;430018;4305;43013
4305801;"Constantina (RS)";580;619;329;383;138;209;430028;4306;43020
4305835;"Coqueiro Baixo (RS)";107;108;90;104;41;52;430041;4308;43029
4305850;"Coqueiros do Sul (RS)";171;172;89;91;42;69;430028;4306;43017
4305871;"Coronel Barros (RS)";174;167;135;146;35;74;430018;4305;43013
4305900;"Coronel Bicaco (RS)";364;391;207;245;77;115;430018;4305;43020
4305934;"Coronel Pilar (RS)";159;132;72;90;40;66;430037;4307;43025
4305959;"Cotiporã (RS)";303;295;155;185;84;138;430037;4307;43025
4305975;"Coxilha (RS)";157;158;85;79;26;35;430025;4306;43017
4306007;"Crissiumal (RS)";855;878;494;659;171;318;430021;4305;43013
4306056;"Cristal (RS)";396;384;241;247;84;131;430005;4301;43009
4306072;"Cristal do Sul (RS)";144;151;106;113;42;50;430029;4306;43015
4306106;"Cruz Alta (RS)";2900;3733;1521;2186;576;1097;430027;4306;43012
4306130;"Cruzaltense (RS)";127;113;81;73;29;58;430026;4306;43016
4306205;"Cruzeiro do Sul (RS)";773;745;411;492;142;247;430041;4308;43029
4306304;"David Canabarro (RS)";295;306;178;196;59;77;430030;4306;43017
4306320;"Derrubadas (RS)";205;186;99;96;31;48;430021;4305;43015
4306353;"Dezesseis de Novembro (RS)";218;196;122;121;51;56;430022;4305;43011
4306379;"Dilermando de Aguiar (RS)";244;184;129;115;60;68;430011;4303;43001
4306403;"Dois Irmãos (RS)";1461;1638;637;802;196;397;430002;4301;43007
4306429;"Dois Irmãos das Missões (RS)";126;124;73;71;33;36;430034;4306;43020
4306452;"Dois Lajeados (RS)";206;204;159;166;46;105;430038;4307;43029
4306502;"Dom Feliciano (RS)";782;653;353;378;140;211;430005;4301;43009
4306551;"Dom Pedro de Alcântara (RS)";174;174;112;105;39;43;430008;4301;43004
4306601;"Dom Pedrito (RS)";2093;2207;1045;1349;458;770;430010;4302;43022
4306700;"Dona Francisca (RS)";216;211;105;125;39;75;430011;4303;43001
4306734;"Doutor Maurício Cardoso (RS)";363;341;216;266;56;116;430023;4305;43014
4306759;"Doutor Ricardo (RS)";162;125;93;108;34;55;430043;4308;43029
4306767;"Eldorado do Sul (RS)";1794;1968;807;1031;239;372;430001;4301;43009
4306809;"Encantado (RS)";1227;1382;721;944;288;512;430043;4308;43029
4306908;"Encruzilhada do Sul (RS)";1396;1412;764;888;297;439;430040;4308;43027
4306924;"Engenho Velho (RS)";69;67;43;52;15;40;430028;4306;43020
4306932;"Entre-Ijuís (RS)";583;630;354;388;141;195;430020;4305;43011
4306957;"Entre Rios do Sul (RS)";173;186;128;131;58;83;430026;4306;43016
4306973;"Erebango (RS)";143;165;89;102;36;62;430026;4306;43016
4307005;"Erechim (RS)";4881;5890;2520;3429;1018;1940;430026;4306;43016
4307054;"Ernestina (RS)";230;209;109;105;56;61;430025;4306;43017
4307104;"Herval (RS)";388;364;236;246;98;149;430009;4302;43021
4307203;"Erval Grande (RS)";323;340;219;197;85;122;430026;4306;43016
4307302;"Erval Seco (RS)";450;430;241;280;100;147;430029;4306;43015
4307401;"Esmeralda (RS)";191;204;109;123;55;62;430039;4307;43024
4307450;"Esperança do Sul (RS)";269;247;157;159;41;74;430021;4305;43015
4307500;"Espumoso (RS)";853;954;509;563;192;337;430025;4306;43019
4307559;"Estação (RS)";320;364;200;245;84;137;430026;4306;43016
4307609;"Estância Velha (RS)";2162;2458;914;1234;266;524;430002;4301;43007
4307708;"Esteio (RS)";3713;4766;2008;2844;596;1257;430001;4301;43008
4307807;"Estrela (RS)";1764;1982;895;1135;317;645;430041;4308;43030
4307815;"Estrela Velha (RS)";204;178;114;108;24;37;430042;4308;43027
4307831;"Eugênio de Castro (RS)";184;182;134;149;43;61;430020;4305;43011
4307864;"Fagundes Varela (RS)";214;188;110;115;45;74;430037;4307;43025
4307906;"Farroupilha (RS)";3460;3933;1623;2046;554;1018;430036;4307;43026
4308003;"Faxinal do Soturno (RS)";411;437;264;298;123;194;430011;4303;43001
4308052;"Faxinalzinho (RS)";164;151;114;110;50;42;430026;4306;43016
4308078;"Fazenda Vilanova (RS)";205;208;139;138;38;57;430041;4308;43030
4308102;"Feliz (RS)";749;871;396;476;147;251;430036;4307;43026
4308201;"Flores da Cunha (RS)";1702;1852;868;1048;284;478;430036;4307;43026
4308250;"Floriano Peixoto (RS)";150;133;104;100;34;50;430026;4306;43016
4308300;"Fontoura Xavier (RS)";596;566;314;321;111;132;430031;4306;43019
4308409;"Formigueiro (RS)";478;455;314;324;128;195;430011;4303;43001
4308433;"Forquetinha (RS)";207;216;125;141;48;54;430041;4308;43029
4308458;"Fortaleza dos Valos (RS)";270;255;112;166;55;87;430027;4306;43012
4308508;"Frederico Westphalen (RS)";1562;1760;877;1092;293;491;430029;4306;43015
4308607;"Garibaldi (RS)";1873;2062;912;1217;364;629;430037;4307;43025
4308656;"Garruchos (RS)";210;173;106;80;40;53;430022;4305;43011
4308706;"Gaurama (RS)";433;408;218;259;99;178;430026;4306;43016
4308805;"General Câmara (RS)";543;554;322;336;124;150;430006;4301;43009
4308854;"Gentil (RS)";86;115;75;61;21;23;430030;4306;43017
4308904;"Getúlio Vargas (RS)";948;1032;587;702;227;391;430026;4306;43016
4309001;"Giruá (RS)";983;1101;562;669;226;333;430020;4305;43014
4309050;"Glorinha (RS)";475;483;307;260;85;122;430001;4301;43010
4309100;"Gramado (RS)";1773;1981;876;1195;280;573;430036;4307;43023
4309126;"Gramado dos Loureiros (RS)";153;143;65;61;23;44;430035;4306;43020
4309159;"Gramado Xavier (RS)";169;170;93;98;25;48;430040;4308;43028
4309209;"Gravataí (RS)";12601;14972;6274;7989;1683;3165;430001;4301;43010
4309258;"Guabiju (RS)";146;129;82;84;29;42;430038;4307;43025
4309308;"Guaíba (RS)";4488;5547;2229;3030;696;1265;430001;4301;43009
4309407;"Guaporé (RS)";1285;1405;654;918;270;500;430038;4307;43025
4309506;"Guarani das Missões (RS)";498;567;297;373;113;183;430020;4305;43011
4309555;"Harmonia (RS)";290;263;147;168;54;83;430002;4301;43008
4309571;"Herveiras (RS)";147;118;81;92;33;32;430040;4308;43028
4309605;"Horizontina (RS)";1020;1199;605;751;189;352;430023;4305;43014
4309654;"Hulha Negra (RS)";341;295;175;166;53;62;430010;4302;43022
4309704;"Humaitá (RS)";351;367;189;249;63;123;430021;4305;43013
4309753;"Ibarama (RS)";238;246;138;152;34;68;430042;4308;43027
4309803;"Ibiaçá (RS)";305;353;208;230;82;104;430032;4306;43018
4309902;"Ibiraiaras (RS)";364;450;247;297;90;128;430033;4306;43018
4309951;"Ibirapuitã (RS)";248;198;140;171;62;61;430031;4306;43019
4310009;"Ibirubá (RS)";1071;1264;634;770;261;415;430027;4306;43012
4310108;"Igrejinha (RS)";1461;1600;665;864;188;368;430004;4301;43006
4310207;"Ijuí (RS)";4196;4882;2315;3164;959;1621;430018;4305;43013
4310306;"Ilópolis (RS)";270;285;180;187;82;114;430043;4308;43029
4310330;"Imbé (RS)";1732;2097;980;1120;277;422;430003;4301;43005
4310363;"Imigrante (RS)";201;202;129;173;51;101;430041;4308;43030
4310405;"Independência (RS)";435;456;277;291;92;151;430023;4305;43014
4310413;"Inhacorá (RS)";134;134;89;64;27;36;430018;4305;43013
4310439;"Ipê (RS)";384;360;218;288;96;144;430036;4307;43026
4310462;"Ipiranga do Sul (RS)";135;134;92;100;32;48;430026;4306;43016
4310504;"Iraí (RS)";461;453;274;358;121;159;430029;4306;43015
4310538;"Itaara (RS)";366;372;199;227;76;76;430011;4303;43001
4310553;"Itacurubi (RS)";226;190;133;116;49;49;430014;4303;43002
4310579;"Itapuca (RS)";132;112;67;69;33;39;430031;4306;43019
4310603;"Itaqui (RS)";1803;1900;824;1003;284;459;430017;4304;43003
4310652;"Itati (RS)";211;160;98;88;43;43;430003;4301;43004
4310702;"Itatiba do Sul (RS)";272;218;159;152;60;92;430026;4306;43016
4310751;"Ivorá (RS)";139;154;134;110;36;80;430011;4303;43001
4310801;"Ivoti (RS)";1093;1247;500;651;158;342;430002;4301;43007
4310850;"Jaboticaba (RS)";258;245;165;165;54;59;430029;4306;43020
4310876;"Jacuizinho (RS)";132;134;93;63;26;25;430027;4306;43012
4310900;"Jacutinga (RS)";243;249;158;200;67;104;430026;4306;43016
4311007;"Jaguarão (RS)";1415;1635;878;1074;336;642;430009;4302;43021
4311106;"Jaguari (RS)";776;739;457;509;200;346;430011;4303;43002
4311122;"Jaquirana (RS)";251;219;129;115;39;52;430039;4307;43024
4311130;"Jari (RS)";240;196;144;138;51;64;430011;4303;43002
4311155;"Jóia (RS)";499;448;297;239;113;146;430018;4305;43013
4311205;"Júlio de Castilhos (RS)";986;1135;589;730;218;365;430011;4303;43001
4311239;"Lagoa Bonita do Sul (RS)";147;118;81;85;27;52;430042;4308;43027
4311254;"Lagoão (RS)";309;279;187;190;56;68;430042;4308;43019
4311270;"Lagoa dos Três Cantos (RS)";116;117;66;85;31;49;430025;4306;43017
4311304;"Lagoa Vermelha (RS)";1375;1589;781;1050;304;475;430033;4306;43018
4311403;"Lajeado (RS)";3834;4553;1820;2579;629;1312;430041;4308;43029
4311429;"Lajeado do Bugre (RS)";136;125;70;69;34;32;430034;4306;43020
4311502;"Lavras do Sul (RS)";441;433;233;256;93;144;430012;4303;43022
4311601;"Liberato Salzano (RS)";342;322;166;209;70;92;430029;4306;43015
4311627;"Lindolfo Collor (RS)";229;273;94;119;26;48;430002;4301;43007
4311643;"Linha Nova (RS)";109;129;82;81;30;45;430002;4301;43023
4311700;"Machadinho (RS)";371;370;229;239;65;103;430033;4306;43018
4311718;"Maçambará (RS)";263;235;150;116;43;58;430017;4304;43003
4311734;"Mampituba (RS)";187;197;110;81;29;39;430008;4301;43004
4311759;"Manoel Viana (RS)";464;410;221;245;95;111;430015;4304;43003
4311775;"Maquiné (RS)";524;423;279;280;110;151;430003;4301;43004
4311791;"Maratá (RS)";172;162;112;120;34;52;430007;4301;43008
4311809;"Marau (RS)";1863;2166;1071;1313;338;605;430030;4306;43017
4311908;"Marcelino Ramos (RS)";320;312;213;243;92;120;430026;4306;43016
4311981;"Mariana Pimentel (RS)";302;290;203;164;62;82;430001;4301;43009
4312005;"Mariano Moro (RS)";140;137;103;85;23;56;430026;4306;43016
4312054;"Marques de Souza (RS)";296;319;214;231;75;99;430041;4308;43029
4312104;"Mata (RS)";294;304;215;247;90;111;430011;4303;43002
4312138;"Mato Castelhano (RS)";157;156;99;106;32;32;430025;4306;43017
4312153;"Mato Leitão (RS)";279;286;146;178;59;96;430040;4308;43028
4312179;"Mato Queimado (RS)";110;124;89;88;31;42;430024;4305;43011
4312203;"Maximiliano de Almeida (RS)";289;291;163;209;71;102;430032;4306;43018
4312252;"Minas do Leão (RS)";393;442;212;225;59;99;430006;4301;43009
4312302;"Miraguaí (RS)";321;275;162;157;60;80;430021;4305;43020
4312351;"Montauri (RS)";119;113;68;90;22;50;430038;4307;43017
4312377;"Monte Alegre dos Campos (RS)";224;195;107;99;43;47;430039;4307;43024
4312385;"Monte Belo do Sul (RS)";211;203;145;167;51;96;430037;4307;43025
4312401;"Montenegro (RS)";3023;3501;1517;1977;481;922;430007;4301;43008
4312427;"Mormaço (RS)";188;175;90;98;54;68;430031;4306;43019
4312443;"Morrinhos do Sul (RS)";243;205;124;139;45;38;430008;4301;43004
4312450;"Morro Redondo (RS)";426;427;296;311;78;152;430009;4302;43021
4312476;"Morro Reuter (RS)";398;384;169;209;68;115;430002;4301;43007
4312500;"Mostardas (RS)";764;694;430;359;154;253;430001;4301;43005
4312609;"Muçum (RS)";294;326;197;247;85;169;430043;4308;43029
4312617;"Muitos Capões (RS)";151;128;92;101;38;45;430039;4307;43024
4312625;"Muliterno (RS)";127;106;68;58;20;32;430030;4306;43017
4312658;"Não-Me-Toque (RS)";800;993;452;624;151;321;430028;4306;43017
4312674;"Nicolau Vergueiro (RS)";140;129;78;67;26;40;430025;4306;43017
4312708;"Nonoai (RS)";642;762;416;398;181;262;430035;4306;43016
4312757;"Nova Alvorada (RS)";181;179;113;129;38;51;430030;4306;43017
4312807;"Nova Araçá (RS)";261;278;132;170;52;79;430038;4307;43025
4312906;"Nova Bassano (RS)";594;565;309;412;126;203;430038;4307;43025
4312955;"Nova Boa Vista (RS)";166;159;95;108;31;56;430028;4306;43020
4313003;"Nova Bréscia (RS)";240;251;165;164;56;99;430043;4308;43029
4313011;"Nova Candelária (RS)";210;201;130;145;32;46;430023;4305;43014
4313037;"Nova Esperança do Sul (RS)";291;272;139;173;64;79;430014;4303;43002
4313060;"Nova Hartz (RS)";860;934;377;450;118;194;430002;4301;43007
4313086;"Nova Pádua (RS)";189;187;109;116;48;68;430036;4307;43026
4313102;"Nova Palma (RS)";379;347;250;253;96;144;430011;4303;43001
4313201;"Nova Petrópolis (RS)";1281;1333;765;932;261;495;430036;4307;43023
4313300;"Nova Prata (RS)";1266;1460;716;929;266;453;430038;4307;43025
4313334;"Nova Ramada (RS)";165;156;99;82;39;54;430018;4305;43013
4313359;"Nova Roma do Sul (RS)";251;221;136;139;70;101;430036;4307;43026
4313375;"Nova Santa Rita (RS)";1261;1266;592;630;184;289;430001;4301;43008
4313391;"Novo Cabrais (RS)";254;239;148;154;54;79;430013;4303;43027
4313409;"Novo Hamburgo (RS)";11199;13358;5185;7378;1758;3744;430002;4301;43007
4313425;"Novo Machado (RS)";273;274;150;171;51;79;430019;4305;43014
4313441;"Novo Tiradentes (RS)";174;151;70;87;30;48;430029;4306;43015
4313466;"Novo Xingu (RS)";138;113;63;81;22;47;430028;4306;43020
4313490;"Novo Barreiro (RS)";293;286;151;160;59;88;430034;4306;43020
4313508;"Osório (RS)";2232;2736;1314;1641;428;760;430003;4301;43005
4313607;"Paim Filho (RS)";290;281;171;172;66;107;430032;4306;43018
4313656;"Palmares do Sul (RS)";1011;1066;591;570;169;228;430001;4301;43005
4313706;"Palmeira das Missões (RS)";1617;1919;963;1076;348;532;430034;4306;43020
4313805;"Palmitinho (RS)";481;419;240;280;89;132;430029;4306;43015
4313904;"Panambi (RS)";1913;2254;1060;1305;342;548;430018;4305;43013
4313953;"Pantano Grande (RS)";603;603;322;336;92;151;430040;4308;43028
4314001;"Paraí (RS)";475;485;261;266;82;134;430038;4307;43025
4314027;"Paraíso do Sul (RS)";436;457;254;303;84;182;430013;4303;43001
4314035;"Pareci Novo (RS)";249;251;117;144;45;85;430007;4301;43008
4314050;"Parobé (RS)";2244;2431;887;1158;261;460;430004;4301;43006
4314068;"Passa Sete (RS)";267;240;139;140;38;61;430042;4308;43027
4314076;"Passo do Sobrado (RS)";408;397;198;219;75;127;430040;4308;43028
4314100;"Passo Fundo (RS)";8510;11254;4482;6337;1616;3184;430025;4306;43017
4314134;"Paulo Bento (RS)";164;161;109;87;34;68;430026;4306;43016
4314159;"Paverama (RS)";491;503;291;295;104;167;430041;4308;43030
4314175;"Pedras Altas (RS)";145;119;76;52;19;26;430010;4302;43021
4314209;"Pedro Osório (RS)";447;488;290;351;120;164;430009;4302;43021
4314308;"Pejuçara (RS)";209;233;131;152;78;87;430018;4305;43013
4314407;"Pelotas (RS)";15530;20449;8642;12900;3181;6778;430009;4302;43021
4314423;"Picada Café (RS)";304;314;172;187;56;97;430036;4307;43023
4314456;"Pinhal (RS)";181;167;80;93;38;52;430029;4306;43015
4314464;"Pinhal da Serra (RS)";175;165;85;77;44;41;430039;4307;43024
4314472;"Pinhal Grande (RS)";265;232;168;155;73;93;430011;4303;43001
4314498;"Pinheirinho do Vale (RS)";282;268;140;160;37;59;430029;4306;43015
4314506;"Pinheiro Machado (RS)";741;692;405;468;164;237;430010;4302;43021
4314548;"Pinto Bandeira (RS)";194;205;114;126;61;93;430037;4307;43025
4314555;"Pirapó (RS)";199;186;104;102;48;51;430022;4305;43011
4314605;"Piratini (RS)";1245;1090;689;750;314;424;430009;4302;43021
4314704;"Planalto (RS)";601;694;329;394;138;212;430035;4306;43015
4314753;"Poço das Antas (RS)";142;137;102;115;29;58;430041;4308;43030
4314779;"Pontão (RS)";214;191;116;118;39;50;430025;4306;43017
4314787;"Ponte Preta (RS)";127;124;80;83;35;45;430026;4306;43016
4314803;"Portão (RS)";1644;1814;784;900;235;357;430002;4301;43007
4314902;"Porto Alegre (RS)";63753;88526;35029;56469;14964;33519;430001;4301;43010
4315008;"Porto Lucena (RS)";376;390;259;272;95;105;430019;4305;43014
4315057;"Porto Mauá (RS)";191;182;94;118;49;74;430019;4305;43014
4315073;"Porto Vera Cruz (RS)";144;124;78;92;21;33;430019;4305;43014
4315107;"Porto Xavier (RS)";605;652;324;363;119;144;430024;4305;43011
4315131;"Pouso Novo (RS)";111;130;98;105;26;43;430041;4308;43029
4315149;"Presidente Lucena (RS)";193;164;87;81;18;41;430002;4301;43007
4315156;"Progresso (RS)";400;347;193;212;86;118;430041;4308;43029
4315172;"Protásio Alves (RS)";146;134;95;99;28;49;430038;4307;43025
4315206;"Putinga (RS)";292;284;180;192;71;135;430043;4308;43029
4315305;"Quaraí (RS)";1191;1166;660;812;312;522;430016;4304;43003
4315313;"Quatro Irmãos (RS)";107;97;43;37;20;37;430026;4306;43016
4315321;"Quevedos (RS)";175;150;102;82;40;33;430011;4303;43001
4315354;"Quinze de Novembro (RS)";229;258;127;178;66;92;430027;4306;43012
4315404;"Redentora (RS)";389;383;196;193;65;117;430021;4305;43020
4315453;"Relvado (RS)";160;151;89;114;47;83;430043;4308;43029
4315503;"Restinga Sêca (RS)";1006;1025;560;620;228;367;430011;4303;43001
4315552;"Rio dos Índios (RS)";234;220;115;107;62;54;430035;4306;43016
4315602;"Rio Grande (RS)";9510;11504;5153;6764;1661;3357;430009;4302;43021
4315701;"Rio Pardo (RS)";2055;2265;1147;1341;450;778;430040;4308;43028
4315750;"Riozinho (RS)";253;248;175;162;52;80;430004;4301;43006
4315800;"Roca Sales (RS)";626;685;354;418;125;300;430043;4308;43029
4315909;"Rodeio Bonito (RS)";350;382;193;223;73;126;430029;4306;43015
4315958;"Rolador (RS)";176;174;126;129;59;52;430022;4305;43011
4316006;"Rolante (RS)";1059;1100;589;714;213;301;430004;4301;43006
4316105;"Ronda Alta (RS)";549;597;346;420;134;211;430025;4306;43020
4316204;"Rondinha (RS)";347;347;219;235;107;200;430028;4306;43020
4316303;"Roque Gonzales (RS)";456;459;277;326;107;135;430024;4305;43011
4316402;"Rosário do Sul (RS)";1982;2238;1187;1461;507;774;430016;4304;43003
4316428;"Sagrada Família (RS)";180;165;79;71;40;42;430034;4306;43020
4316436;"Saldanha Marinho (RS)";181;182;119;130;31;67;430028;4306;43012
4316451;"Salto do Jacuí (RS)";568;559;269;343;103;173;430027;4306;43012
4316477;"Salvador das Missões (RS)";218;198;112;140;44;65;430024;4305;43011
4316501;"Salvador do Sul (RS)";373;385;199;227;65;128;430007;4301;43008
4316600;"Sananduva (RS)";1060;1113;670;731;213;386;430032;4306;43018
4316709;"Santa Bárbara do Sul (RS)";483;526;235;283;100;142;430027;4306;43012
4316733;"Santa Cecília do Sul (RS)";102;113;60;82;29;35;430032;4306;43018
4316758;"Santa Clara do Sul (RS)";395;388;220;254;76;155;430041;4308;43029
4316808;"Santa Cruz do Sul (RS)";6534;7746;3289;4661;1132;2418;430040;4308;43028
4316907;"Santa Maria (RS)";12564;16204;6817;9613;2715;5374;430011;4303;43001
4316956;"Santa Maria do Herval (RS)";452;408;203;250;56;102;430002;4301;43007
4316972;"Santa Margarida do Sul (RS)";207;158;116;86;51;31;430012;4303;43003
4317004;"Santana da Boa Vista (RS)";527;460;301;351;131;166;430012;4303;43021
4317103;"Sant'Ana do Livramento (RS)";4382;5027;2386;2982;982;1811;430016;4304;43003
4317202;"Santa Rosa (RS)";3453;4118;1877;2545;639;1161;430019;4305;43014
4317251;"Santa Tereza (RS)";135;116;91;85;45;81;430037;4307;43025
4317301;"Santa Vitória do Palmar (RS)";1824;1772;944;1059;385;602;430009;4302;43021
4317400;"Santiago (RS)";2685;3123;1542;2033;715;1139;430014;4303;43002
4317509;"Santo Ângelo (RS)";3740;4518;2028;2651;827;1392;430020;4305;43011
4317558;"Santo Antônio do Palma (RS)";151;125;65;90;31;49;430030;4306;43017
4317608;"Santo Antônio da Patrulha (RS)";2457;2471;1437;1553;565;845;430001;4301;43005
4317707;"Santo Antônio das Missões (RS)";681;652;427;432;185;235;430022;4305;43011
4317756;"Santo Antônio do Planalto (RS)";127;151;84;88;24;49;430028;4306;43017
4317806;"Santo Augusto (RS)";775;874;462;550;194;251;430018;4305;43013
4317905;"Santo Cristo (RS)";987;1059;505;622;203;321;430019;4305;43014
4317954;"Santo Expedito do Sul (RS)";173;171;142;125;42;63;430032;4306;43018
4318002;"São Borja (RS)";3223;3517;1686;2024;707;1087;430017;4304;43011
4318051;"São Domingos do Sul (RS)";211;214;147;149;31;59;430030;4306;43017
4318101;"São Francisco de Assis (RS)";1204;1218;703;802;276;399;430011;4303;43002
4318200;"São Francisco de Paula (RS)";1146;1137;612;695;221;333;430036;4307;43006
4318309;"São Gabriel (RS)";3074;3550;1685;2137;666;1189;430012;4303;43003
4318408;"São Jerônimo (RS)";1175;1315;640;713;192;354;430006;4301;43009
4318424;"São João da Urtiga (RS)";349;341;234;246;71;112;430032;4306;43018
4318432;"São João do Polêsine (RS)";179;205;126;122;67;132;430011;4303;43001
4318440;"São Jorge (RS)";216;220;149;147;48;76;430038;4307;43025
4318457;"São José das Missões (RS)";170;166;101;99;41;41;430034;4306;43020
4318465;"São José do Herval (RS)";134;112;78;70;32;45;430031;4306;43029
4318481;"São José do Hortêncio (RS)";290;280;137;149;53;77;430002;4301;43007
4318499;"São José do Inhacorá (RS)";183;189;115;141;39;56;430023;4305;43014
4318507;"São José do Norte (RS)";1520;1440;816;814;293;485;430009;4302;43021
4318606;"São José do Ouro (RS)";447;447;256;316;99;176;430033;4306;43018
4318614;"São José do Sul (RS)";153;161;108;102;36;71;430007;4301;43008
4318622;"São José dos Ausentes (RS)";191;164;83;88;35;39;430039;4307;43024
4318705;"São Leopoldo (RS)";9612;11889;4414;6429;1416;2905;430002;4301;43007
4318804;"São Lourenço do Sul (RS)";2529;2707;1510;1781;538;913;430009;4302;43021
4318903;"São Luiz Gonzaga (RS)";1777;2071;1027;1204;410;671;430022;4305;43011
4319000;"São Marcos (RS)";1192;1316;576;773;228;378;430036;4307;43026
4319109;"São Martinho (RS)";392;455;240;270;83;124;430021;4305;43013
4319125;"São Martinho da Serra (RS)";226;193;139;126;58;76;430011;4303;43001
4319158;"São Miguel das Missões (RS)";440;405;251;239;119;109;430020;4305;43011
4319208;"São Nicolau (RS)";343;345;214;206;79;119;430022;4305;43011
4319307;"São Paulo das Missões (RS)";502;504;227;268;77;130;430024;4305;43014
4319356;"São Pedro da Serra (RS)";178;175;103;105;24;46;430007;4301;43008
4319364;"São Pedro das Missões (RS)";120;100;60;69;43;29;430034;4306;43020
4319372;"São Pedro do Butiá (RS)";224;215;113;124;53;77;430024;4305;43011
4319406;"São Pedro do Sul (RS)";1017;1065;607;719;259;464;430011;4303;43001
4319505;"São Sebastião do Caí (RS)";1331;1478;617;776;211;385;430002;4301;43008
4319604;"São Sepé (RS)";1398;1547;791;899;358;549;430011;4303;43001
4319703;"São Valentim (RS)";247;232;172;175;69;116;430026;4306;43016
4319711;"São Valentim do Sul (RS)";179;172;111;127;41;68;430037;4307;43029
4319737;"São Valério do Sul (RS)";118;111;78;66;21;27;430018;4305;43013
4319752;"São Vendelino (RS)";118;118;51;70;27;46;430002;4301;43026
4319802;"São Vicente do Sul (RS)";467;492;279;278;121;151;430011;4303;43002
4319901;"Sapiranga (RS)";3196;3655;1371;1944;485;862;430002;4301;43007
4320008;"Sapucaia do Sul (RS)";5901;7198;2888;3940;795;1621;430001;4301;43008
4320107;"Sarandi (RS)";1031;1247;608;707;240;425;430028;4306;43020
4320206;"Seberi (RS)";684;742;362;419;161;205;430029;4306;43015
4320230;"Sede Nova (RS)";202;184;103;114;32;48;430021;4305;43013
4320263;"Segredo (RS)";382;355;193;231;68;92;430042;4308;43027
4320305;"Selbach (RS)";322;319;146;200;76;143;430027;4306;43012
4320321;"Senador Salgado Filho (RS)";204;211;95;100;33;54;430019;4305;43014
4320354;"Sentinela do Sul (RS)";368;299;221;206;73;108;430005;4301;43009
4320404;"Serafina Corrêa (RS)";821;871;414;575;175;304;430038;4307;43017
4320453;"Sério (RS)";135;127;90;105;38;59;430041;4308;43029
4320503;"Sertão (RS)";365;423;242;257;81;129;430025;4306;43017
4320552;"Sertão Santana (RS)";375;331;233;226;97;158;430001;4301;43009
4320578;"Sete de Setembro (RS)";134;133;87;94;36;57;430020;4305;43011
4320602;"Severiano de Almeida (RS)";270;251;138;171;63;90;430026;4306;43016
4320651;"Silveira Martins (RS)";148;137;89;112;59;71;430011;4303;43001
4320677;"Sinimbu (RS)";598;498;319;379;133;194;430040;4308;43028
4320701;"Sobradinho (RS)";742;849;394;539;137;252;430042;4308;43027
4320800;"Soledade (RS)";1445;1680;819;1023;282;483;430031;4306;43019
4320859;"Tabaí (RS)";225;258;143;150;55;79;430041;4308;43008
4320909;"Tapejara (RS)";1066;1246;501;702;212;374;430032;4306;43018
4321006;"Tapera (RS)";540;648;296;391;129;219;430025;4306;43019
4321105;"Tapes (RS)";911;977;526;608;185;324;430005;4301;43009
4321204;"Taquara (RS)";2817;3084;1438;1806;506;933;430004;4301;43006
4321303;"Taquari (RS)";1394;1593;728;908;270;485;430041;4308;43030
4321329;"Taquaruçu do Sul (RS)";216;189;128;127;49;61;430029;4306;43015
4321352;"Tavares (RS)";390;330;208;236;103;127;430001;4301;43005
4321402;"Tenente Portela (RS)";785;833;410;497;153;276;430021;4305;43015
4321436;"Terra de Areia (RS)";608;639;310;360;102;148;430003;4301;43004
4321451;"Teutônia (RS)";1572;1758;841;1028;265;506;430041;4308;43030
4321469;"Tio Hugo (RS)";174;180;90;109;39;53;430025;4306;43019
4321477;"Tiradentes do Sul (RS)";392;397;257;273;70;117;430021;4305;43015
4321493;"Toropi (RS)";202;190;124;132;52;58;430011;4303;43001
4321501;"Torres (RS)";2277;2760;1281;1582;443;644;430008;4301;43004
4321600;"Tramandaí (RS)";3003;3598;1601;1953;492;799;430003;4301;43005
4321626;"Travesseiro (RS)";161;177;124;128;42;68;430041;4308;43029
4321634;"Três Arroios (RS)";213;194;136;160;68;102;430026;4306;43016
4321667;"Três Cachoeiras (RS)";639;647;330;345;140;176;430008;4301;43004
4321709;"Três Coroas (RS)";1071;1282;532;708;181;316;430004;4301;43006
4321808;"Três de Maio (RS)";1381;1556;738;1061;311;572;430023;4305;43014
4321832;"Três Forquilhas (RS)";166;167;98;106;50;52;430008;4301;43004
4321857;"Três Palmeiras (RS)";249;270;154;199;56;74;430025;4306;43020
4321907;"Três Passos (RS)";1472;1661;810;1017;286;504;430021;4305;43015
4321956;"Trindade do Sul (RS)";411;410;224;240;64;117;430035;4306;43020
4322004;"Triunfo (RS)";1509;1503;831;803;247;406;430006;4301;43008
4322103;"Tucunduva (RS)";393;430;225;304;126;181;430019;4305;43014
4322152;"Tunas (RS)";239;214;103;108;40;49;430042;4308;43019
4322186;"Tupanci do Sul (RS)";105;85;59;62;24;32;430033;4306;43018
4322202;"Tupanciretã (RS)";1084;1186;573;685;207;383;430027;4306;43001
4322251;"Tupandi (RS)";228;217;106;136;44;62;430002;4301;43008
4322301;"Tuparendi (RS)";587;640;348;444;159;227;430019;4305;43014
4322327;"Turuçu (RS)";216;206;126;131;34;48;430009;4302;43021
4322343;"Ubiretama (RS)";147;142;80;103;26;42;430024;4305;43011
4322350;"União da Serra (RS)";128;113;69;68;31;37;430038;4307;43025
4322376;"Unistalda (RS)";144;146;105;69;38;49;430014;4303;43002
4322400;"Uruguaiana (RS)";5451;6181;2612;3411;878;1688;430015;4304;43003
4322509;"Vacaria (RS)";2860;3317;1530;2015;606;1023;430039;4307;43024
4322525;"Vale Verde (RS)";214;195;137;133;40;59;430040;4308;43028
4322533;"Vale do Sol (RS)";578;585;344;408;113;194;430040;4308;43028
4322541;"Vale Real (RS)";276;302;154;180;42;60;430036;4307;43026
4322558;"Vanini (RS)";152;141;83;94;27;50;430030;4306;43017
4322608;"Venâncio Aires (RS)";3768;4087;1992;2478;655;1287;430040;4308;43028
4322707;"Vera Cruz (RS)";1305;1432;702;922;232;443;430040;4308;43028
4322806;"Veranópolis (RS)";1436;1499;758;968;290;543;430037;4307;43025
4322855;"Vespasiano Corrêa (RS)";126;127;104;100;51;67;430043;4308;43029
4322905;"Viadutos (RS)";368;380;226;242;88;160;430026;4306;43016
4323002;"Viamão (RS)";11024;12786;5268;7286;1713;3185;430001;4301;43010
4323101;"Vicente Dutra (RS)";274;287;169;171;57;69;430029;4306;43015
4323200;"Victor Graeff (RS)";178;177;95;120;41;65;430025;4306;43017
4323309;"Vila Flores (RS)";254;238;121;164;58;88;430037;4307;43025
4323358;"Vila Lângaro (RS)";163;119;76;104;35;47;430032;4306;43018
4323408;"Vila Maria (RS)";324;297;162;184;62;94;430030;4306;43017
4323457;"Vila Nova do Sul (RS)";284;275;170;150;76;92;430012;4303;43001
4323507;"Vista Alegre (RS)";184;193;94;102;33;64;430029;4306;43015
4323606;"Vista Alegre do Prata (RS)";117;113;81;91;31;36;430038;4307;43025
4323705;"Vista Gaúcha (RS)";210;181;86;109;41;58;430021;4305;43015
4323754;"Vitória das Missões (RS)";236;269;188;156;47;69;430020;4305;43011
4323770;"Westfália (RS)";159;174;115;125;40;56;430041;4308;43030
4323804;"Xangri-lá (RS)";836;955;458;513;142;219;430003;4301;43004
5000203;"Água Clara (MS)";523;495;192;175;62;78;500002;5001;50004
5000252;"Alcinópolis (MS)";212;174;106;82;59;38;500004;5001;50001
5000609;"Amambai (MS)";1309;1402;724;765;367;471;500009;5002;50003
5000708;"Anastácio (MS)";1072;1141;615;629;236;273;500012;5003;50001
5000807;"Anaurilândia (MS)";398;394;197;182;86;75;500007;5002;50003
5000856;"Angélica (MS)";431;449;240;243;105;118;500007;5002;50003
5000906;"Antônio João (MS)";335;332;159;199;100;109;500008;5002;50003
5001003;"Aparecida do Taboado (MS)";1108;1214;576;609;246;286;500003;5001;50004
5001102;"Aquidauana (MS)";2181;2196;1154;1251;498;627;500012;5003;50001
5001243;"Aral Moreira (MS)";334;309;164;172;85;97;500008;5002;50003
5001508;"Bandeirantes (MS)";385;307;216;174;81;87;500001;5001;50001
5001904;"Bataguassu (MS)";889;957;386;395;182;200;500002;5001;50004
5002001;"Batayporã (MS)";438;480;253;276;109;127;500007;5002;50003
5002100;"Bela Vista (MS)";914;955;519;533;246;268;500011;5003;50001
5002159;"Bodoquena (MS)";391;373;209;182;80;75;500012;5003;50001
5002209;"Bonito (MS)";916;921;480;445;156;192;500011;5003;50001
5002308;"Brasilândia (MS)";496;516;221;225;97;94;500002;5001;50004
5002407;"Caarapó (MS)";985;1079;502;584;293;308;500005;5002;50003
5002605;"Camapuã (MS)";717;655;375;370;213;168;500001;5001;50001
5002704;"Campo Grande (MS)";33730;43182;16717;22588;6848;11310;500001;5001;50001
5002803;"Caracol (MS)";223;204;114;114;66;71;500011;5003;50001
5002902;"Cassilândia (MS)";1020;1085;684;722;295;295;500003;5001;50004
5002951;"Chapadão do Sul (MS)";812;780;269;289;118;131;500003;5001;50001
5003108;"Corguinho (MS)";289;244;163;151;71;61;500001;5001;50001
5003157;"Coronel Sapucaia (MS)";394;443;206;210;105;109;500009;5002;50003
5003207;"Corumbá (MS)";3480;3959;1818;2105;680;994;500010;5003;50002
5003256;"Costa Rica (MS)";922;830;450;445;191;199;500004;5001;50001
5003306;"Coxim (MS)";1409;1390;721;754;323;349;500004;5001;50001
5003454;"Deodápolis (MS)";607;652;294;331;152;171;500005;5002;50003
5003488;"Dois Irmãos do Buriti (MS)";517;444;264;198;110;100;500001;5001;50001
5003504;"Douradina (MS)";260;276;135;137;64;56;500005;5002;50003
5003702;"Dourados (MS)";8339;10286;4131;5085;1676;2454;500005;5002;50003
5003751;"Eldorado (MS)";460;457;223;277;116;133;500006;5002;50003
5003801;"Fátima do Sul (MS)";1012;1220;599;678;263;355;500005;5002;50003
5003900;"Figueirão (MS)";163;125;87;67;41;32;500004;5001;50001
5004007;"Glória de Dourados (MS)";576;589;276;318;145;164;500005;5002;50003
5004106;"Guia Lopes da Laguna (MS)";481;485;277;286;135;148;500011;5003;50001
5004304;"Iguatemi (MS)";571;573;284;333;155;155;500006;5002;50003
5004403;"Inocência (MS)";383;336;208;153;92;74;500003;5001;50004
5004502;"Itaporã (MS)";952;1009;502;505;220;266;500005;5002;50003
5004601;"Itaquiraí (MS)";798;774;409;359;158;135;500006;5002;50003
5004700;"Ivinhema (MS)";1135;1218;647;685;278;321;500007;5002;50003
5004809;"Japorã (MS)";232;198;133;122;58;61;500006;5002;50003
5004908;"Jaraguari (MS)";499;435;266;197;96;85;500001;5001;50001
5005004;"Jardim (MS)";1004;1128;549;651;276;350;500011;5003;50001
5005103;"Jateí (MS)";162;157;85;80;42;44;500005;5002;50003
5005152;"Juti (MS)";262;264;139;153;79;74;500005;5002;50003
5005202;"Ladário (MS)";686;719;336;370;120;155;500010;5003;50002
5005251;"Laguna Carapã (MS)";237;224;143;130;62;79;500005;5002;50003
5005400;"Maracaju (MS)";1439;1427;680;692;229;283;500005;5002;50001
5005608;"Miranda (MS)";957;890;512;518;209;223;500012;5003;50001
5005681;"Mundo Novo (MS)";809;948;446;535;208;220;500006;5002;50003
5005707;"Naviraí (MS)";1871;2123;867;965;363;433;500006;5002;50003
5005806;"Nioaque (MS)";632;596;309;260;145;136;500011;5003;50001
5006002;"Nova Alvorada do Sul (MS)";777;686;294;257;97;127;500001;5001;50001
5006200;"Nova Andradina (MS)";1951;2108;970;980;404;483;500007;5002;50003
5006259;"Novo Horizonte do Sul (MS)";243;220;120;99;56;36;500007;5002;50003
5006275;"Paraíso das Águas (MS)";227;204;102;78;45;31;500003;5001;50001
5006309;"Paranaíba (MS)";1932;2193;1167;1149;460;535;500003;5001;50004
5006358;"Paranhos (MS)";300;315;184;178;114;83;500009;5002;50003
5006408;"Pedro Gomes (MS)";369;362;189;187;108;91;500004;5001;50001
5006606;"Ponta Porã (MS)";3108;3465;1483;1738;587;839;500008;5002;50003
5006903;"Porto Murtinho (MS)";447;439;211;227;90;112;500011;5003;50001
5007109;"Ribas do Rio Pardo (MS)";867;702;349;289;106;125;500001;5001;50001
5007208;"Rio Brilhante (MS)";1320;1322;560;557;217;253;500005;5002;50003
5007307;"Rio Negro (MS)";268;235;168;119;78;76;500001;5001;50001
5007406;"Rio Verde de Mato Grosso (MS)";976;893;520;503;220;245;500004;5001;50001
5007505;"Rochedo (MS)";269;229;156;109;42;57;500001;5001;50001
5007554;"Santa Rita do Pardo (MS)";291;266;150;124;68;48;500002;5001;50004
5007695;"São Gabriel do Oeste (MS)";1070;1072;487;497;174;213;500001;5001;50001
5007703;"Sete Quedas (MS)";472;530;266;253;119;107;500009;5002;50003
5007802;"Selvíria (MS)";405;353;205;178;86;63;500002;5001;50004
5007901;"Sidrolândia (MS)";2077;1866;1004;885;360;328;500001;5001;50001
5007935;"Sonora (MS)";507;436;190;192;73;82;500004;5001;50001
5007950;"Tacuru (MS)";336;305;166;154;127;120;500009;5002;50003
5007976;"Taquarussu (MS)";181;183;104;92;50;50;500007;5002;50003
5008008;"Terenos (MS)";986;929;516;440;213;157;500001;5001;50001
5008305;"Três Lagoas (MS)";4716;5420;2169;2650;851;1252;500002;5001;50004
5008404;"Vicentina (MS)";388;371;181;202;111;119;500005;5002;50003
5100102;"Acorizal (MT)";306;270;212;146;73;68;510001;5101;51002
5100201;"Água Boa (MT)";1001;817;419;426;167;153;510015;5104;51006
5100250;"Alta Floresta (MT)";2321;2136;980;1020;411;459;510010;5103;51001
5100300;"Alto Araguaia (MT)";777;704;378;410;182;195;510016;5105;51013
5100359;"Alto Boa Vista (MT)";197;137;103;80;38;42;510014;5104;51009
5100409;"Alto Garças (MT)";494;450;261;233;97;115;510016;5105;51013
5100508;"Alto Paraguai (MT)";521;365;237;174;95;82;510003;5101;51004
5100607;"Alto Taquari (MT)";305;288;125;122;46;50;510016;5105;51013
5100805;"Apiacás (MT)";373;260;132;108;33;33;510010;5103;51001
5101001;"Araguaiana (MT)";181;155;108;81;42;26;510013;5104;51005
5101209;"Araguainha (MT)";61;54;45;26;23;16;510016;5105;51013
5101258;"Araputanga (MT)";573;616;282;330;135;139;510006;5102;51011
5101308;"Arenápolis (MT)";440;463;235;236;101;138;510003;5101;51007
5101407;"Aripuanã (MT)";650;549;283;219;94;80;510009;5103;51008
5101605;"Barão de Melgaço (MT)";410;361;230;186;108;103;510001;5101;51002
5101704;"Barra do Bugres (MT)";1109;1068;556;535;239;242;510002;5101;51007
5101803;"Barra do Garças (MT)";2621;2973;1404;1502;525;683;510013;5104;51005
5101852;"Bom Jesus do Araguaia (MT)";260;184;133;80;36;32;510014;5104;51006
5101902;"Brasnorte (MT)";631;463;262;228;85;65;510002;5101;51008
5102504;"Cáceres (MT)";3603;3730;1877;1950;739;926;510004;5102;51011
5102603;"Campinápolis (MT)";340;284;203;179;136;137;510015;5104;51005
5102637;"Campo Novo do Parecis (MT)";879;842;322;318;105;129;510002;5101;51007
5102678;"Campo Verde (MT)";1289;1258;560;561;199;218;510001;5101;51013
5102686;"Campos de Júlio (MT)";210;162;78;64;20;20;510005;5102;51012
5102694;"Canabrava do Norte (MT)";195;155;115;69;48;28;510014;5104;51003
5102702;"Canarana (MT)";853;771;394;320;129;169;510015;5104;51006
5102793;"Carlinda (MT)";540;480;288;253;157;108;510010;5103;51001
5102850;"Castanheira (MT)";384;338;172;143;78;55;510009;5103;51008
5103007;"Chapada dos Guimarães (MT)";977;976;572;472;214;222;510001;5101;51002
5103056;"Cláudia (MT)";468;417;190;177;75;78;510007;5103;51014
5103106;"Cocalinho (MT)";295;244;147;104;55;28;510015;5104;51006
5103205;"Colíder (MT)";1295;1310;720;669;331;320;510007;5103;51010
5103254;"Colniza (MT)";892;684;379;247;118;76;510009;5103;51008
5103304;"Comodoro (MT)";674;603;299;287;124;115;510005;5102;51012
5103353;"Confresa (MT)";1098;848;505;366;169;96;510014;5104;51003
5103361;"Conquista D'Oeste (MT)";125;128;81;66;39;32;510005;5102;51012
5103379;"Cotriguaçu (MT)";411;310;211;142;48;47;510009;5103;51008
5103403;"Cuiabá (MT)";23281;28062;10663;13649;3643;6183;510001;5101;51002
5103437;"Curvelândia (MT)";226;251;121;125;78;62;510004;5102;51011
5103452;"Denise (MT)";254;256;118;122;41;60;510002;5101;51007
5103502;"Diamantino (MT)";846;737;374;376;152;166;510003;5101;51004
5103601;"Dom Aquino (MT)";451;422;241;249;122;118;510018;5105;51013
5103700;"Feliz Natal (MT)";335;284;123;87;40;32;510007;5103;51014
5103809;"Figueirópolis D'Oeste (MT)";175;166;94;91;38;40;510006;5102;51012
5103858;"Gaúcha do Norte (MT)";248;214;91;91;41;35;510015;5104;51006
5103908;"General Carneiro (MT)";249;192;139;103;63;56;510013;5104;51005
5103957;"Glória D'Oeste (MT)";161;162;96;112;36;40;510006;5102;51011
5104104;"Guarantã do Norte (MT)";1237;1139;597;529;241;235;510011;5103;51015
5104203;"Guiratinga (MT)";654;654;424;371;189;198;510016;5105;51013
5104500;"Indiavaí (MT)";114;123;65;56;32;25;510006;5102;51011
5104526;"Ipiranga do Norte (MT)";214;180;82;83;24;21;510008;5103;51014
5104542;"Itanhangá (MT)";325;237;114;92;24;24;510008;5103;51014
5104559;"Itaúba (MT)";173;184;99;85;35;39;510007;5103;51010
5104609;"Itiquira (MT)";442;435;264;192;85;66;510016;5105;51013
5104807;"Jaciara (MT)";1103;1199;583;592;217;287;510018;5105;51013
5104906;"Jangada (MT)";344;295;231;169;120;113;510001;5101;51002
5105002;"Jauru (MT)";357;397;224;266;134;121;510006;5102;51012
5105101;"Juara (MT)";1359;1247;566;571;241;265;510012;5103;51016
5105150;"Juína (MT)";1675;1686;910;868;357;303;510009;5103;51008
5105176;"Juruena (MT)";383;344;178;152;61;46;510009;5103;51008
5105200;"Juscimeira (MT)";597;573;331;308;167;145;510018;5105;51013
5105234;"Lambari D'Oeste (MT)";198;191;100;88;36;43;510004;5102;51011
5105259;"Lucas do Rio Verde (MT)";1656;1713;623;715;189;244;510008;5103;51014
5105309;"Luciara (MT)";111;103;46;48;23;23;510014;5104;51009
5105507;"Vila Bela da Santíssima Trindade (MT)";588;492;278;215;119;80;510005;5102;51012
5105580;"Marcelândia (MT)";450;388;181;192;75;70;510007;5103;51010
5105606;"Matupá (MT)";700;624;305;289;123;89;510011;5103;51015
5105622;"Mirassol d'Oeste (MT)";1095;1114;528;543;241;234;510006;5102;51011
5105903;"Nobres (MT)";619;624;344;291;154;135;510001;5101;51004
5106000;"Nortelândia (MT)";277;291;146;141;78;62;510003;5101;51004
5106109;"Nossa Senhora do Livramento (MT)";840;668;485;355;181;186;510001;5101;51002
5106158;"Nova Bandeirantes (MT)";654;377;227;188;102;61;510010;5103;51001
5106174;"Nova Nazaré (MT)";135;120;58;34;31;41;510015;5104;51006
5106182;"Nova Lacerda (MT)";253;206;137;95;37;36;510005;5102;51012
5106190;"Nova Santa Helena (MT)";176;142;104;88;29;27;510007;5103;51010
5106208;"Nova Brasilândia (MT)";264;202;119;95;36;35;510001;5101;51002
5106216;"Nova Canaã do Norte (MT)";528;457;284;242;118;93;510007;5103;51010
5106224;"Nova Mutum (MT)";1207;1184;460;452;152;163;510008;5103;51014
5106232;"Nova Olímpia (MT)";602;542;284;222;85;81;510002;5101;51007
5106240;"Nova Ubiratã (MT)";362;257;122;96;27;35;510008;5103;51014
5106257;"Nova Xavantina (MT)";1015;950;556;475;240;214;510013;5104;51005
5106265;"Novo Mundo (MT)";336;222;154;82;40;22;510011;5103;51015
5106273;"Novo Horizonte do Norte (MT)";217;173;99;93;57;46;510012;5103;51016
5106281;"Novo São Joaquim (MT)";312;256;159;123;62;44;510013;5104;51005
5106299;"Paranaíta (MT)";573;483;263;207;98;91;510010;5103;51001
5106307;"Paranatinga (MT)";923;680;430;345;203;161;510017;5105;51013
5106315;"Novo Santo Antônio (MT)";106;72;39;28;25;16;510014;5104;51009
5106372;"Pedra Preta (MT)";789;735;389;328;169;161;510016;5105;51013
5106422;"Peixoto de Azevedo (MT)";1324;1089;536;401;175;144;510011;5103;51015
5106455;"Planalto da Serra (MT)";132;125;87;61;28;26;510001;5101;51002
5106505;"Poconé (MT)";1430;1291;746;679;318;358;510001;5101;51002
5106653;"Pontal do Araguaia (MT)";294;264;163;131;50;64;510013;5104;51005
5106703;"Ponte Branca (MT)";137;119;84;51;32;29;510013;5104;51005
5106752;"Pontes e Lacerda (MT)";1745;1610;768;730;290;332;510005;5102;51012
5106778;"Porto Alegre do Norte (MT)";489;367;272;200;103;77;510014;5104;51003
5106802;"Porto dos Gaúchos (MT)";247;227;102;108;49;43;510012;5103;51016
5106828;"Porto Esperidião (MT)";466;378;208;161;80;92;510006;5102;51011
5106851;"Porto Estrela (MT)";204;173;119;87;53;40;510002;5101;51007
5107008;"Poxoréu (MT)";1259;1118;654;514;257;242;510017;5105;51013
5107040;"Primavera do Leste (MT)";2073;2185;846;907;298;362;510017;5105;51013
5107065;"Querência (MT)";620;492;253;186;58;78;510015;5104;51006
5107107;"São José dos Quatro Marcos (MT)";919;940;487;470;215;225;510006;5102;51011
5107156;"Reserva do Cabaçal (MT)";89;80;52;51;23;27;510006;5102;51011
5107180;"Ribeirão Cascalheira (MT)";404;359;190;158;84;77;510015;5104;51006
5107198;"Ribeirãozinho (MT)";119;106;72;54;29;23;510013;5104;51005
5107206;"Rio Branco (MT)";219;225;106;99;68;67;510004;5102;51011
5107248;"Santa Carmem (MT)";198;163;93;89;33;32;510007;5103;51014
5107263;"Santo Afonso (MT)";115;103;65;58;32;28;510003;5101;51007
5107297;"São José do Povo (MT)";180;192;147;117;60;56;510016;5105;51013
5107305;"São José do Rio Claro (MT)";598;517;274;266;96;92;510003;5101;51004
5107354;"São José do Xingu (MT)";150;126;73;49;24;20;510014;5104;51003
5107404;"São Pedro da Cipa (MT)";176;161;91;90;32;40;510018;5105;51013
5107578;"Rondolândia (MT)";115;86;60;47;19;34;510009;5103;51012
5107602;"Rondonópolis (MT)";8098;8873;3784;4573;1528;1963;510016;5105;51013
5107701;"Rosário Oeste (MT)";866;742;490;435;220;242;510001;5101;51004
5107743;"Santa Cruz do Xingu (MT)";114;79;35;21;4;6;510014;5104;51003
5107750;"Salto do Céu (MT)";180;171;96;104;58;42;510004;5102;51011
5107768;"Santa Rita do Trivelato (MT)";102;72;42;49;13;14;510008;5103;51014
5107776;"Santa Terezinha (MT)";292;243;164;100;67;42;510014;5104;51003
5107792;"Santo Antônio do Leste (MT)";94;97;44;35;18;9;510017;5105;51013
5107800;"Santo Antônio de Leverger (MT)";781;673;402;372;165;136;510001;5101;51002
5107859;"São Félix do Araguaia (MT)";555;430;269;219;100;91;510014;5104;51009
5107875;"Sapezal (MT)";473;424;149;163;49;47;510002;5101;51007
5107883;"Serra Nova Dourada (MT)";86;59;34;27;23;9;510014;5104;51009
5107909;"Sinop (MT)";5397;5347;2150;2420;753;946;510007;5103;51014
5107925;"Sorriso (MT)";2790;2819;1034;1074;319;456;510008;5103;51014
5107941;"Tabaporã (MT)";343;285;166;130;48;39;510012;5103;51016
5107958;"Tangará da Serra (MT)";3608;3876;1590;1759;681;778;510002;5101;51007
5108006;"Tapurah (MT)";460;361;148;159;60;68;510008;5103;51014
5108055;"Terra Nova do Norte (MT)";565;496;256;284;118;110;510007;5103;51015
5108105;"Tesouro (MT)";216;154;110;64;46;42;510016;5105;51013
5108204;"Torixoréu (MT)";285;226;130;125;73;70;510013;5104;51005
5108303;"União do Sul (MT)";152;117;56;46;20;15;510007;5103;51014
5108352;"Vale de São Domingos (MT)";146;139;89;77;42;30;510005;5102;51012
5108402;"Várzea Grande (MT)";9622;10872;4285;5250;1555;2160;510001;5101;51002
5108501;"Vera (MT)";468;428;175;182;76;78;510008;5103;51014
5108600;"Vila Rica (MT)";743;555;324;277;126;90;510014;5104;51003
5108808;"Nova Guarita (MT)";245;201;104;96;38;37;510007;5103;51010
5108857;"Nova Marilândia (MT)";137;105;75;59;23;24;510003;5101;51007
5108907;"Nova Maringá (MT)";220;155;71;49;16;24;510003;5101;51004
5108956;"Nova Monte Verde (MT)";361;305;160;142;59;50;510010;5103;51001
5200050;"Abadia de Goiás (GO)";573;600;242;289;111;98;520001;5201;52001
5200100;"Abadiânia (GO)";790;831;442;390;172;189;520002;5201;52011
5200134;"Acreúna (GO)";911;916;494;475;181;188;520015;5204;52015
5200159;"Adelândia (GO)";155;155;93;79;35;42;520003;5201;52010
5200175;"Água Fria de Goiás (GO)";242;208;139;95;45;42;520022;5206;52003
5200209;"Água Limpa (GO)";111;109;81;74;35;31;520008;5202;52017
5200258;"Águas Lindas de Goiás (GO)";4646;4948;1823;1968;658;758;520020;5206;52004
5200308;"Alexânia (GO)";1108;1159;561;613;241;270;520002;5201;52011
5200506;"Aloândia (GO)";129;124;77;84;49;47;520007;5202;52017
5200555;"Alto Horizonte (GO)";203;187;101;94;26;49;520017;5205;52014
5200605;"Alto Paraíso de Goiás (GO)";334;327;133;173;60;66;520022;5206;52003
5200803;"Alvorada do Norte (GO)";351;346;134;155;63;79;520021;5206;52007
5200829;"Amaralina (GO)";217;178;87;64;51;32;520017;5205;52014
5200852;"Americano do Brasil (GO)";268;286;167;166;75;76;520003;5201;52012
5200902;"Amorinópolis (GO)";222;202;130;138;66;64;520014;5204;52009
5201108;"Anápolis (GO)";14664;18130;6991;9303;2818;4583;520002;5201;52011
5201207;"Anhanguera (GO)";55;64;42;39;9;12;520004;5201;52005
5201306;"Anicuns (GO)";998;1033;498;557;232;239;520003;5201;52001
5201405;"Aparecida de Goiânia (GO)";15334;19174;6651;8527;2333;3415;520001;5201;52002
5201454;"Aparecida do Rio Doce (GO)";124;116;76;70;35;20;520010;5203;52015
5201504;"Aporé (GO)";178;163;93;81;36;35;520011;5203;52016
5201603;"Araçu (GO)";195;197;127;139;64;70;520003;5201;52001
5201702;"Aragarças (GO)";809;834;436;480;191;215;520014;5204;52009
5201801;"Aragoiânia (GO)";574;570;294;263;114;105;520001;5201;52002
5202155;"Araguapaz (GO)";369;386;181;170;82;76;520005;5201;52012
5202353;"Arenópolis (GO)";198;192;117;90;54;50;520014;5204;52009
5202502;"Aruanã (GO)";408;335;165;154;61;56;520005;5201;52012
5202601;"Aurilândia (GO)";235;245;145;144;71;71;520013;5204;52010
5202809;"Avelinópolis (GO)";176;176;114;100;42;53;520003;5201;52001
5203104;"Baliza (GO)";221;190;116;77;37;25;520014;5204;52009
5203203;"Barro Alto (GO)";394;395;189;177;87;84;520018;5205;52018
5203302;"Bela Vista de Goiás (GO)";1717;1597;882;853;377;413;520001;5201;52002
5203401;"Bom Jardim de Goiás (GO)";449;451;290;260;145;109;520014;5204;52009
5203500;"Bom Jesus de Goiás (GO)";929;891;410;461;167;192;520007;5202;52017
5203559;"Bonfinópolis (GO)";446;460;214;228;78;94;520001;5201;52002
5203575;"Bonópolis (GO)";138;160;113;58;31;34;520016;5205;52008
5203609;"Brazabrantes (GO)";211;213;94;113;41;45;520001;5201;52001
5203807;"Britânia (GO)";260;298;159;143;54;68;520005;5201;52012
5203906;"Buriti Alegre (GO)";472;489;297;342;162;217;520007;5202;52017
5203939;"Buriti de Goiás (GO)";163;162;94;97;42;32;520013;5204;52010
5203962;"Buritinópolis (GO)";147;129;75;95;29;30;520021;5206;52007
5204003;"Cabeceiras (GO)";317;301;147;144;59;71;520020;5206;52003
5204102;"Cachoeira Alta (GO)";481;511;293;273;155;109;520010;5203;52015
5204201;"Cachoeira de Goiás (GO)";85;71;43;65;17;20;520013;5204;52010
5204250;"Cachoeira Dourada (GO)";419;446;235;250;125;116;520007;5202;52017
5204300;"Caçu (GO)";633;669;424;388;206;207;520010;5203;52015
5204409;"Caiapônia (GO)";905;888;503;483;200;211;520011;5203;52016
5204508;"Caldas Novas (GO)";3506;4007;1889;2125;720;902;520008;5202;52005
5204557;"Caldazinha (GO)";245;220;159;110;42;39;520001;5201;52002
5204607;"Campestre de Goiás (GO)";177;153;110;93;45;51;520015;5204;52001
5204656;"Campinaçu (GO)";192;167;113;91;48;40;520016;5205;52008
5204706;"Campinorte (GO)";514;528;262;283;118;122;520017;5205;52014
5204805;"Campo Alegre de Goiás (GO)";324;302;146;130;68;64;520004;5201;52005
5204854;"Campo Limpo de Goiás (GO)";274;288;159;154;51;69;520002;5201;52011
5204904;"Campos Belos (GO)";683;695;324;331;133;188;520021;5206;52006
5204953;"Campos Verdes (GO)";242;236;138;119;41;50;520018;5205;52013
5205000;"Carmo do Rio Verde (GO)";508;486;278;285;113;115;520018;5205;52013
5205059;"Castelândia (GO)";156;144;86;84;34;34;520010;5203;52015
5205109;"Catalão (GO)";4399;4638;2159;2463;785;1135;520004;5201;52005
5205208;"Caturaí (GO)";285;252;132;128;53;63;520001;5201;52001
5205307;"Cavalcante (GO)";424;351;222;204;107;87;520022;5206;52006
5205406;"Ceres (GO)";1055;1271;529;678;226;311;520018;5205;52013
5205455;"Cezarina (GO)";396;433;272;204;91;82;520015;5204;52002
5205471;"Chapadão do Céu (GO)";297;255;88;99;18;33;520011;5203;52016
5205497;"Cidade Ocidental (GO)";2194;2741;868;1110;293;408;520019;5206;52004
5205513;"Cocalzinho de Goiás (GO)";1078;1007;548;476;163;192;520020;5206;52011
5205521;"Colinas do Sul (GO)";207;161;107;69;50;37;520017;5205;52014
5205703;"Córrego do Ouro (GO)";164;157;110;102;41;44;520013;5204;52010
5205802;"Corumbá de Goiás (GO)";519;526;320;285;136;124;520002;5201;52011
5205901;"Corumbaíba (GO)";424;427;273;222;99;125;520008;5202;52005
5206206;"Cristalina (GO)";2023;1905;869;872;310;397;520019;5206;52004
5206305;"Cristianópolis (GO)";177;200;104;109;65;55;520009;5202;52002
5206404;"Crixás (GO)";720;657;399;373;184;160;520018;5205;52013
5206503;"Cromínia (GO)";222;223;150;163;74;58;520009;5202;52002
5206602;"Cumari (GO)";193;171;120;133;48;68;520004;5201;52005
5206701;"Damianópolis (GO)";151;178;95;102;48;31;520021;5206;52007
5206800;"Damolândia (GO)";174;201;74;94;31;28;520003;5201;52001
5206909;"Davinópolis (GO)";111;109;72;73;34;27;520004;5201;52005
5207105;"Diorama (GO)";136;120;88;87;42;34;520014;5204;52009
5207253;"Doverlândia (GO)";381;322;213;180;97;74;520011;5203;52016
5207352;"Edealina (GO)";214;212;129;125;73;62;520009;5202;52002
5207402;"Edéia (GO)";518;543;307;279;141;147;520015;5204;52002
5207501;"Estrela do Norte (GO)";173;175;107;97;26;41;520016;5205;52008
5207535;"Faina (GO)";442;399;254;204;86;89;520005;5201;52012
5207600;"Fazenda Nova (GO)";398;380;225;198;92;93;520013;5204;52009
5207808;"Firminópolis (GO)";576;618;346;421;177;193;520015;5204;52010
5207907;"Flores de Goiás (GO)";720;490;281;190;110;76;520022;5206;52003
5208004;"Formosa (GO)";3868;4134;1758;1964;690;941;520020;5206;52003
5208103;"Formoso (GO)";263;278;150;139;69;80;520016;5205;52008
5208152;"Gameleira de Goiás (GO)";208;187;104;62;37;37;520002;5201;52011
5208301;"Divinópolis de Goiás (GO)";214;205;124;113;50;68;520021;5206;52006
5208400;"Goianápolis (GO)";527;549;262;278;112;95;520002;5201;52011
5208509;"Goiandira (GO)";281;289;179;220;71;100;520004;5201;52005
5208608;"Goianésia (GO)";2777;3118;1356;1482;592;737;520018;5205;52018
5208707;"Goiânia (GO)";52589;69909;26432;38506;10644;18433;520001;5201;52001
5208806;"Goianira (GO)";2028;2119;873;861;281;343;520001;5201;52001
5208905;"Goiás (GO)";1402;1456;730;792;305;409;520005;5201;52012
5209101;"Goiatuba (GO)";1520;1740;886;1011;395;499;520007;5202;52017
5209150;"Gouvelândia (GO)";199;225;143;107;61;60;520012;5203;52017
5209200;"Guapó (GO)";733;802;404;468;147;171;520001;5201;52001
5209291;"Guaraíta (GO)";142;147;86;86;32;24;520005;5201;52012
5209408;"Guarani de Goiás (GO)";238;202;138;118;54;37;520021;5206;52007
5209457;"Guarinos (GO)";134;118;89;67;38;30;520018;5205;52013
5209606;"Heitoraí (GO)";218;204;94;127;53;52;520003;5201;52012
5209705;"Hidrolândia (GO)";1153;1167;648;566;232;223;520001;5201;52002
5209804;"Hidrolina (GO)";222;220;128;137;66;69;520017;5205;52014
5209903;"Iaciara (GO)";429;430;227;212;87;115;520021;5206;52007
5209937;"Inaciolândia (GO)";240;248;190;156;63;71;520012;5203;52017
5209952;"Indiara (GO)";745;666;373;345;166;145;520015;5204;52002
5210000;"Inhumas (GO)";2295;2778;1208;1449;504;685;520003;5201;52001
5210109;"Ipameri (GO)";1286;1321;626;746;273;400;520004;5201;52005
5210158;"Ipiranga de Goiás (GO)";174;178;93;92;61;57;520018;5205;52013
5210208;"Iporá (GO)";1750;1973;1059;1081;480;577;520014;5204;52009
5210307;"Israelândia (GO)";169;151;99;113;46;30;520014;5204;52009
5210406;"Itaberaí (GO)";1803;1867;876;878;288;415;520003;5201;52012
5210562;"Itaguari (GO)";261;225;136;143;52;57;520003;5201;52001
5210604;"Itaguaru (GO)";325;338;207;178;68;95;520003;5201;52018
5210802;"Itajá (GO)";207;209;143;155;77;63;520010;5203;52015
5210901;"Itapaci (GO)";873;908;478;489;201;215;520018;5205;52013
5211008;"Itapirapuã (GO)";436;435;227;239;119;114;520005;5201;52012
5211206;"Itapuranga (GO)";1441;1541;851;818;319;420;520005;5201;52012
5211305;"Itarumã (GO)";328;264;175;155;76;67;520010;5203;52015
5211404;"Itauçu (GO)";455;479;240;292;96;127;520003;5201;52001
5211503;"Itumbiara (GO)";4436;5235;2360;2824;987;1415;520007;5202;52017
5211602;"Ivolândia (GO)";178;173;118;81;29;38;520013;5204;52009
5211701;"Jandaia (GO)";373;378;222;207;113;113;520015;5204;52002
5211800;"Jaraguá (GO)";1908;1974;932;981;392;468;520002;5201;52018
5211909;"Jataí (GO)";3644;4187;2093;2447;986;1243;520011;5203;52016
5212006;"Jaupaci (GO)";180;213;107;89;61;52;520014;5204;52009
5212055;"Jesúpolis (GO)";114;118;88;71;34;23;520002;5201;52001
5212105;"Joviânia (GO)";345;367;178;192;86;82;520007;5202;52017
5212204;"Jussara (GO)";931;982;528;523;230;262;520005;5201;52012
5212253;"Lagoa Santa (GO)";69;49;26;32;10;8;520010;5203;52015
5212303;"Leopoldo de Bulhões (GO)";501;441;247;210;73;99;520002;5201;52002
5212501;"Luziânia (GO)";6180;6674;2818;3085;1072;1335;520019;5206;52004
5212600;"Mairipotaba (GO)";187;183;98;85;45;29;520009;5202;52002
5212709;"Mambaí (GO)";262;221;136;133;54;68;520021;5206;52007
5212808;"Mara Rosa (GO)";559;559;322;275;148;150;520017;5205;52014
5212907;"Marzagão (GO)";108;127;76;61;29;29;520008;5202;52005
5212956;"Matrinchã (GO)";228;204;128;122;47;43;520005;5201;52012
5213004;"Maurilândia (GO)";376;365;235;198;96;105;520010;5203;52015
5213053;"Mimoso de Goiás (GO)";153;131;85;65;23;34;520020;5206;52018
5213087;"Minaçu (GO)";1344;1324;736;678;299;261;520016;5205;52008
5213103;"Mineiros (GO)";2302;2345;1104;1213;506;631;520011;5203;52016
5213400;"Moiporá (GO)";105;119;70;66;29;43;520013;5204;52009
5213509;"Monte Alegre de Goiás (GO)";334;272;165;139;91;85;520021;5206;52006
5213707;"Montes Claros de Goiás (GO)";441;400;220;224;120;117;520014;5204;52009
5213756;"Montividiu (GO)";472;411;200;183;72;73;520010;5203;52015
5213772;"Montividiu do Norte (GO)";232;186;123;93;55;28;520016;5205;52008
5213806;"Morrinhos (GO)";2160;2458;1303;1409;568;649;520008;5202;52017
5213855;"Morro Agudo de Goiás (GO)";163;147;77;86;35;35;520018;5205;52013
5213905;"Mossâmedes (GO)";287;272;155;165;77;65;520005;5201;52012
5214002;"Mozarlândia (GO)";526;524;279;279;111;111;520005;5201;52012
5214051;"Mundo Novo (GO)";352;284;172;131;55;64;520016;5205;52008
5214101;"Mutunópolis (GO)";192;175;108;100;46;40;520016;5205;52008
5214408;"Nazário (GO)";393;413;234;233;95;95;520015;5204;52001
5214507;"Nerópolis (GO)";1047;1300;518;623;250;286;520001;5201;52001
5214606;"Niquelândia (GO)";1928;1765;969;899;428;433;520017;5205;52014
5214705;"Nova América (GO)";142;131;71;78;35;28;520018;5205;52013
5214804;"Nova Aurora (GO)";135;127;77;75;38;43;520004;5201;52005
5214838;"Nova Crixás (GO)";527;452;288;249;115;106;520005;5201;52012
5214861;"Nova Glória (GO)";501;512;280;276;154;174;520018;5205;52013
5214879;"Nova Iguaçu de Goiás (GO)";155;147;95;69;34;36;520017;5205;52014
5214903;"Nova Roma (GO)";198;164;106;92;49;48;520021;5206;52007
5215009;"Nova Veneza (GO)";441;479;247;264;84;119;520001;5201;52001
5215207;"Novo Brasil (GO)";212;209;142;135;55;66;520005;5201;52009
5215231;"Novo Gama (GO)";2756;3111;1198;1451;434;562;520019;5206;52004
5215256;"Novo Planalto (GO)";179;177;91;102;44;44;520016;5205;52008
5215306;"Orizona (GO)";810;799;534;504;194;242;520006;5201;52002
5215405;"Ouro Verde de Goiás (GO)";247;237;139;111;48;44;520002;5201;52001
5215504;"Ouvidor (GO)";355;317;204;186;68;84;520004;5201;52005
5215603;"Padre Bernardo (GO)";1402;1332;737;686;278;326;520020;5206;52018
5215652;"Palestina de Goiás (GO)";196;151;102;89;48;34;520014;5204;52009
5215702;"Palmeiras de Goiás (GO)";1230;1260;655;616;273;303;520015;5204;52010
5215801;"Palmelo (GO)";128;159;81;85;34;42;520006;5201;52005
5215900;"Palminópolis (GO)";220;224;134;125;56;57;520015;5204;52010
5216007;"Panamá (GO)";137;152;86;88;53;51;520007;5202;52017
5216304;"Paranaiguara (GO)";378;486;277;266;126;127;520012;5203;52015
5216403;"Paraúna (GO)";474;474;245;286;105;139;520015;5204;52010
5216452;"Perolândia (GO)";133;135;102;54;29;26;520011;5203;52016
5216809;"Petrolina de Goiás (GO)";550;579;284;285;145;166;520002;5201;52001
5216908;"Pilar de Goiás (GO)";168;128;87;54;31;30;520018;5205;52013
5217104;"Piracanjuba (GO)";1441;1439;842;851;379;457;520009;5202;52002
5217203;"Piranhas (GO)";609;639;396;378;178;177;520014;5204;52009
5217302;"Pirenópolis (GO)";1331;1266;685;749;289;355;520002;5201;52011
5217401;"Pires do Rio (GO)";1526;1573;814;943;332;479;520006;5201;52005
5217609;"Planaltina (GO)";2813;3176;1335;1518;444;536;520020;5206;52003
5217708;"Pontalina (GO)";948;1012;579;581;271;317;520009;5202;52002
5218003;"Porangatu (GO)";1954;1973;975;1083;446;552;520016;5205;52008
5218052;"Porteirão (GO)";162;122;58;65;37;19;520010;5203;52015
5218102;"Portelândia (GO)";158;182;117;89;48;34;520011;5203;52016
5218300;"Posse (GO)";1220;1149;518;558;246;282;520021;5206;52007
5218391;"Professor Jamil (GO)";220;206;128;119;53;41;520009;5202;52002
5218508;"Quirinópolis (GO)";1910;2187;1143;1229;537;556;520012;5203;52015
5218607;"Rialma (GO)";517;582;289;350;113;164;520018;5205;52013
5218706;"Rianápolis (GO)";222;212;108;129;48;51;520018;5205;52013
5218789;"Rio Quente (GO)";161;153;83;83;19;29;520008;5202;52005
5218805;"Rio Verde (GO)";6753;7550;3239;3669;1276;1605;520010;5203;52015
5218904;"Rubiataba (GO)";906;1011;516;629;217;269;520018;5205;52013
5219001;"Sanclerlândia (GO)";403;453;256;263;113;102;520013;5204;52010
5219100;"Santa Bárbara de Goiás (GO)";296;303;148;142;64;68;520015;5204;52001
5219209;"Santa Cruz de Goiás (GO)";233;165;108;97;42;31;520006;5201;52005
5219258;"Santa Fé de Goiás (GO)";231;229;122;104;57;46;520005;5201;52012
5219308;"Santa Helena de Goiás (GO)";1703;1955;972;1020;396;467;520010;5203;52015
5219357;"Santa Isabel (GO)";233;233;143;119;60;77;520018;5205;52013
5219407;"Santa Rita do Araguaia (GO)";263;253;138;169;85;81;520011;5203;52016
5219456;"Santa Rita do Novo Destino (GO)";198;154;92;68;37;26;520018;5205;52018
5219506;"Santa Rosa de Goiás (GO)";179;207;89;90;43;57;520002;5201;52001
5219605;"Santa Tereza de Goiás (GO)";194;210;115;118;59;62;520016;5205;52008
5219704;"Santa Terezinha de Goiás (GO)";605;577;326;283;135;159;520018;5205;52013
5219712;"Santo Antônio da Barra (GO)";186;205;140;106;52;47;520010;5203;52015
5219738;"Santo Antônio de Goiás (GO)";281;293;133;157;61;55;520001;5201;52001
5219753;"Santo Antônio do Descoberto (GO)";1923;2173;898;1087;353;428;520019;5206;52004
5219803;"São Domingos (GO)";481;446;263;206;112;94;520021;5206;52007
5219902;"São Francisco de Goiás (GO)";323;349;194;178;76;85;520002;5201;52001
5220009;"São João d'Aliança (GO)";488;422;236;194;81;66;520022;5206;52003
5220058;"São João da Paraúna (GO)";97;109;79;63;32;27;520015;5204;52010
5220108;"São Luís de Montes Belos (GO)";1530;1780;958;1080;426;475;520013;5204;52010
5220157;"São Luiz do Norte (GO)";242;215;125;109;51;46;520017;5205;52013
5220207;"São Miguel do Araguaia (GO)";1011;1047;608;574;264;286;520016;5205;52008
5220264;"São Miguel do Passa Quatro (GO)";268;216;157;119;51;53;520002;5201;52002
5220280;"São Patrício (GO)";122;114;88;59;31;32;520018;5205;52013
5220405;"São Simão (GO)";770;802;438;502;198;205;520012;5203;52015
5220454;"Senador Canedo (GO)";3734;4399;1526;1896;545;730;520001;5201;52002
5220504;"Serranópolis (GO)";317;282;198;183;87;83;520011;5203;52016
5220603;"Silvânia (GO)";1001;953;529;547;209;240;520002;5201;52002
5220686;"Simolândia (GO)";241;246;113;111;40;66;520021;5206;52007
5220702;"Sítio d'Abadia (GO)";151;135;73;55;29;22;520021;5206;52007
5221007;"Taquaral de Goiás (GO)";237;231;123;135;47;51;520003;5201;52001
5221080;"Teresina de Goiás (GO)";106;97;56;52;40;33;520022;5206;52006
5221197;"Terezópolis de Goiás (GO)";307;329;142;156;75;81;520001;5201;52011
5221304;"Três Ranchos (GO)";218;168;120;89;43;46;520004;5201;52005
5221403;"Trindade (GO)";4535;5484;2187;2746;809;1158;520001;5201;52001
5221452;"Trombas (GO)";198;178;118;122;51;45;520016;5205;52008
5221502;"Turvânia (GO)";296;281;157;157;68;72;520015;5204;52010
5221551;"Turvelândia (GO)";196;170;124;83;27;35;520010;5203;52015
5221577;"Uirapuru (GO)";163;161;82;72;34;36;520018;5205;52013
5221601;"Uruaçu (GO)";1680;1864;948;1093;431;521;520017;5205;52014
5221700;"Uruana (GO)";751;794;415;444;181;217;520018;5205;52013
5221809;"Urutaí (GO)";198;201;120;76;43;55;520006;5201;52005
5221858;"Valparaíso de Goiás (GO)";4293;5438;1668;2259;519;962;520019;5206;52004
5221908;"Varjão (GO)";235;244;151;119;60;58;520001;5201;52002
5222005;"Vianópolis (GO)";613;623;340;336;126;165;520002;5201;52002
5222054;"Vicentinópolis (GO)";302;303;148;143;66;71;520009;5202;52002
5222203;"Vila Boa (GO)";170;151;82;53;24;25;520022;5206;52003
5222302;"Vila Propício (GO)";292;246;168;106;61;54;520018;5205;52018
5300108;"Brasília (DF)";89195;117268;44473;64111;19059;30984;530001;5301;53001
