"Municipio";"Cod";"Homem_60_64_2010";"Homem_65_69_2010";"Mulher_60_64_2010";"Mulher_65_69_2010";"Homem_70_79_2010";"Mulher_70_79_2010";"Homem_80_mais";"Mulher_80_mais";"cod_rgi";"cod_rgint";"cod_regiao_saude"
"Alta Floresta D'Oeste (RO)";1100015;351;301;311;264;393;296;98;73;110005;1102;11005
"Ariquemes (RO)";1100023;1110;788;1041;735;981;814;331;294;110002;1101;11001
"Cabixi (RO)";1100031;118;99;94;65;112;102;30;26;110006;1102;11006
"Cacoal (RO)";1100049;1081;746;1008;795;997;1038;431;380;110005;1102;11002
"Cerejeiras (RO)";1100056;266;223;301;196;288;231;92;84;110006;1102;11006
"Colorado do Oeste (RO)";1100064;353;255;290;251;333;319;126;113;110006;1102;11006
"Corumbiara (RO)";1100072;117;111;113;87;131;95;43;32;110006;1102;11006
"Costa Marques (RO)";1100080;182;123;137;87;145;87;45;37;110004;1102;11007
"Espigão D'Oeste (RO)";1100098;413;299;384;282;348;330;127;112;110005;1102;11002
"Guajará-Mirim (RO)";1100106;506;353;526;347;460;446;228;216;110001;1101;11004
"Jaru (RO)";1100114;647;516;682;517;719;658;289;224;110003;1101;11003
"Ji-Paraná (RO)";1100122;1498;1037;1481;1098;1310;1381;511;550;110004;1102;11003
"Machadinho D'Oeste (RO)";1100130;473;339;315;225;377;219;84;70;110003;1101;11001
"Nova Brasilândia D'Oeste (RO)";1100148;329;241;284;191;305;206;93;56;110005;1102;11005
"Ouro Preto do Oeste (RO)";1100155;551;390;527;444;517;539;200;199;110004;1102;11003
"Pimenta Bueno (RO)";1100189;436;346;427;340;361;367;162;139;110005;1102;11002
"Porto Velho (RO)";1100205;4628;2978;4411;2877;3018;3544;1228;1469;110001;1101;11004
"Presidente Médici (RO)";1100254;383;303;368;245;387;351;161;148;110004;1102;11003
"Rio Crespo (RO)";1100262;55;41;45;35;61;43;19;12;110002;1101;11001
"Rolim de Moura (RO)";1100288;677;494;662;542;679;620;258;225;110005;1102;11005
"Santa Luzia D'Oeste (RO)";1100296;131;126;117;105;140;132;64;45;110005;1102;11005
"Vilhena (RO)";1100304;893;684;948;677;784;788;224;241;110006;1102;11006
"São Miguel do Guaporé (RO)";1100320;303;242;238;193;268;206;68;36;110004;1102;11003
"Nova Mamoré (RO)";1100338;313;181;195;151;247;138;86;57;110001;1101;11004
"Alvorada D'Oeste (RO)";1100346;264;199;214;187;268;213;98;68;110004;1102;11003
"Alto Alegre dos Parecis (RO)";1100379;193;160;146;122;145;120;41;35;110005;1102;11005
"Alto Paraíso (RO)";1100403;254;203;213;160;233;144;60;43;110002;1101;11001
"Buritis (RO)";1100452;444;325;293;230;330;195;86;64;110002;1101;11001
"Novo Horizonte do Oeste (RO)";1100502;187;142;146;122;178;134;61;30;110005;1102;11005
"Cacaulândia (RO)";1100601;98;80;61;61;104;57;23;15;110002;1101;11001
"Campo Novo de Rondônia (RO)";1100700;193;120;111;69;135;74;33;22;110002;1101;11001
"Candeias do Jamari (RO)";1100809;312;188;227;124;208;125;79;60;110001;1101;11004
"Castanheiras (RO)";1100908;89;67;66;39;71;43;12;23;110005;1102;11005
"Chupinguaia (RO)";1100924;109;69;78;61;82;44;21;9;110006;1102;11006
"Cujubim (RO)";1100940;206;129;138;72;133;67;21;18;110002;1101;11001
"Governador Jorge Teixeira (RO)";1101005;176;140;147;95;149;119;56;42;110003;1101;11003
"Itapuã do Oeste (RO)";1101104;132;121;106;64;98;74;32;23;110001;1101;11004
"Ministro Andreazza (RO)";1101203;147;121;132;110;162;124;50;38;110005;1102;11002
"Mirante da Serra (RO)";1101302;177;130;144;142;241;148;79;58;110004;1102;11003
"Monte Negro (RO)";1101401;227;174;159;144;226;137;57;36;110002;1101;11001
"Nova União (RO)";1101435;109;90;88;79;93;82;41;22;110004;1102;11003
"Parecis (RO)";1101450;77;58;60;27;63;34;14;12;110005;1102;11005
"Pimenteiras do Oeste (RO)";1101468;44;37;25;20;24;18;14;7;110006;1102;11006
"Primavera de Rondônia (RO)";1101476;65;46;47;42;62;43;30;19;110005;1102;11002
"São Felipe D'Oeste (RO)";1101484;115;101;95;71;110;83;32;29;110005;1102;11002
"São Francisco do Guaporé (RO)";1101492;233;149;178;111;169;115;48;34;110004;1102;11007
"Seringueiras (RO)";1101500;144;103;113;98;154;110;40;28;110004;1102;11007
"Teixeirópolis (RO)";1101559;101;58;71;73;89;80;46;27;110004;1102;11003
"Theobroma (RO)";1101609;188;135;139;91;157;129;43;34;110003;1101;11003
"Urupá (RO)";1101708;236;157;202;147;202;138;68;48;110004;1102;11003
"Vale do Anari (RO)";1101757;153;123;114;91;141;89;37;21;110003;1101;11003
"Vale do Paraíso (RO)";1101807;140;90;124;85;131;92;41;35;110004;1102;11003
"Acrelândia (AC)";1200013;186;127;129;91;159;90;45;27;120001;1201;12002
"Assis Brasil (AC)";1200054;71;48;46;48;62;45;27;30;120002;1201;12001
"Brasiléia (AC)";1200104;260;191;255;190;302;200;120;89;120002;1201;12001
"Bujari (AC)";1200138;134;120;94;59;84;50;48;35;120001;1201;12002
"Capixaba (AC)";1200179;136;96;98;64;95;67;35;25;120001;1201;12002
"Cruzeiro do Sul (AC)";1200203;771;625;721;670;704;786;374;387;120004;1202;12003
"Epitaciolândia (AC)";1200252;179;167;159;131;200;150;82;70;120002;1201;12001
"Feijó (AC)";1200302;322;234;284;252;278;218;124;124;120005;1202;12003
"Jordão (AC)";1200328;19;20;30;21;22;28;24;15;120005;1202;12002
"Mâncio Lima (AC)";1200336;157;130;120;116;145;118;55;64;120004;1202;12003
"Manoel Urbano (AC)";1200344;85;51;52;44;87;68;26;35;120003;1201;12002
"Marechal Thaumaturgo (AC)";1200351;101;50;68;68;82;70;27;19;120004;1202;12003
"Plácido de Castro (AC)";1200385;268;177;185;141;240;176;110;59;120001;1201;12002
"Porto Walter (AC)";1200393;55;41;42;39;48;43;27;23;120004;1202;12003
"Rio Branco (AC)";1200401;3385;2409;3754;2818;2840;3334;1426;1654;120001;1201;12002
"Rodrigues Alves (AC)";1200427;137;111;113;77;99;86;41;31;120004;1202;12003
"Santa Rosa do Purus (AC)";1200435;44;18;36;20;15;18;5;8;120003;1201;12002
"Senador Guiomard (AC)";1200450;245;246;233;187;274;209;118;85;120001;1201;12002
"Sena Madureira (AC)";1200500;395;334;388;286;385;345;196;180;120003;1201;12002
"Tarauacá (AC)";1200609;303;241;312;262;348;261;159;138;120005;1202;12003
"Xapuri (AC)";1200708;234;159;215;140;209;183;103;90;120002;1201;12001
"Porto Acre (AC)";1200807;226;162;173;140;223;147;84;48;120001;1201;12002
"Alvarães (AM)";1300029;113;93;109;81;123;80;39;39;130005;1302;13008
"Amaturá (AM)";1300060;88;73;64;66;69;60;33;31;130006;1302;13009
"Anamã (AM)";1300086;95;95;70;65;109;91;39;30;130004;1301;13002
"Anori (AM)";1300102;129;137;123;126;164;142;74;61;130003;1301;13002
"Apuí (AM)";1300144;270;168;123;110;144;86;42;22;130009;1303;13003
"Atalaia do Norte (AM)";1300201;122;97;71;74;120;77;37;35;130006;1302;13009
"Autazes (AM)";1300300;374;310;307;265;380;292;179;168;130001;1301;13001
"Barcelos (AM)";1300409;252;309;258;193;230;165;52;52;130002;1301;13001
"Barreirinha (AM)";1300508;255;224;227;217;286;267;146;197;130010;1304;13005
"Benjamin Constant (AM)";1300607;290;269;258;208;291;314;156;123;130006;1302;13009
"Beruri (AM)";1300631;151;129;111;99;186;92;63;68;130003;1301;13002
"Boa Vista do Ramos (AM)";1300680;147;110;88;104;140;109;76;69;130010;1304;13005
"Boca do Acre (AM)";1300706;324;314;345;259;352;304;151;146;130008;1303;13006
"Borba (AM)";1300805;333;274;269;226;366;285;210;242;130001;1301;13003
"Caapiranga (AM)";1300839;131;104;87;56;103;77;32;33;130004;1301;13002
"Canutama (AM)";1300904;156;141;109;111;141;94;44;28;130008;1303;13006
"Carauari (AM)";1301001;223;217;204;177;218;205;87;101;130005;1302;13007
"Careiro (AM)";1301100;367;335;298;232;334;295;138;86;130001;1301;13001
"Careiro da Várzea (AM)";1301159;352;308;266;239;329;248;112;105;130001;1301;13001
"Coari (AM)";1301209;672;530;553;493;640;582;274;253;130003;1301;13002
"Codajás (AM)";1301308;235;199;148;163;197;180;96;88;130003;1301;13002
"Eirunepé (AM)";1301407;251;243;272;234;233;256;130;92;130007;1302;13007
"Envira (AM)";1301506;96;93;111;101;159;122;64;48;130007;1302;13007
"Fonte Boa (AM)";1301605;212;169;184;159;218;174;100;90;130005;1302;13009
"Guajará (AM)";1301654;122;93;91;82;93;89;48;40;130007;1302;13007
"Humaitá (AM)";1301704;530;403;368;359;456;369;153;167;130009;1303;13003
"Ipixuna (AM)";1301803;197;148;137;118;142;133;64;42;130007;1302;13007
"Iranduba (AM)";1301852;502;427;436;306;486;420;166;165;130001;1301;13001
"Itacoatiara (AM)";1301902;1015;806;945;729;1034;910;434;456;130011;1304;13004
"Itamarati (AM)";1301951;75;56;66;46;47;27;20;16;130007;1302;13007
"Itapiranga (AM)";1302009;120;98;84;67;98;84;42;41;130011;1304;13004
"Japurá (AM)";1302108;33;39;36;25;40;43;29;18;130005;1302;13008
"Juruá (AM)";1302207;69;81;66;75;81;67;35;31;130005;1302;13008
"Jutaí (AM)";1302306;172;132;119;108;147;129;51;45;130005;1302;13009
"Lábrea (AM)";1302405;373;355;336;267;329;361;133;151;130008;1303;13006
"Manacapuru (AM)";1302504;870;824;809;678;1002;866;384;404;130004;1301;13002
"Manaquiri (AM)";1302553;273;267;226;153;255;182;89;78;130001;1301;13001
"Manaus (AM)";1302603;17532;11484;20521;14158;12858;17737;5006;8785;130001;1301;13001
"Manicoré (AM)";1302702;539;432;404;345;481;395;191;221;130009;1303;13003
"Maraã (AM)";1302801;137;109;93;82;99;81;43;36;130005;1302;13008
"Maués (AM)";1302900;501;356;398;367;598;527;296;318;130010;1304;13005
"Nhamundá (AM)";1303007;191;194;185;174;247;200;106;101;130010;1304;13005
"Nova Olinda do Norte (AM)";1303106;255;212;235;180;293;232;205;243;130001;1301;13001
"Novo Airão (AM)";1303205;154;131;127;112;158;133;75;63;130004;1301;13002
"Novo Aripuanã (AM)";1303304;247;219;145;170;254;196;76;96;130009;1303;13003
"Parintins (AM)";1303403;1092;869;1065;763;1193;1100;522;549;130010;1304;13005
"Pauini (AM)";1303502;161;112;146;103;125;116;52;32;130008;1303;13006
"Presidente Figueiredo (AM)";1303536;373;252;228;141;200;155;51;56;130001;1301;13001
"Rio Preto da Eva (AM)";1303569;286;232;223;166;220;169;61;56;130001;1301;13001
"Santa Isabel do Rio Negro (AM)";1303601;160;132;171;125;202;155;59;51;130002;1301;13001
"Santo Antônio do Içá (AM)";1303700;176;132;153;123;166;125;113;101;130006;1302;13009
"São Gabriel da Cachoeira (AM)";1303809;391;305;477;330;389;345;169;201;130002;1301;13001
"São Paulo de Olivença (AM)";1303908;273;236;279;238;282;247;135;91;130006;1302;13009
"São Sebastião do Uatumã (AM)";1303957;121;93;97;53;80;62;38;29;130011;1304;13004
"Silves (AM)";1304005;100;80;75;57;82;87;40;30;130011;1304;13004
"Tabatinga (AM)";1304062;480;319;434;353;413;379;188;178;130006;1302;13009
"Tapauá (AM)";1304104;150;138;140;104;174;125;45;52;130008;1303;13006
"Tefé (AM)";1304203;567;476;554;388;540;493;243;250;130005;1302;13008
"Tonantins (AM)";1304237;136;116;115;90;139;121;56;38;130006;1302;13009
"Uarini (AM)";1304260;114;76;86;60;80;56;45;35;130005;1302;13008
"Urucará (AM)";1304302;186;184;180;132;200;159;70;97;130011;1304;13004
"Urucurituba (AM)";1304401;199;158;132;120;195;173;107;117;130011;1304;13004
"Amajari (RR)";1400027;102;95;79;62;82;57;46;26;140002;1401;14001
"Alto Alegre (RR)";1400050;179;155;147;112;181;113;56;44;140001;1401;14001
"Boa Vista (RR)";1400100;2690;1715;2661;1765;1907;2124;790;1077;140001;1401;14001
"Bonfim (RR)";1400159;129;99;96;86;105;86;44;39;140001;1401;14001
"Cantá (RR)";1400175;264;162;159;84;164;103;49;29;140001;1401;14001
"Caracaraí (RR)";1400209;249;179;175;120;197;112;61;29;140004;1402;14002
"Caroebe (RR)";1400233;131;74;77;57;89;47;29;23;140003;1402;14002
"Iracema (RR)";1400282;123;78;71;59;93;47;19;24;140004;1402;14002
"Mucajaí (RR)";1400308;250;169;137;115;177;118;50;43;140001;1401;14001
"Normandia (RR)";1400407;78;50;78;43;70;59;37;36;140002;1401;14001
"Pacaraima (RR)";1400456;114;73;68;49;61;63;41;26;140002;1401;14001
"Rorainópolis (RR)";1400472;386;212;197;112;209;119;61;57;140003;1402;14002
"São João da Baliza (RR)";1400506;101;73;70;44;67;42;19;11;140003;1402;14002
"São Luiz do Anauá (RR)";1400605;106;46;71;35;69;53;31;20;140003;1402;14002
"Uiramutã (RR)";1400704;40;33;45;50;63;58;14;23;140002;1401;14001
"Abaetetuba (PA)";1500107;1592;1239;1577;1277;1428;1560;589;834;150003;1501;15011
"Abel Figueiredo (PA)";1500131;87;83;86;57;84;65;39;32;150009;1503;15003
"Acará (PA)";1500206;612;527;533;487;573;485;239;235;150001;1501;15007
"Afuá (PA)";1500305;283;255;247;242;324;262;127;125;150020;1507;15013
"Água Azul do Norte (PA)";1500347;264;192;180;123;196;109;50;25;150014;1504;15001
"Alenquer (PA)";1500404;642;583;571;486;728;649;266;318;150015;1505;15002
"Almeirim (PA)";1500503;356;247;271;228;318;228;120;119;150019;1506;15002
"Altamira (PA)";1500602;1127;812;1042;798;1007;938;405;409;150018;1506;15012
"Anajás (PA)";1500701;204;194;157;142;195;173;75;85;150020;1507;15014
"Ananindeua (PA)";1500800;5201;3291;6177;4198;3362;4842;1223;2245;150001;1501;15006
"Anapu (PA)";1500859;247;186;152;104;182;115;41;34;150018;1506;15012
"Augusto Corrêa (PA)";1500909;498;390;411;371;429;419;171;200;150005;1502;15009
"Aurora do Pará (PA)";1500958;332;260;274;238;290;220;116;90;150007;1502;15008
"Aveiro (PA)";1501006;209;177;137;130;205;155;77;78;150016;1505;15010
"Bagre (PA)";1501105;211;162;174;139;158;135;74;69;150020;1507;15014
"Baião (PA)";1501204;410;385;331;262;369;353;118;132;150011;1503;15011
"Bannach (PA)";1501253;56;38;42;29;45;26;14;9;150012;1504;15001
"Barcarena (PA)";1501303;946;643;904;670;723;756;279;430;150001;1501;15011
"Belém (PA)";1501402;18261;12987;23924;17983;15048;23453;5929;12344;150001;1501;15006
"Belterra (PA)";1501451;224;195;215;170;273;238;102;88;150015;1505;15002
"Benevides (PA)";1501501;528;399;564;449;492;511;184;268;150001;1501;15006
"Bom Jesus do Tocantins (PA)";1501576;252;157;199;122;208;144;92;70;150009;1503;15003
"Bonito (PA)";1501600;145;113;133;101;152;134;61;60;150006;1502;15009
"Bragança (PA)";1501709;1331;1103;1367;1064;1312;1388;549;701;150005;1502;15009
"Brasil Novo (PA)";1501725;231;162;191;154;210;182;90;60;150018;1506;15012
"Brejo Grande do Araguaia (PA)";1501758;106;75;72;62;100;78;42;32;150009;1503;15003
"Breu Branco (PA)";1501782;605;412;443;379;550;325;162;134;150011;1503;15004
"Breves (PA)";1501808;870;736;756;665;763;780;444;517;150020;1507;15014
"Bujaru (PA)";1501907;292;271;243;242;283;280;106;124;150001;1501;15007
"Cachoeira do Piriá (PA)";1501956;224;194;190;110;190;107;32;58;150005;1502;15009
"Cachoeira do Arari (PA)";1502004;208;184;236;214;267;277;105;172;150021;1507;15013
"Cametá (PA)";1502103;1254;1154;1362;1132;1296;1412;596;808;150002;1501;15011
"Canaã dos Carajás (PA)";1502152;262;182;176;158;181;139;59;44;150010;1503;15003
"Capanema (PA)";1502202;796;602;825;702;895;950;369;444;150006;1502;15009
"Capitão Poço (PA)";1502301;599;494;544;462;663;560;268;246;150008;1502;15008
"Castanhal (PA)";1502400;1757;1450;2090;1669;1639;1957;680;944;150004;1502;15008
"Chaves (PA)";1502509;237;187;172;151;208;188;91;78;150020;1507;15013
"Colares (PA)";1502608;183;160;162;131;192;191;62;94;150001;1501;15007
"Conceição do Araguaia (PA)";1502707;742;593;667;509;733;610;276;268;150012;1504;15001
"Concórdia do Pará (PA)";1502756;313;277;297;229;282;272;139;155;150001;1501;15007
"Cumaru do Norte (PA)";1502764;183;107;47;36;70;22;10;7;150012;1504;15001
"Curionópolis (PA)";1502772;324;283;203;167;413;171;110;51;150010;1503;15003
"Curralinho (PA)";1502806;242;209;212;180;246;185;128;137;150020;1507;15014
"Curuá (PA)";1502855;127;110;102;103;122;110;57;51;150017;1505;15002
"Curuçá (PA)";1502905;530;414;495;418;597;608;218;269;150004;1502;15008
"Dom Eliseu (PA)";1502939;548;317;415;328;397;326;121;122;150007;1502;15003
"Eldorado do Carajás (PA)";1502954;464;364;333;204;335;199;101;60;150010;1503;15003
"Faro (PA)";1503002;99;75;71;78;105;88;36;45;150017;1505;15002
"Floresta do Araguaia (PA)";1503044;247;198;174;122;219;139;75;43;150012;1504;15001
"Garrafão do Norte (PA)";1503077;296;273;247;214;269;221;106;89;150008;1502;15008
"Goianésia do Pará (PA)";1503093;311;238;259;169;277;209;74;57;150011;1503;15004
"Gurupá (PA)";1503101;296;235;247;245;256;237;111;105;150020;1507;15014
"Igarapé-Açu (PA)";1503200;490;420;461;409;481;529;198;245;150004;1502;15008
"Igarapé-Miri (PA)";1503309;634;509;589;543;604;667;297;393;150003;1501;15011
"Inhangapi (PA)";1503408;140;116;118;100;125;117;61;59;150004;1502;15008
"Ipixuna do Pará (PA)";1503457;559;376;366;287;363;220;97;74;150007;1502;15008
"Irituia (PA)";1503507;475;360;415;351;405;421;184;239;150004;1502;15008
"Itaituba (PA)";1503606;1154;838;981;685;939;815;298;327;150016;1505;15010
"Itupiranga (PA)";1503705;711;540;520;350;576;363;195;151;150009;1503;15003
"Jacareacanga (PA)";1503754;156;93;94;43;84;43;23;20;150016;1505;15010
"Jacundá (PA)";1503804;505;436;451;386;496;455;205;174;150009;1503;15004
"Juruti (PA)";1503903;432;398;388;353;431;406;209;258;150017;1505;15002
"Limoeiro do Ajuru (PA)";1504000;229;182;205;180;201;215;115;136;150002;1501;15011
"Mãe do Rio (PA)";1504059;317;276;325;304;359;296;152;182;150007;1502;15008
"Magalhães Barata (PA)";1504109;142;107;132;95;143;132;66;67;150004;1502;15008
"Marabá (PA)";1504208;2290;1700;2025;1528;2033;1923;710;676;150009;1503;15003
"Maracanã (PA)";1504307;463;391;361;351;441;439;223;225;150004;1502;15008
"Marapanim (PA)";1504406;403;386;405;343;461;459;210;247;150004;1502;15008
"Marituba (PA)";1504422;988;679;1052;782;749;849;295;376;150001;1501;15006
"Medicilândia (PA)";1504455;342;272;236;175;283;171;91;66;150018;1506;15012
"Melgaço (PA)";1504505;173;128;120;106;132;110;88;84;150020;1507;15014
"Mocajuba (PA)";1504604;307;267;291;231;351;348;131;157;150002;1501;15011
"Moju (PA)";1504703;717;586;552;496;600;535;259;253;150003;1501;15011
"Monte Alegre (PA)";1504802;755;642;685;589;835;748;325;320;150015;1505;15002
"Muaná (PA)";1504901;365;276;295;220;328;297;146;165;150021;1507;15013
"Nova Esperança do Piriá (PA)";1504950;249;151;151;102;147;98;29;32;150008;1502;15008
"Nova Ipixuna (PA)";1504976;221;192;175;130;179;118;58;50;150009;1503;15003
"Nova Timboteua (PA)";1505007;216;178;217;175;228;231;106;109;150006;1502;15009
"Novo Progresso (PA)";1505031;328;183;183;99;141;90;27;31;150016;1505;15010
"Novo Repartimento (PA)";1505064;821;600;533;374;616;397;165;110;150011;1503;15004
"Óbidos (PA)";1505106;639;597;609;521;657;629;248;321;150017;1505;15002
"Oeiras do Pará (PA)";1505205;292;222;227;204;239;184;125;142;150002;1501;15011
"Oriximiná (PA)";1505304;705;592;629;516;691;630;243;289;150017;1505;15002
"Ourém (PA)";1505403;201;180;212;185;242;199;82;126;150008;1502;15009
"Ourilândia do Norte (PA)";1505437;233;183;179;146;195;161;52;45;150013;1504;15001
"Pacajá (PA)";1505486;549;410;359;269;450;288;136;83;150011;1503;15012
"Palestina do Pará (PA)";1505494;139;81;99;68;121;82;39;51;150009;1503;15003
"Paragominas (PA)";1505502;820;594;725;490;589;540;216;198;150007;1502;15008
"Parauapebas (PA)";1505536;1097;669;862;607;741;707;256;236;150010;1503;15003
"Pau D'Arco (PA)";1505551;92;87;75;54;95;66;27;24;150012;1504;15001
"Peixe-Boi (PA)";1505601;125;97;105;83;141;132;61;69;150006;1502;15009
"Piçarra (PA)";1505635;189;141;139;77;129;92;39;42;150009;1503;15003
"Placas (PA)";1505650;327;207;184;126;211;138;40;25;150016;1505;15002
"Ponta de Pedras (PA)";1505700;285;234;239;190;256;295;132;171;150021;1507;15013
"Portel (PA)";1505809;438;337;392;308;406;329;180;173;150020;1507;15014
"Porto de Moz (PA)";1505908;224;242;205;201;232;195;114;86;150019;1506;15012
"Prainha (PA)";1506005;275;249;210;188;281;237;92;84;150015;1505;15002
"Primavera (PA)";1506104;154;149;164;129;193;177;87;65;150006;1502;15009
"Quatipuru (PA)";1506112;174;138;142;124;194;173;69;84;150006;1502;15009
"Redenção (PA)";1506138;832;612;783;620;840;707;269;225;150012;1504;15001
"Rio Maria (PA)";1506161;287;194;221;184;252;179;83;65;150014;1504;15001
"Rondon do Pará (PA)";1506187;568;449;514;388;498;416;193;168;150009;1503;15003
"Rurópolis (PA)";1506195;568;385;364;221;369;304;144;85;150016;1505;15010
"Salinópolis (PA)";1506203;480;386;405;371;408;416;169;187;150006;1502;15009
"Salvaterra (PA)";1506302;271;207;280;215;249;285;117;135;150021;1507;15013
"Santa Bárbara do Pará (PA)";1506351;232;172;206;143;189;182;87;91;150001;1501;15006
"Santa Cruz do Arari (PA)";1506401;102;85;81;76;93;95;33;31;150021;1507;15013
"Santa Izabel do Pará (PA)";1506500;678;517;675;510;596;649;239;320;150001;1501;15007
"Santa Luzia do Pará (PA)";1506559;224;206;205;188;274;242;103;99;150005;1502;15009
"Santa Maria das Barreiras (PA)";1506583;353;225;168;144;239;123;65;40;150012;1504;15001
"Santa Maria do Pará (PA)";1506609;262;256;300;239;334;328;141;151;150004;1502;15008
"Santana do Araguaia (PA)";1506708;645;493;409;258;428;256;101;84;150012;1504;15001
"Santarém (PA)";1506807;3446;2760;3431;2925;3378;3716;1363;1724;150015;1505;15002
"Santarém Novo (PA)";1506906;89;71;77;68;89;78;35;35;150006;1502;15009
"Santo Antônio do Tauá (PA)";1507003;358;326;339;314;322;327;112;149;150001;1501;15007
"São Caetano de Odivelas (PA)";1507102;252;200;204;206;276;266;83;102;150001;1501;15007
"São Domingos do Araguaia (PA)";1507151;322;263;308;217;406;264;127;103;150009;1503;15003
"São Domingos do Capim (PA)";1507201;351;318;306;262;313;258;127;156;150004;1502;15008
"São Félix do Xingu (PA)";1507300;1020;666;614;365;599;332;120;71;150013;1504;15001
"São Francisco do Pará (PA)";1507409;218;200;190;182;241;214;101;103;150004;1502;15008
"São Geraldo do Araguaia (PA)";1507458;331;280;307;221;328;280;161;116;150009;1503;15003
"São João da Ponta (PA)";1507466;61;68;71;68;84;81;55;38;150004;1502;15008
"São João de Pirabas (PA)";1507474;302;279;261;238;334;296;138;163;150006;1502;15009
"São João do Araguaia (PA)";1507508;205;158;146;91;189;114;58;50;150009;1503;15003
"São Miguel do Guamá (PA)";1507607;632;511;588;505;528;560;256;369;150004;1502;15008
"São Sebastião da Boa Vista (PA)";1507706;207;189;194;198;224;228;114;136;150020;1507;15013
"Sapucaia (PA)";1507755;65;46;47;34;46;33;15;8;150014;1504;15001
"Senador José Porfírio (PA)";1507805;165;113;103;75;119;52;26;25;150018;1506;15012
"Soure (PA)";1507904;292;247;306;256;334;349;79;169;150021;1507;15013
"Tailândia (PA)";1507953;593;466;500;372;497;332;133;84;150003;1501;15004
"Terra Alta (PA)";1507961;143;134;139;129;154;141;57;72;150004;1502;15008
"Terra Santa (PA)";1507979;223;167;185;167;212;200;82;112;150017;1505;15002
"Tomé-Açu (PA)";1508001;621;562;512;445;598;496;206;230;150001;1501;15007
"Tracuateua (PA)";1508035;342;304;293;244;342;345;145;157;150005;1502;15009
"Trairão (PA)";1508050;218;146;130;90;146;77;30;28;150016;1505;15010
"Tucumã (PA)";1508084;408;326;292;225;343;215;88;65;150013;1504;15001
"Tucuruí (PA)";1508100;891;681;860;629;781;711;252;276;150011;1503;15004
"Ulianópolis (PA)";1508126;376;234;295;210;221;161;45;53;150007;1502;15008
"Uruará (PA)";1508159;577;390;392;293;426;318;134;98;150018;1506;15012
"Vigia (PA)";1508209;635;530;626;529;607;634;227;332;150001;1501;15007
"Viseu (PA)";1508308;654;486;518;465;640;609;274;239;150005;1502;15009
"Vitória do Xingu (PA)";1508357;165;124;141;99;161;105;44;43;150018;1506;15012
"Xinguara (PA)";1508407;491;342;412;291;418;388;150;113;150014;1504;15001
"Serra do Navio (AP)";1600055;49;43;30;25;20;25;7;11;160004;1602;16001
"Amapá (AP)";1600105;74;68;82;61;69;75;26;36;160003;1602;16002
"Pedra Branca do Amapari (AP)";1600154;126;91;73;50;98;51;32;18;160004;1602;16001
"Calçoene (AP)";1600204;125;58;42;55;73;52;30;22;160003;1602;16002
"Cutias (AP)";1600212;45;25;23;24;28;34;18;14;160003;1602;16001
"Ferreira Gomes (AP)";1600238;76;54;48;31;55;47;17;21;160004;1602;16001
"Itaubal (AP)";1600253;42;37;35;18;40;44;11;7;160001;1601;16001
"Laranjal do Jari (AP)";1600279;290;242;276;232;294;213;95;78;160002;1601;16003
"Macapá (AP)";1600303;3173;2420;3482;2728;2643;3322;1067;1673;160001;1601;16001
"Mazagão (AP)";1600402;162;159;118;140;144;132;59;67;160001;1601;16003
"Oiapoque (AP)";1600501;162;107;98;84;90;66;31;41;160003;1602;16002
"Porto Grande (AP)";1600535;176;157;122;86;145;101;39;41;160004;1602;16001
"Pracuúba (AP)";1600550;33;27;28;17;33;20;9;15;160003;1602;16002
"Santana (AP)";1600600;902;706;859;762;830;811;289;409;160001;1601;16003
"Tartarugalzinho (AP)";1600709;156;110;96;69;123;63;46;40;160003;1602;16002
"Vitória do Jari (AP)";1600808;103;78;83;68;87;80;37;41;160002;1601;16003
"Abreulândia (TO)";1700251;49;43;38;19;35;21;15;10;170003;1701;17007
"Aguiarnópolis (TO)";1700301;63;44;52;43;65;56;26;25;170008;1702;17002
"Aliança do Tocantins (TO)";1700350;108;81;102;70;114;101;56;52;170010;1703;17005
"Almas (TO)";1700400;106;99;119;96;122;100;51;60;170011;1703;17003
"Alvorada (TO)";1700707;132;113;137;112;146;116;58;60;170010;1703;17005
"Ananás (TO)";1701002;153;102;127;125;169;136;64;66;170005;1702;17002
"Angico (TO)";1701051;45;51;45;36;61;54;36;21;170005;1702;17002
"Aparecida do Rio Negro (TO)";1701101;74;63;74;50;88;60;31;26;170001;1701;17006
"Aragominas (TO)";1701309;130;109;89;72;96;60;26;30;170005;1702;17001
"Araguacema (TO)";1701903;101;93;79;62;98;83;47;40;170003;1701;17007
"Araguaçu (TO)";1702000;158;142;175;117;223;158;64;75;170010;1703;17005
"Araguaína (TO)";1702109;1674;1291;1796;1307;1688;1818;713;801;170005;1702;17001
"Araguanã (TO)";1702158;64;58;61;54;62;70;38;21;170005;1702;17001
"Araguatins (TO)";1702208;479;361;383;338;465;415;179;187;170009;1702;17002
"Arapoema (TO)";1702307;111;91;102;61;107;96;30;37;170005;1702;17004
"Arraias (TO)";1702406;175;155;155;124;184;179;87;120;170011;1703;17003
"Augustinópolis (TO)";1702554;238;162;209;180;225;226;79;96;170009;1702;17002
"Aurora do Tocantins (TO)";1702703;66;59;54;58;72;73;23;23;170011;1703;17003
"Axixá do Tocantins (TO)";1702901;133;115;128;108;164;159;55;64;170009;1702;17002
"Babaçulândia (TO)";1703008;205;161;160;98;198;169;93;83;170005;1702;17001
"Bandeirantes do Tocantins (TO)";1703057;54;40;40;29;46;34;14;10;170007;1702;17004
"Barra do Ouro (TO)";1703073;59;56;47;42;66;52;24;22;170005;1702;17001
"Barrolândia (TO)";1703107;92;57;89;75;108;83;33;38;170003;1701;17007
"Bernardo Sayão (TO)";1703206;70;58;75;49;70;42;25;14;170007;1702;17004
"Bom Jesus do Tocantins (TO)";1703305;57;28;31;38;50;47;20;21;170006;1702;17004
"Brasilândia do Tocantins (TO)";1703602;26;25;27;26;38;37;24;9;170007;1702;17004
"Brejinho de Nazaré (TO)";1703701;88;63;80;71;105;92;51;60;170002;1701;17008
"Buriti do Tocantins (TO)";1703800;129;113;145;97;134;125;54;47;170009;1702;17002
"Cachoeirinha (TO)";1703826;37;16;22;22;35;34;19;11;170008;1702;17002
"Campos Lindos (TO)";1703842;90;68;63;58;58;71;37;33;170005;1702;17001
"Cariri do Tocantins (TO)";1703867;57;50;52;40;75;54;19;15;170010;1703;17005
"Carmolândia (TO)";1703883;36;23;39;27;28;29;11;10;170005;1702;17001
"Carrasco Bonito (TO)";1703891;48;41;39;31;51;40;12;23;170009;1702;17002
"Caseara (TO)";1703909;94;56;65;50;70;44;23;21;170003;1701;17007
"Centenário (TO)";1704105;50;32;41;29;50;38;22;19;170006;1702;17004
"Chapada de Areia (TO)";1704600;35;32;22;15;31;17;7;6;170003;1701;17007
"Chapada da Natividade (TO)";1705102;81;57;59;39;69;44;24;22;170002;1701;17008
"Colinas do Tocantins (TO)";1705508;409;315;415;332;445;443;179;162;170007;1702;17004
"Combinado (TO)";1705557;78;58;61;55;70;62;28;27;170011;1703;17003
"Conceição do Tocantins (TO)";1705607;68;53;66;50;64;78;29;35;170011;1703;17003
"Couto Magalhães (TO)";1706001;91;61;67;57;80;57;21;21;170006;1702;17004
"Cristalândia (TO)";1706100;125;78;111;88;162;138;76;79;170003;1701;17007
"Crixás do Tocantins (TO)";1706258;24;22;32;17;29;14;11;10;170010;1703;17005
"Darcinópolis (TO)";1706506;89;57;62;55;95;71;40;26;170005;1702;17001
"Dianópolis (TO)";1707009;243;190;248;157;224;259;99;134;170011;1703;17003
"Divinópolis do Tocantins (TO)";1707108;127;91;124;68;135;94;64;42;170003;1701;17007
"Dois Irmãos do Tocantins (TO)";1707207;160;131;119;57;153;110;70;45;170004;1701;17007
"Dueré (TO)";1707306;92;71;67;54;107;80;38;27;170010;1703;17005
"Esperantina (TO)";1707405;130;106;96;91;131;93;42;37;170009;1702;17002
"Fátima (TO)";1707553;69;48;64;47;76;69;32;27;170002;1701;17008
"Figueirópolis (TO)";1707652;98;92;107;85;140;88;46;54;170010;1703;17005
"Filadélfia (TO)";1707702;146;124;120;121;175;136;86;52;170005;1702;17001
"Formoso do Araguaia (TO)";1708205;299;213;237;182;316;240;143;89;170010;1703;17005
"Tabocão (TO)";1708254;29;24;29;20;41;37;15;14;170006;1702;17006
"Goianorte (TO)";1708304;95;76;75;59;105;52;29;27;170006;1702;17004
"Goiatins (TO)";1709005;180;147;182;123;204;187;83;93;170005;1702;17001
"Guaraí (TO)";1709302;348;264;326;244;335;328;142;147;170006;1702;17004
"Gurupi (TO)";1709500;1025;675;1121;739;938;949;433;472;170010;1703;17005
"Ipueiras (TO)";1709807;39;22;25;19;30;19;12;10;170002;1701;17008
"Itacajá (TO)";1710508;121;79;99;88;133;134;74;58;170007;1702;17004
"Itaguatins (TO)";1710706;105;70;98;68;120;95;33;43;170009;1702;17002
"Itapiratins (TO)";1710904;52;60;44;43;71;63;37;26;170007;1702;17004
"Itaporã do Tocantins (TO)";1711100;49;31;34;36;39;36;13;14;170006;1702;17004
"Jaú do Tocantins (TO)";1711506;77;73;74;46;91;45;41;22;170010;1703;17005
"Juarina (TO)";1711803;39;34;27;18;36;26;12;5;170007;1702;17004
"Lagoa da Confusão (TO)";1711902;122;105;74;81;112;90;42;34;170003;1701;17007
"Lagoa do Tocantins (TO)";1711951;42;45;40;33;49;46;26;22;170001;1701;17006
"Lajeado (TO)";1712009;41;35;35;23;31;26;17;18;170001;1701;17006
"Lavandeira (TO)";1712157;31;25;18;10;22;15;11;10;170011;1703;17003
"Lizarda (TO)";1712405;57;51;44;55;66;56;33;34;170001;1701;17006
"Luzinópolis (TO)";1712454;42;35;43;29;57;30;24;15;170008;1702;17002
"Marianópolis do Tocantins (TO)";1712504;81;80;46;39;64;41;23;12;170003;1701;17007
"Mateiros (TO)";1712702;26;20;19;19;18;19;15;9;170001;1701;17008
"Maurilândia do Tocantins (TO)";1712801;51;40;39;23;44;51;28;13;170008;1702;17002
"Miracema do Tocantins (TO)";1713205;245;203;274;196;301;284;167;157;170004;1701;17006
"Miranorte (TO)";1713304;212;177;214;149;245;234;91;99;170004;1701;17006
"Monte do Carmo (TO)";1713601;138;106;103;72;139;104;49;41;170002;1701;17008
"Monte Santo do Tocantins (TO)";1713700;51;45;28;30;41;35;15;9;170003;1701;17007
"Palmeiras do Tocantins (TO)";1713809;90;61;64;63;89;87;42;36;170008;1702;17002
"Muricilândia (TO)";1713957;56;39;38;29;53;57;19;22;170005;1702;17001
"Natividade (TO)";1714203;132;115;141;133;154;138;88;92;170002;1701;17008
"Nazaré (TO)";1714302;68;72;90;61;99;79;45;49;170008;1702;17002
"Nova Olinda (TO)";1714880;179;165;149;111;179;160;76;51;170005;1702;17001
"Nova Rosalândia (TO)";1715002;85;53;63;41;90;75;42;32;170003;1701;17007
"Novo Acordo (TO)";1715101;60;52;60;54;56;52;29;24;170001;1701;17006
"Novo Alegre (TO)";1715150;40;36;36;37;45;34;14;12;170011;1703;17003
"Novo Jardim (TO)";1715259;39;27;33;18;26;29;19;14;170011;1703;17003
"Oliveira de Fátima (TO)";1715507;17;19;18;8;19;16;10;9;170002;1701;17008
"Palmeirante (TO)";1715705;92;71;65;47;83;51;25;21;170007;1702;17004
"Palmeirópolis (TO)";1715754;127;117;111;84;125;113;51;49;170010;1703;17005
"Paraíso do Tocantins (TO)";1716109;635;420;593;449;551;581;253;248;170003;1701;17007
"Paranã (TO)";1716208;157;138;161;118;177;133;89;95;170010;1703;17003
"Pau D'Arco (TO)";1716307;86;62;58;48;90;51;23;18;170005;1702;17001
"Pedro Afonso (TO)";1716505;133;109;156;100;162;155;85;80;170006;1702;17004
"Peixe (TO)";1716604;228;164;158;115;172;141;72;66;170010;1703;17005
"Pequizeiro (TO)";1716653;74;75;72;59;90;67;28;29;170006;1702;17004
"Colméia (TO)";1716703;173;132;142;110;166;145;63;56;170006;1702;17004
"Pindorama do Tocantins (TO)";1717008;78;62;73;64;73;50;30;30;170002;1701;17008
"Piraquê (TO)";1717206;87;60;32;27;38;22;18;8;170005;1702;17001
"Pium (TO)";1717503;112;107;102;78;138;102;55;48;170003;1701;17007
"Ponte Alta do Bom Jesus (TO)";1717800;94;71;82;71;94;101;39;41;170011;1703;17003
"Ponte Alta do Tocantins (TO)";1717909;117;114;100;80;127;102;60;46;170002;1701;17008
"Porto Alegre do Tocantins (TO)";1718006;43;50;34;42;50;34;14;21;170011;1703;17003
"Porto Nacional (TO)";1718204;596;515;679;500;670;722;323;340;170002;1701;17008
"Praia Norte (TO)";1718303;96;103;105;76;101;82;40;43;170009;1702;17002
"Presidente Kennedy (TO)";1718402;62;54;60;47;76;65;24;28;170006;1702;17004
"Pugmil (TO)";1718451;27;31;29;23;34;27;11;12;170003;1701;17007
"Recursolândia (TO)";1718501;52;41;57;34;53;34;30;13;170006;1702;17004
"Riachinho (TO)";1718550;61;53;55;51;94;58;20;13;170005;1702;17002
"Rio da Conceição (TO)";1718659;23;11;23;15;22;22;11;8;170011;1703;17003
"Rio dos Bois (TO)";1718709;46;27;30;23;48;22;21;23;170004;1701;17006
"Rio Sono (TO)";1718758;125;98;103;79;131;94;60;46;170001;1701;17006
"Sampaio (TO)";1718808;34;39;43;33;51;58;27;20;170009;1702;17002
"Sandolândia (TO)";1718840;69;60;59;45;61;30;17;19;170010;1703;17005
"Santa Fé do Araguaia (TO)";1718865;89;61;64;56;79;55;27;20;170005;1702;17001
"Santa Maria do Tocantins (TO)";1718881;58;45;30;39;38;48;28;17;170006;1702;17004
"Santa Rita do Tocantins (TO)";1718899;43;45;35;23;34;19;10;3;170002;1701;17005
"Santa Rosa do Tocantins (TO)";1718907;79;69;74;46;82;56;43;46;170002;1701;17008
"Santa Tereza do Tocantins (TO)";1719004;34;26;21;24;45;54;16;7;170001;1701;17006
"Santa Terezinha do Tocantins (TO)";1720002;36;33;42;23;48;44;21;19;170008;1702;17002
"São Bento do Tocantins (TO)";1720101;59;56;64;31;56;55;25;24;170009;1702;17002
"São Félix do Tocantins (TO)";1720150;15;14;11;10;16;23;13;8;170001;1701;17006
"São Miguel do Tocantins (TO)";1720200;159;112;135;110;155;145;63;61;170009;1702;17002
"São Salvador do Tocantins (TO)";1720259;44;33;28;33;47;29;19;16;170010;1703;17005
"São Sebastião do Tocantins (TO)";1720309;61;41;46;38;56;60;21;20;170009;1702;17002
"São Valério (TO)";1720499;95;67;84;71;101;70;39;37;170010;1703;17005
"Silvanópolis (TO)";1720655;99;106;93;78;125;87;55;51;170002;1701;17008
"Sítio Novo do Tocantins (TO)";1720804;129;111;132;126;184;154;64;61;170009;1702;17002
"Sucupira (TO)";1720853;49;27;30;21;25;23;13;9;170010;1703;17005
"Taguatinga (TO)";1720903;251;202;252;195;246;242;128;116;170011;1703;17003
"Taipas do Tocantins (TO)";1720937;26;21;22;32;34;30;15;20;170011;1703;17003
"Talismã (TO)";1720978;44;34;31;20;42;30;15;10;170010;1703;17005
"Palmas (TO)";1721000;2020;1318;1715;1231;1332;1370;454;538;170001;1701;17006
"Tocantínia (TO)";1721109;88;65;66;56;62;95;55;51;170004;1701;17006
"Tocantinópolis (TO)";1721208;268;220;310;254;360;408;187;191;170008;1702;17002
"Tupirama (TO)";1721257;38;17;15;14;21;17;12;12;170006;1702;17004
"Tupiratins (TO)";1721307;46;32;28;27;46;36;13;14;170007;1702;17004
"Wanderlândia (TO)";1722081;197;146;165;108;197;153;80;73;170005;1702;17001
"Xambioá (TO)";1722107;142;139;138;116;193;201;98;90;170005;1702;17001
"Açailândia (MA)";2100055;1095;953;1119;931;1043;1020;401;408;210021;2105;21001
"Afonso Cunha (MA)";2100105;60;65;68;56;64;56;33;38;210013;2103;21005
"Água Doce do Maranhão (MA)";2100154;162;182;173;131;208;176;82;84;210007;2101;21006
"Alcântara (MA)";2100204;341;314;298;247;369;347;139;158;210001;2101;21016
"Aldeias Altas (MA)";2100303;340;245;315;209;303;271;123;130;210013;2103;21005
"Altamira do Maranhão (MA)";2100402;130;99;147;121;127;127;85;72;210010;2102;21002
"Alto Alegre do Maranhão (MA)";2100436;268;249;301;270;343;321;122;139;210010;2102;21007
"Alto Alegre do Pindaré (MA)";2100477;418;380;437;362;483;388;160;146;210009;2102;21014
"Alto Parnaíba (MA)";2100501;165;101;164;109;137;144;76;93;210022;2105;21003
"Amapá do Maranhão (MA)";2100550;91;73;72;59;73;51;19;21;210011;2102;21019
"Amarante do Maranhão (MA)";2100600;526;411;395;375;522;396;215;190;210019;2105;21008
"Anajatuba (MA)";2100709;351;363;354;323;479;444;198;224;210004;2101;21009
"Anapurus (MA)";2100808;172;128;158;132;165;182;81;84;210003;2101;21006
"Apicum-Açu (MA)";2100832;171;137;155;128;203;188;62;69;210008;2101;21011
"Araguanã (MA)";2100873;162;148;170;124;184;140;73;63;210009;2102;21019
"Araioses (MA)";2100907;641;541;616;532;701;711;322;341;210007;2101;21006
"Arame (MA)";2100956;378;291;338;276;360;290;164;156;210020;2105;21004
"Arari (MA)";2101004;379;287;379;300;449;456;182;223;210005;2101;21009
"Axixá (MA)";2101103;152;136;135;145;166;206;88;103;210001;2101;21013
"Bacabal (MA)";2101202;1275;1008;1641;1222;1361;1758;661;878;210010;2102;21002
"Bacabeira (MA)";2101251;159;155;161;140;168;179;85;74;210001;2101;21013
"Bacuri (MA)";2101301;225;184;244;158;288;313;134;148;210008;2101;21011
"Bacurituba (MA)";2101350;89;83;79;69;137;114;43;62;210002;2101;21018
"Balsas (MA)";2101400;792;582;873;622;685;863;342;431;210022;2105;21003
"Barão de Grajaú (MA)";2101509;264;192;270;264;265;340;127;134;210017;2104;21015
"Barra do Corda (MA)";2101608;1260;1026;1219;1014;1341;1246;534;582;210020;2105;21004
"Barreirinhas (MA)";2101707;555;507;556;490;612;620;329;277;210006;2101;21013
"Belágua (MA)";2101731;47;56;39;49;59;50;34;34;210003;2101;21009
"Bela Vista do Maranhão (MA)";2101772;146;144;152;156;180;164;88;82;210009;2102;21014
"Benedito Leite (MA)";2101806;84;57;90;83;130;129;47;38;210017;2104;21015
"Bequimão (MA)";2101905;380;313;344;301;388;411;171;191;210002;2101;21011
"Bernardo do Mearim (MA)";2101939;100;84;109;78;97;107;48;49;210012;2102;21010
"Boa Vista do Gurupi (MA)";2101970;98;82;93;76;97;70;30;29;210011;2102;21019
"Bom Jardim (MA)";2102002;560;456;587;399;575;499;219;244;210009;2102;21014
"Bom Jesus das Selvas (MA)";2102036;400;267;280;171;249;175;74;60;210021;2105;21001
"Bom Lugar (MA)";2102077;203;149;186;129;160;188;89;90;210010;2102;21002
"Brejo (MA)";2102101;463;345;481;369;476;519;227;290;210003;2101;21006
"Brejo de Areia (MA)";2102150;64;58;55;41;53;50;28;30;210010;2102;21002
"Buriti (MA)";2102200;363;287;309;262;363;381;175;190;210003;2101;21005
"Buriti Bravo (MA)";2102309;397;301;382;284;380;368;155;197;210014;2103;21015
"Buriticupu (MA)";2102325;815;590;669;438;668;475;210;157;210021;2105;21001
"Buritirana (MA)";2102358;213;202;205;188;248;200;102;97;210019;2105;21008
"Cachoeira Grande (MA)";2102374;96;100;80;77;94;76;51;49;210001;2101;21013
"Cajapió (MA)";2102408;155;133;130;115;173;183;55;75;210005;2101;21018
"Cajari (MA)";2102507;228;197;195;169;228;223;102;122;210005;2101;21018
"Campestre do Maranhão (MA)";2102556;169;141;178;112;155;145;72;63;210019;2105;21008
"Cândido Mendes (MA)";2102606;254;205;235;162;249;214;108;105;210011;2102;21019
"Cantanhede (MA)";2102705;211;200;226;163;254;246;158;157;210004;2101;21009
"Capinzal do Norte (MA)";2102754;195;125;174;157;196;190;96;106;210012;2102;21012
"Carolina (MA)";2102804;352;341;394;322;428;452;222;246;210022;2105;21008
"Carutapera (MA)";2102903;266;197;203;203;271;276;131;125;210011;2102;21019
"Caxias (MA)";2103000;2145;1639;2510;2113;2295;2821;1151;1617;210013;2103;21005
"Cedral (MA)";2103109;154;115;122;124;196;187;75;82;210008;2101;21011
"Central do Maranhão (MA)";2103125;102;99;103;97;120;122;55;56;210008;2101;21011
"Centro do Guilherme (MA)";2103158;160;94;97;96;123;87;33;26;210011;2102;21019
"Centro Novo do Maranhão (MA)";2103174;196;145;164;100;138;106;31;25;210011;2102;21019
"Chapadinha (MA)";2103208;981;754;1011;809;983;1053;409;516;210003;2101;21006
"Cidelândia (MA)";2103257;211;168;169;154;203;180;70;85;210019;2105;21001
"Codó (MA)";2103307;1605;1451;1928;1734;1953;2123;805;1037;210015;2103;21007
"Coelho Neto (MA)";2103406;644;496;636;513;571;660;256;357;210013;2103;21005
"Colinas (MA)";2103505;491;410;517;413;501;571;210;263;210018;2104;21015
"Conceição do Lago-Açu (MA)";2103554;175;137;120;111;170;146;51;52;210010;2102;21002
"Coroatá (MA)";2103604;892;741;911;775;904;980;435;496;210015;2103;21007
"Cururupu (MA)";2103703;449;458;473;463;610;635;238;291;210008;2101;21011
"Davinópolis (MA)";2103752;169;135;198;139;213;193;91;95;210019;2105;21008
"Dom Pedro (MA)";2103802;313;247;391;276;343;427;150;207;210016;2104;21012
"Duque Bacelar (MA)";2103901;136;118;137;104;160;128;55;65;210013;2103;21005
"Esperantinópolis (MA)";2104008;290;204;267;249;277;309;119;176;210012;2102;21010
"Estreito (MA)";2104057;460;342;384;273;399;344;166;142;210019;2105;21008
"Feira Nova do Maranhão (MA)";2104073;126;91;107;91;108;113;48;39;210022;2105;21003
"Fernando Falcão (MA)";2104081;101;90;90;78;100;90;55;39;210020;2105;21004
"Formosa da Serra Negra (MA)";2104099;220;162;193;158;201;174;76;67;210020;2105;21003
"Fortaleza dos Nogueiras (MA)";2104107;166;119;159;109;148;145;63;60;210022;2105;21003
"Fortuna (MA)";2104206;278;194;249;182;235;233;130;141;210016;2104;21012
"Godofredo Viana (MA)";2104305;154;109;109;82;106;90;40;46;210011;2102;21019
"Gonçalves Dias (MA)";2104404;277;211;266;242;293;347;138;146;210016;2104;21012
"Governador Archer (MA)";2104503;153;132;176;147;174;160;67;100;210016;2104;21012
"Governador Edison Lobão (MA)";2104552;215;183;198;171;233;186;93;67;210019;2105;21008
"Governador Eugênio Barros (MA)";2104602;242;219;236;195;262;238;140;145;210016;2104;21012
"Governador Luiz Rocha (MA)";2104628;102;79;95;84;119;117;47;54;210016;2104;21012
"Governador Newton Bello (MA)";2104651;133;137;147;120;145;126;71;55;210009;2102;21014
"Governador Nunes Freire (MA)";2104677;283;237;266;207;278;220;98;106;210011;2102;21019
"Graça Aranha (MA)";2104701;100;84;129;103;99;116;45;59;210016;2104;21012
"Grajaú (MA)";2104800;781;563;692;539;764;714;298;335;210020;2105;21004
"Guimarães (MA)";2104909;222;164;207;151;279;259;121;133;210008;2101;21011
"Humberto de Campos (MA)";2105005;331;283;286;194;321;323;159;174;210006;2101;21013
"Icatu (MA)";2105104;318;260;308;246;342;332;192;225;210001;2101;21013
"Igarapé do Meio (MA)";2105153;160;141;144;130;158;166;68;79;210009;2102;21014
"Igarapé Grande (MA)";2105203;184;131;192;159;175;198;77;114;210012;2102;21010
"Imperatriz (MA)";2105302;2977;2209;3382;2651;2909;3451;1187;1611;210019;2105;21008
"Itaipava do Grajaú (MA)";2105351;184;155;164;120;164;130;62;52;210020;2105;21004
"Itapecuru Mirim (MA)";2105401;861;636;817;634;836;867;389;461;210004;2101;21009
"Itinga do Maranhão (MA)";2105427;333;257;309;233;300;247;106;109;210021;2105;21001
"Jatobá (MA)";2105450;126;85;113;85;96;104;56;59;210018;2104;21015
"Jenipapo dos Vieiras (MA)";2105476;183;122;160;159;208;177;88;99;210020;2105;21004
"João Lisboa (MA)";2105500;290;226;322;254;317;338;140;164;210019;2105;21008
"Joselândia (MA)";2105609;237;187;234;215;264;217;101;107;210012;2102;21012
"Junco do Maranhão (MA)";2105658;50;37;56;37;48;40;18;21;210011;2102;21019
"Lago da Pedra (MA)";2105708;621;554;680;541;687;702;327;328;210010;2102;21010
"Lago do Junco (MA)";2105807;121;101;132;108;157;148;62;78;210012;2102;21010
"Lago Verde (MA)";2105906;200;166;198;158;219;177;108;103;210010;2102;21002
"Lagoa do Mato (MA)";2105922;156;155;158;129;165;162;48;55;210017;2104;21015
"Lago dos Rodrigues (MA)";2105948;124;95;120;98;129;179;70;74;210012;2102;21010
"Lagoa Grande do Maranhão (MA)";2105963;145;81;95;97;103;92;56;35;210010;2102;21010
"Lajeado Novo (MA)";2105989;103;89;84;65;126;99;40;45;210019;2105;21008
"Lima Campos (MA)";2106003;210;150;197;155;209;220;104;137;210012;2102;21010
"Loreto (MA)";2106102;160;140;164;119;152;184;72;73;210022;2105;21003
"Luís Domingues (MA)";2106201;78;69;70;78;100;84;40;44;210011;2102;21019
"Magalhães de Almeida (MA)";2106300;256;198;241;181;282;233;124;128;210007;2101;21006
"Maracaçumé (MA)";2106326;255;194;244;150;272;234;93;95;210011;2102;21019
"Marajá do Sena (MA)";2106359;104;42;58;36;62;28;18;17;210010;2102;21002
"Maranhãozinho (MA)";2106375;160;111;156;132;153;117;63;64;210011;2102;21019
"Mata Roma (MA)";2106409;177;145;188;148;245;182;99;85;210003;2101;21006
"Matinha (MA)";2106508;262;270;271;232;336;366;130;182;210005;2101;21018
"Matões (MA)";2106607;474;407;488;375;546;511;173;199;210014;2103;21017
"Matões do Norte (MA)";2106631;189;151;150;116;141;126;64;65;210004;2101;21009
"Milagres do Maranhão (MA)";2106672;100;87;103;57;103;103;52;46;210003;2101;21006
"Mirador (MA)";2106706;282;223;307;193;287;294;120;138;210018;2104;21015
"Miranda do Norte (MA)";2106755;300;275;310;262;305;276;117;123;210004;2101;21009
"Mirinzal (MA)";2106805;209;172;175;157;228;228;124;125;210008;2101;21011
"Monção (MA)";2106904;421;321;381;283;394;367;164;164;210009;2102;21014
"Montes Altos (MA)";2107001;137;141;143;85;171;132;86;72;210019;2105;21008
"Morros (MA)";2107100;229;179;198;137;227;215;100;108;210001;2101;21013
"Nina Rodrigues (MA)";2107209;177;92;143;105;122;113;57;53;210004;2101;21009
"Nova Colinas (MA)";2107258;71;73;56;46;74;68;28;26;210022;2105;21003
"Nova Iorque (MA)";2107308;86;70;75;70;78;95;36;55;210017;2104;21015
"Nova Olinda do Maranhão (MA)";2107357;278;208;265;213;264;252;119;120;210009;2102;21019
"Olho d'Água das Cunhãs (MA)";2107407;259;171;306;218;302;308;149;172;210010;2102;21002
"Olinda Nova do Maranhão (MA)";2107456;155;152;146;150;190;205;52;78;210005;2101;21018
"Paço do Lumiar (MA)";2107506;1151;692;1173;812;864;998;280;530;210001;2101;21016
"Palmeirândia (MA)";2107605;244;201;259;212;271;321;116;156;210002;2101;21018
"Paraibano (MA)";2107704;296;298;376;305;322;339;128;164;210017;2104;21015
"Parnarama (MA)";2107803;523;462;556;392;557;537;197;236;210014;2103;21017
"Passagem Franca (MA)";2107902;257;219;241;200;259;304;127;191;210017;2104;21015
"Pastos Bons (MA)";2108009;273;210;300;225;302;306;131;137;210017;2104;21015
"Paulino Neves (MA)";2108058;162;130;175;129;194;175;92;92;210007;2101;21006
"Paulo Ramos (MA)";2108108;253;239;286;211;312;259;137;129;210010;2102;21002
"Pedreiras (MA)";2108207;582;474;721;542;619;797;282;399;210012;2102;21010
"Pedro do Rosário (MA)";2108256;304;232;236;206;320;230;119;109;210002;2101;21011
"Penalva (MA)";2108306;447;374;447;343;479;476;205;270;210005;2101;21018
"Peri Mirim (MA)";2108405;225;201;217;187;206;228;88;112;210002;2101;21011
"Peritoró (MA)";2108454;314;234;290;231;304;335;117;153;210015;2103;21007
"Pindaré-Mirim (MA)";2108504;397;333;433;358;513;568;197;272;210009;2102;21014
"Pinheiro (MA)";2108603;998;878;1081;945;1175;1349;467;655;210002;2101;21011
"Pio XII (MA)";2108702;319;256;329;232;322;341;168;194;210009;2102;21014
"Pirapemas (MA)";2108801;206;166;201;184;233;238;142;148;210004;2101;21009
"Poção de Pedras (MA)";2108900;306;243;332;237;345;337;135;185;210012;2102;21010
"Porto Franco (MA)";2109007;264;201;268;202;339;308;139;159;210019;2105;21008
"Porto Rico do Maranhão (MA)";2109056;111;87;95;66;134;119;48;40;210008;2101;21011
"Presidente Dutra (MA)";2109106;600;478;630;485;608;696;298;362;210016;2104;21012
"Presidente Juscelino (MA)";2109205;113;97;126;86;151;119;69;68;210001;2101;21013
"Presidente Médici (MA)";2109239;91;79;76;70;113;96;33;36;210011;2102;21019
"Presidente Sarney (MA)";2109270;230;215;229;198;299;239;103;88;210002;2101;21011
"Presidente Vargas (MA)";2109304;123;114;130;86;122;141;59;78;210004;2101;21009
"Primeira Cruz (MA)";2109403;181;133;167;105;173;147;107;91;210006;2101;21013
"Raposa (MA)";2109452;259;241;238;186;263;205;91;104;210001;2101;21016
"Riachão (MA)";2109502;339;283;316;215;339;341;165;149;210022;2105;21003
"Ribamar Fiquene (MA)";2109551;115;100;96;72;104;92;47;33;210019;2105;21008
"Rosário (MA)";2109601;451;440;529;424;566;608;212;311;210001;2101;21013
"Sambaíba (MA)";2109700;83;80;83;64;81;110;42;37;210022;2105;21003
"Santa Filomena do Maranhão (MA)";2109759;103;91;88;51;77;88;43;32;210016;2104;21012
"Santa Helena (MA)";2109809;453;438;488;423;574;566;232;261;210002;2101;21011
"Santa Inês (MA)";2109908;954;761;1167;940;1102;1290;529;620;210009;2102;21014
"Santa Luzia (MA)";2110005;1002;797;935;772;1092;936;382;409;210009;2102;21014
"Santa Luzia do Paruá (MA)";2110039;317;252;329;262;344;282;160;141;210011;2102;21019
"Santa Quitéria do Maranhão (MA)";2110104;370;329;374;292;400;414;166;164;210003;2101;21006
"Santa Rita (MA)";2110203;418;366;436;334;485;460;198;233;210001;2101;21013
"Santana do Maranhão (MA)";2110237;168;142;135;137;186;159;74;79;210007;2101;21006
"Santo Amaro do Maranhão (MA)";2110278;175;129;145;101;152;139;73;79;210006;2101;21013
"Santo Antônio dos Lopes (MA)";2110302;217;202;227;168;219;216;100;130;210012;2102;21012
"São Benedito do Rio Preto (MA)";2110401;205;201;232;183;217;253;140;146;210003;2101;21009
"São Bento (MA)";2110500;520;419;569;495;564;758;249;324;210002;2101;21018
"São Bernardo (MA)";2110609;312;308;368;294;400;416;203;205;210007;2101;21006
"São Domingos do Azeitão (MA)";2110658;96;88;95;74;90;109;27;38;210017;2104;21015
"São Domingos do Maranhão (MA)";2110708;488;394;524;405;476;490;240;234;210016;2104;21012
"São Félix de Balsas (MA)";2110807;85;60;74;51;75;88;25;40;210022;2105;21003
"São Francisco do Brejão (MA)";2110856;144;98;135;111;159;123;63;54;210021;2105;21001
"São Francisco do Maranhão (MA)";2110906;212;195;204;190;226;235;89;106;210017;2104;21017
"São João Batista (MA)";2111003;293;274;298;255;353;350;162;158;210005;2101;21018
"São João do Carú (MA)";2111029;156;110;104;101;159;101;37;44;210009;2102;21014
"São João do Paraíso (MA)";2111052;192;156;160;122;199;153;63;66;210019;2105;21008
"São João do Soter (MA)";2111078;283;235;247;201;294;291;129;120;210013;2103;21005
"São João dos Patos (MA)";2111102;395;306;437;382;491;557;221;259;210017;2104;21015
"São José de Ribamar (MA)";2111201;1464;1179;1660;1372;1383;1670;534;815;210001;2101;21016
"São José dos Basílios (MA)";2111250;114;96;116;104;113;120;50;68;210016;2104;21012
"São Luís (MA)";2111300;11130;7969;14180;10507;9390;13734;3771;7290;210001;2101;21016
"São Luís Gonzaga do Maranhão (MA)";2111409;313;266;303;246;277;301;124;143;210010;2102;21002
"São Mateus do Maranhão (MA)";2111508;559;447;597;484;608;605;325;340;210010;2102;21007
"São Pedro da Água Branca (MA)";2111532;160;157;166;139;175;149;69;55;210019;2105;21001
"São Pedro dos Crentes (MA)";2111573;62;64;65;46;59;52;15;16;210020;2105;21003
"São Raimundo das Mangabeiras (MA)";2111607;247;188;262;223;253;324;136;146;210022;2105;21003
"São Raimundo do Doca Bezerra (MA)";2111631;84;69;76;55;68;55;30;33;210012;2102;21010
"São Roberto (MA)";2111672;71;66;68;52;67;58;25;25;210012;2102;21010
"São Vicente Ferrer (MA)";2111706;268;211;280;243;343;370;130;172;210005;2101;21018
"Satubinha (MA)";2111722;131;103;115;92;141;126;67;41;210010;2102;21014
"Senador Alexandre Costa (MA)";2111748;159;131;148;115;131;171;76;93;210016;2104;21012
"Senador La Rocque (MA)";2111763;263;246;275;238;330;296;122;121;210019;2105;21008
"Serrano do Maranhão (MA)";2111789;165;135;108;120;142;146;67;67;210008;2101;21011
"Sítio Novo (MA)";2111805;270;196;214;162;261;224;88;87;210020;2105;21008
"Sucupira do Norte (MA)";2111904;160;123;141;146;174;195;86;83;210018;2104;21015
"Sucupira do Riachão (MA)";2111953;77;55;75;76;99;99;34;39;210017;2104;21015
"Tasso Fragoso (MA)";2112001;111;81;85;78;90;98;37;49;210022;2105;21003
"Timbiras (MA)";2112100;367;302;377;294;420;458;183;202;210015;2103;21007
"Timon (MA)";2112209;1849;1332;2196;1722;1848;2356;786;1167;210014;2103;21017
"Trizidela do Vale (MA)";2112233;258;207;311;265;310;365;151;181;210012;2102;21010
"Tufilândia (MA)";2112274;79;69;84;78;87;72;53;39;210009;2102;21014
"Tuntum (MA)";2112308;604;474;612;430;648;600;278;240;210016;2104;21012
"Turiaçu (MA)";2112407;396;337;378;327;433;339;166;177;210002;2101;21011
"Turilândia (MA)";2112456;269;252;217;193;272;235;87;95;210002;2101;21011
"Tutóia (MA)";2112506;675;550;598;473;645;659;345;348;210007;2101;21006
"Urbano Santos (MA)";2112605;257;203;291;198;302;314;150;121;210003;2101;21009
"Vargem Grande (MA)";2112704;598;526;620;498;637;598;250;292;210004;2101;21009
"Viana (MA)";2112803;652;521;652;523;750;809;342;352;210005;2101;21018
"Vila Nova dos Martírios (MA)";2112852;157;122;118;94;147;108;51;47;210019;2105;21001
"Vitória do Mearim (MA)";2112902;399;328;408;324;492;505;202;230;210005;2101;21009
"Vitorino Freire (MA)";2113009;492;415;524;430;539;566;254;278;210010;2102;21002
"Zé Doca (MA)";2114007;677;545;686;560;727;688;306;295;210009;2102;21019
"Acauã (PI)";2200053;114;98;116;80;110;110;52;43;220010;2203;22009
"Agricolândia (PI)";2200103;92;88;123;108;123;128;49;77;220002;2201;22004
"Água Branca (PI)";2200202;252;217;331;249;322;387;129;193;220002;2201;22004
"Alagoinha do Piauí (PI)";2200251;155;116;148;109;145;127;66;65;220009;2203;22009
"Alegrete do Piauí (PI)";2200277;83;78;76;78;93;122;45;41;220009;2203;22009
"Alto Longá (PI)";2200301;284;192;245;221;279;329;154;143;220001;2201;22004
"Altos (PI)";2200400;592;498;663;489;673;812;350;422;220001;2201;22004
"Alvorada do Gurguéia (PI)";2200459;85;58;68;53;63;65;31;31;220016;2205;22002
"Amarante (PI)";2200509;299;266;351;282;377;404;156;228;220002;2201;22004
"Angical do Piauí (PI)";2200608;139;94;133;131;142;197;68;103;220002;2201;22004
"Anísio de Abreu (PI)";2200707;149;114;141;114;144;140;58;86;220013;2204;22006
"Antônio Almeida (PI)";2200806;75;41;52;49;45;41;27;27;220018;2206;22007
"Aroazes (PI)";2200905;131;88;136;66;111;149;89;79;220004;2201;22010
"Aroeiras do Itaim (PI)";2200954;44;49;65;55;55;51;30;24;220009;2203;22009
"Arraial (PI)";2201002;66;66;89;71;74;106;37;42;220017;2206;22011
"Assunção do Piauí (PI)";2201051;106;98;114;87;111;93;47;44;220003;2201;22001
"Avelino Lopes (PI)";2201101;184;137;209;159;195;225;100;91;220015;2205;22002
"Baixa Grande do Ribeiro (PI)";2201150;109;83;96;72;111;101;48;48;220018;2206;22007
"Barra D'Alcântara (PI)";2201176;77;53;63;60;91;92;37;50;220004;2201;22010
"Barras (PI)";2201200;661;483;685;563;744;830;359;403;220005;2201;22003
"Barreiras do Piauí (PI)";2201309;47;42;48;37;46;61;25;29;220015;2205;22002
"Barro Duro (PI)";2201408;85;90;115;105;125;156;53;74;220002;2201;22004
"Batalha (PI)";2201507;382;365;403;337;477;519;221;234;220008;2202;22003
"Bela Vista do Piauí (PI)";2201556;54;47;69;50;69;50;24;17;220012;2203;22008
"Belém do Piauí (PI)";2201572;62;37;60;53;60;61;23;38;220009;2203;22009
"Beneditinos (PI)";2201606;187;161;202;157;213;228;90;101;220001;2201;22004
"Bertolínia (PI)";2201705;91;75;90;82;94;134;50;59;220018;2206;22011
"Betânia do Piauí (PI)";2201739;106;54;100;60;69;78;54;52;220010;2203;22009
"Boa Hora (PI)";2201770;103;79;94;76;114;93;48;45;220005;2201;22001
"Bocaina (PI)";2201804;112;85;117;103;110;112;41;56;220009;2203;22009
"Bom Jesus (PI)";2201903;279;180;264;212;249;301;119;132;220016;2205;22002
"Bom Princípio do Piauí (PI)";2201919;96;73;82;57;105;96;41;32;220006;2202;22005
"Bonfim do Piauí (PI)";2201929;97;56;92;79;112;106;40;51;220013;2204;22006
"Boqueirão do Piauí (PI)";2201945;118;116;111;96;147;127;69;75;220003;2201;22001
"Brasileira (PI)";2201960;152;115;132;107;175;160;72;70;220007;2202;22003
"Brejo do Piauí (PI)";2201988;71;60;67;62;73;65;25;23;220019;2206;22011
"Buriti dos Lopes (PI)";2202000;302;223;322;257;300;326;161;166;220006;2202;22005
"Buriti dos Montes (PI)";2202026;111;101;106;101;174;161;92;79;220003;2201;22001
"Cabeceiras do Piauí (PI)";2202059;171;141;165;140;200;192;100;90;220005;2201;22001
"Cajazeiras do Piauí (PI)";2202075;58;57;66;51;61;72;30;23;220011;2203;22008
"Cajueiro da Praia (PI)";2202083;105;120;128;81;127;130;50;61;220006;2202;22005
"Caldeirão Grande do Piauí (PI)";2202091;89;81;94;77;96;115;59;58;220009;2203;22009
"Campinas do Piauí (PI)";2202109;112;84;119;71;88;121;47;60;220012;2203;22008
"Campo Alegre do Fidalgo (PI)";2202117;60;60;59;53;57;76;43;38;220014;2204;22006
"Campo Grande do Piauí (PI)";2202133;92;87;102;72;100;83;46;30;220009;2203;22009
"Campo Largo do Piauí (PI)";2202174;78;66;77;54;96;117;41;40;220005;2201;22003
"Campo Maior (PI)";2202208;715;641;912;665;826;1023;397;582;220003;2201;22001
"Canavieira (PI)";2202251;66;49;68;59;74;80;38;57;220017;2206;22011
"Canto do Buriti (PI)";2202307;345;293;393;280;358;397;161;223;220019;2206;22011
"Capitão de Campos (PI)";2202406;183;151;192;159;197;211;98;95;220007;2202;22003
"Capitão Gervásio Oliveira (PI)";2202455;76;52;61;58;60;72;30;41;220014;2204;22006
"Caracol (PI)";2202505;145;107;143;117;145;154;58;96;220013;2204;22006
"Caraúbas do Piauí (PI)";2202539;94;62;87;63;94;84;40;51;220006;2202;22005
"Caridade do Piauí (PI)";2202554;71;76;70;53;67;76;41;39;220010;2203;22009
"Castelo do Piauí (PI)";2202604;332;261;364;272;368;416;188;228;220003;2201;22001
"Caxingó (PI)";2202653;80;68;57;44;71;57;33;25;220006;2202;22005
"Cocal (PI)";2202703;396;305;429;328;428;437;215;209;220006;2202;22005
"Cocal de Telha (PI)";2202711;80;63;84;78;88;92;47;47;220003;2201;22001
"Cocal dos Alves (PI)";2202729;72;76;89;65;85;78;40;45;220006;2202;22005
"Coivaras (PI)";2202737;79;48;71;66;72;66;39;38;220001;2201;22004
"Colônia do Gurguéia (PI)";2202752;79;77;82;87;100;129;69;51;220016;2205;22002
"Colônia do Piauí (PI)";2202778;104;94;126;106;114;141;66;71;220011;2203;22008
"Conceição do Canindé (PI)";2202802;82;71;95;68;81;116;47;60;220012;2203;22008
"Coronel José Dias (PI)";2202851;115;61;108;75;75;89;39;44;220013;2204;22006
"Corrente (PI)";2202901;368;245;338;289;355;403;193;212;220015;2205;22002
"Cristalândia do Piauí (PI)";2203008;142;99;121;90;88;106;65;84;220015;2205;22002
"Cristino Castro (PI)";2203107;141;105;151;128;159;181;83;96;220016;2205;22002
"Curimatá (PI)";2203206;152;136;169;116;139;191;102;101;220015;2205;22002
"Currais (PI)";2203230;87;60;75;50;74;74;25;37;220016;2205;22002
"Curralinhos (PI)";2203255;71;48;67;52;79;80;26;43;220001;2201;22004
"Curral Novo do Piauí (PI)";2203271;63;51;52;40;54;63;38;30;220010;2203;22009
"Demerval Lobão (PI)";2203305;214;188;276;214;241;316;117;116;220001;2201;22004
"Dirceu Arcoverde (PI)";2203354;128;100;135;103;119;144;54;76;220013;2204;22006
"Dom Expedito Lopes (PI)";2203404;125;82;121;80;102;122;58;62;220009;2203;22009
"Domingos Mourão (PI)";2203420;68;65;79;60;82;84;34;37;220007;2202;22003
"Dom Inocêncio (PI)";2203453;198;138;166;156;171;185;84;100;220013;2204;22006
"Elesbão Veloso (PI)";2203503;266;259;302;257;341;401;182;212;220002;2201;22010
"Eliseu Martins (PI)";2203602;80;68;103;75;91;121;57;74;220019;2206;22002
"Esperantina (PI)";2203701;524;486;586;492;641;684;282;354;220008;2202;22003
"Fartura do Piauí (PI)";2203750;84;75;85;67;98;105;36;50;220013;2204;22006
"Flores do Piauí (PI)";2203800;84;62;77;42;81;101;40;44;220019;2206;22011
"Floresta do Piauí (PI)";2203859;62;31;63;37;53;57;24;28;220011;2203;22008
"Floriano (PI)";2203909;801;612;1047;795;776;1196;431;694;220017;2206;22011
"Francinópolis (PI)";2204006;103;88;107;86;103;144;56;69;220002;2201;22010
"Francisco Ayres (PI)";2204105;91;73;97;72;101;112;58;79;220017;2206;22011
"Francisco Macedo (PI)";2204154;51;32;52;34;51;52;22;37;220009;2203;22009
"Francisco Santos (PI)";2204204;170;97;152;113;163;159;64;68;220009;2203;22009
"Fronteiras (PI)";2204303;183;122;212;152;176;219;110;123;220009;2203;22009
"Geminiano (PI)";2204352;101;78;108;77;89;99;43;38;220009;2203;22009
"Gilbués (PI)";2204402;126;119;123;156;152;158;71;79;220015;2205;22002
"Guadalupe (PI)";2204501;146;122;190;129;205;189;54;107;220017;2206;22011
"Guaribas (PI)";2204550;40;39;55;38;48;57;12;10;220013;2204;22006
"Hugo Napoleão (PI)";2204600;68;64;70;53;76;80;25;34;220002;2201;22004
"Ilha Grande (PI)";2204659;127;114;158;121;164;192;79;82;220006;2202;22005
"Inhuma (PI)";2204709;255;200;251;244;322;325;135;168;220004;2201;22010
"Ipiranga do Piauí (PI)";2204808;147;150;154;134;175;225;82;84;220004;2201;22009
"Isaías Coelho (PI)";2204907;144;114;153;129;133;141;60;71;220009;2203;22008
"Itainópolis (PI)";2205003;222;194;248;209;252;252;110;128;220009;2203;22009
"Itaueira (PI)";2205102;176;174;214;163;207;229;95;114;220017;2206;22011
"Jacobina do Piauí (PI)";2205151;85;71;93;58;87;88;46;57;220010;2203;22009
"Jaicós (PI)";2205201;305;231;314;261;289;356;167;210;220009;2203;22009
"Jardim do Mulato (PI)";2205250;71;66;70;65;98;91;30;37;220002;2201;22004
"Jatobá do Piauí (PI)";2205276;122;99;102;69;108;106;44;45;220003;2201;22001
"Jerumenha (PI)";2205300;66;62;83;77;88;96;43;46;220017;2206;22011
"João Costa (PI)";2205359;55;38;48;38;46;57;19;25;220014;2204;22006
"Joaquim Pires (PI)";2205409;222;167;226;140;227;211;92;79;220008;2202;22003
"Joca Marques (PI)";2205458;74;57;70;55;85;77;25;16;220008;2202;22003
"José de Freitas (PI)";2205508;550;512;603;510;617;666;332;380;220001;2201;22004
"Juazeiro do Piauí (PI)";2205516;67;53;81;61;96;103;39;31;220003;2201;22001
"Júlio Borges (PI)";2205524;88;72;86;71;104;100;39;51;220015;2205;22002
"Jurema (PI)";2205532;82;60;86;69;68;81;31;38;220013;2204;22006
"Lagoinha do Piauí (PI)";2205540;65;41;50;45;44;36;23;28;220002;2201;22004
"Lagoa Alegre (PI)";2205557;122;126;142;119;132;146;68;72;220001;2201;22004
"Lagoa do Barro do Piauí (PI)";2205565;65;77;99;76;81;66;35;45;220014;2204;22006
"Lagoa de São Francisco (PI)";2205573;103;74;113;97;119;101;54;63;220007;2202;22003
"Lagoa do Piauí (PI)";2205581;68;53;50;45;69;84;30;21;220001;2201;22004
"Lagoa do Sítio (PI)";2205599;93;64;90;63;112;82;49;40;220004;2201;22010
"Landri Sales (PI)";2205607;101;94;114;85;125;134;36;54;220017;2206;22011
"Luís Correia (PI)";2205706;466;319;429;301;416;436;170;209;220006;2202;22005
"Luzilândia (PI)";2205805;406;347;401;309;474;500;211;212;220008;2202;22003
"Madeiro (PI)";2205854;82;93;83;87;110;121;50;44;220008;2202;22003
"Manoel Emídio (PI)";2205904;87;60;88;61;117;113;41;38;220018;2206;22011
"Marcolândia (PI)";2205953;95;80;97;89;118;112;47;44;220009;2203;22009
"Marcos Parente (PI)";2206001;72;62;93;63;92;112;42;52;220017;2206;22011
"Massapê do Piauí (PI)";2206050;116;105;126;102;117;129;68;72;220009;2203;22009
"Matias Olímpio (PI)";2206100;172;113;169;131;158;181;86;64;220008;2202;22003
"Miguel Alves (PI)";2206209;437;401;456;410;507;544;229;266;220001;2201;22004
"Miguel Leão (PI)";2206308;18;14;23;10;24;24;12;11;220002;2201;22004
"Milton Brandão (PI)";2206357;100;91;91;80;133;107;57;44;220007;2202;22003
"Monsenhor Gil (PI)";2206407;189;163;199;172;213;250;111;116;220001;2201;22004
"Monsenhor Hipólito (PI)";2206506;131;106;136;122;145;145;72;73;220009;2203;22009
"Monte Alegre do Piauí (PI)";2206605;143;94;132;129;144;156;77;87;220015;2205;22002
"Morro Cabeça no Tempo (PI)";2206654;70;33;47;38;66;69;30;44;220015;2205;22002
"Morro do Chapéu do Piauí (PI)";2206670;98;87;105;82;85;107;41;36;220008;2202;22003
"Murici dos Portelas (PI)";2206696;140;109;104;107;119;108;50;47;220006;2202;22005
"Nazaré do Piauí (PI)";2206704;146;117;138;116;169;174;78;107;220017;2206;22011
"Nazária (PI)";2206720;138;112;129;106;145;169;60;69;220001;2201;22004
"Nossa Senhora de Nazaré (PI)";2206753;96;95;111;80;115;108;52;54;220003;2201;22001
"Nossa Senhora dos Remédios (PI)";2206803;112;90;109;96;111;135;43;73;220005;2201;22003
"Novo Oriente do Piauí (PI)";2206902;124;102;140;100;159;189;66;79;220004;2201;22010
"Novo Santo Antônio (PI)";2206951;89;60;67;36;66;60;28;19;220001;2201;22001
"Oeiras (PI)";2207009;540;457;640;532;585;777;274;393;220011;2203;22008
"Olho D'Água do Piauí (PI)";2207108;35;44;49;41;47;57;27;18;220002;2201;22004
"Padre Marcos (PI)";2207207;106;83;123;115;141;150;66;74;220009;2203;22009
"Paes Landim (PI)";2207306;77;58;74;53;68;86;31;33;220012;2203;22011
"Pajeú do Piauí (PI)";2207355;72;83;62;52;61;83;37;40;220019;2206;22011
"Palmeira do Piauí (PI)";2207405;73;63;71;67;77;93;31;38;220016;2205;22002
"Palmeirais (PI)";2207504;227;189;206;225;279;299;122;133;220002;2201;22004
"Paquetá (PI)";2207553;73;69;80;69;104;68;34;21;220009;2203;22009
"Parnaguá (PI)";2207603;127;87;130;92;128;146;83;74;220015;2205;22002
"Parnaíba (PI)";2207702;2067;1510;2562;1966;2134;2906;974;1582;220006;2202;22005
"Passagem Franca do Piauí (PI)";2207751;72;59;73;47;75;82;40;34;220002;2201;22004
"Patos do Piauí (PI)";2207777;118;105;118;102;131;125;77;93;220010;2203;22009
"Pau D'Arco do Piauí (PI)";2207793;81;61;70;57;69;74;31;31;220001;2201;22004
"Paulistana (PI)";2207801;316;253;348;265;290;333;153;176;220010;2203;22009
"Pavussu (PI)";2207850;50;61;61;50;75;70;44;46;220019;2206;22011
"Pedro II (PI)";2207900;602;504;679;551;736;813;360;415;220007;2202;22003
"Pedro Laurentino (PI)";2207934;37;31;25;27;34;36;11;14;220014;2204;22011
"Nova Santa Rita (PI)";2207959;57;45;73;39;58;71;29;24;220014;2204;22011
"Picos (PI)";2208007;999;772;1231;1034;980;1224;415;574;220009;2203;22009
"Pimenteiras (PI)";2208106;242;162;202;155;223;207;112;107;220004;2201;22010
"Pio IX (PI)";2208205;263;194;281;242;283;310;142;156;220009;2203;22009
"Piracuruca (PI)";2208304;454;385;469;386;470;488;203;249;220007;2202;22003
"Piripiri (PI)";2208403;1025;827;1176;937;1121;1366;523;684;220007;2202;22003
"Porto (PI)";2208502;142;132;148;126;146;181;74;98;220005;2201;22003
"Porto Alegre do Piauí (PI)";2208551;44;32;38;30;41;39;22;18;220017;2206;22011
"Prata do Piauí (PI)";2208601;51;34;65;64;106;99;37;29;220002;2201;22010
"Queimada Nova (PI)";2208650;125;132;157;112;138;176;62;100;220010;2203;22009
"Redenção do Gurguéia (PI)";2208700;131;86;128;105;109;122;37;54;220016;2205;22002
"Regeneração (PI)";2208809;265;236;310;259;336;389;144;200;220002;2201;22004
"Riacho Frio (PI)";2208858;58;32;58;41;55;52;32;27;220015;2205;22002
"Ribeira do Piauí (PI)";2208874;66;55;74;60;58;73;29;26;220014;2204;22011
"Ribeiro Gonçalves (PI)";2208908;80;69;79;74;100;106;45;47;220018;2206;22007
"Rio Grande do Piauí (PI)";2209005;97;110;123;101;137;137;74;81;220019;2206;22011
"Santa Cruz do Piauí (PI)";2209104;103;73;132;103;123;139;63;63;220009;2203;22009
"Santa Cruz dos Milagres (PI)";2209153;66;68;63;52;60;71;41;38;220004;2201;22010
"Santa Filomena (PI)";2209203;74;62;75;66;83;83;40;34;220015;2205;22002
"Santa Luz (PI)";2209302;87;70;91;64;93;90;42;45;220016;2205;22002
"Santana do Piauí (PI)";2209351;88;89;90;93;93;104;42;48;220009;2203;22009
"Santa Rosa do Piauí (PI)";2209377;83;80;101;92;93;104;40;42;220011;2203;22008
"Santo Antônio de Lisboa (PI)";2209401;114;105;140;108;110;116;51;42;220009;2203;22009
"Santo Antônio dos Milagres (PI)";2209450;28;25;24;28;38;39;14;12;220002;2201;22004
"Santo Inácio do Piauí (PI)";2209500;78;49;55;58;53;73;42;52;220011;2203;22008
"São Braz do Piauí (PI)";2209559;67;66;64;62;102;92;42;56;220013;2204;22006
"São Félix do Piauí (PI)";2209609;69;65;69;66;99;91;38;52;220002;2201;22010
"São Francisco de Assis do Piauí (PI)";2209658;84;55;75;77;72;95;39;41;220012;2203;22008
"São Francisco do Piauí (PI)";2209708;113;92;118;98;121;144;68;84;220017;2206;22011
"São Gonçalo do Gurguéia (PI)";2209757;32;35;42;39;43;40;17;15;220015;2205;22002
"São Gonçalo do Piauí (PI)";2209807;62;66;71;68;95;92;27;33;220002;2201;22004
"São João da Canabrava (PI)";2209856;90;84;88;81;99;115;51;48;220009;2203;22009
"São João da Fronteira (PI)";2209872;97;84;86;85;80;84;50;43;220007;2202;22003
"São João da Serra (PI)";2209906;153;103;142;106;155;141;60;70;220003;2201;22001
"São João da Varjota (PI)";2209955;68;62;77;63;89;112;31;47;220011;2203;22008
"São João do Arraial (PI)";2209971;118;101;113;98;118;115;45;59;220008;2202;22003
"São João do Piauí (PI)";2210003;293;190;300;260;274;338;139;205;220014;2204;22006
"São José do Divino (PI)";2210052;91;64;68;54;85;76;25;38;220007;2202;22003
"São José do Peixe (PI)";2210102;68;43;61;56;58;82;47;40;220017;2206;22011
"São José do Piauí (PI)";2210201;102;127;119;131;145;147;54;70;220009;2203;22009
"São Julião (PI)";2210300;118;103;119;90;105;106;62;56;220009;2203;22009
"São Lourenço do Piauí (PI)";2210359;91;74;90;65;89;133;46;52;220013;2204;22006
"São Luis do Piauí (PI)";2210375;45;43;46;45;53;62;25;24;220009;2203;22009
"São Miguel da Baixa Grande (PI)";2210383;43;38;50;36;53;55;30;22;220002;2201;22010
"São Miguel do Fidalgo (PI)";2210391;53;49;56;50;45;45;16;21;220011;2203;22011
"São Miguel do Tapuio (PI)";2210409;346;236;314;236;346;354;169;183;220003;2201;22001
"São Pedro do Piauí (PI)";2210508;206;186;207;195;241;297;116;154;220002;2201;22004
"São Raimundo Nonato (PI)";2210607;471;334;477;336;447;553;249;304;220013;2204;22006
"Sebastião Barros (PI)";2210623;57;35;60;41;51;46;22;31;220015;2205;22002
"Sebastião Leal (PI)";2210631;71;72;69;42;56;66;41;40;220018;2206;22007
"Sigefredo Pacheco (PI)";2210656;190;153;179;141;206;161;81;102;220003;2201;22001
"Simões (PI)";2210706;187;163;224;178;237;250;110;123;220010;2203;22009
"Simplício Mendes (PI)";2210805;209;169;191;163;188;237;107;148;220012;2203;22008
"Socorro do Piauí (PI)";2210904;83;59;79;66;68;75;34;50;220012;2203;22011
"Sussuapara (PI)";2210938;137;109;115;126;119;132;60;59;220009;2203;22009
"Tamboril do Piauí (PI)";2210953;44;33;38;39;37;41;25;22;220019;2206;22011
"Tanque do Piauí (PI)";2210979;41;42;44;39;61;54;16;26;220011;2203;22008
"Teresina (PI)";2211001;10087;6800;12872;9001;8102;12113;3590;6557;220001;2201;22004
"União (PI)";2211100;674;549;721;596;791;835;337;433;220001;2201;22004
"Uruçuí (PI)";2211209;263;228;336;204;285;318;132;167;220018;2206;22007
"Valença do Piauí (PI)";2211308;357;309;426;336;445;553;250;292;220004;2201;22010
"Várzea Branca (PI)";2211357;65;42;63;46;84;89;41;43;220013;2204;22006
"Várzea Grande (PI)";2211407;67;57;100;60;89;136;53;61;220002;2201;22010
"Vera Mendes (PI)";2211506;57;36;49;53;70;73;31;21;220009;2203;22009
"Vila Nova do Piauí (PI)";2211605;59;60;65;38;50;50;23;17;220009;2203;22009
"Wall Ferraz (PI)";2211704;75;59;84;50;74;68;28;30;220009;2203;22009
"Abaiara (CE)";2300101;167;157;212;180;194;208;96;137;230012;2304;23019
"Acarape (CE)";2300150;195;160;224;152;254;299;118;142;230003;2301;23003
"Acaraú (CE)";2300200;850;658;882;660;863;964;404;472;230017;2306;23012
"Acopiara (CE)";2300309;1019;875;1030;879;1162;1301;645;642;230009;2303;23018
"Aiuaba (CE)";2300408;300;238;288;224;303;310;156;172;230011;2304;23014
"Alcântaras (CE)";2300507;134;120;176;157;207;256;129;143;230015;2306;23011
"Altaneira (CE)";2300606;136;130;171;134;143;185;73;106;230011;2304;23020
"Alto Santo (CE)";2300705;312;198;296;191;256;310;167;178;230007;2302;23010
"Amontada (CE)";2300754;569;463;551;463;703;663;360;384;230002;2301;23006
"Antonina do Norte (CE)";2300804;145;125;183;125;155;157;82;95;230011;2304;23020
"Apuiarés (CE)";2300903;254;192;228;193;304;285;157;183;230005;2301;23002
"Aquiraz (CE)";2301000;1039;799;1018;815;1044;1115;458;578;230001;2301;23001
"Aracati (CE)";2301109;1090;836;1373;950;944;1173;487;747;230008;2302;23007
"Aracoiaba (CE)";2301208;407;330;402;366;485;560;311;347;230003;2301;23004
"Ararendá (CE)";2301257;184;163;196;168;219;292;153;160;230013;2305;23015
"Araripe (CE)";2301307;322;284;338;290;350;384;148;175;230011;2304;23020
"Aratuba (CE)";2301406;170;144;154;152;206;207;107;128;230003;2301;23004
"Arneiroz (CE)";2301505;149;134;145;128;160;139;92;85;230014;2305;23014
"Assaré (CE)";2301604;405;353;458;387;528;540;247;277;230011;2304;23020
"Aurora (CE)";2301703;435;399;477;373;521;621;281;312;230011;2304;23019
"Baixio (CE)";2301802;97;96;124;104;140;133;72;73;230010;2303;23017
"Banabuiú (CE)";2301851;263;209;241;206;302;305;191;179;230006;2302;23008
"Barbalha (CE)";2301901;749;594;908;755;823;1119;424;617;230011;2304;23021
"Barreira (CE)";2301950;325;241;312;236;290;321;186;201;230003;2301;23003
"Barro (CE)";2302008;394;318;436;377;517;551;258;306;230012;2304;23019
"Barroquinha (CE)";2302057;257;193;233;218;255;253;108;127;230018;2306;23016
"Baturité (CE)";2302107;467;392;490;465;587;755;338;376;230003;2301;23004
"Beberibe (CE)";2302206;882;658;876;713;812;927;471;556;230001;2301;23022
"Bela Cruz (CE)";2302305;505;426;541;398;500;529;295;256;230017;2306;23012
"Boa Viagem (CE)";2302404;955;741;1019;807;1147;1146;657;717;230004;2301;23005
"Brejo Santo (CE)";2302503;623;513;776;636;718;924;393;473;230012;2304;23019
"Camocim (CE)";2302602;820;662;934;688;812;958;380;490;230018;2306;23016
"Campos Sales (CE)";2302701;411;376;496;445;529;622;301;383;230011;2304;23020
"Canindé (CE)";2302800;1203;916;1241;988;1419;1502;767;881;230004;2301;23005
"Capistrano (CE)";2302909;238;187;259;200;340;354;201;205;230003;2301;23004
"Caridade (CE)";2303006;381;233;290;241;360;325;177;189;230004;2301;23005
"Cariré (CE)";2303105;343;259;375;290;377;500;239;287;230015;2306;23011
"Caririaçu (CE)";2303204;431;409;512;376;496;602;251;308;230011;2304;23021
"Cariús (CE)";2303303;367;326;411;317;460;476;236;250;230009;2303;23018
"Carnaubal (CE)";2303402;238;220;275;268;321;357;169;163;230016;2306;23013
"Cascavel (CE)";2303501;990;744;1019;872;1105;1261;611;728;230001;2301;23022
"Catarina (CE)";2303600;312;234;279;188;317;325;149;137;230009;2303;23018
"Catunda (CE)";2303659;202;138;183;139;183;212;132;162;230015;2306;23011
"Caucaia (CE)";2303709;3670;2580;4187;3108;3336;4255;1383;2046;230001;2301;23002
"Cedro (CE)";2303808;473;405;536;431;578;664;332;357;230009;2303;23017
"Chaval (CE)";2303907;187;188;221;184;209;251;83;103;230018;2306;23016
"Choró (CE)";2303931;207;141;188;141;244;251;154;136;230006;2302;23008
"Chorozinho (CE)";2303956;242;206;266;216;304;303;172;160;230001;2301;23022
"Coreaú (CE)";2304004;355;252;390;281;373;398;192;221;230015;2306;23011
"Crateús (CE)";2304103;1237;1076;1525;1150;1438;1712;866;1057;230013;2305;23015
"Crato (CE)";2304202;1743;1373;2155;1708;1694;2487;802;1407;230011;2304;23020
"Croatá (CE)";2304236;292;253;320;264;330;410;179;215;230016;2306;23013
"Cruz (CE)";2304251;381;286;402;280;356;392;167;180;230017;2306;23012
"Deputado Irapuan Pinheiro (CE)";2304269;186;144;189;153;250;245;117;105;230006;2302;23018
"Ereré (CE)";2304277;134;100;131;106;132;149;78;81;230007;2302;23010
"Eusébio (CE)";2304285;548;378;557;407;490;544;224;326;230001;2301;23001
"Farias Brito (CE)";2304301;354;298;385;349;393;470;178;254;230011;2304;23020
"Forquilha (CE)";2304350;313;249;363;257;361;429;180;201;230015;2306;23011
"Fortaleza (CE)";2304400;32432;22115;43956;31736;26825;43731;12037;24943;230001;2301;23001
"Fortim (CE)";2304459;256;203;280;200;245;271;112;139;230008;2302;23007
"Frecheirinha (CE)";2304509;218;148;219;185;204;242;109;129;230015;2306;23011
"General Sampaio (CE)";2304608;110;84;106;77;110;104;69;51;230005;2301;23002
"Graça (CE)";2304657;230;231;282;261;286;383;159;190;230015;2306;23011
"Granja (CE)";2304707;819;642;813;699;804;835;346;430;230018;2306;23016
"Granjeiro (CE)";2304806;72;52;94;54;96;102;33;51;230011;2304;23021
"Groaíras (CE)";2304905;159;143;211;167;191;263;148;164;230015;2306;23011
"Guaiúba (CE)";2304954;332;242;354;269;342;393;167;191;230001;2301;23003
"Guaraciaba do Norte (CE)";2305001;586;486;639;489;641;836;373;444;230016;2306;23013
"Guaramiranga (CE)";2305100;44;41;56;58;60;63;56;59;230003;2301;23004
"Hidrolândia (CE)";2305209;379;280;375;320;428;507;281;309;230015;2306;23011
"Horizonte (CE)";2305233;549;460;641;519;631;650;289;335;230001;2301;23022
"Ibaretama (CE)";2305266;205;162;208;172;239;260;154;151;230006;2302;23008
"Ibiapina (CE)";2305308;391;263;387;337;435;573;253;317;230016;2306;23013
"Ibicuitinga (CE)";2305332;189;143;182;147;217;212;123;120;230006;2302;23008
"Icapuí (CE)";2305357;341;249;289;250;230;264;115;141;230008;2302;23007
"Icó (CE)";2305407;1061;854;1187;1021;1169;1354;643;732;230010;2303;23017
"Iguatu (CE)";2305506;1580;1266;1963;1479;1709;2169;925;1216;230009;2303;23018
"Independência (CE)";2305605;486;390;532;390;553;628;333;422;230013;2305;23015
"Ipaporanga (CE)";2305654;218;191;233;196;258;318;178;184;230013;2305;23015
"Ipaumirim (CE)";2305704;224;182;223;206;263;316;144;171;230010;2303;23017
"Ipu (CE)";2305803;664;504;752;609;777;1072;506;646;230016;2306;23011
"Ipueiras (CE)";2305902;689;464;758;602;718;917;449;533;230016;2306;23015
"Iracema (CE)";2306009;259;179;286;202;283;343;185;226;230007;2302;23010
"Irauçuba (CE)";2306108;333;258;321;276;327;364;230;211;230005;2301;23011
"Itaiçaba (CE)";2306207;119;109;174;123;125;160;108;134;230008;2302;23007
"Itaitinga (CE)";2306256;407;327;486;338;414;527;210;262;230001;2301;23001
"Itapajé (CE)";2306306;631;554;654;532;720;828;369;481;230005;2301;23002
"Itapipoca (CE)";2306405;1560;1243;1603;1268;1782;1944;975;1092;230002;2301;23006
"Itapiúna (CE)";2306504;320;228;292;230;339;351;201;211;230003;2301;23004
"Itarema (CE)";2306553;469;368;444;380;505;589;273;282;230017;2306;23012
"Itatira (CE)";2306603;305;240;271;197;347;360;215;224;230004;2301;23005
"Jaguaretama (CE)";2306702;336;213;307;237;353;363;272;270;230007;2302;23009
"Jaguaribara (CE)";2306801;180;152;192;151;181;180;120;134;230007;2302;23010
"Jaguaribe (CE)";2306900;683;452;687;551;662;794;436;516;230007;2302;23010
"Jaguaruana (CE)";2307007;534;395;603;418;413;521;312;486;230008;2302;23009
"Jardim (CE)";2307106;393;378;480;389;448;611;239;319;230011;2304;23021
"Jati (CE)";2307205;125;118;163;119;179;185;61;109;230012;2304;23019
"Jijoca de Jericoacoara (CE)";2307254;213;169;213;157;211;220;91;88;230017;2306;23012
"Juazeiro do Norte (CE)";2307304;3131;2534;4291;3498;3403;5154;1562;2819;230011;2304;23021
"Jucás (CE)";2307403;448;394;503;400;526;588;256;282;230009;2303;23018
"Lavras da Mangabeira (CE)";2307502;565;451;674;518;699;829;389;435;230011;2304;23017
"Limoeiro do Norte (CE)";2307601;960;726;1052;754;757;889;507;614;230007;2302;23010
"Madalena (CE)";2307635;299;228;309;228;341;337;169;206;230004;2301;23005
"Maracanaú (CE)";2307650;2456;1675;2981;1993;1965;2699;851;1340;230001;2301;23003
"Maranguape (CE)";2307700;1363;1271;1676;1362;1533;1739;682;965;230001;2301;23003
"Marco (CE)";2307809;336;243;312;279;300;370;188;167;230017;2306;23012
"Martinópole (CE)";2307908;132;125;187;134;141;196;89;108;230015;2306;23016
"Massapê (CE)";2308005;474;387;551;415;583;671;281;344;230015;2306;23011
"Mauriti (CE)";2308104;655;539;714;600;711;869;398;418;230012;2304;23019
"Meruoca (CE)";2308203;225;177;231;193;255;285;156;190;230015;2306;23011
"Milagres (CE)";2308302;455;374;468;451;549;694;263;368;230012;2304;23019
"Milhã (CE)";2308351;253;228;306;233;320;323;199;202;230006;2302;23008
"Miraíma (CE)";2308377;194;151;178;140;239;248;105;115;230002;2301;23006
"Missão Velha (CE)";2308401;497;447;658;559;602;695;276;397;230011;2304;23021
"Mombaça (CE)";2308500;823;661;869;701;882;1023;525;577;230009;2303;23018
"Monsenhor Tabosa (CE)";2308609;316;220;303;245;348;400;196;216;230013;2305;23015
"Morada Nova (CE)";2308708;1159;867;1166;961;1170;1247;764;728;230007;2302;23009
"Moraújo (CE)";2308807;134;90;139;103;119;151;67;76;230015;2306;23011
"Morrinhos (CE)";2308906;315;291;309;303;337;343;188;147;230015;2306;23012
"Mucambo (CE)";2309003;261;212;322;260;297;361;162;209;230015;2306;23011
"Mulungu (CE)";2309102;172;135;174;133;200;224;119;136;230003;2301;23004
"Nova Olinda (CE)";2309201;221;189;224;180;257;327;122;142;230011;2304;23020
"Nova Russas (CE)";2309300;562;429;649;492;667;880;384;470;230013;2305;23015
"Novo Oriente (CE)";2309409;495;352;487;370;558;569;361;313;230013;2305;23015
"Ocara (CE)";2309458;426;362;386;342;477;467;283;267;230003;2301;23022
"Orós (CE)";2309508;480;293;498;362;489;612;233;281;230010;2303;23017
"Pacajus (CE)";2309607;731;578;849;662;752;914;424;544;230001;2301;23022
"Pacatuba (CE)";2309706;797;558;871;611;699;837;272;411;230001;2301;23003
"Pacoti (CE)";2309805;176;129;155;161;215;231;114;145;230003;2301;23004
"Pacujá (CE)";2309904;110;85;129;105;101;150;57;102;230015;2306;23011
"Palhano (CE)";2310001;181;132;195;138;153;167;118;148;230007;2302;23009
"Palmácia (CE)";2310100;178;168;194;152;264;257;110;155;230001;2301;23003
"Paracuru (CE)";2310209;478;370;495;380;522;560;250;283;230001;2301;23002
"Paraipaba (CE)";2310258;419;359;449;329;493;490;249;265;230001;2301;23002
"Parambu (CE)";2310308;567;446;592;484;717;678;362;406;230014;2305;23014
"Paramoti (CE)";2310407;205;150;209;146;220;229;115;129;230004;2301;23005
"Pedra Branca (CE)";2310506;784;597;794;619;852;941;523;573;230006;2302;23008
"Penaforte (CE)";2310605;107;77;125;100;123;162;72;88;230012;2304;23019
"Pentecoste (CE)";2310704;511;423;552;457;604;747;324;380;230005;2301;23002
"Pereiro (CE)";2310803;252;208;314;245;294;344;209;232;230007;2302;23010
"Pindoretama (CE)";2310852;271;256;286;286;369;420;174;211;230001;2301;23022
"Piquet Carneiro (CE)";2310902;320;276;295;274;343;403;201;198;230009;2303;23018
"Pires Ferreira (CE)";2310951;170;131;181;156;244;271;139;163;230016;2306;23011
"Poranga (CE)";2311009;196;169;238;200;235;265;144;133;230013;2305;23015
"Porteiras (CE)";2311108;230;230;275;248;275;387;113;184;230012;2304;23019
"Potengi (CE)";2311207;180;139;184;153;208;240;93;117;230011;2304;23020
"Potiretama (CE)";2311231;120;84;100;72;112;104;49;64;230007;2302;23010
"Quiterianópolis (CE)";2311264;357;268;361;293;415;453;238;232;230013;2305;23015
"Quixadá (CE)";2311306;1215;925;1370;1048;1348;1547;767;958;230006;2302;23008
"Quixelô (CE)";2311355;319;239;347;255;309;338;179;184;230009;2303;23018
"Quixeramobim (CE)";2311405;1130;932;1227;995;1395;1487;827;863;230006;2302;23008
"Quixeré (CE)";2311504;340;234;369;249;232;267;174;202;230007;2302;23010
"Redenção (CE)";2311603;408;345;437;336;486;563;269;341;230003;2301;23003
"Reriutaba (CE)";2311702;360;269;403;302;410;530;240;343;230015;2306;23011
"Russas (CE)";2311801;1072;803;1216;983;854;1065;589;811;230007;2302;23009
"Saboeiro (CE)";2311900;326;249;297;248;305;341;171;180;230009;2303;23018
"Salitre (CE)";2311959;232;197;221;178;246;260;114;138;230011;2304;23020
"Santana do Acaraú (CE)";2312007;463;402;496;472;486;557;277;284;230015;2306;23011
"Santana do Cariri (CE)";2312106;286;236;296;231;305;360;180;188;230011;2304;23020
"Santa Quitéria (CE)";2312205;786;586;760;581;800;907;459;571;230015;2306;23011
"São Benedito (CE)";2312304;684;493;778;615;709;869;415;540;230016;2306;23013
"São Gonçalo do Amarante (CE)";2312403;638;500;686;457;626;698;303;396;230001;2301;23002
"São João do Jaguaribe (CE)";2312502;182;150;228;164;186;213;109;160;230007;2302;23010
"São Luís do Curu (CE)";2312601;207;159;207;161;221;259;133;159;230001;2301;23002
"Senador Pompeu (CE)";2312700;474;428;564;487;585;644;326;381;230006;2302;23008
"Senador Sá (CE)";2312809;123;85;124;83;110;119;58;64;230015;2306;23011
"Sobral (CE)";2312908;2245;1644;2802;2097;2127;2917;1129;1555;230015;2306;23011
"Solonópole (CE)";2313005;359;293;364;299;416;470;225;234;230006;2302;23008
"Tabuleiro do Norte (CE)";2313104;496;362;586;431;485;561;315;331;230007;2302;23010
"Tamboril (CE)";2313203;462;301;483;396;535;620;332;399;230013;2305;23015
"Tarrafas (CE)";2313252;168;130;162;130;196;197;105;87;230011;2304;23020
"Tauá (CE)";2313302;1039;868;1129;884;1126;1295;683;690;230014;2305;23014
"Tejuçuoca (CE)";2313351;250;217;243;203;293;241;175;174;230005;2301;23002
"Tianguá (CE)";2313401;879;723;931;733;922;1073;438;560;230016;2306;23013
"Trairi (CE)";2313500;768;632;729;606;845;942;488;511;230002;2301;23006
"Tururu (CE)";2313559;238;178;220;181;283;275;143;153;230002;2301;23006
"Ubajara (CE)";2313609;447;330;501;408;525;627;255;348;230016;2306;23013
"Umari (CE)";2313708;136;145;157;145;190;208;101;90;230010;2303;23017
"Umirim (CE)";2313757;287;214;306;226;310;283;171;201;230002;2301;23006
"Uruburetama (CE)";2313807;264;207;282;208;310;333;153;191;230002;2301;23006
"Uruoca (CE)";2313906;212;162;226;183;214;232;118;113;230015;2306;23011
"Varjota (CE)";2313955;271;245;358;298;380;434;201;259;230015;2306;23011
"Várzea Alegre (CE)";2314003;716;629;854;697;894;1063;419;521;230011;2304;23020
"Viçosa do Ceará (CE)";2314102;758;644;792;683;858;1001;458;501;230016;2306;23013
"Acari (RN)";2400109;229;141;233;186;226;285;138;198;240008;2402;24004
"Assú (RN)";2400208;781;553;904;651;642;850;444;582;240011;2403;24008
"Afonso Bezerra (RN)";2400307;162;151;192;163;212;212;119;143;240011;2403;24003
"Água Nova (RN)";2400406;56;42;55;45;39;50;24;28;240010;2403;24006
"Alexandria (RN)";2400505;276;194;294;236;276;356;205;228;240010;2403;24006
"Almino Afonso (RN)";2400604;90;64;97;57;96;104;55;73;240010;2403;24006
"Alto do Rodrigues (RN)";2400703;180;118;192;131;152;168;99;110;240011;2403;24008
"Angicos (RN)";2400802;180;129;208;167;223;264;135;198;240011;2403;24008
"Antônio Martins (RN)";2400901;106;95;172;86;138;169;84;96;240010;2403;24006
"Apodi (RN)";2401008;540;391;559;430;582;670;356;386;240009;2403;24002
"Areia Branca (RN)";2401107;386;279;506;343;375;522;220;279;240009;2403;24002
"Arez (RN)";2401206;152;119;180;176;188;218;101;119;240003;2401;24001
"Campo Grande (RN)";2401305;167;132;165;133;199;201;92;124;240009;2403;24002
"Baía Formosa (RN)";2401404;121;84;139;91;108;147;44;51;240003;2401;24001
"Baraúna (RN)";2401453;335;222;323;208;287;269;178;171;240009;2403;24002
"Barcelona (RN)";2401503;71;70;77;70;95;101;68;65;240006;2401;24005
"Bento Fernandes (RN)";2401602;103;60;75;71;88;80;58;47;240001;2401;24003
"Bodó (RN)";2401651;40;32;33;40;38;33;19;28;240008;2402;24004
"Bom Jesus (RN)";2401701;173;122;170;147;152;209;131;117;240001;2401;24005
"Brejinho (RN)";2401800;187;147;218;149;221;220;108;134;240001;2401;24001
"Caiçara do Norte (RN)";2401859;79;57;91;76;85;103;43;71;240005;2401;24003
"Caiçara do Rio do Vento (RN)";2401909;57;52;63;50;61;60;23;50;240006;2401;24003
"Caicó (RN)";2402006;947;746;1243;993;985;1332;614;859;240007;2402;24004
"Campo Redondo (RN)";2402105;179;163;196;173;232;265;146;152;240004;2401;24005
"Canguaretama (RN)";2402204;378;281;385;340;345;490;201;264;240003;2401;24001
"Caraúbas (RN)";2402303;352;247;358;316;380;473;221;307;240009;2403;24002
"Carnaúba dos Dantas (RN)";2402402;133;95;140;105;117;140;91;99;240008;2402;24004
"Carnaubais (RN)";2402501;134;117;144;115;134;135;120;125;240011;2403;24008
"Ceará-Mirim (RN)";2402600;954;734;1149;851;840;1127;519;673;240001;2401;24003
"Cerro Corá (RN)";2402709;185;148;199;159;194;266;142;171;240008;2402;24004
"Coronel Ezequiel (RN)";2402808;98;81;116;81;115;127;85;83;240004;2401;24005
"Coronel João Pessoa (RN)";2402907;89;73;85;70;94;95;50;59;240010;2403;24006
"Cruzeta (RN)";2403004;132;119;179;136;140;183;100;141;240007;2402;24004
"Currais Novos (RN)";2403103;759;537;901;688;750;1058;460;659;240008;2402;24004
"Doutor Severiano (RN)";2403202;115;77;122;92;105;141;79;86;240010;2403;24006
"Parnamirim (RN)";2403251;2287;1458;2844;1961;1620;2380;736;1314;240001;2401;24007
"Encanto (RN)";2403301;94;66;105;86;126;101;56;79;240010;2403;24006
"Equador (RN)";2403400;103;70;95;75;83;140;73;83;240007;2402;24004
"Espírito Santo (RN)";2403509;158;151;171;159;174;216;117;140;240003;2401;24001
"Extremoz (RN)";2403608;342;238;362;313;307;357;141;196;240001;2401;24007
"Felipe Guerra (RN)";2403707;121;78;118;87;116;135;70;73;240009;2403;24002
"Fernando Pedroza (RN)";2403756;43;34;63;40;59;78;43;37;240011;2403;24008
"Florânia (RN)";2403806;186;117;185;129;182;219;121;149;240008;2402;24004
"Francisco Dantas (RN)";2403905;58;45;49;47;65;64;29;45;240010;2403;24006
"Frutuoso Gomes (RN)";2404002;75;64;90;60;87;110;57;58;240010;2403;24006
"Galinhos (RN)";2404101;28;26;31;21;32;25;7;17;240005;2401;24003
"Goianinha (RN)";2404200;283;199;311;235;315;326;135;164;240003;2401;24001
"Governador Dix-Sept Rosado (RN)";2404309;229;184;257;157;193;235;110;134;240009;2403;24002
"Grossos (RN)";2404408;151;123;171;121;145;151;81;91;240009;2403;24002
"Guamaré (RN)";2404507;147;108;156;119;145;138;71;86;240011;2403;24003
"Ielmo Marinho (RN)";2404606;227;140;198;150;185;204;102;116;240001;2401;24003
"Ipanguaçu (RN)";2404705;210;138;200;128;156;182;141;155;240011;2403;24008
"Ipueira (RN)";2404804;42;31;44;47;49;43;30;32;240007;2402;24004
"Itajá (RN)";2404853;93;48;113;80;106;95;43;48;240011;2403;24008
"Itaú (RN)";2404903;94;71;129;68;111;130;50;68;240009;2403;24006
"Jaçanã (RN)";2405009;144;131;166;140;157;202;111;129;240004;2401;24005
"Jandaíra (RN)";2405108;105;86;99;87;100;101;81;84;240005;2401;24003
"Janduís (RN)";2405207;100;65;89;92;122;130;74;71;240009;2403;24002
"Januário Cicco (RN)";2405306;164;120;155;112;160;184;105;112;240002;2401;24005
"Japi (RN)";2405405;88;79;88;88;85;91;58;76;240004;2401;24005
"Jardim de Angicos (RN)";2405504;47;39;50;46;59;55;37;32;240005;2401;24003
"Jardim de Piranhas (RN)";2405603;197;157;223;184;236;247;139;155;240007;2402;24004
"Jardim do Seridó (RN)";2405702;274;192;322;217;260;336;171;254;240007;2402;24004
"João Câmara (RN)";2405801;482;358;563;441;519;530;311;344;240005;2401;24003
"João Dias (RN)";2405900;35;33;47;33;54;64;40;28;240010;2403;24006
"José da Penha (RN)";2406007;115;118;124;144;155;173;86;78;240010;2403;24006
"Jucurutu (RN)";2406106;312;253;358;258;329;420;240;280;240007;2402;24004
"Jundiá (RN)";2406155;64;47;64;47;89;90;46;43;240001;2401;24001
"Lagoa d'Anta (RN)";2406205;93;72;103;83;105;118;62;59;240002;2401;24001
"Lagoa de Pedras (RN)";2406304;103;81;122;84;146;140;88;83;240002;2401;24001
"Lagoa de Velhos (RN)";2406403;34;42;45;35;56;75;27;31;240006;2401;24005
"Lagoa Nova (RN)";2406502;209;151;236;181;223;255;119;170;240008;2402;24004
"Lagoa Salgada (RN)";2406601;104;99;135;97;109;147;87;81;240001;2401;24001
"Lajes (RN)";2406700;185;155;234;157;206;231;129;145;240011;2403;24003
"Lajes Pintadas (RN)";2406809;86;55;93;67;88;119;61;72;240004;2401;24005
"Lucrécia (RN)";2406908;63;57;76;47;59;78;46;53;240010;2403;24006
"Luís Gomes (RN)";2407005;169;129;186;154;175;202;97;127;240010;2403;24006
"Macaíba (RN)";2407104;893;720;1031;850;909;1112;483;622;240001;2401;24007
"Macau (RN)";2407203;449;345;505;413;400;569;219;330;240011;2403;24003
"Major Sales (RN)";2407252;72;51;71;56;79;73;45;47;240010;2403;24006
"Marcelino Vieira (RN)";2407302;156;135;166;130;148;186;108;98;240010;2403;24006
"Martins (RN)";2407401;178;108;191;137;178;206;110;167;240010;2403;24006
"Maxaranguape (RN)";2407500;143;118;169;123;146;143;50;65;240001;2401;24003
"Messias Targino (RN)";2407609;76;51;82;49;69;80;42;35;240009;2403;24002
"Montanhas (RN)";2407708;154;155;196;191;223;286;134;121;240003;2401;24001
"Monte Alegre (RN)";2407807;313;228;348;275;345;426;186;202;240001;2401;24001
"Monte das Gameleiras (RN)";2407906;33;26;38;25;59;49;18;21;240002;2401;24001
"Mossoró (RN)";2408003;3481;2347;4320;3002;2893;4156;1536;2503;240009;2403;24002
"Natal (RN)";2408102;11647;7639;15687;10982;9213;14946;4612;9213;240001;2401;24007
"Nísia Floresta (RN)";2408201;321;259;378;253;297;352;140;179;240001;2401;24001
"Nova Cruz (RN)";2408300;568;421;673;523;649;764;337;435;240002;2401;24001
"Olho d'Água do Borges (RN)";2408409;100;65;99;83;119;116;69;62;240010;2403;24006
"Ouro Branco (RN)";2408508;97;59;108;78;112;123;78;104;240007;2402;24004
"Paraná (RN)";2408607;94;68;61;70;75;90;48;53;240010;2403;24006
"Paraú (RN)";2408706;56;68;79;69;75;88;50;59;240011;2403;24008
"Parazinho (RN)";2408805;82;60;77;70;78;78;52;59;240005;2401;24003
"Parelhas (RN)";2408904;334;231;354;273;324;506;260;371;240007;2402;24004
"Rio do Fogo (RN)";2408953;136;113;148;100;136;158;61;67;240001;2401;24003
"Passa e Fica (RN)";2409100;182;151;194;186;223;237;132;146;240002;2401;24001
"Passagem (RN)";2409209;55;46;56;49;47;62;31;47;240002;2401;24001
"Patu (RN)";2409308;203;163;241;182;248;258;111;183;240010;2403;24006
"Santa Maria (RN)";2409332;74;50;86;64;91;92;43;50;240006;2401;24005
"Pau dos Ferros (RN)";2409407;414;302;498;373;494;595;255;337;240010;2403;24006
"Pedra Grande (RN)";2409506;58;41;65;41;39;48;31;32;240005;2401;24003
"Pedra Preta (RN)";2409605;51;32;47;40;44;41;33;35;240005;2401;24003
"Pedro Avelino (RN)";2409704;125;110;142;98;134;174;90;132;240005;2401;24003
"Pedro Velho (RN)";2409803;220;186;226;211;255;285;156;188;240003;2401;24001
"Pendências (RN)";2409902;199;164;229;181;202;242;152;163;240011;2403;24008
"Pilões (RN)";2410009;61;47;67;46;67;78;46;51;240010;2403;24006
"Poço Branco (RN)";2410108;219;150;225;168;206;230;133;142;240001;2401;24003
"Portalegre (RN)";2410207;104;101;121;117;141;190;97;133;240010;2403;24006
"Porto do Mangue (RN)";2410256;90;55;72;59;57;56;40;39;240011;2403;24008
"Serra Caiada (RN)";2410306;135;96;127;121;148;150;77;88;240002;2401;24005
"Pureza (RN)";2410405;138;97;156;103;143;146;86;77;240001;2401;24003
"Rafael Fernandes (RN)";2410504;84;77;82;85;116;96;48;54;240010;2403;24006
"Rafael Godeiro (RN)";2410603;72;45;66;63;74;71;44;37;240010;2403;24006
"Riacho da Cruz (RN)";2410702;46;43;57;61;71;59;25;45;240010;2403;24006
"Riacho de Santana (RN)";2410801;75;70;82;85;110;120;57;49;240010;2403;24006
"Riachuelo (RN)";2410900;103;90;113;86;129;136;75;81;240006;2401;24003
"Rodolfo Fernandes (RN)";2411007;81;60;81;60;80;87;54;58;240009;2403;24006
"Tibau (RN)";2411056;64;40;54;45;47;49;33;32;240009;2403;24002
"Ruy Barbosa (RN)";2411106;58;56;73;62;72;86;41;37;240006;2401;24005
"Santa Cruz (RN)";2411205;553;407;662;501;529;705;350;470;240004;2401;24005
"Santana do Matos (RN)";2411403;277;201;285;234;279;322;194;236;240011;2403;24004
"Santana do Seridó (RN)";2411429;45;32;50;43;57;45;31;38;240007;2402;24004
"Santo Antônio (RN)";2411502;371;280;439;344;419;472;217;262;240002;2401;24001
"São Bento do Norte (RN)";2411601;50;42;55;32;58;57;26;30;240005;2401;24003
"São Bento do Trairí (RN)";2411700;45;51;74;54;71;83;34;47;240004;2401;24005
"São Fernando (RN)";2411809;81;54;78;57;79;60;27;41;240007;2402;24004
"São Francisco do Oeste (RN)";2411908;58;55;80;60;66;69;44;43;240010;2403;24006
"São Gonçalo do Amarante (RN)";2412005;1044;788;1256;922;819;1064;449;586;240001;2401;24007
"São João do Sabugi (RN)";2412104;119;117;169;112;142;164;88;90;240007;2402;24004
"São José de Mipibu (RN)";2412203;569;459;672;536;564;662;282;374;240001;2401;24001
"São José do Campestre (RN)";2412302;209;155;230;172;223;285;124;189;240002;2401;24005
"São José do Seridó (RN)";2412401;68;64;95;53;69;74;46;47;240007;2402;24004
"São Miguel (RN)";2412500;359;268;466;341;447;510;228;270;240010;2403;24006
"São Miguel do Gostoso (RN)";2412559;149;103;130;102;113;123;85;60;240001;2401;24003
"São Paulo do Potengi (RN)";2412609;227;192;292;222;278;387;195;234;240006;2401;24005
"São Pedro (RN)";2412708;101;99;130;98;130;146;73;93;240006;2401;24005
"São Rafael (RN)";2412807;155;110;174;152;203;220;135;133;240011;2403;24008
"São Tomé (RN)";2412906;205;169;240;186;240;307;181;181;240006;2401;24005
"São Vicente (RN)";2413003;114;83;131;87;130;141;79;110;240008;2402;24004
"Senador Elói de Souza (RN)";2413102;93;66;97;87;98;115;61;65;240006;2401;24005
"Senador Georgino Avelino (RN)";2413201;66;46;60;58;48;53;17;29;240001;2401;24001
"Serra de São Bento (RN)";2413300;108;79;111;85;99;160;64;81;240002;2401;24001
"Serra do Mel (RN)";2413359;137;97;138;112;181;144;92;72;240009;2403;24002
"Serra Negra do Norte (RN)";2413409;132;89;149;110;141;183;83;104;240007;2402;24004
"Serrinha (RN)";2413508;103;103;99;97;146;142;66;66;240002;2401;24001
"Serrinha dos Pintos (RN)";2413557;102;78;100;74;101;117;58;54;240010;2403;24006
"Severiano Melo (RN)";2413607;129;68;98;88;106;126;67;65;240009;2403;24006
"Sítio Novo (RN)";2413706;82;68;91;78;87;97;75;75;240004;2401;24005
"Taboleiro Grande (RN)";2413805;38;27;36;24;37;38;25;21;240010;2403;24006
"Taipu (RN)";2413904;213;134;208;165;181;195;111;119;240001;2401;24003
"Tangará (RN)";2414001;215;144;229;195;250;266;124;158;240004;2401;24005
"Tenente Ananias (RN)";2414100;177;143;191;175;195;217;113;89;240010;2403;24006
"Tenente Laurentino Cruz (RN)";2414159;70;81;94;53;80;71;33;43;240008;2402;24004
"Tibau do Sul (RN)";2414209;132;114;148;138;123;148;73;98;240003;2401;24001
"Timbaúba dos Batistas (RN)";2414308;34;37;50;46;54;56;31;43;240007;2402;24004
"Touros (RN)";2414407;467;345;487;361;467;494;229;234;240001;2401;24003
"Triunfo Potiguar (RN)";2414456;60;38;65;44;55;49;42;27;240011;2403;24008
"Umarizal (RN)";2414506;172;137;229;172;201;257;122;161;240010;2403;24006
"Upanema (RN)";2414605;199;173;202;142;208;221;141;140;240009;2403;24002
"Várzea (RN)";2414704;100;73;97;68;105;145;90;101;240002;2401;24001
"Venha-Ver (RN)";2414753;58;38;69;43;54;50;31;22;240010;2403;24006
"Vera Cruz (RN)";2414803;169;104;194;116;186;216;91;101;240001;2401;24001
"Viçosa (RN)";2414902;20;29;20;23;27;33;14;18;240010;2403;24006
"Vila Flor (RN)";2415008;34;26;39;19;34;45;24;22;240003;2401;24001
"Água Branca (PB)";2500106;135;126;179;138;169;196;75;101;250009;2503;25011
"Aguiar (PB)";2500205;90;84;100;116;144;143;70;75;250010;2503;25007
"Alagoa Grande (PB)";2500304;447;384;563;522;557;790;315;491;250005;2502;25003
"Alagoa Nova (PB)";2500403;315;237;386;325;361;450;211;290;250005;2502;25003
"Alagoinha (PB)";2500502;213;179;247;201;234;299;137;196;250002;2501;25002
"Alcantil (PB)";2500536;86;66;76;81;105;102;97;88;250005;2502;25015
"Algodão de Jandaíra (PB)";2500577;45;37;54;29;45;54;21;25;250005;2502;25003
"Alhandra (PB)";2500601;223;165;217;190;202;251;112;102;250001;2501;25001
"São João do Rio do Peixe (PB)";2500700;363;319;432;361;382;469;226;272;250015;2504;25009
"Amparo (PB)";2500734;35;26;43;35;49;42;21;15;250008;2502;25005
"Aparecida (PB)";2500775;132;130;172;149;184;207;87;110;250014;2504;25010
"Araçagi (PB)";2500809;326;261;325;319;391;440;202;275;250002;2501;25002
"Arara (PB)";2500908;248;234;332;283;320;412;213;280;250002;2501;25003
"Araruna (PB)";2501005;280;247;311;265;356;456;193;240;250002;2501;25002
"Areia (PB)";2501104;384;281;420;373;375;526;274;417;250005;2502;25003
"Areia de Baraúnas (PB)";2501153;34;23;24;26;29;39;16;22;250009;2503;25006
"Areial (PB)";2501203;109;84;145;132;144;177;69;107;250005;2502;25003
"Aroeiras (PB)";2501302;318;280;402;336;393;488;268;295;250005;2502;25015
"Assunção (PB)";2501351;56;45;69;40;51;66;35;51;250005;2502;25016
"Baía da Traição (PB)";2501401;106;62;108;92;87;116;41;59;250003;2501;25014
"Bananeiras (PB)";2501500;356;290;415;325;446;536;243;323;250002;2501;25002
"Baraúna (PB)";2501534;69;67;85;69;74;114;53;58;250006;2502;25004
"Barra de Santana (PB)";2501575;161;142;181;154;156;198;133;128;250005;2502;25015
"Barra de Santa Rosa (PB)";2501609;263;206;272;259;281;319;195;210;250006;2502;25004
"Barra de São Miguel (PB)";2501708;102;88;101;78;109;126;65;99;250005;2502;25015
"Bayeux (PB)";2501807;1266;897;1702;1247;1147;1724;429;808;250001;2501;25001
"Belém (PB)";2501906;309;283;392;327;413;482;235;296;250002;2501;25002
"Belém do Brejo do Cruz (PB)";2502003;132;94;144;118;153;153;72;84;250011;2503;25008
"Bernardino Batista (PB)";2502052;53;42;46;35;39;60;31;40;250014;2504;25009
"Boa Ventura (PB)";2502102;97;83;129;92;105;114;62;70;250010;2503;25007
"Boa Vista (PB)";2502151;98;78;87;83;94;155;73;94;250005;2502;25016
"Bom Jesus (PB)";2502201;44;34;47;43;48;57;32;29;250015;2504;25009
"Bom Sucesso (PB)";2502300;124;93;126;98;121;155;66;86;250011;2503;25008
"Bonito de Santa Fé (PB)";2502409;158;120;178;158;164;203;119;105;250015;2504;25009
"Boqueirão (PB)";2502508;268;225;350;274;290;341;177;229;250005;2502;25015
"Igaracy (PB)";2502607;100;101;131;95;113;159;70;71;250010;2503;25007
"Borborema (PB)";2502706;92;60;88;96;102;126;49;68;250002;2501;25002
"Brejo do Cruz (PB)";2502805;184;126;226;188;240;261;131;178;250011;2503;25008
"Brejo dos Santos (PB)";2502904;118;95;133;102;109;129;94;103;250011;2503;25008
"Caaporã (PB)";2503001;219;168;235;211;223;233;112;121;250001;2501;25001
"Cabaceiras (PB)";2503100;107;87;103;96;110;111;50;93;250005;2502;25015
"Cabedelo (PB)";2503209;734;518;903;663;582;957;234;514;250001;2501;25001
"Cachoeira dos Índios (PB)";2503308;174;143;193;189;223;223;95;122;250015;2504;25009
"Cacimba de Areia (PB)";2503407;63;48;64;52;59;75;43;43;250009;2503;25006
"Cacimba de Dentro (PB)";2503506;290;252;357;297;393;510;196;261;250002;2501;25002
"Cacimbas (PB)";2503555;71;79;123;78;107;147;56;66;250009;2503;25006
"Caiçara (PB)";2503605;115;108;144;133;165;162;100;91;250002;2501;25002
"Cajazeiras (PB)";2503704;932;729;1213;944;1024;1384;536;777;250015;2504;25009
"Cajazeirinhas (PB)";2503753;47;52;49;40;50;55;40;19;250012;2503;25013
"Caldas Brandão (PB)";2503803;112;79;114;109;103;126;47;78;250001;2501;25012
"Camalaú (PB)";2503902;128;75;138;84;127;151;68;83;250007;2502;25005
"Campina Grande (PB)";2504009;5401;3766;7400;5515;4939;8102;2714;4980;250005;2502;25016
"Capim (PB)";2504033;77;53;88;75;78;94;32;36;250003;2501;25014
"Caraúbas (PB)";2504074;98;77;83;76;89;93;48;68;250005;2502;25005
"Carrapateira (PB)";2504108;36;30;21;37;44;46;19;8;250015;2504;25009
"Casserengue (PB)";2504157;123;106;127;118;144;155;83;88;250002;2501;25002
"Catingueira (PB)";2504207;70;80;87;54;85;116;49;60;250009;2503;25006
"Catolé do Rocha (PB)";2504306;403;357;547;416;498;645;338;396;250011;2503;25008
"Caturité (PB)";2504355;83;65;84;69;90;95;43;60;250005;2502;25015
"Conceição (PB)";2504405;313;241;355;292;299;385;171;221;250010;2503;25007
"Condado (PB)";2504504;109;112;136;126;151;180;99;99;250012;2503;25006
"Conde (PB)";2504603;290;214;279;216;247;236;82;124;250001;2501;25001
"Congo (PB)";2504702;89;69;88;88;113;119;62;83;250008;2502;25005
"Coremas (PB)";2504801;271;203;313;261;264;368;157;171;250009;2503;25007
"Coxixola (PB)";2504850;37;29;47;39;44;52;32;43;250008;2502;25005
"Cruz do Espírito Santo (PB)";2504900;227;176;246;200;194;244;110;147;250001;2501;25001
"Cubati (PB)";2505006;127;84;130;113;104;147;87;122;250005;2502;25004
"Cuité (PB)";2505105;348;302;389;342;472;563;244;381;250006;2502;25004
"Cuitegi (PB)";2505204;107;91;124;114;125;165;90;97;250002;2501;25002
"Cuité de Mamanguape (PB)";2505238;102;74;113;118;121;148;75;67;250001;2501;25014
"Curral de Cima (PB)";2505279;86;79;98;69;106;148;52;65;250003;2501;25014
"Curral Velho (PB)";2505303;42;25;47;39;31;35;18;24;250010;2503;25007
"Damião (PB)";2505352;84;58;87;59;94;97;57;68;250006;2502;25004
"Desterro (PB)";2505402;134;127;176;130;145;180;65;97;250009;2503;25006
"Vista Serrana (PB)";2505501;51;54;62;48;52;67;34;42;250009;2503;25006
"Diamante (PB)";2505600;107;78;127;89;114;113;71;80;250010;2503;25007
"Dona Inês (PB)";2505709;181;157;236;162;216;248;161;163;250002;2501;25002
"Duas Estradas (PB)";2505808;70;60;72;88;84;104;60;61;250002;2501;25002
"Emas (PB)";2505907;50;39;53;47;60;57;30;28;250009;2503;25006
"Esperança (PB)";2506004;457;400;622;500;552;748;342;499;250005;2502;25003
"Fagundes (PB)";2506103;228;185;233;204;216;283;140;168;250005;2502;25016
"Frei Martinho (PB)";2506202;71;55;76;48;71;100;59;72;250006;2502;25004
"Gado Bravo (PB)";2506251;172;113;154;132;140;176;94;130;250005;2502;25015
"Guarabira (PB)";2506301;773;623;959;874;931;1292;469;711;250002;2501;25002
"Gurinhém (PB)";2506400;204;193;256;249;268;294;132;209;250001;2501;25012
"Gurjão (PB)";2506509;59;49;68;60;55;74;43;49;250005;2502;25005
"Ibiara (PB)";2506608;92;124;148;120;133;171;73;77;250010;2503;25007
"Imaculada (PB)";2506707;140;134;169;156;168;185;84;93;250009;2503;25011
"Ingá (PB)";2506806;309;240;348;320;343;466;206;319;250005;2502;25012
"Itabaiana (PB)";2506905;379;317;508;470;455;618;259;369;250004;2501;25012
"Itaporanga (PB)";2507002;315;278;406;333;384;482;186;224;250010;2503;25007
"Itapororoca (PB)";2507101;282;238;324;262;328;374;177;207;250003;2501;25014
"Itatuba (PB)";2507200;174;142;201;153;163;219;120;118;250005;2502;25012
"Jacaraú (PB)";2507309;239;244;275;240;288;378;179;170;250003;2501;25014
"Jericó (PB)";2507408;137;112;148;135;160;181;96;96;250011;2503;25008
"João Pessoa (PB)";2507507;10212;6953;13873;10063;8166;13854;3671;7844;250001;2501;25001
"Juarez Távora (PB)";2507606;100;100;116;118;163;206;85;111;250001;2501;25012
"Juazeirinho (PB)";2507705;236;182;269;225;270;302;139;205;250005;2502;25016
"Junco do Seridó (PB)";2507804;106;76;113;90;103;135;73;79;250005;2502;25006
"Juripiranga (PB)";2507903;161;145;184;192;215;222;109;139;250001;2501;25012
"Juru (PB)";2508000;192;131;192;142;166;199;79;89;250013;2503;25011
"Lagoa (PB)";2508109;81;77;102;78;105;126;66;62;250012;2503;25013
"Lagoa de Dentro (PB)";2508208;130;132;125;150;166;238;107;108;250002;2501;25002
"Lagoa Seca (PB)";2508307;422;339;504;357;412;525;231;330;250005;2502;25003
"Lastro (PB)";2508406;78;36;62;56;47;54;39;28;250014;2504;25010
"Livramento (PB)";2508505;136;97;160;85;130;183;88;108;250008;2502;25016
"Logradouro (PB)";2508554;58;63;70;72;76;103;45;66;250002;2501;25002
"Lucena (PB)";2508604;163;121;196;106;155;156;62;74;250001;2501;25001
"Mãe d'Água (PB)";2508703;63;56;75;72;80;72;42;67;250009;2503;25006
"Malta (PB)";2508802;88;83;127;85;122;167;71;105;250009;2503;25006
"Mamanguape (PB)";2508901;560;445;705;526;566;751;274;441;250003;2501;25014
"Manaíra (PB)";2509008;169;142;210;170;164;219;102;99;250013;2503;25011
"Marcação (PB)";2509057;100;79;95;77;97;122;51;49;250003;2501;25014
"Mari (PB)";2509107;386;301;464;389;432;560;249;331;250001;2501;25001
"Marizópolis (PB)";2509156;99;80;119;93;103;158;68;78;250014;2504;25010
"Massaranduba (PB)";2509206;211;193;269;217;235;332;150;223;250005;2502;25016
"Mataraca (PB)";2509305;101;63;109;73;82;80;52;49;250003;2501;25014
"Matinhas (PB)";2509339;68;47;84;61;82;104;49;54;250005;2502;25003
"Mato Grosso (PB)";2509370;40;35;44;38;49;46;40;40;250011;2503;25008
"Maturéia (PB)";2509396;90;86;107;95;102;117;43;69;250009;2503;25006
"Mogeiro (PB)";2509404;214;175;205;212;200;264;151;166;250004;2501;25012
"Montadas (PB)";2509503;92;78;111;95;118;110;51;68;250005;2502;25003
"Monte Horebe (PB)";2509602;84;60;93;68;78;96;47;63;250015;2504;25009
"Monteiro (PB)";2509701;518;422;613;536;642;811;374;480;250007;2502;25005
"Mulungu (PB)";2509800;163;118;181;176;186;251;106;136;250002;2501;25002
"Natuba (PB)";2509909;183;115;187;138;198;245;134;145;250004;2501;25015
"Nazarezinho (PB)";2510006;146;120;154;117;136;165;97;108;250014;2504;25010
"Nova Floresta (PB)";2510105;183;144;215;187;262;271;135;179;250006;2502;25004
"Nova Olinda (PB)";2510204;84;72;100;99;87;116;43;63;250010;2503;25007
"Nova Palmeira (PB)";2510303;86;64;84;76;97;97;54;67;250006;2502;25004
"Olho d'Água (PB)";2510402;96;104;143;111;106;115;59;68;250009;2503;25007
"Olivedos (PB)";2510501;60;45;76;52;102;94;39;57;250005;2502;25016
"Ouro Velho (PB)";2510600;57;39;58;43;69;80;37;41;250007;2502;25005
"Parari (PB)";2510659;24;12;34;19;29;28;20;27;250008;2502;25005
"Passagem (PB)";2510709;42;29;39;30;42;48;22;42;250009;2503;25006
"Patos (PB)";2510808;1343;1030;1826;1500;1415;1981;803;1279;250009;2503;25006
"Paulista (PB)";2510907;213;150;255;133;230;262;132;140;250012;2503;25013
"Pedra Branca (PB)";2511004;56;44;61;51;67;73;42;36;250010;2503;25007
"Pedra Lavrada (PB)";2511103;165;128;154;106;160;159;92;115;250006;2502;25004
"Pedras de Fogo (PB)";2511202;385;296;423;325;428;496;233;277;250001;2501;25012
"Piancó (PB)";2511301;285;215;323;270;253;401;172;175;250010;2503;25007
"Picuí (PB)";2511400;327;247;366;282;374;386;209;335;250006;2502;25004
"Pilar (PB)";2511509;166;148;214;155;175;225;113;148;250001;2501;25012
"Pilões (PB)";2511608;100;77;113;74;128;144;69;89;250002;2501;25002
"Pilõezinhos (PB)";2511707;84;64;92;68;76;132;61;65;250002;2501;25002
"Pirpirituba (PB)";2511806;165;145;183;157;183;265;105;174;250002;2501;25002
"Pitimbu (PB)";2511905;200;164;237;143;178;215;63;96;250001;2501;25001
"Pocinhos (PB)";2512002;285;220;342;239;333;401;212;225;250005;2502;25016
"Poço Dantas (PB)";2512036;53;45;53;58;69;78;25;29;250014;2504;25009
"Poço de José de Moura (PB)";2512077;85;57;97;82;107;110;51;65;250015;2504;25009
"Pombal (PB)";2512101;575;440;747;555;644;864;366;503;250012;2503;25013
"Prata (PB)";2512200;71;49;84;63;84;122;54;65;250007;2502;25005
"Princesa Isabel (PB)";2512309;299;285;356;334;323;462;202;262;250013;2503;25011
"Puxinanã (PB)";2512408;231;159;218;199;224;272;137;184;250005;2502;25016
"Queimadas (PB)";2512507;685;512;801;606;672;815;390;520;250005;2502;25015
"Quixaba (PB)";2512606;31;20;32;28;30;28;19;14;250009;2503;25006
"Remígio (PB)";2512705;323;231;368;298;397;488;204;306;250005;2502;25003
"Pedro Régis (PB)";2512721;104;102;115;119;138;156;70;64;250003;2501;25014
"Riachão (PB)";2512747;56;39;62;46;51;83;29;51;250002;2501;25002
"Riachão do Bacamarte (PB)";2512754;84;58;84;77;71;105;50;72;250005;2502;25012
"Riachão do Poço (PB)";2512762;75;66;73;74;76;80;37;45;250001;2501;25001
"Riacho de Santo Antônio (PB)";2512788;25;25;20;21;24;36;16;20;250005;2502;25015
"Riacho dos Cavalos (PB)";2512804;138;85;151;119;145;151;83;82;250011;2503;25008
"Rio Tinto (PB)";2512903;375;251;428;341;394;542;193;359;250003;2501;25014
"Salgadinho (PB)";2513000;48;45;60;54;61;75;36;51;250009;2503;25006
"Salgado de São Félix (PB)";2513109;227;200;266;225;311;382;176;210;250004;2501;25012
"Santa Cecília (PB)";2513158;110;110;112;94;117;128;89;91;250005;2502;25015
"Santa Cruz (PB)";2513208;132;123;171;137;193;197;141;112;250014;2504;25010
"Santa Helena (PB)";2513307;122;97;130;117;146;158;67;72;250015;2504;25009
"Santa Inês (PB)";2513356;50;51;57;48;57;56;22;25;250010;2503;25007
"Santa Luzia (PB)";2513406;274;202;314;243;291;404;185;253;250009;2503;25006
"Santana de Mangueira (PB)";2513505;101;74;102;78;80;89;42;44;250010;2503;25007
"Santana dos Garrotes (PB)";2513604;141;105;158;149;138;187;85;100;250010;2503;25007
"Joca Claudino (PB)";2513653;44;41;52;39;57;60;29;31;250014;2504;25009
"Santa Rita (PB)";2513703;1606;1190;1979;1570;1411;2100;699;1120;250001;2501;25001
"Santa Teresinha (PB)";2513802;96;65;89;71;85;120;57;54;250009;2503;25006
"Santo André (PB)";2513851;64;37;58;50;51;80;46;45;250005;2502;25016
"São Bento (PB)";2513901;411;300;523;373;364;446;192;246;250011;2503;25008
"São Bentinho (PB)";2513927;76;59;94;76;98;108;61;63;250012;2503;25013
"São Domingos do Cariri (PB)";2513943;57;39;50;37;58;70;46;39;250005;2502;25015
"São Domingos (PB)";2513968;58;50;76;60;71;78;39;51;250012;2503;25013
"São Francisco (PB)";2513984;76;53;76;62;100;113;52;63;250014;2504;25010
"São João do Cariri (PB)";2514008;91;59;108;75;88;130;69;82;250005;2502;25005
"São João do Tigre (PB)";2514107;80;88;83;69;97;95;47;55;250007;2502;25005
"São José da Lagoa Tapada (PB)";2514206;148;101;177;124;165;200;110;105;250014;2504;25010
"São José de Caiana (PB)";2514305;105;78;100;53;71;88;36;50;250010;2503;25007
"São José de Espinharas (PB)";2514404;105;90;104;82;114;92;54;56;250009;2503;25006
"São José dos Ramos (PB)";2514453;74;52;100;82;120;105;57;86;250004;2501;25012
"São José de Piranhas (PB)";2514503;357;270;375;314;386;439;219;208;250015;2504;25009
"São José de Princesa (PB)";2514552;96;64;91;69;73;88;31;48;250013;2503;25011
"São José do Bonfim (PB)";2514602;56;45;57;46;57;72;22;33;250009;2503;25006
"São José do Brejo do Cruz (PB)";2514651;25;27;30;23;25;36;18;10;250011;2503;25008
"São José do Sabugi (PB)";2514701;83;59;80;58;77;83;46;55;250009;2503;25006
"São José dos Cordeiros (PB)";2514800;73;72;83;72;91;115;63;75;250008;2502;25005
"São Mamede (PB)";2514909;173;137;206;142;171;231;139;121;250009;2503;25006
"São Miguel de Taipu (PB)";2515005;91;83;99;88;102;127;64;74;250001;2501;25012
"São Sebastião de Lagoa de Roça (PB)";2515104;215;141;248;164;212;290;132;133;250005;2502;25003
"São Sebastião do Umbuzeiro (PB)";2515203;63;46;60;64;87;96;20;38;250007;2502;25005
"Sapé (PB)";2515302;841;647;929;774;855;1089;465;609;250001;2501;25001
"São Vicente do Seridó (PB)";2515401;162;117;148;128;162;167;98;102;250005;2502;25004
"Serra Branca (PB)";2515500;242;214;282;240;340;441;225;276;250008;2502;25005
"Serra da Raiz (PB)";2515609;52;45;61;52;78;82;41;62;250002;2501;25002
"Serra Grande (PB)";2515708;53;39;46;47;57;54;37;38;250015;2504;25007
"Serra Redonda (PB)";2515807;120;87;121;132;164;210;107;175;250005;2502;25016
"Serraria (PB)";2515906;102;97;125;128;134;146;75;113;250002;2501;25002
"Sertãozinho (PB)";2515930;84;82;106;89;113;131;73;62;250002;2501;25002
"Sobrado (PB)";2515971;112;109;133;106;141;157;56;83;250001;2501;25001
"Solânea (PB)";2516003;450;384;557;511;582;747;310;413;250002;2501;25002
"Soledade (PB)";2516102;218;191;267;230;234;291;146;195;250005;2502;25016
"Sossêgo (PB)";2516151;63;34;49;41;52;53;41;42;250006;2502;25004
"Sousa (PB)";2516201;999;818;1385;1047;1158;1497;606;837;250014;2504;25010
"Sumé (PB)";2516300;350;229;350;268;359;437;246;272;250008;2502;25005
"Tacima (PB)";2516409;174;142;191;188;210;260;110;151;250002;2501;25002
"Taperoá (PB)";2516508;270;223;287;247;270;401;187;267;250005;2502;25016
"Tavares (PB)";2516607;220;200;277;197;243;314;125;136;250013;2503;25011
"Teixeira (PB)";2516706;220;159;251;166;192;285;110;166;250009;2503;25006
"Tenório (PB)";2516755;52;41;42;26;34;46;30;36;250005;2502;25016
"Triunfo (PB)";2516805;159;155;193;159;196;241;108;102;250015;2504;25009
"Uiraúna (PB)";2516904;267;246;351;284;330;409;198;205;250014;2504;25009
"Umbuzeiro (PB)";2517001;169;137;214;147;184;246;109;146;250005;2502;25015
"Várzea (PB)";2517100;50;42;67;55;84;64;33;28;250009;2503;25006
"Vieirópolis (PB)";2517209;120;91;138;111;119;152;69;72;250014;2504;25010
"Zabelê (PB)";2517407;44;27;36;37;34;51;23;33;250007;2502;25005
"Abreu e Lima (PE)";2600054;1380;956;1736;1206;1105;1524;436;771;260001;2601;26010
"Afogados da Ingazeira (PE)";2600104;616;441;713;546;595;769;323;442;260014;2603;26001
"Afrânio (PE)";2600203;340;212;288;228;256;312;152;156;260015;2604;26009
"Agrestina (PE)";2600302;364;306;443;418;496;499;227;264;260009;2602;26003
"Água Preta (PE)";2600401;489;420;454;321;427;395;184;151;260003;2601;26008
"Águas Belas (PE)";2600500;633;492;736;598;664;782;355;448;260010;2602;26004
"Alagoinha (PE)";2600609;235;206;235;250;299;349;128;185;260012;2602;26003
"Aliança (PE)";2600708;645;506;594;510;565;622;233;249;260002;2601;26005
"Altinho (PE)";2600807;385;377;459;406;543;658;293;346;260009;2602;26003
"Amaraji (PE)";2600906;325;236;323;249;326;304;128;147;260018;2601;26008
"Angelim (PE)";2601003;186;154;205;179;218;259;113;128;260010;2602;26004
"Araçoiaba (PE)";2601052;230;179;232;193;210;224;87;117;260001;2601;26010
"Araripina (PE)";2601102;1043;875;1191;1038;1019;1227;476;662;260016;2604;26007
"Arcoverde (PE)";2601201;925;778;1320;1116;985;1483;466;810;260011;2602;26002
"Barra de Guabiraba (PE)";2601300;154;139;172;147;197;214;118;103;260009;2602;26003
"Barreiros (PE)";2601409;528;480;544;516;591;624;246;248;260007;2601;26008
"Belém de Maria (PE)";2601508;173;150;183;163;204;216;97;108;260003;2601;26008
"Belém do São Francisco (PE)";2601607;252;207;306;253;226;369;152;213;260017;2604;26011
"Belo Jardim (PE)";2601706;1090;882;1329;1147;1180;1617;657;870;260012;2602;26003
"Betânia (PE)";2601805;225;177;229;194;205;256;121;112;260013;2603;26012
"Bezerros (PE)";2601904;1065;824;1323;1078;1207;1630;618;824;260009;2602;26003
"Bodocó (PE)";2602001;512;388;578;426;494;577;257;308;260016;2604;26007
"Bom Conselho (PE)";2602100;724;617;900;751;768;930;383;524;260010;2602;26004
"Bom Jardim (PE)";2602209;648;512;753;624;729;925;400;477;260004;2601;26006
"Bonito (PE)";2602308;575;429;628;552;656;795;340;399;260009;2602;26003
"Brejão (PE)";2602407;147;116;149;119;153;194;75;95;260010;2602;26004
"Brejinho (PE)";2602506;118;109;155;122;154;164;67;65;260014;2603;26001
"Brejo da Madre de Deus (PE)";2602605;589;515;720;566;661;760;369;424;260009;2602;26003
"Buenos Aires (PE)";2602704;195;157;249;185;198;198;86;94;260006;2601;26006
"Buíque (PE)";2602803;736;649;795;700;739;934;427;434;260011;2602;26002
"Cabo de Santo Agostinho (PE)";2602902;2419;1695;2836;2035;1938;2445;767;1074;260001;2601;26010
"Cabrobó (PE)";2603009;353;301;433;349;397;488;200;263;260017;2604;26009
"Cachoeirinha (PE)";2603108;258;264;356;324;412;488;193;281;260009;2602;26003
"Caetés (PE)";2603207;385;360;456;393;436;540;234;284;260010;2602;26004
"Calçado (PE)";2603306;172;125;211;162;203;275;89;112;260010;2602;26004
"Calumbi (PE)";2603405;91;79;110;109;107;125;41;76;260013;2603;26012
"Camaragibe (PE)";2603454;2083;1456;2698;1902;1726;2411;653;1060;260001;2601;26010
"Camocim de São Félix (PE)";2603504;261;234;309;261;337;426;160;204;260009;2602;26003
"Camutanga (PE)";2603603;125;114;136;124;166;175;83;101;260002;2601;26005
"Canhotinho (PE)";2603702;406;332;450;402;432;559;216;286;260010;2602;26004
"Capoeiras (PE)";2603801;329;289;329;293;352;400;176;204;260010;2602;26004
"Carnaíba (PE)";2603900;304;255;336;290;328;418;175;220;260014;2603;26001
"Carnaubeira da Penha (PE)";2603926;167;102;179;116;139;197;97;95;260013;2603;26012
"Carpina (PE)";2604007;1054;831;1333;989;970;1352;460;662;260006;2601;26006
"Caruaru (PE)";2604106;4218;3049;5420;4301;4010;5805;1901;2932;260009;2602;26003
"Casinhas (PE)";2604155;240;138;219;203;276;308;173;180;260008;2601;26006
"Catende (PE)";2604205;500;411;643;495;579;673;239;308;260003;2601;26008
"Cedro (PE)";2604304;148;129;184;148;151;183;85;98;260017;2604;26011
"Chã de Alegria (PE)";2604403;178;135;243;149;175;197;77;93;260005;2601;26010
"Chã Grande (PE)";2604502;342;246;376;264;351;388;161;172;260009;2602;26010
"Condado (PE)";2604601;377;290;417;356;419;429;185;213;260002;2601;26005
"Correntes (PE)";2604700;280;207;304;250;290;381;165;202;260010;2602;26004
"Cortês (PE)";2604809;170;120;162;115;150;154;53;81;260018;2601;26008
"Cumaru (PE)";2604908;315;256;332;299;368;416;192;245;260009;2602;26006
"Cupira (PE)";2605004;409;291;483;406;418;562;258;308;260009;2602;26003
"Custódia (PE)";2605103;555;456;620;532;625;707;378;404;260011;2602;26002
"Dormentes (PE)";2605152;292;206;274;191;252;266;157;141;260015;2604;26009
"Escada (PE)";2605202;766;689;951;829;817;977;384;420;260018;2601;26008
"Exu (PE)";2605301;478;396;559;445;528;666;280;343;260016;2604;26007
"Feira Nova (PE)";2605400;344;245;376;310;365;448;211;199;260004;2601;26006
"Fernando de Noronha (PE)";2605459;23;9;16;6;11;20;5;7;260001;2601;26010
"Ferreiros (PE)";2605509;204;164;223;173;233;234;83;130;260002;2601;26005
"Flores (PE)";2605608;395;358;447;412;481;569;272;321;260013;2603;26012
"Floresta (PE)";2605707;386;295;469;364;366;507;222;285;260013;2603;26012
"Frei Miguelinho (PE)";2605806;291;243;366;299;386;425;236;280;260008;2601;26003
"Gameleira (PE)";2605905;364;330;364;330;330;370;130;117;260003;2601;26008
"Garanhuns (PE)";2606002;1862;1349;2404;1895;1771;2594;799;1308;260010;2602;26004
"Glória do Goitá (PE)";2606101;445;346;558;425;467;553;274;270;260005;2601;26010
"Goiana (PE)";2606200;1060;817;1230;970;991;1299;449;684;260002;2601;26005
"Granito (PE)";2606309;115;91;104;107;126;138;80;50;260016;2604;26007
"Gravatá (PE)";2606408;1158;887;1424;1197;1306;1642;618;844;260009;2602;26003
"Iati (PE)";2606507;289;236;314;262;290;328;156;170;260010;2602;26004
"Ibimirim (PE)";2606606;418;304;447;305;348;420;198;238;260011;2602;26002
"Ibirajuba (PE)";2606705;142;111;181;135;197;208;115;109;260009;2602;26003
"Igarassu (PE)";2606804;1291;978;1564;1256;1135;1530;515;689;260001;2601;26010
"Iguaracy (PE)";2606903;228;172;248;197;227;280;166;151;260014;2603;26001
"Inajá (PE)";2607000;259;161;245;172;203;216;100;126;260011;2602;26002
"Ingazeira (PE)";2607109;90;72;91;62;83;106;44;40;260014;2603;26001
"Ipojuca (PE)";2607208;892;576;973;661;723;903;309;359;260001;2601;26010
"Ipubi (PE)";2607307;341;293;417;326;432;500;192;222;260016;2604;26007
"Itacuruba (PE)";2607406;50;32;76;51;62;72;20;34;260017;2604;26012
"Itaíba (PE)";2607505;428;357;473;341;412;475;225;257;260011;2602;26004
"Ilha de Itamaracá (PE)";2607604;291;199;302;218;205;269;78;128;260001;2601;26010
"Itambé (PE)";2607653;514;394;577;491;575;637;254;337;260002;2601;26005
"Itapetim (PE)";2607703;308;233;300;248;282;413;190;230;260014;2603;26001
"Itapissuma (PE)";2607752;301;199;360;277;261;314;99;169;260001;2601;26010
"Itaquitinga (PE)";2607802;231;177;229;193;221;238;92;91;260002;2601;26005
"Jaboatão dos Guararapes (PE)";2607901;8746;5953;11421;8293;6593;10123;2440;4687;260001;2601;26010
"Jaqueira (PE)";2607950;143;121;169;148;149;154;54;82;260003;2601;26008
"Jataúba (PE)";2608008;263;218;265;277;282;300;167;206;260009;2602;26003
"Jatobá (PE)";2608057;213;179;247;176;207;224;105;111;260013;2603;26002
"João Alfredo (PE)";2608107;538;409;637;480;636;785;332;411;260004;2601;26006
"Joaquim Nabuco (PE)";2608206;218;147;236;166;222;197;92;87;260003;2601;26008
"Jucati (PE)";2608255;173;158;186;160;160;213;97;102;260010;2602;26004
"Jupi (PE)";2608305;228;183;269;216;237;304;111;141;260010;2602;26004
"Jurema (PE)";2608404;240;210;291;250;321;394;168;191;260010;2602;26003
"Lagoa do Carro (PE)";2608453;224;199;274;212;191;255;104;129;260006;2601;26006
"Lagoa de Itaenga (PE)";2608503;296;210;359;232;303;332;135;193;260006;2601;26006
"Lagoa do Ouro (PE)";2608602;244;191;231;166;188;227;112;108;260010;2602;26004
"Lagoa dos Gatos (PE)";2608701;299;222;281;246;317;364;151;172;260009;2602;26008
"Lagoa Grande (PE)";2608750;286;199;302;235;274;283;113;156;260015;2604;26009
"Lajedo (PE)";2608800;596;497;743;627;702;851;352;445;260010;2602;26004
"Limoeiro (PE)";2608909;927;675;1195;946;838;1314;484;691;260004;2601;26006
"Macaparana (PE)";2609006;357;282;422;345;460;531;244;328;260002;2601;26005
"Machados (PE)";2609105;222;146;217;179;194;260;101;133;260004;2601;26006
"Manari (PE)";2609154;257;207;235;231;207;261;121;128;260011;2602;26002
"Maraial (PE)";2609204;168;104;159;128;149;155;78;62;260003;2601;26008
"Mirandiba (PE)";2609303;198;156;246;174;233;280;128;173;260013;2603;26011
"Moreno (PE)";2609402;782;623;959;749;755;951;283;510;260001;2601;26010
"Nazaré da Mata (PE)";2609501;511;404;629;475;444;592;200;298;260006;2601;26006
"Olinda (PE)";2609600;5822;4050;8462;6344;4966;8660;1880;4328;260001;2601;26010
"Orobó (PE)";2609709;349;295;448;372;452;569;281;350;260004;2601;26006
"Orocó (PE)";2609808;174;122;186;131;123;168;61;82;260015;2604;26009
"Ouricuri (PE)";2609907;932;768;1046;860;935;1112;469;571;260016;2604;26007
"Palmares (PE)";2610004;788;679;972;751;783;993;333;450;260003;2601;26008
"Palmeirina (PE)";2610103;132;110;181;135;161;180;95;113;260010;2602;26004
"Panelas (PE)";2610202;463;379;524;459;571;632;279;283;260009;2602;26003
"Paranatama (PE)";2610301;172;174;194;191;173;285;106;140;260010;2602;26004
"Parnamirim (PE)";2610400;351;251;362;255;317;346;184;212;260017;2604;26007
"Passira (PE)";2610509;452;353;503;458;575;640;297;347;260004;2601;26006
"Paudalho (PE)";2610608;646;503;806;578;613;710;253;302;260001;2601;26006
"Paulista (PE)";2610707;4847;3060;6135;4048;3106;4991;1122;2500;260001;2601;26010
"Pedra (PE)";2610806;350;267;369;301;331;452;178;194;260011;2602;26002
"Pesqueira (PE)";2610905;941;805;1135;1035;1097;1497;552;848;260012;2602;26003
"Petrolândia (PE)";2611002;427;306;462;343;336;439;170;227;260013;2603;26002
"Petrolina (PE)";2611101;3240;2397;3839;2741;2494;3326;1040;1656;260015;2604;26009
"Poção (PE)";2611200;185;154;213;157;215;252;102;130;260012;2602;26003
"Pombos (PE)";2611309;392;288;403;346;377;475;226;250;260005;2601;26010
"Primavera (PE)";2611408;195;139;163;140;175;195;71;79;260018;2601;26008
"Quipapá (PE)";2611507;402;294;383;292;386;480;168;195;260010;2602;26008
"Quixaba (PE)";2611533;114;76;137;93;102;130;61;55;260014;2603;26001
"Recife (PE)";2611606;23054;15661;33517;25268;19354;35917;8611;20342;260001;2601;26010
"Riacho das Almas (PE)";2611705;360;296;407;315;414;449;181;214;260009;2602;26003
"Ribeirão (PE)";2611804;629;490;740;536;632;721;251;311;260018;2601;26008
"Rio Formoso (PE)";2611903;293;177;269;208;260;282;116;105;260007;2601;26008
"Sairé (PE)";2612000;221;176;232;199;244;296;120;126;260009;2602;26003
"Salgadinho (PE)";2612109;168;117;180;163;193;156;75;76;260004;2601;26006
"Salgueiro (PE)";2612208;695;524;915;705;690;1023;411;611;260017;2604;26011
"Saloá (PE)";2612307;277;215;317;294;302;400;179;223;260010;2602;26004
"Sanharó (PE)";2612406;344;302;380;330;323;415;175;201;260012;2602;26003
"Santa Cruz (PE)";2612455;239;210;275;177;204;247;135;151;260016;2604;26007
"Santa Cruz da Baixa Verde (PE)";2612471;208;160;243;196;190;244;119;140;260013;2603;26012
"Santa Cruz do Capibaribe (PE)";2612505;868;621;987;800;717;947;355;543;260009;2602;26003
"Santa Filomena (PE)";2612554;223;187;245;201;230;238;148;141;260016;2604;26007
"Santa Maria da Boa Vista (PE)";2612604;499;356;496;396;437;473;211;249;260015;2604;26009
"Santa Maria do Cambucá (PE)";2612703;219;225;237;216;253;272;169;173;260008;2601;26003
"Santa Terezinha (PE)";2612802;168;139;221;147;195;213;119;129;260014;2603;26001
"São Benedito do Sul (PE)";2612901;239;197;233;158;225;207;102;91;260003;2601;26008
"São Bento do Una (PE)";2613008;822;677;878;745;827;985;426;480;260012;2602;26003
"São Caitano (PE)";2613107;531;423;600;541;609;726;310;391;260009;2602;26003
"São João (PE)";2613206;330;266;385;313;366;445;184;222;260010;2602;26004
"São Joaquim do Monte (PE)";2613305;322;300;380;328;393;497;212;228;260009;2602;26003
"São José da Coroa Grande (PE)";2613404;243;178;291;188;237;279;83;118;260007;2601;26008
"São José do Belmonte (PE)";2613503;547;402;609;471;596;673;312;373;260013;2603;26012
"São José do Egito (PE)";2613602;573;466;694;566;613;821;389;454;260014;2603;26001
"São Lourenço da Mata (PE)";2613701;1432;1002;1691;1316;1190;1599;481;746;260001;2601;26010
"São Vicente Férrer (PE)";2613800;229;178;253;251;304;335;147;172;260002;2601;26005
"Serra Talhada (PE)";2613909;1103;867;1455;1196;1154;1554;637;881;260013;2603;26012
"Serrita (PE)";2614006;286;242;285;271;251;342;195;216;260017;2604;26011
"Sertânia (PE)";2614105;603;463;690;517;589;810;337;376;260011;2602;26002
"Sirinhaém (PE)";2614204;476;343;509;346;442;459;170;176;260007;2601;26008
"Moreilândia (PE)";2614303;186;156;187;165;169;235;103;143;260016;2604;26007
"Solidão (PE)";2614402;92;79;120;77;106;84;45;52;260014;2603;26001
"Surubim (PE)";2614501;950;747;1240;938;1041;1319;563;755;260008;2601;26006
"Tabira (PE)";2614600;429;360;571;445;496;585;255;276;260014;2603;26001
"Tacaimbó (PE)";2614709;204;177;235;212;241;288;132;166;260012;2602;26003
"Tacaratu (PE)";2614808;341;237;370;302;322;428;162;226;260013;2603;26002
"Tamandaré (PE)";2614857;281;219;282;187;230;244;98;88;260007;2601;26008
"Taquaritinga do Norte (PE)";2615003;375;334;384;336;394;408;185;242;260009;2602;26003
"Terezinha (PE)";2615102;126;93;130;95;112;149;65;81;260010;2602;26004
"Terra Nova (PE)";2615201;146;104;147;114;131;160;80;103;260017;2604;26011
"Timbaúba (PE)";2615300;819;620;1020;808;832;1170;399;598;260002;2601;26005
"Toritama (PE)";2615409;318;221;354;276;298;400;134;208;260009;2602;26003
"Tracunhaém (PE)";2615508;200;156;186;172;170;189;79;82;260006;2601;26006
"Trindade (PE)";2615607;322;263;412;313;301;390;141;205;260016;2604;26007
"Triunfo (PE)";2615706;276;259;336;285;299;429;151;263;260013;2603;26012
"Tupanatinga (PE)";2615805;386;301;369;330;346;381;196;214;260011;2602;26002
"Tuparetama (PE)";2615904;167;147;187;171;182;235;99;131;260014;2603;26001
"Venturosa (PE)";2616001;253;213;272;237;265;277;128;153;260011;2602;26002
"Verdejante (PE)";2616100;165;124;202;135;158;193;75;99;260017;2604;26011
"Vertente do Lério (PE)";2616183;131;112;162;129;151;194;101;123;260008;2601;26006
"Vertentes (PE)";2616209;342;218;329;276;328;413;192;300;260008;2601;26003
"Vicência (PE)";2616308;416;286;412;371;375;401;137;140;260002;2601;26006
"Vitória de Santo Antão (PE)";2616407;1820;1407;2357;1831;1854;2417;854;1293;260005;2601;26010
"Xexéu (PE)";2616506;189;168;196;173;211;195;85;83;260003;2601;26008
"Água Branca (AL)";2700102;304;261;331;280;286;366;131;190;270009;2702;27010
"Anadia (AL)";2700201;253;176;281;257;250;334;127;134;270004;2701;27005
"Arapiraca (AL)";2700300;2881;2219;3462;2754;2522;3371;1012;1378;270007;2702;27007
"Atalaia (AL)";2700409;624;429;582;375;497;530;193;237;270006;2701;27004
"Barra de Santo Antônio (AL)";2700508;158;132;158;139;131;145;62;56;270001;2701;27001
"Barra de São Miguel (AL)";2700607;74;55;77;56;59;69;16;36;270001;2701;27001
"Batalha (AL)";2700706;232;200;254;219;207;245;89;131;270011;2702;27007
"Belém (AL)";2700805;83;68;98;75;74;96;41;46;270008;2702;27008
"Belo Monte (AL)";2700904;111;61;91;72;124;111;44;41;270011;2702;27007
"Boca da Mata (AL)";2701001;364;272;350;270;301;337;130;160;270004;2701;27005
"Branquinha (AL)";2701100;173;119;111;97;99;118;44;42;270005;2701;27003
"Cacimbinhas (AL)";2701209;161;125;173;176;163;207;87;98;270008;2702;27008
"Cajueiro (AL)";2701308;242;178;265;245;228;254;114;105;270006;2701;27004
"Campestre (AL)";2701357;73;79;85;62;99;103;38;31;270002;2701;27003
"Campo Alegre (AL)";2701407;627;447;630;428;427;469;143;148;270004;2701;27005
"Campo Grande (AL)";2701506;118;106;135;104;143;148;46;71;270007;2702;27007
"Canapi (AL)";2701605;287;222;249;240;241;253;111;131;270010;2702;27009
"Capela (AL)";2701704;221;209;246;200;210;231;126;132;270006;2701;27004
"Carneiros (AL)";2701803;98;76;132;82;108;141;63;60;270010;2702;27009
"Chã Preta (AL)";2701902;103;73;107;102;96;89;40;46;270006;2701;27004
"Coité do Nóia (AL)";2702009;182;136;182;151;175;196;84;73;270007;2702;27007
"Colônia Leopoldina (AL)";2702108;257;205;265;215;271;272;124;119;270002;2701;27003
"Coqueiro Seco (AL)";2702207;82;48;88;55;73;97;28;48;270001;2701;27001
"Coruripe (AL)";2702306;620;443;651;489;479;581;218;272;270003;2701;27006
"Craíbas (AL)";2702355;350;253;332;280;282;319;125;152;270007;2702;27007
"Delmiro Gouveia (AL)";2702405;731;544;835;619;596;825;274;407;270009;2702;27010
"Dois Riachos (AL)";2702504;158;155;163;159;159;177;84;75;270010;2702;27009
"Estrela de Alagoas (AL)";2702553;312;271;404;318;344;365;144;177;270008;2702;27008
"Feira Grande (AL)";2702603;307;264;326;275;281;367;136;153;270007;2702;27007
"Feliz Deserto (AL)";2702702;54;43;65;40;54;67;27;23;270003;2701;27006
"Flexeiras (AL)";2702801;187;150;145;122;155;138;76;75;270001;2701;27001
"Girau do Ponciano (AL)";2702900;509;411;518;377;442;507;201;216;270007;2702;27007
"Ibateguara (AL)";2703007;194;182;200;193;211;243;125;117;270005;2701;27003
"Igaci (AL)";2703106;449;370;465;385;392;457;179;249;270008;2702;27008
"Igreja Nova (AL)";2703205;304;229;327;272;333;383;195;247;270003;2701;27006
"Inhapi (AL)";2703304;233;190;254;233;269;340;112;135;270009;2702;27010
"Jacaré dos Homens (AL)";2703403;68;63;83;56;62;75;33;51;270011;2702;27007
"Jacuípe (AL)";2703502;104;69;84;71;81;66;53;38;270002;2701;27002
"Japaratinga (AL)";2703601;101;81;93;68;80;73;36;53;270002;2701;27002
"Jaramataia (AL)";2703700;79;56;79;56;69;69;32;33;270007;2702;27007
"Jequiá da Praia (AL)";2703759;135;106;158;101;127;138;49;63;270004;2701;27006
"Joaquim Gomes (AL)";2703809;283;266;232;190;228;231;124;129;270001;2701;27003
"Jundiá (AL)";2703908;57;54;58;47;56;50;29;33;270002;2701;27003
"Junqueiro (AL)";2704005;336;254;351;299;325;379;136;200;270007;2702;27005
"Lagoa da Canoa (AL)";2704104;298;219;332;259;256;268;114;136;270007;2702;27007
"Limoeiro de Anadia (AL)";2704203;395;314;429;336;394;426;133;180;270007;2702;27007
"Maceió (AL)";2704302;11637;7815;15596;10966;8673;13925;3352;7123;270001;2701;27001
"Major Isidoro (AL)";2704401;291;260;294;288;310;321;131;175;270008;2702;27007
"Maragogi (AL)";2704500;372;268;283;254;277;262;115;117;270002;2701;27002
"Maravilha (AL)";2704609;136;138;148;129;139;171;87;73;270010;2702;27009
"Marechal Deodoro (AL)";2704708;582;444;580;432;445;507;166;276;270001;2701;27001
"Maribondo (AL)";2704807;216;167;253;211;217;293;99;136;270007;2702;27008
"Mar Vermelho (AL)";2704906;62;46;69;45;68;88;32;31;270006;2701;27004
"Mata Grande (AL)";2705002;382;276;421;317;370;403;181;244;270009;2702;27010
"Matriz de Camaragibe (AL)";2705101;294;236;315;247;271;292;132;133;270002;2701;27002
"Messias (AL)";2705200;164;146;186;148;187;170;70;78;270001;2701;27001
"Minador do Negrão (AL)";2705309;116;77;102;67;79;79;29;49;270008;2702;27008
"Monteirópolis (AL)";2705408;86;82;102;84;91;123;51;58;270011;2702;27009
"Murici (AL)";2705507;357;242;346;265;310;354;127;161;270005;2701;27003
"Novo Lino (AL)";2705606;154;104;159;124;150;139;70;75;270002;2701;27003
"Olho d'Água das Flores (AL)";2705705;237;221;322;254;264;338;139;221;270011;2702;27009
"Olho d'Água do Casado (AL)";2705804;115;100;99;107;109;105;42;58;270009;2702;27010
"Olho d'Água Grande (AL)";2705903;77;59;82;65;98;82;24;33;270007;2702;27007
"Olivença (AL)";2706000;156;150;162;150;185;198;93;110;270010;2702;27009
"Ouro Branco (AL)";2706109;149;128;164;142;160;167;83;116;270010;2702;27009
"Palestina (AL)";2706208;76;56;94;59;74;96;27;51;270011;2702;27009
"Palmeira dos Índios (AL)";2706307;1132;917;1402;1167;1095;1518;567;726;270008;2702;27008
"Pão de Açúcar (AL)";2706406;326;290;309;309;324;434;164;234;270011;2702;27009
"Pariconha (AL)";2706422;180;167;211;152;144;195;88;106;270009;2702;27010
"Paripueira (AL)";2706448;144;100;150;105;106;130;43;70;270001;2701;27001
"Passo de Camaragibe (AL)";2706505;157;112;179;131;154;174;97;100;270002;2701;27002
"Paulo Jacinto (AL)";2706604;108;98;140;118;104;152;64;82;270008;2702;27004
"Penedo (AL)";2706703;755;566;891;705;760;1049;362;501;270003;2701;27006
"Piaçabuçu (AL)";2706802;250;162;238;210;246;314;87;133;270003;2701;27006
"Pilar (AL)";2706901;433;345;499;370;350;420;167;258;270001;2701;27001
"Pindoba (AL)";2707008;30;25;24;27;47;59;20;26;270006;2701;27004
"Piranhas (AL)";2707107;291;196;287;216;214;246;101;103;270009;2702;27010
"Poço das Trincheiras (AL)";2707206;182;135;169;129;150;181;76;96;270010;2702;27009
"Porto Calvo (AL)";2707305;295;215;324;251;347;323;144;143;270002;2701;27002
"Porto de Pedras (AL)";2707404;123;79;103;70;111;116;46;65;270002;2701;27002
"Porto Real do Colégio (AL)";2707503;277;217;309;245;299;323;138;168;270003;2701;27006
"Quebrangulo (AL)";2707602;176;148;202;151;159;199;90;92;270008;2702;27004
"Rio Largo (AL)";2707701;798;600;993;735;697;972;257;461;270001;2701;27001
"Roteiro (AL)";2707800;93;68;70;64;63;52;21;29;270004;2701;27005
"Santa Luzia do Norte (AL)";2707909;95;72;115;71;100;81;35;54;270001;2701;27001
"Santana do Ipanema (AL)";2708006;568;433;663;551;543;719;284;403;270010;2702;27009
"Santana do Mundaú (AL)";2708105;141;119;147;127;128;161;85;71;270005;2701;27003
"São Brás (AL)";2708204;102;80;119;96;101;126;64;68;270003;2701;27006
"São José da Laje (AL)";2708303;279;213;322;277;277;360;159;185;270005;2701;27003
"São José da Tapera (AL)";2708402;382;300;408;375;406;414;193;243;270011;2702;27009
"São Luís do Quitunde (AL)";2708501;369;260;334;265;312;308;141;138;270002;2701;27002
"São Miguel dos Campos (AL)";2708600;645;478;670;536;508;677;188;284;270004;2701;27005
"São Miguel dos Milagres (AL)";2708709;89;88;92;93;106;115;33;48;270002;2701;27002
"São Sebastião (AL)";2708808;429;331;475;343;381;457;188;211;270007;2702;27007
"Satuba (AL)";2708907;170;112;186;145;163;175;55;56;270001;2701;27001
"Senador Rui Palmeira (AL)";2708956;196;149;181;142;170;186;77;86;270010;2702;27009
"Tanque d'Arca (AL)";2709004;118;77;117;103;111;141;41;46;270007;2702;27008
"Taquarana (AL)";2709103;342;276;366;303;307;323;118;174;270007;2702;27007
"Teotônio Vilela (AL)";2709152;502;389;509;397;374;416;169;195;270007;2702;27005
"Traipu (AL)";2709202;402;314;369;305;370;420;192;188;270007;2702;27007
"União dos Palmares (AL)";2709301;819;662;973;773;816;935;371;462;270005;2701;27003
"Viçosa (AL)";2709400;339;245;381;320;323;422;195;207;270006;2701;27004
"Amparo do São Francisco (SE)";2800100;36;25;34;29;36;48;16;25;280003;2801;28007
"Aquidabã (SE)";2800209;336;255;339;291;350;409;182;221;280003;2801;28007
"Aracaju (SE)";2800308;7555;4984;10026;7006;5410;9175;2330;5401;280001;2801;28001
"Arauá (SE)";2800407;144;125;157;133;134;154;77;77;280002;2801;28002
"Areia Branca (SE)";2800506;191;164;197;189;217;257;107;115;280004;2802;28003
"Barra dos Coqueiros (SE)";2800605;294;181;326;213;252;319;91;143;280001;2801;28001
"Boquim (SE)";2800670;424;321;427;355;317;432;153;235;280002;2801;28002
"Brejo Grande (SE)";2800704;92;62;83;75;107;135;43;62;280003;2801;28007
"Campo do Brito (SE)";2801009;251;218;272;259;290;344;160;175;280004;2802;28003
"Canhoba (SE)";2801108;52;51;74;45;73;66;27;23;280003;2801;28007
"Canindé de São Francisco (SE)";2801207;265;196;250;191;205;218;94;128;280006;2802;28005
"Capela (SE)";2801306;422;309;417;391;437;509;208;274;280001;2801;28006
"Carira (SE)";2801405;342;265;322;298;328;353;182;209;280004;2802;28003
"Carmópolis (SE)";2801504;128;97;116;113;101;115;44;73;280001;2801;28006
"Cedro de São João (SE)";2801603;90;76;114;112;106;122;51;62;280003;2801;28007
"Cristinápolis (SE)";2801702;189;163;182;177;189;176;71;103;280002;2801;28002
"Cumbe (SE)";2801900;66;48;81;57;72;80;30;35;280001;2801;28006
"Divina Pastora (SE)";2802007;58;47;49;47;57;52;20;34;280001;2801;28001
"Estância (SE)";2802106;858;573;964;759;773;1027;360;571;280002;2801;28002
"Feira Nova (SE)";2802205;66;73;84;64;73;90;37;43;280006;2802;28005
"Frei Paulo (SE)";2802304;231;144;237;151;174;262;96;136;280004;2802;28003
"Gararu (SE)";2802403;191;127;173;134;173;183;75;84;280006;2802;28005
"General Maynard (SE)";2802502;37;36;42;38;30;42;24;26;280001;2801;28006
"Graccho Cardoso (SE)";2802601;105;75;94;69;102;108;57;65;280006;2802;28005
"Ilha das Flores (SE)";2802700;91;83;113;99;123;158;66;88;280003;2801;28007
"Indiaroba (SE)";2802809;171;160;191;142;192;210;83;101;280002;2801;28002
"Itabaiana (SE)";2802908;1154;838;1359;973;977;1340;518;732;280004;2802;28003
"Itabaianinha (SE)";2803005;503;389;538;400;469;601;242;255;280002;2801;28002
"Itabi (SE)";2803104;108;85;97;66;72;101;59;54;280006;2802;28005
"Itaporanga d'Ajuda (SE)";2803203;404;266;442;314;366;430;168;208;280001;2801;28001
"Japaratuba (SE)";2803302;248;204;231;199;223;252;112;149;280001;2801;28006
"Japoatã (SE)";2803401;192;162;197;139;189;185;74;96;280003;2801;28007
"Lagarto (SE)";2803500;1366;1128;1528;1273;1351;1656;679;872;280005;2802;28004
"Laranjeiras (SE)";2803609;284;217;324;228;195;282;97;125;280001;2801;28001
"Macambira (SE)";2803708;110;74;120;85;100;139;65;81;280004;2802;28003
"Malhada dos Bois (SE)";2803807;41;31;47;40;55;58;19;13;280003;2801;28007
"Malhador (SE)";2803906;178;150;176;153;156;193;89;87;280004;2802;28003
"Maruim (SE)";2804003;184;124;227;199;164;195;77;94;280001;2801;28006
"Moita Bonita (SE)";2804102;209;165;218;169;176;265;123;157;280004;2802;28003
"Monte Alegre de Sergipe (SE)";2804201;180;137;179;129;158;156;72;77;280006;2802;28005
"Muribeca (SE)";2804300;108;73;113;101;107;123;42;54;280003;2801;28007
"Neópolis (SE)";2804409;303;206;243;229;255;351;117;190;280003;2801;28007
"Nossa Senhora Aparecida (SE)";2804458;173;108;161;108;126;139;69;78;280004;2802;28003
"Nossa Senhora da Glória (SE)";2804508;454;329;511;365;419;423;201;245;280006;2802;28005
"Nossa Senhora das Dores (SE)";2804607;369;273;391;331;314;455;168;225;280001;2801;28006
"Nossa Senhora de Lourdes (SE)";2804706;99;90;96;78;97;97;46;41;280003;2801;28007
"Nossa Senhora do Socorro (SE)";2804805;1413;925;1722;1159;874;1208;322;584;280001;2801;28006
"Pacatuba (SE)";2804904;169;146;162;143;193;208;77;95;280003;2801;28007
"Pedra Mole (SE)";2805000;54;31;48;30;44;50;30;35;280004;2802;28003
"Pedrinhas (SE)";2805109;132;78;113;119;115;136;48;71;280002;2801;28002
"Pinhão (SE)";2805208;105;96;120;88;71;109;55;64;280004;2802;28003
"Pirambu (SE)";2805307;93;92;96;77;121;100;39;59;280001;2801;28006
"Poço Redondo (SE)";2805406;418;288;391;286;319;299;180;182;280006;2802;28005
"Poço Verde (SE)";2805505;423;299;438;338;360;472;210;244;280005;2802;28004
"Porto da Folha (SE)";2805604;359;300;396;299;362;406;209;217;280006;2802;28005
"Propriá (SE)";2805703;354;271;443;374;357;564;169;290;280003;2801;28007
"Riachão do Dantas (SE)";2805802;256;234;327;273;296;366;128;184;280005;2802;28004
"Riachuelo (SE)";2805901;100;69;117;96;92;112;35;57;280001;2801;28001
"Ribeirópolis (SE)";2806008;301;215;334;279;289;352;161;224;280004;2802;28003
"Rosário do Catete (SE)";2806107;101;64;113;87;77;96;42;54;280001;2801;28006
"Salgado (SE)";2806206;281;220;289;246;282;302;108;158;280005;2802;28004
"Santa Luzia do Itanhy (SE)";2806305;153;120;146;117;145;128;78;71;280002;2801;28002
"Santana do São Francisco (SE)";2806404;91;57;85;80;95;103;25;66;280003;2801;28007
"Santa Rosa de Lima (SE)";2806503;54;37;51;59;62;80;29;30;280001;2801;28001
"Santo Amaro das Brotas (SE)";2806602;153;121;153;126;151;193;61;111;280001;2801;28006
"São Cristóvão (SE)";2806701;876;617;999;733;618;990;273;479;280001;2801;28001
"São Domingos (SE)";2806800;171;138;152;160;154;171;83;109;280004;2802;28003
"São Francisco (SE)";2806909;45;36;57;41;46;57;26;29;280003;2801;28007
"São Miguel do Aleixo (SE)";2807006;57;54;70;37;55;69;27;41;280004;2802;28003
"Simão Dias (SE)";2807105;607;491;686;580;637;826;356;469;280005;2802;28004
"Siriri (SE)";2807204;124;85;119;84;110;128;64;66;280001;2801;28006
"Telha (SE)";2807303;39;29;37;34;37;43;19;23;280003;2801;28007
"Tobias Barreto (SE)";2807402;749;565;828;674;731;926;340;481;280005;2802;28004
"Tomar do Geru (SE)";2807501;168;134;159;174;175;198;79;82;280002;2801;28002
"Umbaúba (SE)";2807600;282;186;281;241;234;284;123;141;280002;2801;28002
"Abaíra (BA)";2900108;178;157;194;175;227;311;148;197;290013;2904;29023
"Abaré (BA)";2900207;243;176;261;201;210;240;132;196;290024;2909;29017
"Acajutiba (BA)";2900306;241;174;235;212;238;316;164;201;290002;2901;29001
"Adustina (BA)";2900355;262;215;271;209;246;284;139;147;290027;2909;29019
"Água Fria (BA)";2900405;299;257;350;239;289;347;174;236;290029;2910;29025
"Érico Cardoso (BA)";2900504;218;152;235;179;237;282;130;150;290013;2904;29003
"Aiquara (BA)";2900603;83;66;69;70;104;114;55;57;290012;2904;29015
"Alagoinhas (BA)";2900702;1879;1381;2483;2018;1815;2645;899;1595;290002;2901;29001
"Alcobaça (BA)";2900801;325;244;332;241;346;247;148;164;290008;2903;29026
"Almadina (BA)";2900900;117;115;126;111;151;141;89;79;290007;2903;29012
"Amargosa (BA)";2901007;496;398;591;532;637;877;437;611;290003;2902;29022
"Amélia Rodrigues (BA)";2901106;368;296;428;335;299;441;156;233;290029;2910;29006
"América Dourada (BA)";2901155;241;204;202;192;248;269;119;133;290020;2907;29010
"Anagé (BA)";2901205;562;431;524;469;628;618;343;351;290011;2904;29028
"Andaraí (BA)";2901304;231;187;204;201;198;202;105;143;290031;2910;29011
"Andorinha (BA)";2901353;276;198;241;211;265;244;137;193;290023;2908;29024
"Angical (BA)";2901403;284;231;241;200;285;285;117;112;290018;2906;29002
"Anguera (BA)";2901502;177;163;206;197;211;283;94;165;290029;2910;29006
"Antas (BA)";2901601;366;259;323;276;409;379;219;203;290027;2909;29019
"Antônio Cardoso (BA)";2901700;162;142;204;199;192;276;126;160;290029;2910;29006
"Antônio Gonçalves (BA)";2901809;190;160;190;148;200;203;110;130;290023;2908;29024
"Aporá (BA)";2901908;308;275;292;299;313;389;176;213;290002;2901;29001
"Apuarema (BA)";2901957;129;78;132;102;145;137;54;71;290012;2904;29015
"Aracatu (BA)";2902005;285;213;289;240;300;343;153;191;290013;2904;29003
"Araçás (BA)";2902054;156;89;144;102;128;119;83;86;290002;2901;29001
"Araci (BA)";2902104;854;644;867;719;725;792;426;491;290033;2910;29025
"Aramari (BA)";2902203;135;124;147;151;135;175;81;119;290002;2901;29001
"Arataca (BA)";2902252;209;136;131;97;181;140;88;63;290010;2903;29009
"Aratuípe (BA)";2902302;130;95;118;107;108;144;48;69;290006;2902;29022
"Aurelino Leal (BA)";2902401;196;169;198;166;231;232;122;116;290007;2903;29012
"Baianópolis (BA)";2902500;224;180;225;212;240;270;120;129;290018;2906;29002
"Baixa Grande (BA)";2902609;323;294;390;298;355;440;217;276;290029;2910;29006
"Banzaê (BA)";2902658;215;179;190;200;209;245;109;119;290025;2909;29019
"Barra (BA)";2902708;644;533;595;550;650;749;279;393;290021;2907;29008
"Barra da Estiva (BA)";2902807;250;206;310;250;282;344;129;197;290011;2904;29003
"Barra do Choça (BA)";2902906;499;441;512;451;546;587;266;243;290011;2904;29028
"Barra do Mendes (BA)";2903003;289;272;287;271;276;356;133;214;290020;2907;29010
"Barra do Rocha (BA)";2903102;107;89;97;89;120;102;50;53;290014;2904;29015
"Barreiras (BA)";2903201;1366;1009;1466;1079;1181;1428;545;653;290018;2906;29002
"Barro Alto (BA)";2903235;214;210;223;242;246;296;110;120;290020;2907;29010
"Barrocas (BA)";2903276;242;168;240;188;175;183;91;111;290033;2910;29025
"Barro Preto (BA)";2903300;115;108;118;80;132;129;62;63;290007;2903;29012
"Belmonte (BA)";2903409;324;286;296;302;362;348;163;188;290009;2903;29018
"Belo Campo (BA)";2903508;289;258;322;248;334;370;186;206;290011;2904;29028
"Biritinga (BA)";2903607;273;190;245;213;274;320;152;190;290033;2910;29025
"Boa Nova (BA)";2903706;282;266;305;286;348;366;216;213;290011;2904;29015
"Boa Vista do Tupim (BA)";2903805;327;224;281;269;300;331;188;215;290031;2910;29011
"Bom Jesus da Lapa (BA)";2903904;824;653;845;704;817;948;378;486;290017;2905;29021
"Bom Jesus da Serra (BA)";2903953;178;153;170;159;221;216;108;135;290011;2904;29028
"Boninal (BA)";2904001;220;208;263;254;278;374;129;222;290034;2910;29023
"Bonito (BA)";2904050;171;122;166;159;142;152;46;70;290020;2907;29011
"Boquira (BA)";2904100;388;361;450;391;464;584;225;328;290017;2905;29003
"Botuporã (BA)";2904209;196;151;205;188;226;227;141;134;290016;2905;29003
"Brejões (BA)";2904308;200;145;226;191;238;325;154;195;290003;2902;29015
"Brejolândia (BA)";2904407;245;211;216;161;200;208;105;132;290018;2906;29002
"Brotas de Macaúbas (BA)";2904506;234;197;233;212;270;358;139;193;290021;2907;29008
"Brumado (BA)";2904605;1095;862;1216;948;1071;1278;524;779;290013;2904;29003
"Buerarema (BA)";2904704;338;310;353;272;410;405;198;209;290007;2903;29012
"Buritirama (BA)";2904753;262;221;243;195;268;276;127;139;290021;2907;29008
"Caatiba (BA)";2904803;168;173;165;163;211;190;103;106;290011;2904;29013
"Cabaceiras do Paraguaçu (BA)";2904852;223;185;274;199;239;321;101;201;290004;2902;29005
"Cachoeira (BA)";2904902;414;305;556;402;416;637;215;410;290004;2902;29005
"Caculé (BA)";2905008;432;343;454;371;442;526;234;328;290016;2905;29007
"Caém (BA)";2905107;179;157;192;170;202;230;90;134;290030;2910;29014
"Caetanos (BA)";2905156;256;219;226;213;244;247;158;139;290011;2904;29028
"Caetité (BA)";2905206;800;567;761;663;773;1076;437;658;290016;2905;29007
"Cafarnaum (BA)";2905305;253;205;257;231;258;295;122;129;290020;2907;29010
"Cairu (BA)";2905404;147;123;124;130;123;147;60;82;290005;2902;29027
"Caldeirão Grande (BA)";2905503;215;197;214;203;193;256;111;157;290030;2910;29014
"Camacan (BA)";2905602;514;411;488;388;539;504;283;266;290010;2903;29012
"Camaçari (BA)";2905701;2681;1652;2674;1787;1664;2100;604;1044;290001;2901;29004
"Camamu (BA)";2905800;481;365;443;337;461;420;217;222;290005;2902;29027
"Campo Alegre de Lourdes (BA)";2905909;482;329;469;362;447;533;243;259;290022;2908;29016
"Campo Formoso (BA)";2906006;1092;815;1056;784;905;1084;436;591;290023;2908;29024
"Canápolis (BA)";2906105;162;133;156;140;160;207;98;82;290019;2906;29021
"Canarana (BA)";2906204;362;277;377;330;372;398;174;193;290020;2907;29010
"Canavieiras (BA)";2906303;555;428;522;429;590;661;298;357;290010;2903;29009
"Candeal (BA)";2906402;201;154;198;163;175;192;93;157;290029;2910;29006
"Candeias (BA)";2906501;1066;708;1229;898;745;1010;287;454;290001;2901;29020
"Candiba (BA)";2906600;249;209;234;201;299;325;141;163;290016;2905;29007
"Cândido Sales (BA)";2906709;447;374;442;427;531;551;241;289;290011;2904;29028
"Cansanção (BA)";2906808;550;466;582;476;559;592;326;431;290026;2909;29025
"Canudos (BA)";2906824;246;208;260;219;276;301;116;174;290026;2909;29016
"Capela do Alto Alegre (BA)";2906857;267;218;259;229;251;312;159;186;290029;2910;29006
"Capim Grosso (BA)";2906873;376;343;469;405;471;502;205;281;290030;2910;29014
"Caraíbas (BA)";2906899;238;204;231;171;237;258;169;183;290011;2904;29028
"Caravelas (BA)";2906907;321;241;342;238;307;347;158;196;290008;2903;29026
"Cardeal da Silva (BA)";2907004;112;99;99;84;118;104;54;80;290002;2901;29001
"Carinhanha (BA)";2907103;380;314;394;302;410;448;171;210;290016;2905;29007
"Casa Nova (BA)";2907202;963;826;1021;831;952;1079;464;603;290022;2908;29016
"Castro Alves (BA)";2907301;390;265;500;399;429;581;204;326;290004;2902;29022
"Catolândia (BA)";2907400;52;53;45;41;62;65;20;28;290018;2906;29002
"Catu (BA)";2907509;690;538;812;574;599;788;293;480;290001;2901;29001
"Caturama (BA)";2907558;182;158;184;137;164;189;104;143;290013;2904;29003
"Central (BA)";2907608;329;246;305;245;300;321;128;196;290020;2907;29010
"Chorrochó (BA)";2907707;188;137;187;167;179;226;103;155;290024;2909;29017
"Cícero Dantas (BA)";2907806;645;541;712;611;623;821;403;402;290027;2909;29019
"Cipó (BA)";2907905;249;186;285;206;240;293;136;160;290025;2909;29019
"Coaraci (BA)";2908002;377;358;410;387;520;592;245;270;290007;2903;29012
"Cocos (BA)";2908101;326;288;314;254;348;355;178;197;290019;2906;29021
"Conceição da Feira (BA)";2908200;266;200;329;294;264;415;110;226;290029;2910;29005
"Conceição do Almeida (BA)";2908309;279;222;323;284;277;441;188;308;290004;2902;29022
"Conceição do Coité (BA)";2908408;1037;830;1126;893;981;1102;521;584;290032;2910;29025
"Conceição do Jacuípe (BA)";2908507;420;311;516;411;363;550;163;281;290029;2910;29006
"Conde (BA)";2908606;284;238;317;246;315;385;178;248;290002;2901;29004
"Condeúba (BA)";2908705;338;280;356;339;385;429;176;307;290011;2904;29028
"Contendas do Sincorá (BA)";2908804;99;70;78;80;83;124;60;75;290011;2904;29003
"Coração de Maria (BA)";2908903;352;291;405;323;372;497;154;300;290029;2910;29006
"Cordeiros (BA)";2909000;158;116;174;141;185;212;84;126;290011;2904;29028
"Coribe (BA)";2909109;276;266;279;236;288;287;127;145;290019;2906;29021
"Coronel João Sá (BA)";2909208;267;212;261;221;281;282;164;137;290028;2909;29019
"Correntina (BA)";2909307;489;380;540;395;546;604;268;323;290019;2906;29021
"Cotegipe (BA)";2909406;233;182;217;148;229;224;110;114;290018;2906;29002
"Cravolândia (BA)";2909505;66;68;85;66;106;114;55;56;290012;2904;29015
"Crisópolis (BA)";2909604;407;309;367;300;341;381;196;212;290002;2901;29001
"Cristópolis (BA)";2909703;194;200;228;182;251;271;117;134;290018;2906;29002
"Cruz das Almas (BA)";2909802;731;484;1008;781;703;1185;388;700;290004;2902;29005
"Curaçá (BA)";2909901;540;451;456;410;492;606;259;364;290022;2908;29016
"Dário Meira (BA)";2910008;193;207;208;165;242;217;132;111;290014;2904;29015
"Dias d'Ávila (BA)";2910057;768;476;817;508;483;619;177;291;290001;2901;29004
"Dom Basílio (BA)";2910107;215;147;195;197;203;236;100;151;290013;2904;29003
"Dom Macedo Costa (BA)";2910206;60;51;66;73;85;108;43;60;290003;2902;29022
"Elísio Medrado (BA)";2910305;162;127;155;127;192;243;112;162;290003;2902;29022
"Encruzilhada (BA)";2910404;430;322;348;283;434;341;183;166;290011;2904;29028
"Entre Rios (BA)";2910503;441;341;552;441;434;525;205;328;290002;2901;29001
"Esplanada (BA)";2910602;412;312;485;358;380;489;208;328;290002;2901;29001
"Euclides da Cunha (BA)";2910701;972;835;1041;911;973;1206;578;695;290026;2909;29025
"Eunápolis (BA)";2910727;1220;928;1388;1058;1217;1327;553;648;290009;2903;29018
"Fátima (BA)";2910750;306;272;340;291;347;338;153;185;290027;2909;29019
"Feira da Mata (BA)";2910776;120;98;105;82;124;124;45;52;290016;2905;29007
"Feira de Santana (BA)";2910800;6654;4898;8802;6792;5660;8625;2355;4579;290029;2910;29006
"Filadélfia (BA)";2910859;293;258;307;235;290;308;175;207;290023;2908;29024
"Firmino Alves (BA)";2910909;85;85;98;76;106;126;75;62;290007;2903;29013
"Floresta Azul (BA)";2911006;222;174;204;183;268;240;127;137;290007;2903;29012
"Formosa do Rio Preto (BA)";2911105;293;230;280;204;231;265;121;145;290018;2906;29002
"Gandu (BA)";2911204;392;294;437;320;424;465;189;219;290014;2904;29027
"Gavião (BA)";2911253;108;76;88;75;82;106;62;67;290029;2910;29006
"Gentio do Ouro (BA)";2911303;190;190;201;166;260;267;98;132;290021;2907;29010
"Glória (BA)";2911402;245;174;241;201;221;307;135;170;290024;2909;29017
"Gongogi (BA)";2911501;144;111;140;106;145;148;69;80;290014;2904;29012
"Governador Mangabeira (BA)";2911600;276;198;325;254;288;391;127;245;290004;2902;29005
"Guajeru (BA)";2911659;216;160;209;199;247;283;114;191;290016;2905;29003
"Guanambi (BA)";2911709;1202;921;1323;1056;1260;1430;590;836;290016;2905;29007
"Guaratinga (BA)";2911808;392;392;419;329;462;393;222;191;290009;2903;29018
"Heliópolis (BA)";2911857;290;186;213;183;256;264;133;125;290027;2909;29019
"Iaçu (BA)";2911907;408;321;466;392;431;556;274;388;290031;2910;29011
"Ibiassucê (BA)";2912004;193;147;205;160;249;256;136;144;290016;2905;29007
"Ibicaraí (BA)";2912103;448;391;496;418;570;614;277;358;290007;2903;29012
"Ibicoara (BA)";2912202;151;109;153;116;140;188;76;104;290011;2904;29003
"Ibicuí (BA)";2912301;276;240;265;247;329;386;191;190;290007;2903;29013
"Ibipeba (BA)";2912400;295;262;304;232;312;291;150;180;290020;2907;29010
"Ibipitanga (BA)";2912509;239;232;289;230;314;358;147;189;290017;2905;29003
"Ibiquera (BA)";2912608;101;83;102;65;77;82;48;67;290031;2910;29011
"Ibirapitanga (BA)";2912707;341;268;322;251;379;344;174;158;290007;2903;29012
"Ibirapuã (BA)";2912806;149;135;137;127;185;161;90;87;290008;2903;29026
"Ibirataia (BA)";2912905;281;275;339;331;405;421;206;199;290014;2904;29015
"Ibitiara (BA)";2913002;279;271;335;302;298;413;189;263;290034;2910;29023
"Ibititá (BA)";2913101;325;275;316;279;332;362;166;189;290020;2907;29010
"Ibotirama (BA)";2913200;384;336;417;327;419;465;169;234;290021;2907;29008
"Ichu (BA)";2913309;97;82;82;83;94;132;64;75;290029;2910;29006
"Igaporã (BA)";2913408;280;215;258;185;292;337;164;216;290016;2905;29007
"Igrapiúna (BA)";2913457;168;159;136;106;164;125;71;70;290005;2902;29027
"Iguaí (BA)";2913507;441;400;462;415;609;556;308;299;290011;2904;29013
"Ilhéus (BA)";2913606;2800;2062;2938;2263;2655;3350;1191;1751;290007;2903;29009
"Inhambupe (BA)";2913705;543;421;585;482;473;665;307;397;290002;2901;29001
"Ipecaetá (BA)";2913804;241;231;280;256;295;368;153;207;290029;2910;29006
"Ipiaú (BA)";2913903;680;525;755;616;680;940;418;538;290014;2904;29015
"Ipirá (BA)";2914000;1005;868;1174;1011;1110;1342;641;788;290029;2910;29006
"Ipupiara (BA)";2914109;206;175;190;172;226;262;111;141;290021;2907;29008
"Irajuba (BA)";2914208;119;94;123;103;135;148;70;108;290012;2904;29015
"Iramaia (BA)";2914307;203;176;197;167;194;225;112;141;290011;2904;29015
"Iraquara (BA)";2914406;328;316;319;301;342;431;164;270;290034;2910;29023
"Irará (BA)";2914505;442;339;565;443;425;622;213;371;290029;2910;29006
"Irecê (BA)";2914604;859;626;912;738;727;903;348;435;290020;2907;29010
"Itabela (BA)";2914653;363;310;384;291;347;381;187;149;290009;2903;29018
"Itaberaba (BA)";2914703;853;725;1009;906;914;1244;537;770;290031;2910;29011
"Itabuna (BA)";2914802;3038;2311;3695;2880;3019;4065;1371;2108;290007;2903;29012
"Itacaré (BA)";2914901;332;254;269;195;277;234;101;99;290007;2903;29009
"Itaeté (BA)";2915007;239;205;234;227;220;319;157;187;290031;2910;29011
"Itagi (BA)";2915106;227;177;228;199;284;311;156;195;290012;2904;29015
"Itagibá (BA)";2915205;262;231;244;224;288;306;166;187;290014;2904;29015
"Itagimirim (BA)";2915304;121;111;121;106;144;153;84;65;290009;2903;29018
"Itaguaçu da Bahia (BA)";2915353;214;199;160;146;216;184;91;89;290020;2907;29010
"Itaju do Colônia (BA)";2915403;135;96;112;93;113;119;67;69;290007;2903;29012
"Itajuípe (BA)";2915502;346;339;346;327;442;467;192;212;290007;2903;29012
"Itamaraju (BA)";2915601;967;822;1036;823;973;1056;489;500;290008;2903;29026
"Itamari (BA)";2915700;125;108;115;100;155;150;95;74;290014;2904;29015
"Itambé (BA)";2915809;359;300;359;385;441;433;219;229;290011;2904;29013
"Itanagra (BA)";2915908;96;58;78;80;89;95;46;47;290001;2901;29001
"Itanhém (BA)";2916005;379;380;391;382;507;521;231;253;290008;2903;29026
"Itaparica (BA)";2916104;322;230;332;266;262;351;104;182;290006;2902;29020
"Itapé (BA)";2916203;161;172;191;159;232;220;108;113;290007;2903;29012
"Itapebi (BA)";2916302;153;136;133;147;186;139;82;85;290009;2903;29018
"Itapetinga (BA)";2916401;937;776;1176;932;1002;1221;510;652;290015;2904;29013
"Itapicuru (BA)";2916500;515;424;498;438;532;533;247;267;290002;2901;29001
"Itapitanga (BA)";2916609;137;155;141;146;179;202;97;82;290007;2903;29012
"Itaquara (BA)";2916708;120;102;130;104;153;175;83;99;290012;2904;29015
"Itarantim (BA)";2916807;325;285;337;289;369;365;186;170;290015;2904;29013
"Itatim (BA)";2916856;196;137;235;178;199;246;138;146;290004;2902;29022
"Itiruçu (BA)";2916906;183;173;217;229;240;341;121;194;290012;2904;29015
"Itiúba (BA)";2917003;635;523;632;539;580;704;373;458;290023;2908;29024
"Itororó (BA)";2917102;367;323;397;337;456;455;235;206;290015;2904;29013
"Ituaçu (BA)";2917201;329;232;308;282;318;410;152;245;290011;2904;29003
"Ituberá (BA)";2917300;367;258;384;298;393;377;129;197;290005;2902;29027
"Iuiu (BA)";2917334;146;131;156;125;151;152;53;62;290016;2905;29007
"Jaborandi (BA)";2917359;167;125;147;142;184;182;86;76;290019;2906;29021
"Jacaraci (BA)";2917409;286;248;286;251;328;387;178;221;290016;2905;29007
"Jacobina (BA)";2917508;1295;1006;1474;1234;1163;1452;620;885;290030;2910;29014
"Jaguaquara (BA)";2917607;761;596;829;700;868;958;446;580;290012;2904;29015
"Jaguarari (BA)";2917706;534;454;521;422;535;615;292;389;290023;2908;29024
"Jaguaripe (BA)";2917805;261;185;230;182;226;236;98;132;290006;2902;29022
"Jandaíra (BA)";2917904;111;107;141;116;170;148;85;77;290002;2901;29001
"Jequié (BA)";2918001;2031;1690;2657;2153;2402;3067;1324;2006;290012;2904;29015
"Jeremoabo (BA)";2918100;618;539;640;576;629;711;371;412;290028;2909;29017
"Jiquiriçá (BA)";2918209;200;153;204;159;230;275;146;142;290003;2902;29022
"Jitaúna (BA)";2918308;211;207;221;237;301;327;166;200;290012;2904;29015
"João Dourado (BA)";2918357;335;268;338;241;316;332;170;152;290020;2907;29010
"Juazeiro (BA)";2918407;2329;1788;2654;2062;1941;2679;853;1410;290022;2908;29016
"Jucuruçu (BA)";2918456;204;180;183;141;192;145;82;82;290008;2903;29026
"Jussara (BA)";2918506;272;227;287;196;270;266;135;134;290020;2907;29010
"Jussari (BA)";2918555;121;94;124;74;141;159;56;65;290010;2903;29012
"Jussiape (BA)";2918605;142;155;212;171;207;279;138;201;290013;2904;29003
"Lafaiete Coutinho (BA)";2918704;75;72;67;60;98;95;48;83;290012;2904;29015
"Lagoa Real (BA)";2918753;219;195;251;161;238;257;129;188;290016;2905;29007
"Laje (BA)";2918803;310;234;325;268;312;361;171;223;290003;2902;29022
"Lajedão (BA)";2918902;70;65;75;61;88;88;38;44;290008;2903;29026
"Lajedinho (BA)";2919009;82;68;74;49;57;69;42;38;290031;2910;29011
"Lajedo do Tabocal (BA)";2919058;141;112;140;121;168;188;66;99;290012;2904;29015
"Lamarão (BA)";2919108;179;130;174;138;164;188;114;161;290029;2910;29025
"Lapão (BA)";2919157;404;286;407;310;353;389;178;212;290020;2907;29010
"Lauro de Freitas (BA)";2919207;2175;1286;2313;1510;1290;1761;459;901;290001;2901;29020
"Lençóis (BA)";2919306;138;86;124;114;106;129;70;91;290034;2910;29023
"Licínio de Almeida (BA)";2919405;265;209;235;180;256;332;144;169;290016;2905;29007
"Livramento de Nossa Senhora (BA)";2919504;744;642;751;648;742;849;349;524;290013;2904;29003
"Luís Eduardo Magalhães (BA)";2919553;371;228;285;180;187;180;53;76;290018;2906;29002
"Macajuba (BA)";2919603;188;151;228;160;204;246;125;180;290029;2910;29011
"Macarani (BA)";2919702;284;246;300;245;335;323;144;166;290015;2904;29013
"Macaúbas (BA)";2919801;775;668;826;716;793;993;462;584;290017;2905;29003
"Macururé (BA)";2919900;128;124;161;113;158;174;81;126;290024;2909;29017
"Madre de Deus (BA)";2919926;217;140;252;175;161;217;47;106;290001;2901;29020
"Maetinga (BA)";2919959;162;121;162;154;183;184;90;114;290011;2904;29028
"Maiquinique (BA)";2920007;140;133;161;110;159;153;89;85;290015;2904;29013
"Mairi (BA)";2920106;393;335;423;331;335;440;247;312;290029;2910;29014
"Malhada (BA)";2920205;220;209;196;143;201;221;97;96;290016;2905;29007
"Malhada de Pedras (BA)";2920304;167;159;148;160;188;172;86;100;290013;2904;29003
"Manoel Vitorino (BA)";2920403;235;229;267;231;289;284;163;182;290012;2904;29015
"Mansidão (BA)";2920452;220;152;181;139;178;202;100;109;290018;2906;29002
"Maracás (BA)";2920502;416;352;456;364;466;494;251;373;290012;2904;29015
"Maragogipe (BA)";2920601;596;448;697;547;615;870;295;504;290006;2902;29005
"Maraú (BA)";2920700;266;239;237;173;264;241;90;92;290007;2903;29012
"Marcionílio Souza (BA)";2920809;156;124;170;125;179;223;104;141;290031;2910;29011
"Mascote (BA)";2920908;281;208;236;194;323;251;168;119;290010;2903;29009
"Mata de São João (BA)";2921005;508;340;528;402;407;548;172;311;290001;2901;29004
"Matina (BA)";2921054;179;133;180;129;178;205;91;106;290016;2905;29007
"Medeiros Neto (BA)";2921104;383;376;405;399;486;467;225;268;290008;2903;29026
"Miguel Calmon (BA)";2921203;422;361;491;420;458;579;258;365;290030;2910;29014
"Milagres (BA)";2921302;168;120;203;136;189;242;101;156;290003;2902;29022
"Mirangaba (BA)";2921401;317;200;286;220;274;292;126;151;290030;2910;29014
"Mirante (BA)";2921450;164;188;188;189;231;194;101;131;290011;2904;29028
"Monte Santo (BA)";2921500;1055;897;1002;870;1020;1023;590;708;290026;2909;29025
"Morpará (BA)";2921609;170;143;147;144;181;193;75;121;290021;2907;29008
"Morro do Chapéu (BA)";2921708;559;463;589;402;575;606;267;370;290020;2907;29014
"Mortugaba (BA)";2921807;243;230;271;238;330;344;169;193;290016;2905;29007
"Mucugê (BA)";2921906;155;119;176;141;151;209;86;131;290034;2910;29023
"Mucuri (BA)";2922003;429;341;409;290;432;390;162;186;290008;2903;29026
"Mulungu do Morro (BA)";2922052;160;125;186;144;141;208;81;98;290020;2907;29010
"Mundo Novo (BA)";2922102;351;287;372;363;402;490;224;295;290029;2910;29006
"Muniz Ferreira (BA)";2922201;122;89;137;114;128;141;61;94;290003;2902;29022
"Muquém do São Francisco (BA)";2922250;160;106;120;102;138;124;56;42;290021;2907;29008
"Muritiba (BA)";2922300;402;270;517;461;369;629;201;394;290004;2902;29005
"Mutuípe (BA)";2922409;319;201;367;262;369;488;209;259;290003;2902;29022
"Nazaré (BA)";2922508;339;257;413;387;394;613;199;326;290006;2902;29022
"Nilo Peçanha (BA)";2922607;188;134;177;120;183;187;76;80;290005;2902;29027
"Nordestina (BA)";2922656;240;187;211;163;246;232;142;157;290032;2910;29025
"Nova Canaã (BA)";2922706;322;237;317;264;398;417;211;246;290011;2904;29013
"Nova Fátima (BA)";2922730;141;127;156;134;162;156;85;92;290029;2910;29006
"Nova Ibiá (BA)";2922755;122;66;88;68;125;112;59;45;290014;2904;29027
"Nova Itarana (BA)";2922805;91;80;98;101;116;133;77;102;290003;2902;29015
"Nova Redenção (BA)";2922854;141;118;181;119;143;144;85;96;290031;2910;29011
"Nova Soure (BA)";2922904;443;387;501;376;379;491;273;327;290025;2909;29019
"Nova Viçosa (BA)";2923001;503;419;505;436;507;533;220;293;290008;2903;29026
"Novo Horizonte (BA)";2923035;223;159;197;156;209;236;114;164;290034;2910;29023
"Novo Triunfo (BA)";2923050;327;156;231;168;216;208;123;131;290028;2909;29019
"Olindina (BA)";2923100;389;339;401;366;441;499;214;229;290025;2909;29019
"Oliveira dos Brejinhos (BA)";2923209;408;398;444;398;481;580;270;313;290021;2907;29008
"Ouriçangas (BA)";2923308;109;97;131;130;159;198;80;136;290029;2910;29001
"Ourolândia (BA)";2923357;308;183;239;192;230;183;101;104;290030;2910;29014
"Palmas de Monte Alto (BA)";2923407;360;270;345;276;361;371;133;202;290016;2905;29007
"Palmeiras (BA)";2923506;112;121;122;128;136;181;75;128;290034;2910;29023
"Paramirim (BA)";2923605;380;298;392;340;413;480;286;342;290013;2904;29003
"Paratinga (BA)";2923704;467;384;480;418;468;542;230;334;290017;2905;29008
"Paripiranga (BA)";2923803;464;412;539;441;472;660;313;402;290027;2909;29019
"Pau Brasil (BA)";2923902;159;167;166;137;196;182;107;85;290010;2903;29012
"Paulo Afonso (BA)";2924009;1735;1255;1903;1530;1519;1828;703;893;290024;2909;29017
"Pé de Serra (BA)";2924058;253;222;252;237;278;294;169;165;290029;2910;29006
"Pedrão (BA)";2924108;105;92;133;122;139;193;99;141;290002;2901;29001
"Pedro Alexandre (BA)";2924207;212;207;212;165;189;168;94;88;290028;2909;29017
"Piatã (BA)";2924306;341;259;361;325;365;497;192;308;290034;2910;29023
"Pilão Arcado (BA)";2924405;518;396;531;418;531;575;240;243;290022;2908;29016
"Pindaí (BA)";2924504;292;221;296;215;324;328;142;212;290016;2905;29007
"Pindobaçu (BA)";2924603;380;271;343;256;291;304;176;197;290023;2908;29024
"Pintadas (BA)";2924652;197;179;214;182;182;211;120;144;290029;2910;29006
"Piraí do Norte (BA)";2924678;132;100;102;87;118;133;71;50;290014;2904;29027
"Piripá (BA)";2924702;264;210;276;268;282;305;130;156;290011;2904;29028
"Piritiba (BA)";2924801;414;341;434;343;403;487;223;295;290030;2910;29014
"Planaltino (BA)";2924900;178;124;134;130;145;203;82;111;290012;2904;29015
"Planalto (BA)";2925006;411;340;430;386;491;556;222;262;290011;2904;29028
"Poções (BA)";2925105;680;631;824;755;893;999;508;625;290011;2904;29028
"Pojuca (BA)";2925204;389;270;435;303;337;425;133;225;290001;2901;29004
"Ponto Novo (BA)";2925253;253;257;295;253;261;288;143;137;290023;2908;29024
"Porto Seguro (BA)";2925303;1336;894;1207;879;970;888;370;419;290009;2903;29018
"Potiraguá (BA)";2925402;140;141;151;139;194;166;82;92;290015;2904;29013
"Prado (BA)";2925501;441;316;383;310;385;368;149;166;290008;2903;29026
"Presidente Dutra (BA)";2925600;227;209;245;216;241;266;102;124;290020;2907;29010
"Presidente Jânio Quadros (BA)";2925709;271;238;303;242;340;357;138;205;290011;2904;29028
"Presidente Tancredo Neves (BA)";2925758;331;231;284;231;302;279;200;176;290005;2902;29022
"Queimadas (BA)";2925808;446;377;462;404;482;521;257;360;290032;2910;29025
"Quijingue (BA)";2925907;548;374;492;417;507;510;317;358;290026;2909;29025
"Quixabeira (BA)";2925931;208;163;211;169;186;191;109;121;290030;2910;29014
"Rafael Jambeiro (BA)";2925956;413;306;429;384;459;553;226;343;290029;2910;29006
"Remanso (BA)";2926004;673;519;724;555;598;741;301;384;290022;2908;29016
"Retirolândia (BA)";2926103;238;192;245;184;218;208;119;131;290032;2910;29025
"Riachão das Neves (BA)";2926202;408;315;349;299;371;351;191;174;290018;2906;29002
"Riachão do Jacuípe (BA)";2926301;636;520;692;540;588;739;360;446;290029;2910;29006
"Riacho de Santana (BA)";2926400;510;404;554;419;598;635;277;382;290016;2905;29007
"Ribeira do Amparo (BA)";2926509;225;182;230;210;261;313;145;162;290025;2909;29019
"Ribeira do Pombal (BA)";2926608;818;657;858;764;835;919;402;451;290025;2909;29019
"Ribeirão do Largo (BA)";2926657;153;122;137;105;146;111;57;74;290011;2904;29028
"Rio de Contas (BA)";2926707;249;255;319;257;284;378;168;238;290013;2904;29003
"Rio do Antônio (BA)";2926806;302;213;284;210;312;316;164;174;290016;2905;29007
"Rio do Pires (BA)";2926905;209;205;271;193;279;317;141;189;290013;2904;29003
"Rio Real (BA)";2927002;517;418;541;444;562;634;285;277;290002;2901;29001
"Rodelas (BA)";2927101;105;100;133;97;88;121;43;68;290024;2909;29017
"Ruy Barbosa (BA)";2927200;458;417;588;492;522;690;314;488;290031;2910;29011
"Salinas da Margarida (BA)";2927309;175;144;205;175;166;234;76;148;290006;2902;29022
"Salvador (BA)";2927408;36021;22900;47383;33970;26293;45655;10275;25149;290001;2901;29020
"Santa Bárbara (BA)";2927507;295;267;334;306;327;446;173;245;290029;2910;29006
"Santa Brígida (BA)";2927606;229;197;236;214;293;269;155;144;290024;2909;29017
"Santa Cruz Cabrália (BA)";2927705;346;278;327;227;302;239;115;108;290009;2903;29018
"Santa Cruz da Vitória (BA)";2927804;114;87;119;99;151;140;55;57;290007;2903;29012
"Santa Inês (BA)";2927903;157;131;179;171;173;281;150;223;290012;2904;29015
"Santaluz (BA)";2928000;611;472;579;458;513;574;287;387;290032;2910;29025
"Santa Luzia (BA)";2928059;257;167;181;167;280;197;134;101;290010;2903;29009
"Santa Maria da Vitória (BA)";2928109;648;491;703;536;745;807;327;370;290019;2906;29021
"Santana (BA)";2928208;468;391;500;385;480;610;241;304;290018;2906;29021
"Santanópolis (BA)";2928307;154;125;170;157;170;273;90;145;290029;2910;29006
"Santa Rita de Cássia (BA)";2928406;422;349;435;334;428;533;228;274;290018;2906;29002
"Santa Terezinha (BA)";2928505;148;164;184;148;226;276;135;206;290004;2902;29022
"Santo Amaro (BA)";2928604;852;633;1034;835;768;1093;363;701;290001;2901;29020
"Santo Antônio de Jesus (BA)";2928703;1094;712;1391;967;983;1614;507;910;290003;2902;29022
"Santo Estêvão (BA)";2928802;584;501;819;679;711;997;355;555;290029;2910;29006
"São Desidério (BA)";2928901;341;263;294;230;347;354;182;153;290018;2906;29002
"São Domingos (BA)";2928950;198;147;213;157;179;171;117;124;290032;2910;29025
"São Félix (BA)";2929008;170;124;210;158;172;236;85;184;290004;2902;29005
"São Félix do Coribe (BA)";2929057;166;143;190;148;191;199;94;108;290019;2906;29021
"São Felipe (BA)";2929107;316;244;340;285;360;506;177;300;290004;2902;29022
"São Francisco do Conde (BA)";2929206;334;259;422;306;263;388;116;158;290001;2901;29020
"São Gabriel (BA)";2929255;308;254;279;236;274;294;138;127;290020;2907;29010
"São Gonçalo dos Campos (BA)";2929305;385;346;527;445;499;717;212;351;290029;2910;29006
"São José da Vitória (BA)";2929354;105;79;90;80;124;110;57;56;290007;2903;29012
"São José do Jacuípe (BA)";2929370;180;168;217;153;199;204;109;126;290030;2910;29014
"São Miguel das Matas (BA)";2929404;170;131;170;155;196;222;93;132;290003;2902;29022
"São Sebastião do Passé (BA)";2929503;584;410;594;514;515;660;226;336;290001;2901;29020
"Sapeaçu (BA)";2929602;231;168;285;261;238;383;122;246;290004;2902;29005
"Sátiro Dias (BA)";2929701;334;267;348;272;334;398;171;204;290002;2901;29001
"Saubara (BA)";2929750;177;128;196;169;195;269;85;139;290001;2901;29020
"Saúde (BA)";2929800;232;180;237;205;212;241;109;151;290030;2910;29014
"Seabra (BA)";2929909;633;485;713;539;612;809;332;494;290034;2910;29023
"Sebastião Laranjeiras (BA)";2930006;171;134;153;121;175;183;77;80;290016;2905;29007
"Senhor do Bonfim (BA)";2930105;1111;914;1319;1082;1118;1436;599;948;290023;2908;29024
"Serra do Ramalho (BA)";2930154;475;454;464;402;601;512;232;213;290017;2905;29021
"Sento Sé (BA)";2930204;484;405;451;373;450;485;213;273;290022;2908;29016
"Serra Dourada (BA)";2930303;317;277;307;255;373;375;161;220;290018;2906;29021
"Serra Preta (BA)";2930402;238;280;356;326;301;425;231;277;290029;2910;29006
"Serrinha (BA)";2930501;994;815;1215;1036;1037;1301;529;733;290033;2910;29025
"Serrolândia (BA)";2930600;234;196;246;238;234;293;141;149;290030;2910;29014
"Simões Filho (BA)";2930709;1328;846;1421;980;933;1201;304;489;290001;2901;29004
"Sítio do Mato (BA)";2930758;154;124;149;134;170;165;75;88;290017;2905;29021
"Sítio do Quinto (BA)";2930766;223;227;221;182;200;227;125;137;290028;2909;29019
"Sobradinho (BA)";2930774;346;303;372;325;326;361;104;160;290022;2908;29016
"Souto Soares (BA)";2930808;235;232;226;227;227;289;113;145;290034;2910;29023
"Tabocas do Brejo Velho (BA)";2930907;178;160;183;147;239;262;109;130;290018;2906;29002
"Tanhaçu (BA)";2931004;361;327;380;306;395;421;221;282;290011;2904;29003
"Tanque Novo (BA)";2931053;311;215;295;235;307;332;153;175;290016;2905;29007
"Tanquinho (BA)";2931103;150;96;163;151;147;160;79;131;290029;2910;29006
"Taperoá (BA)";2931202;249;188;247;175;263;258;128;129;290005;2902;29027
"Tapiramutá (BA)";2931301;213;147;211;143;176;228;87;126;290030;2910;29014
"Teixeira de Freitas (BA)";2931350;1727;1385;2019;1489;1800;1922;771;987;290008;2903;29026
"Teodoro Sampaio (BA)";2931400;97;106;166;148;142;207;70;132;290002;2901;29006
"Teofilândia (BA)";2931509;338;279;344;264;274;327;139;190;290033;2910;29025
"Teolândia (BA)";2931608;177;157;173;137;191;150;94;93;290014;2904;29027
"Terra Nova (BA)";2931707;163;120;236;195;194;283;100;144;290001;2901;29006
"Tremedal (BA)";2931806;363;324;376;382;492;474;226;280;290011;2904;29028
"Tucano (BA)";2931905;915;743;1014;792;904;1010;529;660;290025;2909;29025
"Uauá (BA)";2932002;452;374;450;403;524;587;291;415;290022;2908;29016
"Ubaíra (BA)";2932101;351;247;338;272;372;433;220;254;290003;2902;29022
"Ubaitaba (BA)";2932200;333;267;353;276;357;391;188;200;290007;2903;29012
"Ubatã (BA)";2932309;404;328;415;326;465;481;216;234;290014;2904;29012
"Uibaí (BA)";2932408;255;207;252;225;284;314;132;141;290020;2907;29010
"Umburanas (BA)";2932457;221;213;196;182;225;208;104;97;290030;2910;29014
"Una (BA)";2932507;414;361;356;258;415;274;164;144;290010;2903;29009
"Urandi (BA)";2932606;298;245;321;219;292;338;147;217;290016;2905;29007
"Uruçuca (BA)";2932705;368;266;294;291;380;319;137;185;290007;2903;29009
"Utinga (BA)";2932804;253;208;295;200;255;323;116;180;290031;2910;29011
"Valença (BA)";2932903;1179;877;1294;968;1095;1379;544;765;290005;2902;29027
"Valente (BA)";2933000;427;328;411;357;386;419;221;235;290032;2910;29025
"Várzea da Roça (BA)";2933059;259;216;316;229;282;278;159;185;290029;2910;29014
"Várzea do Poço (BA)";2933109;156;136;170;168;169;195;115;127;290030;2910;29014
"Várzea Nova (BA)";2933158;266;192;248;190;245;227;105;134;290030;2910;29014
"Varzedo (BA)";2933174;164;121;185;153;159;206;88;117;290003;2902;29022
"Vera Cruz (BA)";2933208;633;454;644;446;550;566;184;298;290006;2902;29020
"Vereda (BA)";2933257;118;115;130;87;144;161;88;80;290008;2903;29026
"Vitória da Conquista (BA)";2933307;4229;3249;5050;4064;4148;5226;1895;2732;290011;2904;29028
"Wagner (BA)";2933406;143;131;164;140;143;182;81;94;290031;2910;29011
"Wanderley (BA)";2933455;202;160;187;169;213;203;87;83;290018;2906;29002
"Wenceslau Guimarães (BA)";2933505;316;222;238;206;274;230;146;166;290014;2904;29027
"Xique-Xique (BA)";2933604;610;508;688;591;712;897;290;414;290021;2907;29010
"Abadia dos Dourados (MG)";3100104;168;138;158;133;152;119;46;67;310061;3111;31074
"Abaeté (MG)";3100203;498;384;484;411;446;578;211;268;310070;3113;31024
"Abre Campo (MG)";3100302;250;184;270;223;307;327;125;154;310028;3106;31059
"Acaiaca (MG)";3100401;71;78;76;74;87;103;37;68;310030;3106;31060
"Açucena (MG)";3100500;201;184;213;194;273;319;125;146;310024;3105;31037
"Água Boa (MG)";3100609;220;206;235;215;273;279;84;152;310014;3103;31081
"Água Comprida (MG)";3100708;52;39;44;25;60;47;16;22;310055;3110;31072
"Aguanil (MG)";3100807;109;64;98;70;97;92;38;44;310048;3108;31089
"Águas Formosas (MG)";3100906;309;311;360;318;401;448;158;195;310019;3103;31062
"Águas Vermelhas (MG)";3101003;244;165;211;187;213;214;90;133;310018;3103;31068
"Aimorés (MG)";3101102;493;386;557;465;552;724;273;368;310023;3104;31040
"Aiuruoca (MG)";3101201;143;131;138;122;174;174;69;63;310054;3109;31008
"Alagoa (MG)";3101300;66;36;60;44;73;72;29;32;310053;3109;31008
"Albertina (MG)";3101409;49;52;52;49;63;69;23;31;310050;3109;31006
"Além Paraíba (MG)";3101508;652;443;757;638;682;981;303;559;310036;3106;31041
"Alfenas (MG)";3101607;1385;1031;1522;1087;1231;1538;519;738;310042;3108;31001
"Alfredo Vasconcelos (MG)";3101631;98;105;111;71;95;112;37;37;310037;3107;31013
"Almenara (MG)";3101706;650;614;697;602;756;901;325;387;310015;3103;31094
"Alpercata (MG)";3101805;133;117;118;130;149;179;60;83;310020;3104;31036
"Alpinópolis (MG)";3101904;361;232;314;268;335;375;140;178;310041;3108;31092
"Alterosa (MG)";3102001;330;246;278;229;366;319;133;161;310042;3108;31001
"Alto Caparaó (MG)";3102050;80;65;85;63;101;93;43;47;310028;3106;31059
"Alto Rio Doce (MG)";3102100;253;230;307;227;296;338;129;184;310037;3107;31013
"Alvarenga (MG)";3102209;89;85;91;67;100;114;52;59;310025;3105;31040
"Alvinópolis (MG)";3102308;303;238;350;275;350;456;154;251;310030;3106;31060
"Alvorada de Minas (MG)";3102407;41;46;47;42;50;66;27;39;310016;3103;31095
"Amparo do Serra (MG)";3102506;105;70;115;105;128;146;71;80;310030;3106;31060
"Andradas (MG)";3102605;752;592;803;597;811;908;319;428;310051;3109;31006
"Cachoeira de Pajeú (MG)";3102704;188;135;170;149;190;202;86;91;310018;3103;31068
"Andrelândia (MG)";3102803;297;207;310;234;285;319;113;139;310027;3106;31090
"Angelândia (MG)";3102852;100;77;118;97;104;128;41;57;310014;3103;31099
"Antônio Carlos (MG)";3102902;238;189;247;170;183;240;65;122;310037;3107;31013
"Antônio Dias (MG)";3103009;154;131;177;138;189;184;57;87;310024;3105;31035
"Antônio Prado de Minas (MG)";3103108;40;40;40;33;54;63;24;30;310031;3106;31045
"Araçaí (MG)";3103207;55;29;43;38;48;58;12;24;310002;3101;31024
"Aracitaba (MG)";3103306;59;44;43;36;51;69;30;24;310027;3106;31046
"Araçuaí (MG)";3103405;573;482;601;558;671;894;312;513;310017;3103;31064
"Araguari (MG)";3103504;2113;1609;2387;1814;1992;2533;722;1204;310059;3111;31075
"Arantina (MG)";3103603;59;42;63;49;68;91;25;30;310027;3106;31090
"Araponga (MG)";3103702;131;86;128;95;142;144;46;77;310033;3106;31061
"Araporã (MG)";3103751;121;79;88;64;101;87;25;35;310059;3111;31075
"Arapuá (MG)";3103801;71;59;73;52;78;90;37;35;310062;3112;31082
"Araújos (MG)";3103900;130;86;129;113;134;139;69;81;310065;3113;31086
"Araxá (MG)";3104007;1686;1257;1709;1371;1425;1921;550;901;310056;3110;31070
"Arceburgo (MG)";3104106;188;153;180;160;189;226;78;116;310044;3108;31002
"Arcos (MG)";3104205;690;531;741;516;598;674;221;315;310066;3113;31087
"Areado (MG)";3104304;268;239;305;240;298;338;132;171;310042;3108;31001
"Argirita (MG)";3104403;63;64;78;66;86;84;48;58;310032;3106;31044
"Aricanduva (MG)";3104452;76;63;81;66;70;85;32;55;310014;3103;31027
"Arinos (MG)";3104502;296;241;286;247;362;293;136;142;310063;3112;31058
"Astolfo Dutra (MG)";3104601;259;217;272;250;293;288;144;153;310032;3106;31044
"Ataléia (MG)";3104700;298;249;283;289;330;355;158;205;310013;3103;31099
"Augusto de Lima (MG)";3104809;95;80;89;83;115;115;48;60;310004;3101;31019
"Baependi (MG)";3104908;401;302;389;301;404;430;180;235;310054;3109;31008
"Baldim (MG)";3105004;140;157;183;151;185;239;72;126;310002;3101;31024
"Bambuí (MG)";3105103;513;403;538;452;566;670;174;301;310066;3113;31030
"Bandeira (MG)";3105202;112;89;117;108;117;109;59;59;310015;3103;31094
"Bandeira do Sul (MG)";3105301;108;83;120;80;110;89;41;37;310051;3109;31001
"Barão de Cocais (MG)";3105400;401;280;449;295;335;507;158;246;310003;3101;31021
"Barão do Monte Alto (MG)";3105509;134;110;131;110;160;174;86;101;310031;3106;31045
"Barbacena (MG)";3105608;2347;1643;2836;2123;1938;2899;728;1517;310037;3107;31013
"Barra Longa (MG)";3105707;161;123;143;117;173;232;81;155;310030;3106;31060
"Barroso (MG)";3105905;328;263;421;309;325;409;99;165;310037;3107;31015
"Bela Vista de Minas (MG)";3106002;173;125;202;149;184;256;48;108;310026;3105;31023
"Belmiro Braga (MG)";3106101;77;66;72;69;95;72;33;53;310027;3106;31097
"Belo Horizonte (MG)";3106200;39958;28991;53230;40022;35946;55776;14249;31400;310001;3101;31016
"Belo Oriente (MG)";3106309;331;263;375;269;365;383;157;179;310024;3105;31037
"Belo Vale (MG)";3106408;199;129;175;138;175;202;69;97;310038;3107;31016
"Berilo (MG)";3106507;192;114;178;190;176;255;63;116;310017;3103;31064
"Bertópolis (MG)";3106606;77;97;66;70;103;91;45;42;310019;3103;31062
"Berizal (MG)";3106655;75;58;83;59;58;87;30;47;310008;3102;31085
"Betim (MG)";3106705;4505;3017;4888;3430;3332;4431;1152;1960;310001;3101;31017
"Bias Fortes (MG)";3106804;101;78;102;66;80;107;40;53;310027;3106;31090
"Bicas (MG)";3106903;305;228;358;284;323;426;124;250;310035;3106;31047
"Biquinhas (MG)";3107000;78;65;75;73;90;78;28;29;310070;3113;31024
"Boa Esperança (MG)";3107109;701;553;730;599;736;773;326;485;310046;3108;31011
"Bocaina de Minas (MG)";3107208;105;88;89;84;118;112;55;47;310027;3106;31090
"Bocaiúva (MG)";3107307;712;545;712;592;632;794;239;370;310006;3102;31083
"Bom Despacho (MG)";3107406;807;621;881;716;775;949;260;462;310067;3113;31028
"Bom Jardim de Minas (MG)";3107505;142;128;154;120;173;200;68;61;310027;3106;31090
"Bom Jesus da Penha (MG)";3107604;82;74;103;60;78;77;40;43;310041;3108;31092
"Bom Jesus do Amparo (MG)";3107703;114;91;110;94;90;147;47;68;310005;3101;31021
"Bom Jesus do Galho (MG)";3107802;342;274;339;263;410;409;164;187;310025;3105;31034
"Bom Repouso (MG)";3107901;217;149;192;142;183;151;60;57;310050;3109;31007
"Bom Sucesso (MG)";3108008;368;291;385;285;348;466;172;249;310043;3108;31015
"Bonfim (MG)";3108107;186;159;196;160;198;250;76;94;310069;3113;31017
"Bonfinópolis de Minas (MG)";3108206;121;93;123;104;116;119;58;66;310063;3112;31058
"Bonito de Minas (MG)";3108255;140;124;139;119;182;196;63;76;310009;3102;31053
"Borda da Mata (MG)";3108305;377;308;366;293;432;471;178;213;310050;3109;31007
"Botelhos (MG)";3108404;344;232;313;268;356;386;138;185;310051;3109;31001
"Botumirim (MG)";3108503;115;69;92;72;82;119;36;41;310006;3102;31051
"Brasilândia de Minas (MG)";3108552;174;153;170;142;177;168;53;69;310062;3112;31077
"Brasília de Minas (MG)";3108602;533;449;597;493;598;664;272;337;310006;3102;31049
"Brás Pires (MG)";3108701;114;79;106;93;123;133;49;73;310029;3106;31048
"Braúnas (MG)";3108800;87;96;109;98;159;184;67;100;310024;3105;31037
"Brazópolis (MG)";3108909;360;258;337;259;357;411;164;213;310052;3109;31003
"Brumadinho (MG)";3109006;673;465;608;466;542;646;200;319;310001;3101;31017
"Bueno Brandão (MG)";3109105;280;211;252;187;271;258;100;121;310050;3109;31007
"Buenópolis (MG)";3109204;201;187;212;167;227;225;80;133;310004;3101;31019
"Bugre (MG)";3109253;70;73;67;70;124;104;42;40;310024;3105;31037
"Buritis (MG)";3109303;376;283;359;231;367;314;122;149;310063;3112;31058
"Buritizeiro (MG)";3109402;404;303;370;274;342;359;115;164;310010;3102;31055
"Cabeceira Grande (MG)";3109451;125;82;99;84;124;101;42;28;310063;3112;31058
"Cabo Verde (MG)";3109501;274;174;235;197;299;259;87;138;310044;3108;31002
"Cachoeira da Prata (MG)";3109600;78;65;95;87;74;112;28;61;310002;3101;31024
"Cachoeira de Minas (MG)";3109709;271;193;243;190;269;243;107;108;310050;3109;31007
"Cachoeira Dourada (MG)";3109808;45;31;47;30;54;66;35;29;310060;3111;31073
"Caetanópolis (MG)";3109907;201;133;213;145;181;236;62;113;310002;3101;31024
"Caeté (MG)";3110004;748;569;850;662;710;958;251;447;310001;3101;31016
"Caiana (MG)";3110103;73;60;69;63;94;101;36;39;310034;3106;31042
"Cajuri (MG)";3110202;75;82;69;71;86;107;47;49;310033;3106;31061
"Caldas (MG)";3110301;353;289;356;253;353;362;161;162;310051;3109;31006
"Camacho (MG)";3110400;78;60;69;43;66;72;20;32;310065;3113;31089
"Camanducaia (MG)";3110509;459;302;422;278;406;382;145;135;310050;3109;31007
"Cambuí (MG)";3110608;577;428;638;456;660;617;265;261;310050;3109;31007
"Cambuquira (MG)";3110707;297;193;282;195;277;350;118;216;310045;3108;31010
"Campanário (MG)";3110806;53;56;70;63;67;83;32;32;310013;3103;31096
"Campanha (MG)";3110905;278;233;298;230;266;361;122;212;310045;3108;31010
"Campestre (MG)";3111002;496;350;400;326;473;395;189;208;310051;3109;31001
"Campina Verde (MG)";3111101;459;410;428;341;473;492;217;222;310059;3111;31073
"Campo Azul (MG)";3111150;82;59;66;59;103;86;41;39;310006;3102;31049
"Campo Belo (MG)";3111200;1070;812;1204;911;1079;1394;481;710;310048;3108;31089
"Campo do Meio (MG)";3111309;221;163;246;187;248;251;85;105;310042;3108;31001
"Campo Florido (MG)";3111408;121;71;114;73;135;106;43;36;310055;3110;31072
"Campos Altos (MG)";3111507;225;152;226;203;219;258;86;98;310056;3110;31070
"Campos Gerais (MG)";3111606;545;415;493;433;500;505;202;228;310042;3108;31001
"Canaã (MG)";3111705;98;73;88;82;118;122;58;52;310033;3106;31061
"Canápolis (MG)";3111804;199;185;200;149;195;194;108;90;310059;3111;31073
"Cana Verde (MG)";3111903;146;101;125;103;137;157;54;68;310043;3108;31089
"Candeias (MG)";3112000;347;251;322;267;366;387;159;214;310048;3108;31089
"Cantagalo (MG)";3112059;78;43;70;73;76;111;37;51;310021;3104;31080
"Caparaó (MG)";3112109;79;45;63;51;69;69;23;29;310028;3106;31042
"Capela Nova (MG)";3112208;92;79;107;98;121;144;64;85;310038;3107;31013
"Capelinha (MG)";3112307;426;318;460;422;381;514;145;240;310014;3103;31027
"Capetinga (MG)";3112406;175;116;149;109;165;170;62;85;310041;3108;31091
"Capim Branco (MG)";3112505;138;127;142;133;153;193;91;117;310002;3101;31024
"Capinópolis (MG)";3112604;287;261;306;259;364;301;144;125;310060;3111;31073
"Capitão Andrade (MG)";3112653;110;79;91;97;110;122;56;49;310020;3104;31036
"Capitão Enéas (MG)";3112703;189;143;184;167;196;214;77;98;310006;3102;31051
"Capitólio (MG)";3112802;184;110;176;109;171;169;83;90;310049;3108;31093
"Caputira (MG)";3112901;144;128;157;136;183;179;88;106;310028;3106;31059
"Caraí (MG)";3113008;332;311;356;308;459;515;186;210;310013;3103;31067
"Caranaíba (MG)";3113107;62;49;56;55;87;81;22;38;310038;3107;31079
"Carandaí (MG)";3113206;417;293;482;342;341;484;129;221;310038;3107;31013
"Carangola (MG)";3113305;677;476;761;535;678;811;313;520;310034;3106;31042
"Caratinga (MG)";3113404;1407;1085;1577;1320;1601;1850;639;877;310025;3105;31034
"Carbonita (MG)";3113503;150;127;159;121;162;200;54;110;310016;3103;31026
"Careaçu (MG)";3113602;114;111;138;76;138;140;59;62;310050;3109;31007
"Carlos Chagas (MG)";3113701;379;328;428;356;453;481;235;293;310013;3103;31066
"Carmésia (MG)";3113800;47;40;50;45;44;57;24;35;310005;3101;31020
"Carmo da Cachoeira (MG)";3113909;222;142;202;147;197;223;75;97;310045;3108;31010
"Carmo da Mata (MG)";3114006;235;152;216;212;244;275;99;168;310065;3113;31088
"Carmo de Minas (MG)";3114105;249;165;207;180;218;244;94;131;310053;3109;31008
"Carmo do Cajuru (MG)";3114204;387;264;394;300;319;376;131;183;310065;3113;31086
"Carmo do Paranaíba (MG)";3114303;603;437;596;529;541;709;237;316;310062;3112;31082
"Carmo do Rio Claro (MG)";3114402;467;307;367;312;414;445;156;218;310041;3108;31092
"Carmópolis de Minas (MG)";3114501;360;209;304;251;361;383;118;144;310069;3113;31088
"Carneirinho (MG)";3114550;215;158;198;136;207;170;93;95;310058;3110;31071
"Carrancas (MG)";3114600;83;64;87;71;114;93;33;42;310043;3108;31004
"Carvalhópolis (MG)";3114709;79;61;77;51;97;84;45;51;310042;3108;31001
"Carvalhos (MG)";3114808;115;92;97;77;111;124;56;55;310054;3109;31008
"Casa Grande (MG)";3114907;51;40;56;37;53;50;24;28;310038;3107;31079
"Cascalho Rico (MG)";3115003;83;72;57;66;73;64;35;19;310059;3111;31075
"Cássia (MG)";3115102;408;300;399;286;379;406;144;220;310041;3108;31091
"Conceição da Barra de Minas (MG)";3115201;82;64;83;60;94;92;34;31;310039;3107;31015
"Cataguases (MG)";3115300;1362;1054;1579;1319;1440;1813;578;986;310032;3106;31044
"Catas Altas (MG)";3115359;85;55;83;64;67;83;26;45;310003;3101;31021
"Catas Altas da Noruega (MG)";3115409;69;55;66;58;53;77;30;38;310038;3107;31079
"Catuji (MG)";3115458;94;79;108;77;115;123;36;78;310013;3103;31067
"Catuti (MG)";3115474;83;69;84;80;86;101;24;35;310012;3102;31052
"Caxambu (MG)";3115508;433;379;537;434;450;608;208;318;310054;3109;31008
"Cedro do Abaeté (MG)";3115607;31;22;23;25;40;49;10;10;310070;3113;31024
"Central de Minas (MG)";3115706;141;138;150;131;176;181;66;99;310022;3104;31038
"Centralina (MG)";3115805;232;188;204;177;264;240;99;102;310059;3111;31073
"Chácara (MG)";3115904;59;52;70;59;87;78;24;29;310027;3106;31097
"Chalé (MG)";3116001;96;76;107;88;121;138;65;72;310028;3106;31059
"Chapada do Norte (MG)";3116100;201;135;234;195;182;246;51;106;310014;3103;31027
"Chapada Gaúcha (MG)";3116159;147;116;104;119;147;129;51;63;310011;3102;31058
"Chiador (MG)";3116209;71;48;63;64;62;71;23;39;310027;3106;31097
"Cipotânea (MG)";3116308;135;100;121;122;164;173;58;91;310037;3107;31013
"Claraval (MG)";3116407;115;79;81;67;89;82;28;25;310041;3108;31091
"Claro dos Poções (MG)";3116506;131;119;160;139;176;190;51;84;310006;3102;31084
"Cláudio (MG)";3116605;421;296;416;327;408;458;157;239;310065;3113;31086
"Coimbra (MG)";3116704;150;100;159;114;163;166;84;123;310033;3106;31048
"Coluna (MG)";3116803;144;138;158;162;161;209;51;100;310021;3104;31026
"Comendador Gomes (MG)";3116902;65;45;43;38;53;55;24;22;310057;3110;31071
"Comercinho (MG)";3117009;160;154;166;156;200;210;93;106;310018;3103;31065
"Conceição da Aparecida (MG)";3117108;195;140;190;143;210;212;91;122;310042;3108;31001
"Conceição das Pedras (MG)";3117207;53;43;51;48;63;61;39;33;310052;3109;31003
"Conceição das Alagoas (MG)";3117306;339;233;332;240;282;325;114;96;310055;3110;31072
"Conceição de Ipanema (MG)";3117405;88;83;99;92;114;135;50;60;310028;3106;31059
"Conceição do Mato Dentro (MG)";3117504;299;236;338;308;346;440;151;296;310002;3101;31095
"Conceição do Pará (MG)";3117603;118;85;106;99;119;125;53;64;310065;3113;31032
"Conceição do Rio Verde (MG)";3117702;247;224;251;215;271;304;90;133;310053;3109;31008
"Conceição dos Ouros (MG)";3117801;193;129;204;150;180;180;81;63;310050;3109;31007
"Cônego Marinho (MG)";3117836;142;118;145;95;128;156;67;90;310009;3102;31053
"Confins (MG)";3117876;89;69;84;88;84;106;30;55;310001;3101;31025
"Congonhal (MG)";3117900;239;192;216;164;220;224;84;107;310050;3109;31007
"Congonhas (MG)";3118007;736;491;864;597;624;846;201;377;310038;3107;31078
"Congonhas do Norte (MG)";3118106;99;73;106;96;113;131;36;66;310002;3101;31026
"Conquista (MG)";3118205;139;100;147;106;123;123;55;90;310055;3110;31072
"Conselheiro Lafaiete (MG)";3118304;2021;1419;2397;1748;1551;2421;577;1189;310038;3107;31079
"Conselheiro Pena (MG)";3118403;446;328;476;414;470;540;224;283;310020;3104;31040
"Consolação (MG)";3118502;49;33;42;34;56;56;15;21;310050;3109;31003
"Contagem (MG)";3118601;8931;6187;10737;7552;6835;9410;2088;4022;310001;3101;31018
"Coqueiral (MG)";3118700;193;124;179;139;219;222;85;113;310046;3108;31011
"Coração de Jesus (MG)";3118809;460;368;465;396;446;531;167;262;310006;3102;31050
"Cordisburgo (MG)";3118908;190;153;177;163;222;223;69;119;310002;3101;31024
"Cordislândia (MG)";3119005;86;62;66;51;72;59;21;35;310040;3108;31012
"Corinto (MG)";3119104;458;348;458;403;489;595;218;313;310004;3101;31019
"Coroaci (MG)";3119203;167;191;203;204;256;287;95;156;310020;3104;31036
"Coromandel (MG)";3119302;622;441;537;454;495;566;170;267;310064;3112;31074
"Coronel Fabriciano (MG)";3119401;1593;1126;1904;1491;1545;2053;598;938;310024;3105;31035
"Coronel Murta (MG)";3119500;148;119;155;146;219;213;76;136;310017;3103;31064
"Coronel Pacheco (MG)";3119609;69;51;67;55;64;83;30;37;310027;3106;31097
"Coronel Xavier Chaves (MG)";3119708;83;53;70;52;74;82;26;30;310039;3107;31015
"Córrego Danta (MG)";3119807;106;92;83;74;109;91;31;41;310066;3113;31030
"Córrego do Bom Jesus (MG)";3119906;122;97;122;88;137;119;55;58;310050;3109;31007
"Córrego Fundo (MG)";3119955;101;88;107;82;131;119;30;46;310066;3113;31030
"Córrego Novo (MG)";3120003;69;43;74;43;70;71;45;35;310025;3105;31035
"Couto de Magalhães de Minas (MG)";3120102;63;64;80;56;69;113;24;54;310016;3103;31026
"Crisólita (MG)";3120151;107;102;112;81;137;145;50;61;310019;3103;31062
"Cristais (MG)";3120201;231;201;220;162;237;279;96;121;310048;3108;31089
"Cristália (MG)";3120300;67;44;69;49;58;81;23;31;310006;3102;31051
"Cristiano Otoni (MG)";3120409;97;52;99;78;80;108;20;44;310038;3107;31079
"Cristina (MG)";3120508;221;175;223;177;206;247;84;115;310053;3109;31008
"Crucilândia (MG)";3120607;109;77;104;86;123;118;51;77;310069;3113;31017
"Cruzeiro da Fortaleza (MG)";3120706;72;44;56;55;72;83;32;43;310064;3112;31057
"Cruzília (MG)";3120805;290;217;315;260;342;371;108;154;310054;3109;31008
"Cuparaque (MG)";3120839;86;58;94;66;80;108;35;48;310023;3104;31040
"Curral de Dentro (MG)";3120870;105;99;122;94;109;109;48;61;310008;3102;31085
"Curvelo (MG)";3120904;1237;957;1411;1132;1352;1609;489;934;310004;3101;31019
"Datas (MG)";3121001;82;56;80;90;76;132;39;53;310016;3103;31026
"Delfim Moreira (MG)";3121100;147;127;151;107;154;155;81;64;310052;3109;31003
"Delfinópolis (MG)";3121209;141;123;139;97;127;133;61;70;310041;3108;31091
"Delta (MG)";3121258;96;63;86;82;72;66;31;26;310055;3110;31072
"Descoberto (MG)";3121308;109;76;91;80;121;128;57;71;310035;3106;31047
"Desterro de Entre Rios (MG)";3121407;168;136;178;163;204;217;74;92;310038;3107;31078
"Desterro do Melo (MG)";3121506;72;45;71;61;73;82;35;44;310037;3107;31013
"Diamantina (MG)";3121605;640;511;737;601;651;980;272;547;310016;3103;31026
"Diogo de Vasconcelos (MG)";3121704;88;73;79;62;103;132;50;90;310030;3106;31060
"Dionísio (MG)";3121803;166;143;227;162;193;244;101;137;310024;3105;31035
"Divinésia (MG)";3121902;57;38;57;45;74;89;36;39;310029;3106;31048
"Divino (MG)";3122009;324;255;309;270;366;379;158;175;310034;3106;31042
"Divino das Laranjeiras (MG)";3122108;99;102;101;100;117;134;60;67;310020;3104;31038
"Divinolândia de Minas (MG)";3122207;117;86;104;104;123;173;67;78;310021;3104;31036
"Divinópolis (MG)";3122306;3734;2503;4280;3106;3172;4224;1128;1974;310065;3113;31086
"Divisa Alegre (MG)";3122355;80;53;99;66;78;81;28;41;310018;3103;31068
"Divisa Nova (MG)";3122405;122;92;107;82;148;129;58;57;310042;3108;31001
"Divisópolis (MG)";3122454;152;110;159;123;168;152;79;86;310018;3103;31068
"Dom Bosco (MG)";3122470;70;62;56;42;64;68;35;22;310063;3112;31058
"Dom Cavati (MG)";3122504;118;87;143;118;150;168;77;72;310024;3105;31037
"Dom Joaquim (MG)";3122603;85;73;104;76;110;128;49;83;310021;3104;31020
"Dom Silvério (MG)";3122702;107;106;131;132;154;208;79;97;310030;3106;31060
"Dom Viçoso (MG)";3122801;74;67;59;43;85;81;27;23;310053;3109;31008
"Dona Euzébia (MG)";3122900;101;78;117;89;107;137;54;71;310032;3106;31044
"Dores de Campos (MG)";3123007;199;123;209;160;156;186;52;78;310037;3107;31015
"Dores de Guanhães (MG)";3123106;85;83;104;84;134;176;41;59;310021;3104;31020
"Dores do Indaiá (MG)";3123205;317;251;367;324;375;522;171;218;310067;3113;31028
"Dores do Turvo (MG)";3123304;108;82;101;98;121;96;48;58;310029;3106;31048
"Doresópolis (MG)";3123403;35;22;35;19;27;23;10;17;310049;3108;31093
"Douradoquara (MG)";3123502;70;36;35;37;51;41;11;13;310061;3111;31074
"Durandé (MG)";3123528;117;67;100;89;126;131;55;60;310028;3106;31059
"Elói Mendes (MG)";3123601;522;370;490;383;449;512;171;208;310040;3108;31012
"Engenheiro Caldas (MG)";3123700;179;129;196;158;190;246;91;105;310020;3104;31036
"Engenheiro Navarro (MG)";3123809;125;103;126;94;134;133;39;45;310006;3102;31083
"Entre Folhas (MG)";3123858;90;74;110;90;135;145;62;62;310025;3105;31034
"Entre Rios de Minas (MG)";3123908;299;243;316;260;286;360;108;162;310038;3107;31078
"Ervália (MG)";3124005;316;240;323;243;349;402;137;215;310033;3106;31048
"Esmeraldas (MG)";3124104;927;697;878;704;871;913;289;373;310001;3101;31017
"Espera Feliz (MG)";3124203;425;325;381;304;385;415;172;196;310034;3106;31042
"Espinosa (MG)";3124302;511;415;535;461;544;656;278;367;310012;3102;31052
"Espírito Santo do Dourado (MG)";3124401;115;97;103;71;109;105;47;42;310050;3109;31007
"Estiva (MG)";3124500;235;184;231;201;259;221;96;89;310050;3109;31007
"Estrela Dalva (MG)";3124609;68;54;57;43;55;73;27;42;310036;3106;31041
"Estrela do Indaiá (MG)";3124708;99;80;94;75;93;102;42;46;310067;3113;31028
"Estrela do Sul (MG)";3124807;142;115;135;102;152;155;63;72;310061;3111;31074
"Eugenópolis (MG)";3124906;260;163;226;170;249;250;138;169;310031;3106;31045
"Ewbank da Câmara (MG)";3125002;69;47;57;51;61;67;24;31;310027;3106;31097
"Extrema (MG)";3125101;540;435;554;428;483;524;164;216;310050;3109;31007
"Fama (MG)";3125200;54;56;53;52;54;67;33;41;310042;3108;31001
"Faria Lemos (MG)";3125309;73;42;70;67;97;96;41;61;310034;3106;31042
"Felício dos Santos (MG)";3125408;90;83;90;86;101;164;46;63;310016;3103;31026
"São Gonçalo do Rio Preto (MG)";3125507;48;52;90;51;43;56;14;28;310016;3103;31026
"Felisburgo (MG)";3125606;167;119;139;140;166;165;63;104;310015;3103;31094
"Felixlândia (MG)";3125705;285;199;262;208;296;300;96;144;310004;3101;31019
"Fernandes Tourinho (MG)";3125804;53;50;49;67;84;88;31;38;310020;3104;31036
"Ferros (MG)";3125903;212;174;211;200;352;350;126;183;310005;3101;31021
"Fervedouro (MG)";3125952;186;122;173;125;163;171;55;89;310031;3106;31042
"Florestal (MG)";3126000;136;113;141;116;138;146;53;75;310001;3101;31017
"Formiga (MG)";3126109;1222;996;1436;1209;1310;1541;513;786;310066;3113;31030
"Formoso (MG)";3126208;134;85;105;86;123;130;43;50;310063;3112;31058
"Fortaleza de Minas (MG)";3126307;80;77;97;65;77;81;34;34;310041;3108;31092
"Fortuna de Minas (MG)";3126406;47;48;44;44;63;57;15;23;310002;3101;31024
"Francisco Badaró (MG)";3126505;177;140;193;195;190;267;95;169;310017;3103;31064
"Francisco Dumont (MG)";3126604;83;52;89;44;98;84;46;47;310006;3102;31083
"Francisco Sá (MG)";3126703;481;348;480;342;452;482;135;212;310006;3102;31051
"Franciscópolis (MG)";3126752;102;88;91;92;109;133;62;59;310013;3103;31099
"Frei Gaspar (MG)";3126802;89;87;92;90;136;146;63;83;310013;3103;31096
"Frei Inocêncio (MG)";3126901;119;114;160;148;167;204;73;80;310020;3104;31036
"Frei Lagonegro (MG)";3126950;54;40;44;52;66;76;24;32;310021;3104;31080
"Fronteira (MG)";3127008;263;191;234;161;200;203;68;82;310057;3110;31071
"Fronteira dos Vales (MG)";3127057;109;95;106;95;122;126;31;62;310019;3103;31062
"Fruta de Leite (MG)";3127073;119;75;117;89;127;147;40;57;310008;3102;31098
"Frutal (MG)";3127107;1010;748;1061;831;999;1060;386;468;310057;3110;31071
"Funilândia (MG)";3127206;78;60;68;56;81;82;21;35;310002;3101;31024
"Galiléia (MG)";3127305;148;111;159;146;128;141;74;81;310020;3104;31036
"Gameleiras (MG)";3127339;103;84;105;66;85;77;24;53;310012;3102;31052
"Glaucilândia (MG)";3127354;61;57;59;51;59;67;30;26;310006;3102;31084
"Goiabeira (MG)";3127370;62;41;76;42;72;71;22;37;310020;3104;31040
"Goianá (MG)";3127388;83;69;87;62;108;95;51;61;310027;3106;31097
"Gonçalves (MG)";3127404;121;87;99;87;94;88;38;34;310052;3109;31003
"Gonzaga (MG)";3127503;107;70;89;96;103;116;46;60;310020;3104;31036
"Gouveia (MG)";3127602;228;139;212;172;207;264;71;173;310016;3103;31026
"Governador Valadares (MG)";3127701;4077;3118;5198;4149;4239;5750;1613;2636;310020;3104;31036
"Grão Mogol (MG)";3127800;225;173;235;169;202;234;98;138;310006;3102;31051
"Grupiara (MG)";3127909;21;34;30;30;36;37;15;17;310061;3111;31074
"Guanhães (MG)";3128006;497;432;536;448;479;665;222;345;310021;3104;31020
"Guapé (MG)";3128105;291;232;265;175;253;275;118;137;310041;3108;31093
"Guaraciaba (MG)";3128204;209;179;232;200;267;301;112;175;310030;3106;31060
"Guaraciama (MG)";3128253;91;64;85;73;84;81;25;33;310006;3102;31083
"Guaranésia (MG)";3128303;377;259;364;281;343;417;160;227;310044;3108;31002
"Guarani (MG)";3128402;179;143;181;151;205;230;100;156;310029;3106;31048
"Guarará (MG)";3128501;70;58;90;67;81;95;42;57;310035;3106;31047
"Guarda-Mor (MG)";3128600;114;107;112;66;108;109;28;32;310062;3112;31057
"Guaxupé (MG)";3128709;1039;698;1023;848;867;1147;403;586;310044;3108;31002
"Guidoval (MG)";3128808;150;129;152;122;156;196;90;125;310029;3106;31048
"Guimarânia (MG)";3128907;145;121;144;124;157;139;40;77;310064;3112;31057
"Guiricema (MG)";3129004;229;166;201;157;235;250;96;136;310029;3106;31048
"Gurinhatã (MG)";3129103;197;162;138;126;240;147;73;65;310060;3111;31073
"Heliodora (MG)";3129202;159;111;116;99;116;126;61;60;310050;3109;31007
"Iapu (MG)";3129301;204;152;194;193;219;251;121;103;310024;3105;31037
"Ibertioga (MG)";3129400;109;98;107;95;102;105;34;31;310037;3107;31013
"Ibiá (MG)";3129509;422;327;413;314;369;468;149;183;310056;3110;31070
"Ibiaí (MG)";3129608;126;91;129;72;127;146;53;73;310010;3102;31055
"Ibiracatu (MG)";3129657;117;94;106;91;126;132;52;76;310006;3102;31049
"Ibiraci (MG)";3129707;232;162;193;151;216;199;55;79;310041;3108;31091
"Ibirité (MG)";3129806;1804;1187;2095;1450;1307;1739;360;696;310001;3101;31018
"Ibitiúra de Minas (MG)";3129905;90;61;70;52;90;69;33;43;310051;3109;31006
"Ibituruna (MG)";3130002;68;51;54;51;54;66;26;31;310043;3108;31015
"Icaraí de Minas (MG)";3130051;144;118;147;118;156;173;56;91;310011;3102;31049
"Igarapé (MG)";3130101;562;431;562;450;499;490;166;209;310001;3101;31017
"Igaratinga (MG)";3130200;163;103;157;111;148;120;54;64;310068;3113;31032
"Iguatama (MG)";3130309;170;132;184;154;158;181;55;71;310066;3113;31030
"Ijaci (MG)";3130408;119;77;97;84;109;105;44;55;310043;3108;31004
"Ilicínea (MG)";3130507;243;157;172;166;222;227;93;109;310046;3108;31011
"Imbé de Minas (MG)";3130556;107;97;105;78;118;120;50;45;310025;3105;31034
"Inconfidentes (MG)";3130606;153;112;156;118;139;116;65;67;310050;3109;31007
"Indaiabira (MG)";3130655;139;106;138;123;146;153;65;67;310008;3102;31085
"Indianópolis (MG)";3130705;108;80;99;78;103;91;29;33;310059;3111;31075
"Ingaí (MG)";3130804;56;41;58;42;45;57;23;18;310043;3108;31004
"Inhapim (MG)";3130903;478;361;458;409;597;650;264;294;310025;3105;31034
"Inhaúma (MG)";3131000;104;72;99;88;104;93;38;53;310002;3101;31024
"Inimutaba (MG)";3131109;126;104;136;112;132;138;59;84;310004;3101;31019
"Ipaba (MG)";3131158;219;191;239;196;281;257;100;108;310024;3105;31037
"Ipanema (MG)";3131208;368;305;432;300;406;504;198;260;310028;3106;31059
"Ipatinga (MG)";3131307;3643;2588;4136;2738;3027;3929;1108;1685;310024;3105;31037
"Ipiaçu (MG)";3131406;100;77;89;92;128;85;39;29;310060;3111;31073
"Ipuiúna (MG)";3131505;189;181;203;150;155;172;68;60;310050;3109;31007
"Iraí de Minas (MG)";3131604;103;107;102;89;111;98;34;38;310061;3111;31074
"Itabira (MG)";3131703;1655;1248;1992;1502;1504;2139;649;1087;310005;3101;31021
"Itabirinha (MG)";3131802;193;156;210;182;227;261;100;105;310022;3104;31038
"Itabirito (MG)";3131901;763;511;836;589;622;903;235;478;310003;3101;31022
"Itacambira (MG)";3132008;96;98;97;70;97;85;21;28;310006;3102;31084
"Itacarambi (MG)";3132107;220;211;266;229;253;313;101;147;310009;3102;31053
"Itaguara (MG)";3132206;234;197;230;215;260;321;115;143;310069;3113;31031
"Itaipé (MG)";3132305;145;141;155;145;175;199;65;102;310013;3103;31067
"Itajubá (MG)";3132404;1648;1128;1868;1375;1530;2109;640;1099;310052;3109;31003
"Itamarandiba (MG)";3132503;463;410;492;402;451;521;142;285;310014;3103;31026
"Itamarati de Minas (MG)";3132602;96;70;85;64;105;103;42;61;310032;3106;31044
"Itambacuri (MG)";3132701;340;279;412;401;494;645;230;354;310013;3103;31096
"Itambé do Mato Dentro (MG)";3132800;52;48;45;47;51;80;22;30;310005;3101;31021
"Itamogi (MG)";3132909;229;165;199;166;222;237;79;134;310047;3108;31009
"Itamonte (MG)";3133006;286;183;254;195;257;271;98;148;310053;3109;31008
"Itanhandu (MG)";3133105;294;197;286;234;261;290;89;161;310053;3109;31008
"Itanhomi (MG)";3133204;219;191;283;241;280;290;141;138;310020;3104;31036
"Itaobim (MG)";3133303;390;317;392;370;428;504;197;269;310013;3103;31065
"Itapagipe (MG)";3133402;274;220;236;235;322;260;118;110;310057;3110;31071
"Itapecerica (MG)";3133501;505;431;547;425;547;651;233;341;310065;3113;31086
"Itapeva (MG)";3133600;213;141;187;142;186;142;71;56;310050;3109;31007
"Itatiaiuçu (MG)";3133709;207;152;182;162;206;131;49;57;310065;3113;31031
"Itaú de Minas (MG)";3133758;317;215;315;252;294;330;97;137;310041;3108;31092
"Itaúna (MG)";3133808;1532;1037;1689;1287;1268;1744;441;834;310065;3113;31031
"Itaverava (MG)";3133907;115;83;93;106;103;144;43;64;310038;3107;31079
"Itinga (MG)";3134004;286;219;255;220;324;333;146;190;310017;3103;31065
"Itueta (MG)";3134103;130;124;131;105;141;139;66;62;310023;3104;31040
"Ituiutaba (MG)";3134202;1879;1645;2251;1698;2161;2506;954;1209;310060;3111;31073
"Itumirim (MG)";3134301;120;103;133;104;146;149;27;82;310043;3108;31004
"Iturama (MG)";3134400;556;434;575;405;555;562;224;233;310058;3110;31071
"Itutinga (MG)";3134509;88;77;68;80;77;76;26;43;310043;3108;31004
"Jaboticatubas (MG)";3134608;342;348;353;275;402;414;146;219;310001;3101;31016
"Jacinto (MG)";3134707;250;238;253;220;293;295;145;164;310015;3103;31094
"Jacuí (MG)";3134806;170;133;169;125;171;177;81;89;310047;3108;31009
"Jacutinga (MG)";3134905;405;303;430;267;404;457;161;277;310050;3109;31007
"Jaguaraçu (MG)";3135001;60;43;54;40;55;59;23;32;310024;3105;31035
"Jaíba (MG)";3135050;441;339;400;306;357;301;95;130;310007;3102;31052
"Jampruca (MG)";3135076;89;69;94;77;117;124;57;66;310020;3104;31036
"Janaúba (MG)";3135100;963;695;1019;799;847;1023;371;558;310007;3102;31052
"Januária (MG)";3135209;1124;853;1091;909;1089;1320;520;732;310009;3102;31053
"Japaraíba (MG)";3135308;67;41;66;38;57;50;18;28;310065;3113;31087
"Japonvar (MG)";3135357;143;116;165;112;154;154;59;73;310006;3102;31049
"Jeceaba (MG)";3135407;111;82;115;96;119;151;34;59;310038;3107;31078
"Jenipapo de Minas (MG)";3135456;101;85;120;77;85;149;38;68;310017;3103;31064
"Jequeri (MG)";3135506;289;195;285;249;308;346;146;182;310030;3106;31060
"Jequitaí (MG)";3135605;147;118;124;112;158;179;73;76;310006;3102;31050
"Jequitibá (MG)";3135704;109;89;114;74;132;151;46;66;310002;3101;31024
"Jequitinhonha (MG)";3135803;455;419;463;407;579;603;258;332;310015;3103;31094
"Jesuânia (MG)";3135902;111;91;100;85;115;91;41;45;310053;3109;31008
"Joaíma (MG)";3136009;268;224;324;252;346;347;121;167;310015;3103;31094
"Joanésia (MG)";3136108;103;117;142;103;156;189;71;90;310024;3105;31037
"João Monlevade (MG)";3136207;1320;964;1670;1215;1272;1573;480;809;310026;3105;31023
"João Pinheiro (MG)";3136306;753;539;711;550;673;657;262;297;310062;3112;31077
"Joaquim Felício (MG)";3136405;93;79;111;63;85;82;40;50;310006;3102;31083
"Jordânia (MG)";3136504;213;166;188;180;262;254;95;99;310015;3103;31094
"José Gonçalves de Minas (MG)";3136520;55;40;53;42;41;64;11;27;310017;3103;31027
"José Raydan (MG)";3136553;92;68;83;71;114;134;29;56;310021;3104;31081
"Josenópolis (MG)";3136579;60;53;66;70;52;86;14;49;310006;3102;31051
"Nova União (MG)";3136603;121;84;84;71;129;124;39;55;310001;3101;31016
"Juatuba (MG)";3136652;360;246;347;278;328;306;93;111;310001;3101;31017
"Juiz de Fora (MG)";3136702;9848;6668;12550;9097;8468;12772;3580;7305;310027;3106;31097
"Juramento (MG)";3136801;72;69;85;67;64;74;22;33;310006;3102;31084
"Juruaia (MG)";3136900;207;128;136;112;159;170;66;60;310044;3108;31002
"Juvenília (MG)";3136959;90;77;79;58;92;98;48;35;310009;3102;31076
"Ladainha (MG)";3137007;258;204;265;231;255;355;130;146;310013;3103;31099
"Lagamar (MG)";3137106;198;148;170;143;184;181;60;66;310062;3112;31057
"Lagoa da Prata (MG)";3137205;717;542;764;607;617;811;252;354;310065;3113;31087
"Lagoa dos Patos (MG)";3137304;73;56;87;42;71;86;41;32;310006;3102;31050
"Lagoa Dourada (MG)";3137403;235;159;195;184;212;233;87;92;310039;3107;31015
"Lagoa Formosa (MG)";3137502;343;317;371;310;393;425;150;170;310062;3112;31057
"Lagoa Grande (MG)";3137536;150;140;115;107;130;111;40;48;310062;3112;31077
"Lagoa Santa (MG)";3137601;816;597;901;686;751;917;287;473;310001;3101;31025
"Lajinha (MG)";3137700;335;252;314;289;330;414;162;206;310028;3106;31059
"Lambari (MG)";3137809;407;320;461;361;415;489;149;276;310053;3109;31008
"Lamim (MG)";3137908;67;78;72;64;83;100;42;44;310038;3107;31079
"Laranjal (MG)";3138005;177;125;172;104;175;169;85;110;310032;3106;31044
"Lassance (MG)";3138104;119;95;94;74;113;113;48;51;310010;3102;31055
"Lavras (MG)";3138203;1588;1126;1939;1400;1490;1976;604;1084;310043;3108;31004
"Leandro Ferreira (MG)";3138302;77;60;51;51;74;87;35;42;310065;3113;31032
"Leme do Prado (MG)";3138351;44;40;69;60;68;88;19;44;310014;3103;31027
"Leopoldina (MG)";3138401;1055;778;1261;976;1072;1444;411;763;310032;3106;31044
"Liberdade (MG)";3138500;122;110;159;98;155;145;55;51;310027;3106;31090
"Lima Duarte (MG)";3138609;344;280;372;295;368;390;160;216;310027;3106;31090
"Limeira do Oeste (MG)";3138625;121;97;96;84;135;121;56;48;310058;3110;31071
"Lontra (MG)";3138658;164;122;135;152;164;191;76;68;310006;3102;31049
"Luisburgo (MG)";3138674;116;75;89;79;122;112;38;51;310028;3106;31059
"Luislândia (MG)";3138682;99;86;105;71;111;130;26;57;310006;3102;31049
"Luminárias (MG)";3138708;117;106;122;91;122;93;36;37;310043;3108;31004
"Luz (MG)";3138807;382;278;369;315;346;388;131;186;310067;3113;31028
"Machacalis (MG)";3138906;130;126;130;137;166;175;85;96;310019;3103;31062
"Machado (MG)";3139003;720;494;681;530;566;719;288;362;310042;3108;31001
"Madre de Deus de Minas (MG)";3139102;107;65;104;85;105;131;40;56;310039;3107;31015
"Malacacheta (MG)";3139201;318;238;362;326;352;437;157;288;310013;3103;31099
"Mamonas (MG)";3139250;160;127;151;128;142;204;70;78;310012;3102;31052
"Manga (MG)";3139300;291;239;328;268;327;364;158;212;310007;3102;31076
"Manhuaçu (MG)";3139409;1209;834;1301;910;1120;1432;468;734;310028;3106;31059
"Manhumirim (MG)";3139508;332;269;402;317;389;501;152;269;310028;3106;31059
"Mantena (MG)";3139607;466;380;559;468;552;710;276;345;310022;3104;31038
"Maravilhas (MG)";3139706;131;87;116;88;109;120;35;63;310068;3113;31024
"Mar de Espanha (MG)";3139805;235;182;263;213;255;308;117;165;310035;3106;31047
"Maria da Fé (MG)";3139904;275;214;266;197;233;272;114;124;310052;3109;31003
"Mariana (MG)";3140001;802;509;884;636;606;885;223;448;310003;3101;31022
"Marilac (MG)";3140100;66;54;81;80;90;107;45;49;310020;3104;31036
"Mário Campos (MG)";3140159;190;139;164;139;154;177;46;80;310001;3101;31017
"Maripá de Minas (MG)";3140209;63;49;68;43;76;85;29;41;310035;3106;31047
"Marliéria (MG)";3140308;87;59;85;70;94;109;48;58;310024;3105;31035
"Marmelópolis (MG)";3140407;57;51;62;50;65;62;22;20;310052;3109;31003
"Martinho Campos (MG)";3140506;258;182;255;183;282;294;115;136;310067;3113;31028
"Martins Soares (MG)";3140530;130;87;115;80;120;136;55;54;310028;3106;31059
"Mata Verde (MG)";3140555;147;128;138;127;164;142;67;75;310015;3103;31094
"Materlândia (MG)";3140605;74;71;92;88;115;152;42;76;310021;3104;31020
"Mateus Leme (MG)";3140704;524;360;544;403;482;471;168;220;310001;3101;31017
"Matias Barbosa (MG)";3140803;287;193;280;209;259;335;102;170;310027;3106;31097
"Matias Cardoso (MG)";3140852;149;107;130;93;135;131;57;63;310007;3102;31052
"Matipó (MG)";3140902;251;189;285;200;275;306;112;185;310028;3106;31059
"Mato Verde (MG)";3141009;231;172;245;218;220;286;116;164;310012;3102;31052
"Matozinhos (MG)";3141108;486;357;590;397;489;559;157;262;310002;3101;31025
"Matutina (MG)";3141207;109;71;96;80;109;135;43;59;310062;3112;31082
"Medeiros (MG)";3141306;73;49;56;43;60;72;18;24;310066;3113;31030
"Medina (MG)";3141405;375;325;446;351;466;548;196;273;310018;3103;31065
"Mendes Pimentel (MG)";3141504;156;94;140;123;156;150;75;74;310022;3104;31038
"Mercês (MG)";3141603;220;209;251;212;259;280;103;141;310029;3106;31048
"Mesquita (MG)";3141702;136;106;119;90;148;157;76;108;310024;3105;31037
"Minas Novas (MG)";3141801;391;297;398;357;335;518;100;220;310014;3103;31027
"Minduri (MG)";3141900;89;55;63;74;57;90;27;49;310054;3109;31008
"Mirabela (MG)";3142007;234;195;238;198;254;286;110;127;310006;3102;31084
"Miradouro (MG)";3142106;187;166;194;144;208;232;103;114;310031;3106;31045
"Miraí (MG)";3142205;273;208;311;213;289;317;127;204;310031;3106;31045
"Miravânia (MG)";3142254;69;77;76;63;80;99;35;53;310007;3102;31076
"Moeda (MG)";3142304;108;76;89;85;131;145;65;80;310001;3101;31016
"Moema (MG)";3142403;155;103;140;121;142;136;57;65;310067;3113;31028
"Monjolos (MG)";3142502;45;44;39;44;55;48;14;27;310004;3101;31019
"Monsenhor Paulo (MG)";3142601;161;136;158;102;142;159;68;90;310040;3108;31012
"Montalvânia (MG)";3142700;313;248;330;263;321;356;145;161;310009;3102;31076
"Monte Alegre de Minas (MG)";3142809;459;311;402;292;476;482;226;235;310059;3111;31075
"Monte Azul (MG)";3142908;483;374;509;391;450;511;253;250;310012;3102;31052
"Monte Belo (MG)";3143005;278;230;249;219;302;302;111;157;310044;3108;31002
"Monte Carmelo (MG)";3143104;808;545;859;592;673;802;228;319;310061;3111;31074
"Monte Formoso (MG)";3143153;72;81;81;58;89;73;33;51;310013;3103;31065
"Monte Santo de Minas (MG)";3143203;470;349;454;409;513;548;221;316;310047;3108;31009
"Montes Claros (MG)";3143302;5098;3628;5958;4375;4203;5620;1501;2646;310006;3102;31084
"Monte Sião (MG)";3143401;404;285;342;257;353;397;148;181;310050;3109;31007
"Montezuma (MG)";3143450;119;95;120;97;121;133;36;69;310012;3102;31085
"Morada Nova de Minas (MG)";3143500;141;136;153;135;182;184;52;57;310070;3113;31024
"Morro da Garça (MG)";3143609;61;49;44;46;53;51;24;26;310004;3101;31019
"Morro do Pilar (MG)";3143708;73;61;63;63;88;109;34;65;310002;3101;31021
"Munhoz (MG)";3143807;151;95;141;89;102;92;41;42;310050;3109;31007
"Muriaé (MG)";3143906;1891;1301;2072;1586;1837;2275;795;1263;310031;3106;31045
"Mutum (MG)";3144003;509;416;531;412;572;615;248;314;310028;3106;31059
"Muzambinho (MG)";3144102;450;306;455;328;463;517;188;271;310044;3108;31002
"Nacip Raydan (MG)";3144201;62;59;63;64;86;86;35;36;310020;3104;31036
"Nanuque (MG)";3144300;669;623;847;769;824;958;360;514;310013;3103;31066
"Naque (MG)";3144359;93;80;110;89;98;121;47;60;310024;3105;31037
"Natalândia (MG)";3144375;59;44;51;44;50;58;23;17;310063;3112;31058
"Natércia (MG)";3144409;123;83;112;83;114;146;62;79;310050;3109;31007
"Nazareno (MG)";3144508;156;118;158;123;162;174;50;77;310039;3107;31015
"Nepomuceno (MG)";3144607;554;378;496;400;490;564;199;303;310043;3108;31004
"Ninheira (MG)";3144656;169;146;174;157;185;196;81;107;310008;3102;31085
"Nova Belém (MG)";3144672;78;43;59;55;59;54;15;22;310022;3104;31038
"Nova Era (MG)";3144706;275;220;353;266;258;411;134;249;310026;3105;31023
"Nova Lima (MG)";3144805;1379;935;1593;1159;1018;1448;330;785;310001;3101;31016
"Nova Módica (MG)";3144904;70;68;70;78;97;106;39;47;310013;3103;31096
"Nova Ponte (MG)";3145000;185;144;166;139;154;154;63;66;310055;3110;31075
"Nova Porteirinha (MG)";3145059;114;87;114;101;107;89;27;55;310007;3102;31052
"Nova Resende (MG)";3145109;299;200;245;181;253;253;127;153;310044;3108;31092
"Nova Serrana (MG)";3145208;648;444;632;449;455;508;124;185;310065;3113;31032
"Novo Cruzeiro (MG)";3145307;429;348;465;435;470;623;203;328;310013;3103;31099
"Novo Oriente de Minas (MG)";3145356;200;195;200;184;279;226;93;123;310013;3103;31099
"Novorizonte (MG)";3145372;100;75;95;95;126;129;41;78;310008;3102;31098
"Olaria (MG)";3145406;61;35;43;43;64;51;14;17;310027;3106;31090
"Olhos-d'Água (MG)";3145455;82;62;66;54;66;70;12;36;310006;3102;31083
"Olímpio Noronha (MG)";3145505;71;36;67;50;69;56;24;21;310053;3109;31008
"Oliveira (MG)";3145604;706;551;825;651;739;960;309;525;310069;3113;31088
"Oliveira Fortes (MG)";3145703;46;36;47;37;44;44;14;24;310027;3106;31046
"Onça de Pitangui (MG)";3145802;62;48;52;50;73;50;19;29;310068;3113;31032
"Oratórios (MG)";3145851;74;63;81;65;84;98;36;63;310030;3106;31060
"Orizânia (MG)";3145877;121;79;99;92;124;102;54;67;310034;3106;31042
"Ouro Branco (MG)";3145901;506;321;487;307;322;402;128;194;310038;3107;31078
"Ouro Fino (MG)";3146008;697;565;770;520;670;822;287;411;310050;3109;31007
"Ouro Preto (MG)";3146107;1186;869;1307;1022;992;1419;329;746;310003;3101;31022
"Ouro Verde de Minas (MG)";3146206;110;99;115;114;121;183;67;70;310013;3103;31099
"Padre Carvalho (MG)";3146255;65;57;76;60;58;80;29;58;310008;3102;31098
"Padre Paraíso (MG)";3146305;322;290;339;368;395;414;164;210;310013;3103;31067
"Paineiras (MG)";3146404;118;88;102;113;134;149;45;48;310070;3113;31024
"Pains (MG)";3146503;163;115;161;141;179;219;66;100;310066;3113;31030
"Pai Pedro (MG)";3146552;100;76;88;68;92;112;46;53;310007;3102;31052
"Paiva (MG)";3146602;37;28;33;37;40;55;27;34;310027;3106;31013
"Palma (MG)";3146701;171;118;176;138;185;182;78;113;310032;3106;31044
"Palmópolis (MG)";3146750;130;107;143;97;187;194;84;77;310015;3103;31094
"Papagaios (MG)";3146909;208;135;187;139;167;224;64;80;310068;3113;31024
"Paracatu (MG)";3147006;1101;764;1060;844;994;1131;348;583;310062;3112;31058
"Pará de Minas (MG)";3147105;1288;915;1552;1206;1212;1562;452;746;310068;3113;31032
"Paraguaçu (MG)";3147204;449;331;450;339;440;459;197;291;310042;3108;31001
"Paraisópolis (MG)";3147303;417;309;377;347;395;450;152;194;310052;3109;31003
"Paraopeba (MG)";3147402;335;226;407;265;279;381;101;176;310002;3101;31024
"Passabém (MG)";3147501;45;33;42;50;50;58;19;37;310005;3101;31021
"Passa Quatro (MG)";3147600;316;214;312;249;268;339;114;165;310053;3109;31008
"Passa Tempo (MG)";3147709;208;146;185;162;218;240;65;125;310069;3113;31088
"Passa Vinte (MG)";3147808;44;42;42;39;52;54;21;27;310027;3106;31090
"Passos (MG)";3147907;2065;1487;2198;1674;1852;2179;706;1050;310041;3108;31092
"Patis (MG)";3147956;106;92;95;84;85;93;36;48;310006;3102;31049
"Patos de Minas (MG)";3148004;2532;1807;2761;2085;2233;2881;845;1367;310062;3112;31057
"Patrocínio (MG)";3148103;1302;991;1435;1076;1253;1428;465;656;310064;3112;31074
"Patrocínio do Muriaé (MG)";3148202;126;110;147;117;137;133;60;87;310031;3106;31045
"Paula Cândido (MG)";3148301;159;127;184;132;200;252;102;121;310033;3106;31061
"Paulistas (MG)";3148400;82;76;86;95;130;154;47;96;310021;3104;31080
"Pavão (MG)";3148509;166;157;182;165;211;239;107;119;310013;3103;31062
"Peçanha (MG)";3148608;252;238;306;273;354;448;138;197;310021;3104;31080
"Pedra Azul (MG)";3148707;416;330;439;355;434;506;170;255;310018;3103;31068
"Pedra Bonita (MG)";3148756;94;72;73;70;102;76;42;41;310034;3106;31042
"Pedra do Anta (MG)";3148806;70;77;89;67;108;117;46;54;310033;3106;31061
"Pedra do Indaiá (MG)";3148905;83;86;84;70;110;94;33;35;310065;3113;31087
"Pedra Dourada (MG)";3149002;40;28;37;34;37;42;19;18;310034;3106;31042
"Pedralva (MG)";3149101;235;168;236;190;228;245;104;127;310052;3109;31003
"Pedras de Maria da Cruz (MG)";3149150;173;119;166;125;191;173;56;75;310009;3102;31053
"Pedrinópolis (MG)";3149200;81;46;74;49;78;72;32;31;310056;3110;31070
"Pedro Leopoldo (MG)";3149309;1021;703;1099;795;829;1144;349;596;310001;3101;31025
"Pedro Teixeira (MG)";3149408;41;31;35;27;36;29;18;8;310027;3106;31090
"Pequeri (MG)";3149507;67;41;64;64;68;82;29;54;310035;3106;31047
"Pequi (MG)";3149606;74;46;81;78;104;111;53;61;310068;3113;31024
"Perdigão (MG)";3149705;142;107;154;121;152;149;48;67;310065;3113;31086
"Perdizes (MG)";3149804;259;169;194;155;201;178;55;58;310056;3110;31070
"Perdões (MG)";3149903;421;309;442;319;403;460;148;247;310043;3108;31004
"Periquito (MG)";3149952;94;96;125;124;148;149;61;79;310024;3105;31037
"Pescador (MG)";3150000;69;72;66;71;106;104;42;64;310013;3103;31096
"Piau (MG)";3150109;64;57;74;60;90;88;40;35;310027;3106;31097
"Piedade de Caratinga (MG)";3150158;93;80;111;81;130;120;52;50;310025;3105;31034
"Piedade de Ponte Nova (MG)";3150208;72;53;63;71;73;93;40;66;310030;3106;31060
"Piedade do Rio Grande (MG)";3150307;105;103;109;123;135;136;46;66;310039;3107;31015
"Piedade dos Gerais (MG)";3150406;114;88;105;86;122;106;39;68;310069;3113;31017
"Pimenta (MG)";3150505;150;114;149;117;159;152;62;72;310066;3113;31093
"Pingo-d'Água (MG)";3150539;100;56;76;67;79;65;29;37;310024;3105;31035
"Pintópolis (MG)";3150570;124;95;136;105;136;123;69;56;310011;3102;31049
"Piracema (MG)";3150604;143;115;148;119;181;169;69;94;310069;3113;31031
"Pirajuba (MG)";3150703;69;64;82;43;62;74;34;37;310057;3110;31071
"Piranga (MG)";3150802;286;268;328;279;307;421;173;265;310038;3107;31079
"Piranguçu (MG)";3150901;123;93;97;85;116;111;56;56;310052;3109;31003
"Piranguinho (MG)";3151008;164;114;160;126;173;176;65;92;310052;3109;31003
"Pirapetinga (MG)";3151107;208;127;214;172;199;222;67;128;310036;3106;31041
"Pirapora (MG)";3151206;790;584;842;591;590;871;291;491;310010;3102;31055
"Piraúba (MG)";3151305;217;190;245;174;277;286;116;151;310029;3106;31048
"Pitangui (MG)";3151404;413;316;444;344;401;503;188;306;310065;3113;31032
"Piumhi (MG)";3151503;608;467;668;509;623;754;264;399;310049;3108;31093
"Planura (MG)";3151602;160;134;168;123;157;147;38;48;310057;3110;31071
"Poço Fundo (MG)";3151701;410;269;346;282;364;338;152;166;310042;3108;31001
"Poços de Caldas (MG)";3151800;3085;2184;3481;2594;2686;3493;1037;1771;310051;3109;31006
"Pocrane (MG)";3151909;226;186;224;190;269;250;130;163;310028;3106;31059
"Pompéu (MG)";3152006;449;377;488;355;486;538;153;210;310067;3113;31024
"Ponte Nova (MG)";3152105;995;737;1233;903;909;1373;446;838;310030;3106;31060
"Ponto Chique (MG)";3152131;73;53;57;42;61;71;25;33;310010;3102;31055
"Ponto dos Volantes (MG)";3152170;209;191;216;182;250;249;83;138;310013;3103;31065
"Porteirinha (MG)";3152204;680;535;717;508;636;731;291;431;310007;3102;31052
"Porto Firme (MG)";3152303;215;150;172;168;220;292;120;144;310033;3106;31061
"Poté (MG)";3152402;260;217;313;294;355;430;170;248;310013;3103;31099
"Pouso Alegre (MG)";3152501;2276;1473;2476;1798;1920;2385;800;1148;310050;3109;31007
"Pouso Alto (MG)";3152600;131;103;144;126;173;180;62;64;310053;3109;31008
"Prados (MG)";3152709;140;113;179;151;161;177;54;92;310039;3107;31015
"Prata (MG)";3152808;525;339;430;368;437;430;178;239;310059;3111;31075
"Pratápolis (MG)";3152907;193;193;234;192;232;277;96;152;310041;3108;31009
"Pratinha (MG)";3153004;70;79;65;58;91;87;31;32;310056;3110;31070
"Presidente Bernardes (MG)";3153103;117;88;117;118;160;169;69;77;310033;3106;31048
"Presidente Juscelino (MG)";3153202;73;82;88;76;95;82;36;39;310004;3101;31019
"Presidente Kubitschek (MG)";3153301;48;40;49;47;56;61;23;34;310016;3103;31026
"Presidente Olegário (MG)";3153400;406;334;364;277;353;384;143;170;310062;3112;31057
"Alto Jequitibá (MG)";3153509;147;97;133;120;192;189;90;117;310028;3106;31059
"Prudente de Morais (MG)";3153608;140;108;157;125;135;167;49;63;310002;3101;31024
"Quartel Geral (MG)";3153707;72;57;75;57;80;79;17;38;310067;3113;31024
"Queluzito (MG)";3153806;41;43;47;44;48;51;19;34;310038;3107;31079
"Raposos (MG)";3153905;271;152;301;206;142;242;67;174;310001;3101;31016
"Raul Soares (MG)";3154002;494;415;539;451;602;731;302;407;310025;3105;31060
"Recreio (MG)";3154101;267;212;269;273;287;323;132;186;310032;3106;31044
"Reduto (MG)";3154150;109;83;92;80;123;108;56;53;310028;3106;31059
"Resende Costa (MG)";3154200;212;182;231;204;225;290;89;148;310039;3107;31015
"Resplendor (MG)";3154309;373;302;411;333;429;476;184;242;310023;3104;31040
"Ressaquinha (MG)";3154408;107;84;107;73;79;112;32;52;310037;3107;31013
"Riachinho (MG)";3154457;131;103;141;92;148;132;57;48;310063;3112;31058
"Riacho dos Machados (MG)";3154507;145;111;147;111;123;157;58;89;310007;3102;31052
"Ribeirão das Neves (MG)";3154606;3634;2494;4166;2749;2434;3358;784;1406;310001;3101;31016
"Ribeirão Vermelho (MG)";3154705;70;60;77;62;99;126;39;71;310043;3108;31004
"Rio Acima (MG)";3154804;150;93;164;140;120;168;42;63;310001;3101;31016
"Rio Casca (MG)";3154903;268;208;296;229;283;360;146;211;310030;3106;31060
"Rio Doce (MG)";3155009;48;40;45;56;48;66;33;64;310030;3106;31060
"Rio do Prado (MG)";3155108;85;87;90;85;132;124;51;73;310015;3103;31094
"Rio Espera (MG)";3155207;136;127;137;123;170;185;62;86;310038;3107;31079
"Rio Manso (MG)";3155306;131;109;107;99;131;118;49;43;310069;3113;31017
"Rio Novo (MG)";3155405;204;146;197;158;191;239;82;131;310027;3106;31097
"Rio Paranaíba (MG)";3155504;209;152;205;172;211;214;73;84;310062;3112;31082
"Rio Pardo de Minas (MG)";3155603;398;345;464;352;405;448;162;223;310008;3102;31085
"Rio Piracicaba (MG)";3155702;279;221;326;255;265;350;96;171;310026;3105;31023
"Rio Pomba (MG)";3155801;338;271;393;308;424;449;198;282;310029;3106;31048
"Rio Preto (MG)";3155900;118;104;114;105;113;134;58;86;310027;3106;31090
"Rio Vermelho (MG)";3156007;245;178;280;198;296;374;98;158;310021;3104;31020
"Ritápolis (MG)";3156106;122;90;134;102;127;121;42;67;310039;3107;31015
"Rochedo de Minas (MG)";3156205;42;35;37;30;36;50;29;22;310035;3106;31047
"Rodeiro (MG)";3156304;109;89;115;75;115;125;57;55;310029;3106;31048
"Romaria (MG)";3156403;75;58;68;59;67;65;22;17;310061;3111;31074
"Rosário da Limeira (MG)";3156452;73;65;79;56;91;92;42;36;310031;3106;31045
"Rubelita (MG)";3156502;173;138;163;141;177;158;63;109;310008;3102;31098
"Rubim (MG)";3156601;206;175;182;212;292;278;108;141;310015;3103;31094
"Sabará (MG)";3156700;1785;1253;2180;1643;1438;2198;493;1055;310001;3101;31016
"Sabinópolis (MG)";3156809;303;226;279;270;330;438;146;246;310021;3104;31020
"Sacramento (MG)";3156908;451;348;459;351;428;535;193;268;310055;3110;31072
"Salinas (MG)";3157005;707;579;726;674;784;942;358;482;310008;3102;31098
"Salto da Divisa (MG)";3157104;118;100;106;94;149;160;57;99;310015;3103;31094
"Santa Bárbara (MG)";3157203;410;285;426;344;323;542;136;244;310003;3101;31021
"Santa Bárbara do Leste (MG)";3157252;150;99;130;108;149;155;58;58;310025;3105;31034
"Santa Bárbara do Monte Verde (MG)";3157278;58;45;43;50;63;59;24;27;310027;3106;31090
"Santa Bárbara do Tugúrio (MG)";3157302;109;83;92;67;96;101;43;47;310037;3107;31013
"Santa Cruz de Minas (MG)";3157336;119;89;148;110;90;130;28;56;310039;3107;31015
"Santa Cruz de Salinas (MG)";3157377;83;74;87;92;118;120;37;52;310008;3102;31098
"Santa Cruz do Escalvado (MG)";3157401;88;91;110;114;135;155;82;85;310030;3106;31060
"Santa Efigênia de Minas (MG)";3157500;71;77;90;82;87;91;36;41;310020;3104;31036
"Santa Fé de Minas (MG)";3157609;61;55;57;55;77;60;35;28;310010;3102;31055
"Santa Helena de Minas (MG)";3157658;104;96;100;85;116;111;58;72;310019;3103;31062
"Santa Juliana (MG)";3157708;178;133;190;134;140;175;44;75;310055;3110;31070
"Santa Luzia (MG)";3157807;2790;1862;3351;2442;2020;2792;591;1269;310001;3101;31016
"Santa Margarida (MG)";3157906;241;185;244;189;228;256;92;150;310028;3106;31059
"Santa Maria de Itabira (MG)";3158003;148;131;195;158;185;279;114;154;310005;3101;31021
"Santa Maria do Salto (MG)";3158102;116;88;95;97;116;126;79;72;310015;3103;31094
"Santa Maria do Suaçuí (MG)";3158201;230;194;275;211;282;382;115;190;310021;3104;31081
"Santana da Vargem (MG)";3158300;154;104;141;103;116;122;35;59;310046;3108;31011
"Santana de Cataguases (MG)";3158409;96;73;89;78;116;111;41;50;310032;3106;31044
"Santana de Pirapama (MG)";3158508;188;166;192;136;214;240;96;105;310002;3101;31024
"Santana do Deserto (MG)";3158607;88;71;81;61;81;94;33;41;310027;3106;31097
"Santana do Garambéu (MG)";3158706;60;47;50;37;42;51;18;22;310037;3107;31013
"Santana do Jacaré (MG)";3158805;87;79;97;99;117;136;55;58;310048;3108;31089
"Santana do Manhuaçu (MG)";3158904;166;123;123;123;170;153;72;83;310028;3106;31059
"Santana do Paraíso (MG)";3158953;367;232;381;287;371;364;129;157;310024;3105;31037
"Santana do Riacho (MG)";3159001;77;58;85;73;79;74;42;55;310002;3101;31025
"Santana dos Montes (MG)";3159100;82;75;89;71;82;95;32;47;310038;3107;31079
"Santa Rita de Caldas (MG)";3159209;258;204;229;172;226;230;97;113;310051;3109;31006
"Santa Rita de Jacutinga (MG)";3159308;115;112;113;102;146;171;67;82;310027;3106;31090
"Santa Rita de Minas (MG)";3159357;106;93;105;104;108;135;50;58;310025;3105;31034
"Santa Rita de Ibitipoca (MG)";3159407;72;66;77;51;78;94;35;28;310037;3107;31013
"Santa Rita do Itueto (MG)";3159506;121;95;94;83;113;113;57;50;310023;3104;31040
"Santa Rita do Sapucaí (MG)";3159605;674;448;668;508;570;735;246;376;310050;3109;31007
"Santa Rosa da Serra (MG)";3159704;82;52;45;63;55;51;22;34;310056;3110;31082
"Santa Vitória (MG)";3159803;388;326;349;281;465;389;181;154;310060;3111;31073
"Santo Antônio do Amparo (MG)";3159902;338;250;316;266;275;342;95;157;310043;3108;31088
"Santo Antônio do Aventureiro (MG)";3160009;101;68;81;71;96;105;53;40;310036;3106;31041
"Santo Antônio do Grama (MG)";3160108;81;66;93;61;93;118;51;68;310030;3106;31060
"Santo Antônio do Itambé (MG)";3160207;78;37;78;58;79;86;30;42;310016;3103;31095
"Santo Antônio do Jacinto (MG)";3160306;240;208;240;214;287;274;123;138;310015;3103;31094
"Santo Antônio do Monte (MG)";3160405;452;316;486;360;463;494;194;244;310065;3113;31087
"Santo Antônio do Retiro (MG)";3160454;108;90;102;95;110;119;32;56;310012;3102;31085
"Santo Antônio do Rio Abaixo (MG)";3160504;31;26;38;21;35;50;12;31;310005;3101;31021
"Santo Hipólito (MG)";3160603;56;60;62;53;84;93;34;39;310004;3101;31019
"Santos Dumont (MG)";3160702;900;633;1098;830;830;1181;324;605;310027;3106;31046
"São Bento Abade (MG)";3160801;69;47;69;49;73;64;16;21;310045;3108;31010
"São Brás do Suaçuí (MG)";3160900;66;41;76;78;86;86;30;44;310038;3107;31078
"São Domingos das Dores (MG)";3160959;64;57;64;51;73;81;35;35;310025;3105;31034
"São Domingos do Prata (MG)";3161007;377;312;434;342;423;497;200;301;310026;3105;31023
"São Félix de Minas (MG)";3161056;63;56;60;67;72;77;34;27;310022;3104;31038
"São Francisco (MG)";3161106;796;671;816;708;791;995;332;441;310011;3102;31049
"São Francisco de Paula (MG)";3161205;115;103;114;102;130;144;54;69;310069;3113;31088
"São Francisco de Sales (MG)";3161304;97;80;81;72;113;96;49;31;310058;3110;31071
"São Francisco do Glória (MG)";3161403;109;79;106;91;127;130;58;63;310031;3106;31045
"São Geraldo (MG)";3161502;217;159;196;166;227;250;129;132;310029;3106;31048
"São Geraldo da Piedade (MG)";3161601;87;61;83;70;109;108;37;45;310020;3104;31036
"São Geraldo do Baixio (MG)";3161650;75;50;65;51;67;82;31;27;310020;3104;31036
"São Gonçalo do Abaeté (MG)";3161700;100;98;118;81;125;104;49;51;310062;3112;31057
"São Gonçalo do Pará (MG)";3161809;195;153;190;178;228;262;76;100;310065;3113;31086
"São Gonçalo do Rio Abaixo (MG)";3161908;148;124;182;129;142;194;79;113;310026;3105;31021
"São Gonçalo do Sapucaí (MG)";3162005;479;338;465;353;455;513;172;265;310040;3108;31012
"São Gotardo (MG)";3162104;492;380;513;380;460;542;192;261;310062;3112;31082
"São João Batista do Glória (MG)";3162203;165;115;145;100;123;143;44;64;310041;3108;31092
"São João da Lagoa (MG)";3162252;86;52;89;63;79;95;27;22;310006;3102;31050
"São João da Mata (MG)";3162302;53;53;60;39;64;56;20;24;310050;3109;31007
"São João da Ponte (MG)";3162401;445;379;426;384;409;462;190;189;310006;3102;31049
"São João das Missões (MG)";3162450;131;107;131;131;140;144;48;68;310009;3102;31076
"São João del Rei (MG)";3162500;1606;1133;1926;1520;1456;2165;503;1147;310039;3107;31015
"São João do Manhuaçu (MG)";3162559;158;100;152;115;141;148;64;70;310028;3106;31059
"São João do Manteninha (MG)";3162575;103;86;105;100;122;149;61;72;310022;3104;31038
"São João do Oriente (MG)";3162609;150;123;170;130;197;209;91;91;310024;3105;31037
"São João do Pacuí (MG)";3162658;85;64;61;67;76;78;30;47;310006;3102;31050
"São João do Paraíso (MG)";3162708;376;316;394;324;357;441;151;201;310008;3102;31085
"São João Evangelista (MG)";3162807;260;245;317;270;334;420;131;241;310021;3104;31080
"São João Nepomuceno (MG)";3162906;534;342;541;444;533;639;297;405;310035;3106;31047
"São Joaquim de Bicas (MG)";3162922;379;293;386;272;303;389;103;148;310001;3101;31017
"São José da Barra (MG)";3162948;135;94;137;71;108;91;43;40;310041;3108;31092
"São José da Lapa (MG)";3162955;278;213;301;215;240;289;68;159;310001;3101;31025
"São José da Safira (MG)";3163003;49;37;62;48;57;71;18;31;310020;3104;31036
"São José da Varginha (MG)";3163102;67;61;68;54;84;85;37;25;310068;3113;31032
"São José do Alegre (MG)";3163201;75;69;86;67;90;96;27;42;310052;3109;31003
"São José do Divino (MG)";3163300;79;51;79;58;71;94;28;43;310013;3103;31096
"São José do Goiabal (MG)";3163409;99;76;142;94;127;172;64;84;310024;3105;31060
"São José do Jacuri (MG)";3163508;118;95;124;122;136;174;52;86;310021;3104;31080
"São José do Mantimento (MG)";3163607;55;33;39;45;59;57;20;31;310028;3106;31059
"São Lourenço (MG)";3163706;799;590;989;764;828;1101;382;632;310053;3109;31008
"São Miguel do Anta (MG)";3163805;142;101;129;98;169;197;58;102;310033;3106;31061
"São Pedro da União (MG)";3163904;158;92;116;97;127;110;60;69;310044;3108;31002
"São Pedro dos Ferros (MG)";3164001;162;111;171;177;185;233;85;110;310030;3106;31060
"São Pedro do Suaçuí (MG)";3164100;115;116;132;128;151;158;51;93;310021;3104;31080
"São Romão (MG)";3164209;154;99;135;84;138;138;39;77;310011;3102;31049
"São Roque de Minas (MG)";3164308;145;111;154;114;133;138;56;70;310049;3108;31093
"São Sebastião da Bela Vista (MG)";3164407;104;83;89;73;91;92;34;44;310050;3109;31007
"São Sebastião da Vargem Alegre (MG)";3164431;59;48;41;38;56;53;24;26;310031;3106;31045
"São Sebastião do Anta (MG)";3164472;91;54;77;60;102;109;37;32;310025;3105;31034
"São Sebastião do Maranhão (MG)";3164506;217;175;196;187;184;259;87;130;310021;3104;31081
"São Sebastião do Oeste (MG)";3164605;119;104;98;84;130;136;51;43;310065;3113;31086
"São Sebastião do Paraíso (MG)";3164704;1308;883;1354;1031;1213;1494;469;745;310047;3108;31009
"São Sebastião do Rio Preto (MG)";3164803;40;34;39;35;51;64;18;35;310005;3101;31021
"São Sebastião do Rio Verde (MG)";3164902;51;35;35;31;49;55;21;36;310053;3109;31008
"São Tiago (MG)";3165008;232;150;216;190;234;262;87;143;310039;3107;31015
"São Tomás de Aquino (MG)";3165107;154;133;162;118;171;179;60;98;310047;3108;31009
"São Tomé das Letras (MG)";3165206;122;87;74;66;88;83;19;33;310045;3108;31010
"São Vicente de Minas (MG)";3165305;135;102;141;105;134;159;41;91;310039;3107;31015
"Sapucaí-Mirim (MG)";3165404;122;95;111;93;120;109;51;46;310052;3109;31003
"Sardoá (MG)";3165503;76;75;74;91;99;116;30;46;310020;3104;31036
"Sarzedo (MG)";3165537;321;208;341;213;227;282;78;149;310001;3101;31018
"Setubinha (MG)";3165552;124;127;152;151;130;164;55;92;310013;3103;31099
"Sem-Peixe (MG)";3165560;88;68;79;75;90;105;45;50;310030;3106;31060
"Senador Amaral (MG)";3165578;98;58;76;52;66;68;28;13;310050;3109;31007
"Senador Cortes (MG)";3165602;39;35;39;26;37;45;21;27;310035;3106;31047
"Senador Firmino (MG)";3165701;174;163;191;139;200;206;67;97;310029;3106;31048
"Senador José Bento (MG)";3165800;61;45;44;42;57;60;25;26;310050;3109;31007
"Senador Modestino Gonçalves (MG)";3165909;73;99;90;87;84;108;35;45;310016;3103;31026
"Senhora de Oliveira (MG)";3166006;102;86;106;104;134;149;64;82;310038;3107;31079
"Senhora do Porto (MG)";3166105;79;68;68;74;100;124;44;48;310021;3104;31020
"Senhora dos Remédios (MG)";3166204;227;181;250;164;182;241;83;116;310037;3107;31013
"Sericita (MG)";3166303;114;90;125;95;116;147;60;62;310030;3106;31060
"Seritinga (MG)";3166402;48;34;40;29;40;39;15;18;310054;3109;31008
"Serra Azul de Minas (MG)";3166501;61;46;62;49;71;82;29;34;310016;3103;31095
"Serra da Saudade (MG)";3166600;21;13;14;8;21;18;10;4;310067;3113;31028
"Serra dos Aimorés (MG)";3166709;121;117;156;138;169;230;81;117;310013;3103;31066
"Serra do Salitre (MG)";3166808;154;131;168;103;136;150;46;64;310064;3112;31057
"Serrania (MG)";3166907;150;103;135;115;172;162;72;81;310042;3108;31001
"Serranópolis de Minas (MG)";3166956;91;73;102;66;77;94;35;52;310007;3102;31052
"Serranos (MG)";3167004;49;28;41;33;43;49;21;17;310054;3109;31008
"Serro (MG)";3167103;315;239;314;282;336;450;165;255;310016;3103;31095
"Sete Lagoas (MG)";3167202;3273;2356;3929;2841;2660;3846;976;1883;310002;3101;31024
"Silveirânia (MG)";3167301;47;36;40;33;68;66;20;20;310029;3106;31048
"Silvianópolis (MG)";3167400;174;125;150;124;168;141;69;80;310050;3109;31007
"Simão Pereira (MG)";3167509;47;40;60;51;52;54;11;24;310027;3106;31097
"Simonésia (MG)";3167608;296;259;271;223;328;321;131;143;310028;3106;31059
"Sobrália (MG)";3167707;98;101;110;115;150;180;78;75;310020;3104;31036
"Soledade de Minas (MG)";3167806;109;109;114;98;124;142;58;69;310053;3109;31008
"Tabuleiro (MG)";3167905;99;87;91;78;124;128;43;62;310029;3106;31048
"Taiobeiras (MG)";3168002;470;366;518;372;519;659;227;311;310008;3102;31085
"Taparuba (MG)";3168051;93;64;65;63;103;102;41;46;310028;3106;31059
"Tapira (MG)";3168101;77;60;52;58;63;62;23;34;310056;3110;31070
"Tapiraí (MG)";3168200;59;34;35;36;49;45;26;18;310066;3113;31030
"Taquaraçu de Minas (MG)";3168309;94;70;73;70;82;72;31;35;310001;3101;31016
"Tarumirim (MG)";3168408;320;281;320;275;357;422;179;202;310020;3104;31036
"Teixeiras (MG)";3168507;252;203;248;189;290;300;110;159;310033;3106;31061
"Teófilo Otoni (MG)";3168606;2071;1706;2641;2224;2349;3167;986;1821;310013;3103;31099
"Timóteo (MG)";3168705;1200;863;1420;1141;1255;1543;471;706;310024;3105;31035
"Tiradentes (MG)";3168804;123;75;131;100;93;128;34;62;310039;3107;31015
"Tiros (MG)";3168903;170;159;162;139;159;187;87;83;310062;3112;31082
"Tocantins (MG)";3169000;353;263;333;274;350;374;146;180;310029;3106;31048
"Tocos do Moji (MG)";3169059;128;79;72;57;99;87;39;33;310050;3109;31007
"Toledo (MG)";3169109;152;100;121;78;146;116;57;61;310050;3109;31007
"Tombos (MG)";3169208;199;168;218;157;222;295;124;214;310034;3106;31042
"Três Corações (MG)";3169307;1249;846;1307;995;1064;1343;409;625;310045;3108;31010
"Três Marias (MG)";3169356;471;305;478;326;352;393;135;167;310004;3101;31019
"Três Pontas (MG)";3169406;939;686;980;757;869;1066;338;494;310046;3108;31011
"Tumiritinga (MG)";3169505;102;105;134;129;126;112;48;68;310020;3104;31036
"Tupaciguara (MG)";3169604;545;409;574;461;604;631;266;335;310059;3111;31075
"Turmalina (MG)";3169703;263;204;279;210;255;345;85;153;310014;3103;31027
"Turvolândia (MG)";3169802;92;79;78;78;107;94;30;30;310050;3109;31007
"Ubá (MG)";3169901;1694;1134;1843;1355;1522;1914;603;998;310029;3106;31048
"Ubaí (MG)";3170008;204;148;194;138;172;201;75;103;310011;3102;31049
"Ubaporanga (MG)";3170057;233;156;185;160;248;265;98;120;310025;3105;31034
"Uberaba (MG)";3170107;5255;3798;6510;4736;4991;6785;1976;3314;310055;3110;31072
"Uberlândia (MG)";3170206;9418;6695;10942;7776;7939;10676;3185;5043;310059;3111;31075
"Umburatiba (MG)";3170305;51;42;49;39;51;63;34;30;310019;3103;31062
"Unaí (MG)";3170404;1281;874;1131;866;1066;1173;387;480;310063;3112;31058
"União de Minas (MG)";3170438;85;80;65;62;102;63;27;26;310058;3110;31071
"Uruana de Minas (MG)";3170479;64;54;70;42;59;62;30;28;310063;3112;31058
"Urucânia (MG)";3170503;184;130;176;161;167;219;57;111;310030;3106;31060
"Urucuia (MG)";3170529;213;168;188;141;206;175;84;77;310063;3112;31049
"Vargem Alegre (MG)";3170578;122;96;138;121;172;150;63;88;310025;3105;31034
"Vargem Bonita (MG)";3170602;60;43;34;38;62;50;15;17;310049;3108;31093
"Vargem Grande do Rio Pardo (MG)";3170651;64;50;66;54;73;80;33;45;310008;3102;31085
"Varginha (MG)";3170701;2137;1380;2268;1676;1690;2240;661;1180;310040;3108;31012
"Varjão de Minas (MG)";3170750;79;80;60;50;67;84;19;27;310062;3112;31057
"Várzea da Palma (MG)";3170800;576;408;509;353;468;505;174;218;310010;3102;31055
"Varzelândia (MG)";3170909;277;248;312;242;334;367;133;187;310006;3102;31049
"Vazante (MG)";3171006;306;283;352;235;284;306;90;150;310062;3112;31057
"Verdelândia (MG)";3171030;86;77;96;89;92;86;30;51;310007;3102;31052
"Veredinha (MG)";3171071;90;63;113;75;73;113;29;54;310014;3103;31027
"Veríssimo (MG)";3171105;87;65;59;42;83;65;33;29;310055;3110;31072
"Vermelho Novo (MG)";3171154;93;62;85;69;86;105;40;56;310025;3105;31034
"Vespasiano (MG)";3171204;1274;825;1487;1050;890;1286;291;540;310001;3101;31025
"Viçosa (MG)";3171303;1249;806;1312;988;1063;1382;434;742;310033;3106;31061
"Vieiras (MG)";3171402;72;59;73;61;83;106;37;36;310031;3106;31045
"Mathias Lobato (MG)";3171501;60;41;63;38;46;59;28;31;310020;3104;31036
"Virgem da Lapa (MG)";3171600;264;160;281;248;275;328;98;201;310017;3103;31064
"Virgínia (MG)";3171709;205;111;196;151;171;199;81;75;310053;3109;31008
"Virginópolis (MG)";3171808;189;154;200;161;213;283;107;155;310021;3104;31020
"Virgolândia (MG)";3171907;106;80;128;99;136;190;81;107;310020;3104;31036
"Visconde do Rio Branco (MG)";3172004;675;501;750;579;685;849;287;456;310029;3106;31048
"Volta Grande (MG)";3172103;91;82;97;83;89;140;54;75;310036;3106;31041
"Wenceslau Braz (MG)";3172202;49;40;64;38;70;61;21;18;310052;3109;31003
"Afonso Cláudio (ES)";3200102;536;514;623;534;586;683;281;356;320002;3201;32002
"Águia Branca (ES)";3200136;205;118;170;137;185;152;75;83;320005;3203;32005
"Água Doce do Norte (ES)";3200169;211;184;209;186;242;259;113;138;320006;3203;32005
"Alegre (ES)";3200201;558;442;637;501;677;730;348;432;320008;3204;32004
"Alfredo Chaves (ES)";3200300;300;248;258;225;304;291;146;178;320001;3201;32004
"Alto Rio Novo (ES)";3200359;138;95;130;95;133;136;55;50;320005;3203;32005
"Anchieta (ES)";3200409;419;297;413;285;378;416;158;208;320001;3201;32004
"Apiacá (ES)";3200508;176;106;162;111;195;202;82;97;320008;3204;32004
"Aracruz (ES)";3200607;1150;748;1059;787;900;1107;402;563;320004;3202;32002
"Atílio Vivácqua (ES)";3200706;205;131;149;129;165;184;88;104;320007;3204;32004
"Baixo Guandu (ES)";3200805;458;421;576;483;600;730;246;377;320005;3203;32005
"Barra de São Francisco (ES)";3200904;668;542;734;626;741;847;355;373;320006;3203;32005
"Boa Esperança (ES)";3201001;203;185;234;206;236;245;121;131;320003;3202;32005
"Bom Jesus do Norte (ES)";3201100;165;134;178;154;197;246;92;138;320008;3204;32004
"Brejetuba (ES)";3201159;148;104;126;104;149;114;54;49;320002;3201;32002
"Cachoeiro de Itapemirim (ES)";3201209;3095;2153;3489;2585;2907;3757;1195;1859;320007;3204;32004
"Cariacica (ES)";3201308;4717;3329;5785;4222;3891;5460;1481;2594;320001;3201;32002
"Castelo (ES)";3201407;571;517;686;519;724;808;321;441;320007;3204;32004
"Colatina (ES)";3201506;1765;1255;2149;1643;1821;2371;789;1146;320005;3203;32005
"Conceição da Barra (ES)";3201605;396;306;424;358;403;426;164;169;320003;3202;32005
"Conceição do Castelo (ES)";3201704;241;153;214;131;229;239;97;114;320002;3201;32002
"Divino de São Lourenço (ES)";3201803;72;64;67;57;77;59;21;33;320008;3204;32004
"Domingos Martins (ES)";3201902;534;392;541;439;553;630;236;325;320002;3201;32002
"Dores do Rio Preto (ES)";3202009;99;78;127;81;104;100;43;62;320008;3204;32004
"Ecoporanga (ES)";3202108;420;322;399;343;464;481;218;240;320006;3203;32005
"Fundão (ES)";3202207;311;201;284;241;292;354;136;228;320001;3201;32002
"Governador Lindenberg (ES)";3202256;189;130;176;159;206;229;95;91;320005;3203;32005
"Guaçuí (ES)";3202306;499;346;523;428;529;608;250;368;320008;3204;32004
"Guarapari (ES)";3202405;1773;1331;1873;1382;1585;1950;623;879;320001;3201;32002
"Ibatiba (ES)";3202454;360;301;353;285;359;392;160;174;320008;3204;32002
"Ibiraçu (ES)";3202504;183;141;210;146;185;216;76;132;320004;3202;32002
"Ibitirama (ES)";3202553;133;96;133;101;143;138;60;53;320008;3204;32004
"Iconha (ES)";3202603;232;167;212;177;229;280;100;124;320007;3204;32004
"Irupi (ES)";3202652;187;152;174;136;186;192;84;91;320008;3204;32004
"Itaguaçu (ES)";3202702;295;220;314;242;367;420;144;206;320005;3203;32002
"Itapemirim (ES)";3202801;566;389;519;372;482;522;214;252;320007;3204;32004
"Itarana (ES)";3202900;209;185;241;184;249;281;113;159;320002;3201;32002
"Iúna (ES)";3203007;417;347;449;343;413;441;177;235;320008;3204;32004
"Jaguaré (ES)";3203056;321;231;323;258;313;308;128;143;320003;3202;32005
"Jerônimo Monteiro (ES)";3203106;200;158;241;189;266;276;113;170;320007;3204;32004
"João Neiva (ES)";3203130;276;211;286;238;275;383;185;198;320004;3202;32002
"Laranja da Terra (ES)";3203163;256;216;256;230;257;268;94;142;320002;3201;32002
"Linhares (ES)";3203205;1832;1342;2030;1530;1693;1988;712;984;320004;3202;32005
"Mantenópolis (ES)";3203304;236;199;263;227;307;293;107;131;320005;3203;32005
"Marataízes (ES)";3203320;607;478;619;483;589;626;247;316;320007;3204;32004
"Marechal Floriano (ES)";3203346;241;185;226;202;240;252;104;151;320002;3201;32002
"Marilândia (ES)";3203353;222;189;206;172;240;244;91;127;320005;3203;32005
"Mimoso do Sul (ES)";3203403;509;382;510;378;511;588;235;313;320007;3204;32004
"Montanha (ES)";3203502;340;257;333;331;331;406;180;229;320003;3202;32005
"Mucurici (ES)";3203601;116;96;105;97;115;121;51;52;320003;3202;32005
"Muniz Freire (ES)";3203700;349;240;334;261;320;358;163;175;320008;3204;32004
"Muqui (ES)";3203809;272;213;288;224;313;363;125;194;320007;3204;32004
"Nova Venécia (ES)";3203908;697;573;702;597;788;829;340;429;320006;3203;32005
"Pancas (ES)";3204005;410;291;386;289;366;389;155;188;320005;3203;32005
"Pedro Canário (ES)";3204054;327;261;340;268;298;325;118;161;320003;3202;32005
"Pinheiros (ES)";3204104;370;302;417;375;413;435;173;231;320003;3202;32005
"Piúma (ES)";3204203;327;226;326;249;288;333;90;133;320001;3201;32004
"Ponto Belo (ES)";3204252;122;122;129;90;149;163;72;87;320003;3202;32005
"Presidente Kennedy (ES)";3204302;200;148;177;141;179;177;70;89;320007;3204;32004
"Rio Bananal (ES)";3204351;278;207;262;196;276;305;144;166;320004;3202;32005
"Rio Novo do Sul (ES)";3204401;204;149;194;168;232;250;105;163;320007;3204;32004
"Santa Leopoldina (ES)";3204500;252;154;208;170;251;272;106;142;320002;3201;32002
"Santa Maria de Jetibá (ES)";3204559;556;401;517;398;477;570;136;226;320002;3201;32002
"Santa Teresa (ES)";3204609;454;325;433;365;448;508;226;307;320002;3201;32002
"São Domingos do Norte (ES)";3204658;148;94;157;122;154;155;78;84;320005;3203;32005
"São Gabriel da Palha (ES)";3204708;504;342;538;394;465;608;212;295;320005;3203;32005
"São José do Calçado (ES)";3204807;206;171;248;177;277;297;129;179;320008;3204;32004
"São Mateus (ES)";3204906;1527;1016;1530;1123;1308;1525;536;651;320003;3202;32005
"São Roque do Canaã (ES)";3204955;222;159;209;186;235;255;108;124;320005;3203;32005
"Serra (ES)";3205002;5088;3067;5488;3786;3611;4616;1266;2118;320001;3201;32002
"Sooretama (ES)";3205010;288;202;271;184;245;288;100;121;320004;3202;32005
"Vargem Alta (ES)";3205036;286;229;274;235;318;329;140;173;320007;3204;32004
"Venda Nova do Imigrante (ES)";3205069;321;229;316;237;304;332;143;198;320002;3201;32002
"Viana (ES)";3205101;854;552;918;639;636;842;260;374;320001;3201;32002
"Vila Pavão (ES)";3205150;136;106;137;100;165;163;64;88;320006;3203;32005
"Vila Valério (ES)";3205176;235;141;195;143;189;229;82;111;320005;3203;32005
"Vila Velha (ES)";3205200;6473;4466;8148;5798;5535;8093;2014;3957;320001;3201;32002
"Vitória (ES)";3205309;5500;3822;7022;4996;4673;7360;2014;4083;320001;3201;32002
"Angra dos Reis (RJ)";3300100;2602;1775;2652;1693;1817;2021;650;903;330002;3301;33001
"Aperibé (RJ)";3300159;206;176;229;199;224;217;89;130;330012;3304;33007
"Araruama (RJ)";3300209;2242;1728;2528;1980;2236;2625;786;1296;330013;3305;33002
"Areal (RJ)";3300225;236;142;225;184;183;232;74;116;330007;3303;33003
"Armação dos Búzios (RJ)";3300233;442;298;415;306;310;325;78;138;330013;3305;33002
"Arraial do Cabo (RJ)";3300258;567;430;622;441;536;573;152;218;330013;3305;33002
"Barra do Piraí (RJ)";3300308;1770;1246;2206;1684;1607;2286;656;1260;330004;3302;33004
"Barra Mansa (RJ)";3300407;3329;2309;3851;2849;2877;3795;962;1770;330004;3302;33004
"Belford Roxo (RJ)";3300456;7167;4946;8514;6118;5441;7691;1658;3134;330001;3301;33005
"Bom Jardim (RJ)";3300506;486;392;489;368;455;536;209;305;330008;3303;33009
"Bom Jesus do Itabapoana (RJ)";3300605;690;546;771;653;726;954;348;534;330011;3304;33007
"Cabo Frio (RJ)";3300704;3200;2371;3623;2716;2816;3205;827;1354;330013;3305;33002
"Cachoeiras de Macacu (RJ)";3300803;1057;706;1029;799;923;1024;378;528;330003;3301;33009
"Cambuci (RJ)";3300902;353;297;375;253;350;409;193;270;330012;3304;33007
"Carapebus (RJ)";3300936;249;195;233;192;244;214;73;105;330014;3305;33008
"Comendador Levy Gasparian (RJ)";3300951;171;136;188;140;144;179;66;88;330009;3303;33003
"Campos dos Goytacazes (RJ)";3301009;7710;5716;9558;7246;7309;9856;2859;4787;330010;3304;33008
"Cantagalo (RJ)";3301108;415;358;451;323;426;460;190;251;330008;3303;33009
"Cardoso Moreira (RJ)";3301157;291;222;269;242;332;349;165;179;330010;3304;33007
"Carmo (RJ)";3301207;352;245;356;279;356;393;158;250;330008;3303;33009
"Casimiro de Abreu (RJ)";3301306;598;416;607;471;505;608;229;324;330014;3305;33002
"Conceição de Macabu (RJ)";3301405;397;265;379;325;373;402;137;219;330014;3305;33008
"Cordeiro (RJ)";3301504;401;288;450;368;358;491;145;296;330008;3303;33009
"Duas Barras (RJ)";3301603;222;153;173;129;179;197;89;134;330008;3303;33009
"Duque de Caxias (RJ)";3301702;13137;9185;16518;11710;10509;15204;3423;6493;330001;3301;33005
"Engenheiro Paulo de Frontin (RJ)";3301801;287;196;310;222;245;328;99;156;330004;3302;33003
"Guapimirim (RJ)";3301850;868;612;891;659;752;820;239;379;330001;3301;33009
"Iguaba Grande (RJ)";3301876;562;462;659;454;512;657;153;253;330013;3305;33002
"Itaboraí (RJ)";3301900;3863;2518;4142;2909;2909;3544;923;1601;330001;3301;33006
"Itaguaí (RJ)";3302007;1833;1229;1881;1296;1412;1573;414;706;330001;3301;33005
"Italva (RJ)";3302056;339;276;364;314;360;378;186;230;330010;3304;33007
"Itaocara (RJ)";3302106;528;436;567;453;559;674;262;383;330012;3304;33007
"Itaperuna (RJ)";3302205;1918;1405;2102;1646;1776;2252;842;1197;330011;3304;33007
"Itatiaia (RJ)";3302254;532;406;512;387;429;459;123;240;330005;3302;33004
"Japeri (RJ)";3302270;1359;958;1499;1044;1085;1361;350;586;330001;3301;33005
"Laje do Muriaé (RJ)";3302304;148;130;154;140;144;164;77;103;330011;3304;33007
"Macaé (RJ)";3302403;2715;1722;2950;2032;1951;2590;727;1250;330014;3305;33008
"Macuco (RJ)";3302452;112;82;139;96;79;102;53;66;330008;3303;33009
"Magé (RJ)";3302502;3815;2792;4424;3329;3307;4065;1089;1845;330001;3301;33005
"Mangaratiba (RJ)";3302601;734;589;788;590;620;655;200;310;330001;3301;33001
"Maricá (RJ)";3302700;2930;1920;2910;2091;2251;2538;721;1235;330001;3301;33006
"Mendes (RJ)";3302809;383;289;423;301;351;522;135;252;330004;3302;33003
"Mesquita (RJ)";3302858;2809;1977;3748;2759;2342;3518;728;1658;330001;3301;33005
"Miguel Pereira (RJ)";3302908;520;437;692;496;547;730;260;435;330006;3302;33003
"Miracema (RJ)";3303005;492;383;610;472;592;720;208;416;330012;3304;33007
"Natividade (RJ)";3303104;318;231;337;246;372;405;194;237;330011;3304;33007
"Nilópolis (RJ)";3303203;2871;1981;3911;2802;2409;4096;890;1946;330001;3301;33005
"Niterói (RJ)";3303302;10356;7628;13845;10776;10188;16366;4353;10113;330001;3301;33006
"Nova Friburgo (RJ)";3303401;3728;2723;4465;3413;3319;4490;1422;2520;330008;3303;33009
"Nova Iguaçu (RJ)";3303500;12851;8859;15768;11580;10330;14883;3374;6481;330001;3301;33005
"Paracambi (RJ)";3303609;905;712;940;688;844;903;309;385;330001;3301;33003
"Paraíba do Sul (RJ)";3303708;776;559;919;684;769;995;317;546;330009;3303;33003
"Paraty (RJ)";3303807;651;411;596;411;491;486;189;242;330002;3301;33001
"Paty do Alferes (RJ)";3303856;475;358;506;423;504;586;192;316;330006;3302;33003
"Petrópolis (RJ)";3303906;5879;4262;7513;5614;5287;7875;1993;4262;330007;3303;33009
"Pinheiral (RJ)";3303955;435;267;443;280;291;423;143;191;330004;3302;33004
"Piraí (RJ)";3304003;530;376;550;367;444;549;201;262;330004;3302;33004
"Porciúncula (RJ)";3304102;318;252;331;281;336;428;189;239;330011;3304;33007
"Porto Real (RJ)";3304110;241;178;271;189;196;241;74;91;330005;3302;33004
"Quatis (RJ)";3304128;208;162;267;190;203;254;64;113;330005;3302;33004
"Queimados (RJ)";3304144;2049;1418;2429;1732;1571;2221;581;971;330001;3301;33005
"Quissamã (RJ)";3304151;384;273;341;268;339;357;130;180;330014;3305;33008
"Resende (RJ)";3304201;2040;1431;2414;1687;1647;2248;607;1132;330005;3302;33004
"Rio Bonito (RJ)";3304300;997;738;1069;822;912;1136;392;574;330003;3301;33006
"Rio Claro (RJ)";3304409;351;262;307;273;307;336;142;194;330004;3302;33004
"Rio das Flores (RJ)";3304508;162;144;174;128;169;161;63;85;330006;3302;33004
"Rio das Ostras (RJ)";3304524;1561;1057;1730;1199;1212;1439;344;658;330014;3305;33002
"Rio de Janeiro (RJ)";3304557;118991;84926;160131;121277;113914;186369;47637;107606;330001;3301;33005
"Santa Maria Madalena (RJ)";3304607;239;193;220;149;261;228;95;162;330008;3303;33009
"Santo Antônio de Pádua (RJ)";3304706;854;677;960;764;863;1012;399;566;330012;3304;33007
"São Francisco de Itabapoana (RJ)";3304755;771;602;744;622;811;787;312;394;330010;3304;33008
"São Fidélis (RJ)";3304805;822;689;904;709;903;1024;400;553;330010;3304;33008
"São Gonçalo (RJ)";3304904;17958;12630;22555;16467;14594;21682;4892;9506;330001;3301;33006
"São João da Barra (RJ)";3305000;644;560;730;601;644;699;218;290;330010;3304;33008
"São João de Meriti (RJ)";3305109;7831;5246;9965;7009;6244;9610;1939;4213;330001;3301;33005
"São José de Ubá (RJ)";3305133;147;121;153;127;150;141;59;79;330011;3304;33007
"São José do Vale do Rio Preto (RJ)";3305158;398;232;381;282;310;367;106;147;330007;3303;33009
"São Pedro da Aldeia (RJ)";3305208;1514;1137;1703;1200;1370;1429;419;684;330013;3305;33002
"São Sebastião do Alto (RJ)";3305307;185;163;172;146;219;211;107;107;330008;3303;33009
"Sapucaia (RJ)";3305406;363;273;372;267;309;374;136;198;330009;3303;33003
"Saquarema (RJ)";3305505;1616;1179;1590;1260;1342;1539;467;740;330001;3301;33002
"Seropédica (RJ)";3305554;1339;803;1398;1000;1099;1356;419;600;330001;3301;33005
"Silva Jardim (RJ)";3305604;394;266;350;256;394;378;169;195;330003;3301;33006
"Sumidouro (RJ)";3305703;243;185;237;191;234;257;100;127;330008;3303;33009
"Tanguá (RJ)";3305752;537;434;545;443;469;504;170;218;330001;3301;33006
"Teresópolis (RJ)";3305802;3037;2291;3761;2770;2918;3764;1141;1900;330007;3303;33009
"Trajano de Moraes (RJ)";3305901;211;180;209;190;246;252;103;116;330008;3303;33009
"Três Rios (RJ)";3306008;1478;1040;1797;1289;1227;1799;458;872;330009;3303;33003
"Valença (RJ)";3306107;1552;1099;1751;1371;1445;1930;582;1151;330006;3302;33004
"Varre-Sai (RJ)";3306156;150;113;144;114;144;152;53;92;330011;3304;33007
"Vassouras (RJ)";3306206;638;502;787;583;618;818;267;499;330006;3302;33003
"Volta Redonda (RJ)";3306305;5054;3150;5969;4036;4048;5850;1692;2819;330004;3302;33004
"Adamantina (SP)";3500105;779;583;879;744;913;1149;363;523;350019;3505;35091
"Adolfo (SP)";3500204;87;70;102;57;83;94;32;40;350025;3507;35156
"Aguaí (SP)";3500303;620;382;645;407;530;671;207;315;350044;3510;35142
"Águas da Prata (SP)";3500402;179;143;191;161;224;260;97;149;350044;3510;35142
"Águas de Lindóia (SP)";3500501;365;256;391;302;407;458;174;263;350048;3510;35074
"Águas de Santa Bárbara (SP)";3500550;139;95;135;85;115;143;56;67;350007;3502;35061
"Águas de São Pedro (SP)";3500600;75;61;95;90;101;120;52;79;350040;3510;35103
"Agudos (SP)";3500709;590;445;660;484;537;667;205;332;350009;3503;35062
"Alambari (SP)";3500758;104;80;83;55;78;91;42;38;350006;3502;35161
"Alfredo Marcondes (SP)";3500808;91;110;118;86;117;139;60;69;350018;3505;35112
"Altair (SP)";3500907;67;57;71;49;59;60;25;30;350025;3507;35051
"Altinópolis (SP)";3501004;376;269;340;252;326;380;143;194;350031;3508;35133
"Alto Alegre (SP)";3501103;116;104;110;100;123;136;56;63;350023;3506;35023
"Alumínio (SP)";3501152;229;206;271;191;215;242;71;90;350003;3502;35163
"Álvares Florence (SP)";3501202;135;99;125;100;150;111;46;46;350027;3507;35157
"Álvares Machado (SP)";3501301;501;357;545;381;456;514;183;276;350018;3505;35112
"Álvaro de Carvalho (SP)";3501400;72;57;61;62;67;72;29;37;350013;3504;35093
"Alvinlândia (SP)";3501509;55;53;66;53;53;70;18;29;350013;3504;35093
"Americana (SP)";3501608;4022;2698;4456;3349;3601;4958;1413;2434;350038;3510;35072
"Américo Brasiliense (SP)";3501707;468;321;506;382;371;419;109;165;350036;3509;35031
"Américo de Campos (SP)";3501806;144;143;148;127;149;152;63;77;350027;3507;35157
"Amparo (SP)";3501905;1282;962;1431;1167;1380;1699;558;946;350048;3510;35074
"Analândia (SP)";3502002;95;67;81;80;114;104;34;38;350046;3510;35104
"Andradina (SP)";3502101;1196;920;1376;1110;1180;1454;478;684;350024;3506;35022
"Angatuba (SP)";3502200;431;318;446;312;392;390;163;193;350006;3502;35161
"Anhembi (SP)";3502309;105;94;102;72;108;102;43;49;350011;3503;35063
"Anhumas (SP)";3502408;74;57;78;60;86;86;32;45;350018;3505;35112
"Aparecida (SP)";3502507;638;456;768;539;511;759;217;399;350052;3511;35172
"Aparecida d'Oeste (SP)";3502606;108;98;117;97;142;168;57;55;350028;3507;35153
"Apiaí (SP)";3502705;454;326;439;325;453;444;157;198;350004;3502;35162
"Araçariguama (SP)";3502754;237;179;245;153;210;173;63;86;350003;3502;35163
"Araçatuba (SP)";3502804;3445;2625;4373;3342;3486;4691;1388;2273;350022;3506;35021
"Araçoiaba da Serra (SP)";3502903;574;443;587;411;517;524;188;249;350003;3502;35163
"Aramina (SP)";3503000;111;92;100;90;134;128;47;41;350035;3508;35083
"Arandu (SP)";3503109;121;90;113;98;116;119;32;60;350007;3502;35061
"Arapeí (SP)";3503158;42;52;43;35;60;67;24;30;350053;3511;35172
"Araraquara (SP)";3503208;4039;2825;4897;3529;3805;5351;1605;3052;350036;3509;35031
"Araras (SP)";3503307;2237;1579;2433;1848;2004;2659;751;1343;350045;3510;35101
"Arco-Íris (SP)";3503356;52;45;44;50;58;47;19;24;350016;3504;35095
"Arealva (SP)";3503406;227;172;204;164;236;233;105;116;350009;3503;35062
"Areias (SP)";3503505;50;59;70;49;60;73;33;55;350053;3511;35172
"Areiópolis (SP)";3503604;158;114;133;119;130;152;54;47;350011;3503;35063
"Ariranha (SP)";3503703;176;108;165;120;187;219;66;91;350026;3507;35151
"Artur Nogueira (SP)";3503802;723;529;727;540;612;694;229;334;350038;3510;35072
"Arujá (SP)";3503901;1110;728;1180;747;729;961;270;479;350001;3501;35011
"Aspásia (SP)";3503950;43;50;48;37;45;49;15;25;350028;3507;35153
"Assis (SP)";3504008;1847;1369;2128;1749;1803;2530;786;1234;350014;3504;35092
"Atibaia (SP)";3504107;2234;1738;2606;2100;2217;2791;902;1561;350041;3510;35071
"Auriflama (SP)";3504206;314;259;337;256;337;390;146;164;350022;3506;35021
"Avaí (SP)";3504305;110;66;88;71;81;108;38;47;350009;3503;35062
"Avanhandava (SP)";3504404;173;113;198;138;144;201;58;76;350023;3506;35023
"Avaré (SP)";3504503;1542;1134;1742;1275;1469;1888;568;978;350007;3502;35061
"Bady Bassitt (SP)";3504602;252;214;284;208;280;302;85;129;350025;3507;35155
"Balbinos (SP)";3504701;41;28;21;27;41;41;15;21;350009;3503;35062
"Bálsamo (SP)";3504800;167;146;199;175;195;256;85;122;350025;3507;35155
"Bananal (SP)";3504909;227;144;217;176;217;246;86;151;350053;3511;35172
"Barão de Antonina (SP)";3505005;73;49;64;62;83;68;31;36;350004;3502;35061
"Barbosa (SP)";3505104;130;88;137;113;124;158;52;54;350023;3506;35023
"Bariri (SP)";3505203;601;475;691;592;706;894;325;486;350010;3503;35064
"Barra Bonita (SP)";3505302;671;535;819;613;707;895;252;406;350010;3503;35064
"Barra do Chapéu (SP)";3505351;98;79;76;76;112;97;42;31;350004;3502;35162
"Barra do Turvo (SP)";3505401;186;176;125;114;188;168;62;47;350005;3502;35121
"Barretos (SP)";3505500;2034;1581;2605;2087;2117;2810;834;1358;350032;3508;35051
"Barrinha (SP)";3505609;347;237;362;265;277;378;111;162;350031;3508;35131
"Barueri (SP)";3505708;3183;1915;3498;2163;1880;2618;756;1278;350001;3501;35014
"Bastos (SP)";3505807;403;272;410;337;360;457;130;230;350016;3504;35095
"Batatais (SP)";3505906;1144;792;1205;951;1088;1434;463;733;350031;3508;35133
"Bauru (SP)";3506003;6092;4521;7473;5778;5916;8462;2390;4309;350009;3503;35062
"Bebedouro (SP)";3506102;1548;1109;1655;1291;1384;1877;580;1041;350032;3508;35052
"Bento de Abreu (SP)";3506201;50;37;46;41;43;75;21;22;350022;3506;35021
"Bernardino de Campos (SP)";3506300;212;198;271;240;271;354;118;196;350015;3504;35094
"Bertioga (SP)";3506359;680;507;678;415;480;498;172;206;350002;3501;35041
"Bilac (SP)";3506409;150;122;177;142;172;207;65;105;350023;3506;35021
"Birigui (SP)";3506508;2011;1574;2290;1777;1871;2265;739;1118;350023;3506;35023
"Biritiba Mirim (SP)";3506607;593;402;527;384;528;503;150;189;350001;3501;35011
"Boa Esperança do Sul (SP)";3506706;242;172;218;189;198;218;72;115;350036;3509;35031
"Bocaina (SP)";3506805;206;138;203;143;186;272;62;149;350010;3503;35064
"Bofete (SP)";3506904;241;208;218;178;215;209;66;79;350011;3503;35063
"Boituva (SP)";3507001;768;567;880;598;691;764;225;333;350003;3502;35163
"Bom Jesus dos Perdões (SP)";3507100;336;242;341;255;280;304;108;152;350041;3510;35071
"Bom Sucesso de Itararé (SP)";3507159;54;39;40;34;45;37;15;25;350004;3502;35162
"Borá (SP)";3507209;13;11;12;10;14;14;5;7;350014;3504;35092
"Boracéia (SP)";3507308;97;64;88;64;77;90;40;43;350010;3503;35064
"Borborema (SP)";3507407;304;231;314;252;349;362;134;172;350036;3509;35032
"Borebi (SP)";3507456;34;25;32;36;41;44;11;25;350009;3503;35062
"Botucatu (SP)";3507506;2362;1718;2733;2108;2261;3105;924;1797;350011;3503;35063
"Bragança Paulista (SP)";3507605;2761;2038;3243;2238;2505;3213;1030;1681;350041;3510;35071
"Braúna (SP)";3507704;97;87;100;112;148;142;61;66;350023;3506;35023
"Brejo Alegre (SP)";3507753;50;48;48;47;41;44;23;34;350023;3506;35023
"Brodowski (SP)";3507803;381;303;398;315;378;466;161;240;350031;3508;35133
"Brotas (SP)";3507902;417;316;414;360;404;503;165;245;350010;3503;35064
"Buri (SP)";3508009;318;245;288;227;338;279;108;123;350004;3502;35162
"Buritama (SP)";3508108;368;267;374;273;339;354;112;157;350023;3506;35023
"Buritizal (SP)";3508207;108;70;89;66;95;97;41;52;350035;3508;35083
"Cabrália Paulista (SP)";3508306;80;65;91;63;77;91;25;41;350009;3503;35062
"Cabreúva (SP)";3508405;578;422;623;412;439;501;174;231;350039;3510;35073
"Caçapava (SP)";3508504;1592;1104;1693;1251;1253;1585;454;831;350049;3511;35171
"Cachoeira Paulista (SP)";3508603;585;398;634;505;474;671;214;358;350053;3511;35172
"Caconde (SP)";3508702;441;284;419;316;432;435;163;211;350047;3510;35143
"Cafelândia (SP)";3508801;349;255;357;307;350;493;168;213;350012;3503;35065
"Caiabu (SP)";3508900;88;75;77;76;107;109;44;52;350018;3505;35112
"Caieiras (SP)";3509007;1250;760;1403;898;763;1076;272;486;350001;3501;35012
"Caiuá (SP)";3509106;114;90;94;83;134;108;43;37;350021;3505;35114
"Cajamar (SP)";3509205;748;537;821;594;565;669;183;269;350001;3501;35012
"Cajati (SP)";3509254;457;388;414;360;500;466;168;208;350005;3502;35121
"Cajobi (SP)";3509304;202;146;214;180;225;243;71;106;350032;3508;35051
"Cajuru (SP)";3509403;421;303;449;356;441;519;191;262;350031;3508;35133
"Campina do Monte Alegre (SP)";3509452;126;67;99;85;130;98;51;55;350006;3502;35161
"Campinas (SP)";3509502;19059;13766;23211;16986;17289;24003;6641;12846;350038;3510;35072
"Campo Limpo Paulista (SP)";3509601;1229;777;1250;874;863;1099;282;501;350039;3510;35073
"Campos do Jordão (SP)";3509700;737;451;784;547;588;708;197;318;350050;3511;35174
"Campos Novos Paulista (SP)";3509809;102;89;94;86;92;101;42;48;350013;3504;35093
"Cananéia (SP)";3509908;257;191;214;192;228;276;74;122;350005;3502;35121
"Canas (SP)";3509957;55;49;66;56;59;65;23;22;350052;3511;35172
"Cândido Mota (SP)";3510005;592;470;659;513;628;779;234;337;350014;3504;35092
"Cândido Rodrigues (SP)";3510104;72;57;89;58;85;87;34;41;350036;3509;35033
"Canitar (SP)";3510153;71;49;69;48;65;69;11;22;350015;3504;35094
"Capão Bonito (SP)";3510203;868;644;881;680;748;882;281;358;350004;3502;35161
"Capela do Alto (SP)";3510302;316;238;349;204;274;269;96;91;350003;3502;35163
"Capivari (SP)";3510401;743;558;848;639;721;881;300;494;350040;3510;35103
"Caraguatatuba (SP)";3510500;1873;1398;2009;1448;1582;1705;487;803;350051;3511;35173
"Carapicuíba (SP)";3510609;5356;3450;6277;4048;3188;4564;945;1899;350001;3501;35014
"Cardoso (SP)";3510708;283;232;306;290;295;316;121;148;350027;3507;35157
"Casa Branca (SP)";3510807;601;464;557;438;591;614;299;405;350044;3510;35143
"Cássia dos Coqueiros (SP)";3510906;49;45;54;46;74;68;34;30;350031;3508;35133
"Castilho (SP)";3511003;364;280;367;274;339;377;152;162;350024;3506;35022
"Catanduva (SP)";3511102;2242;1669;2648;2129;2458;3279;952;1678;350026;3507;35151
"Catiguá (SP)";3511201;153;87;124;96;130;159;63;67;350026;3507;35151
"Cedral (SP)";3511300;201;144;192;151;230;255;101;124;350025;3507;35155
"Cerqueira César (SP)";3511409;349;246;345;290;335;426;127;201;350007;3502;35061
"Cerquilho (SP)";3511508;705;498;757;565;641;768;255;369;350003;3502;35161
"Cesário Lange (SP)";3511607;349;218;292;232;277;279;87;107;350008;3502;35161
"Charqueada (SP)";3511706;282;195;272;213;259;304;93;114;350040;3510;35103
"Clementina (SP)";3511904;113;72;115;77;111;135;65;69;350023;3506;35023
"Colina (SP)";3512001;348;246;367;282;313;417;142;190;350032;3508;35051
"Colômbia (SP)";3512100;110;94;120;92;99;84;31;33;350032;3508;35051
"Conchal (SP)";3512209;412;300;423;326;356;436;117;203;350045;3510;35101
"Conchas (SP)";3512308;327;281;350;293;371;406;155;221;350011;3503;35063
"Cordeirópolis (SP)";3512407;353;274;396;271;331;437;142;216;350042;3510;35102
"Coroados (SP)";3512506;117;74;92;70;98;123;44;45;350023;3506;35023
"Coronel Macedo (SP)";3512605;98;84;115;74;93;130;44;32;350007;3502;35061
"Corumbataí (SP)";3512704;90;58;76;59;76;79;37;38;350046;3510;35104
"Cosmópolis (SP)";3512803;878;632;965;727;727;879;281;410;350038;3510;35072
"Cosmorama (SP)";3512902;204;155;203;163;240;229;88;94;350027;3507;35157
"Cotia (SP)";3513009;2881;1844;3119;2040;1937;2438;694;1312;350001;3501;35013
"Cravinhos (SP)";3513108;571;382;577;456;482;640;192;305;350031;3508;35132
"Cristais Paulista (SP)";3513207;149;110;120;96;136;122;58;73;350033;3508;35081
"Cruzália (SP)";3513306;39;33;45;45;52;69;20;27;350014;3504;35092
"Cruzeiro (SP)";3513405;1414;992;1681;1247;1251;1739;426;798;350053;3511;35172
"Cubatão (SP)";3513504;1566;1017;1728;1365;1147;1551;375;617;350002;3501;35041
"Cunha (SP)";3513603;491;419;452;400;504;411;180;179;350052;3511;35172
"Descalvado (SP)";3513702;603;467;671;525;630;778;260;428;350037;3509;35034
"Diadema (SP)";3513801;5154;3203;6234;3981;3382;4893;1072;1948;350001;3501;35015
"Dirce Reis (SP)";3513850;51;40;43;49;59;52;19;13;350028;3507;35153
"Divinolândia (SP)";3513900;258;200;268;200;275;293;115;123;350047;3510;35143
"Dobrada (SP)";3514007;126;74;119;90;95;109;39;66;350036;3509;35033
"Dois Córregos (SP)";3514106;463;338;509;372;502;637;207;327;350010;3503;35064
"Dolcinópolis (SP)";3514205;46;52;56;47;75;64;20;22;350028;3507;35153
"Dourado (SP)";3514304;204;142;206;140;203;253;94;125;350037;3509;35034
"Dracena (SP)";3514403;920;743;1078;896;1101;1334;443;629;350020;3505;35111
"Duartina (SP)";3514502;279;209;284;244;311;377;118;221;350009;3503;35062
"Dumont (SP)";3514601;139;90;114;92;114;148;55;65;350031;3508;35131
"Echaporã (SP)";3514700;129;100;152;112;171;165;56;93;350013;3504;35093
"Eldorado (SP)";3514809;278;247;238;220;300;272;112;143;350005;3502;35121
"Elias Fausto (SP)";3514908;252;198;265;187;227;278;89;120;350038;3510;35103
"Elisiário (SP)";3514924;69;49;60;45;82;74;24;44;350026;3507;35151
"Embaúba (SP)";3514957;54;38;49;49;73;45;19;32;350026;3507;35151
"Embu das Artes (SP)";3515004;3172;2007;3607;2323;1673;2315;477;922;350001;3501;35013
"Embu-Guaçu (SP)";3515103;1048;803;1055;728;826;910;296;400;350001;3501;35013
"Emilianópolis (SP)";3515129;72;58;77;69;85;86;32;27;350018;3505;35112
"Engenheiro Coelho (SP)";3515152;195;141;196;151;188;194;72;67;350042;3510;35102
"Espírito Santo do Pinhal (SP)";3515186;891;614;950;706;854;1129;373;540;350044;3510;35142
"Espírito Santo do Turvo (SP)";3515194;63;53;75;52;52;59;22;25;350015;3504;35094
"Estrela d'Oeste (SP)";3515202;199;133;208;137;208;234;77;102;350029;3507;35154
"Estrela do Norte (SP)";3515301;48;35;48;42;54;53;20;25;350018;3505;35112
"Euclides da Cunha Paulista (SP)";3515350;162;140;150;167;202;165;71;55;350018;3505;35115
"Fartura (SP)";3515400;314;287;349;283;323;394;108;186;350017;3504;35061
"Fernandópolis (SP)";3515509;1383;1163;1559;1338;1545;1850;601;905;350029;3507;35154
"Fernando Prestes (SP)";3515608;160;114;141;131;166;198;78;75;350026;3507;35151
"Fernão (SP)";3515657;48;35;38;27;44;29;17;21;350013;3504;35093
"Ferraz de Vasconcelos (SP)";3515707;2102;1336;2434;1616;1304;1862;382;757;350001;3501;35011
"Flora Rica (SP)";3515806;44;35;46;48;64;56;35;34;350020;3505;35111
"Floreal (SP)";3515905;88;74;90;67;90;132;43;51;350027;3507;35157
"Flórida Paulista (SP)";3516002;274;190;270;208;267;333;114;133;350019;3505;35091
"Florínea (SP)";3516101;78;45;81;52;66;70;21;31;350014;3504;35092
"Franca (SP)";3516200;5570;3886;6577;4672;4763;6259;1707;2945;350033;3508;35081
"Francisco Morato (SP)";3516309;2014;1181;1939;1382;1092;1359;335;524;350001;3501;35012
"Franco da Rocha (SP)";3516408;1973;1142;2054;1249;1170;1463;382;646;350001;3501;35012
"Gabriel Monteiro (SP)";3516507;72;48;67;62;81;82;29;33;350023;3506;35023
"Gália (SP)";3516606;177;130;175;132;176;193;79;100;350013;3504;35093
"Garça (SP)";3516705;857;646;992;737;879;1151;401;619;350013;3504;35093
"Gastão Vidigal (SP)";3516804;91;68;90;78;83;84;21;43;350022;3506;35157
"Gavião Peixoto (SP)";3516853;68;44;78;47;91;74;28;38;350036;3509;35031
"General Salgado (SP)";3516903;266;185;242;200;283;253;95;118;350022;3506;35157
"Getulina (SP)";3517000;190;168;232;175;212;266;88;124;350013;3504;35065
"Glicério (SP)";3517109;99;77;98;77;90;103;32;57;350023;3506;35023
"Guaiçara (SP)";3517208;167;151;203;140;201;209;77;80;350012;3503;35065
"Guaimbê (SP)";3517307;105;97;102;115;104;132;40;62;350013;3504;35093
"Guaíra (SP)";3517406;714;529;818;594;605;766;213;319;350032;3508;35051
"Guapiaçu (SP)";3517505;344;272;382;279;354;383;106;171;350025;3507;35155
"Guapiara (SP)";3517604;359;293;321;251;380;372;136;149;350004;3502;35162
"Guará (SP)";3517703;366;237;378;282;263;372;97;180;350035;3508;35083
"Guaraçaí (SP)";3517802;181;177;211;168;230;262;111;98;350024;3506;35022
"Guaraci (SP)";3517901;192;155;207;149;199;214;70;93;350032;3508;35051
"Guarani d'Oeste (SP)";3518008;37;37;39;43;67;62;21;33;350029;3507;35154
"Guarantã (SP)";3518107;126;91;125;96;101;111;42;65;350012;3503;35093
"Guararapes (SP)";3518206;591;478;702;575;674;831;253;373;350022;3506;35021
"Guararema (SP)";3518305;517;358;505;332;419;449;157;256;350001;3501;35011
"Guaratinguetá (SP)";3518404;2161;1483;2522;1972;1853;2457;755;1264;350052;3511;35172
"Guareí (SP)";3518503;234;176;198;161;231;229;85;85;350006;3502;35161
"Guariba (SP)";3518602;490;339;533;383;495;625;150;258;350031;3508;35131
"Guarujá (SP)";3518701;4258;2947;4947;3549;3340;4578;1160;1975;350002;3501;35041
"Guarulhos (SP)";3518800;16924;10918;19877;13672;11640;16622;3730;7203;350001;3501;35011
"Guatapará (SP)";3518859;156;92;129;79;95;107;63;81;350031;3508;35132
"Guzolândia (SP)";3518909;98;73;92;72;105;95;32;40;350022;3506;35021
"Herculândia (SP)";3519006;178;121;162;146;190;195;81;95;350016;3504;35095
"Holambra (SP)";3519055;188;128;182;108;138;153;57;77;350038;3510;35072
"Hortolândia (SP)";3519071;2528;1636;2689;1907;1843;2280;683;1042;350038;3510;35072
"Iacanga (SP)";3519105;187;156;210;173;201;219;92;124;350009;3503;35062
"Iacri (SP)";3519204;142;112;154;121;165;183;56;79;350016;3504;35095
"Iaras (SP)";3519253;157;86;71;44;90;58;20;25;350007;3502;35061
"Ibaté (SP)";3519303;453;299;433;328;426;461;136;185;350037;3509;35034
"Ibirá (SP)";3519402;218;188;257;211;253;307;121;178;350025;3507;35155
"Ibirarema (SP)";3519501;123;109;160;115;155;153;55;76;350015;3504;35094
"Ibitinga (SP)";3519600;972;739;1093;857;953;1215;378;519;350036;3509;35032
"Ibiúna (SP)";3519709;1408;1028;1289;977;1260;1151;372;452;350003;3502;35163
"Icém (SP)";3519808;142;86;133;115;121;149;46;62;350025;3507;35155
"Iepê (SP)";3519907;149;139;160;150;189;199;100;96;350018;3505;35113
"Igaraçu do Tietê (SP)";3520004;373;261;365;304;333;451;121;184;350010;3503;35064
"Igarapava (SP)";3520103;480;391;581;486;508;694;240;326;350035;3508;35083
"Igaratá (SP)";3520202;198;156;159;122;160;159;62;65;350049;3511;35171
"Iguape (SP)";3520301;634;539;602;588;725;746;240;299;350005;3502;35121
"Ilhabela (SP)";3520400;389;295;392;292;308;382;110;173;350051;3511;35173
"Ilha Comprida (SP)";3520426;287;222;265;178;224;192;56;57;350005;3502;35121
"Ilha Solteira (SP)";3520442;575;453;679;467;561;504;167;202;350024;3506;35022
"Indaiatuba (SP)";3520509;3344;2390;3631;2557;2765;3485;1009;1676;350038;3510;35072
"Indiana (SP)";3520608;104;79;107;100;114;123;42;50;350018;3505;35112
"Indiaporã (SP)";3520707;106;96;110;96;102;112;52;65;350029;3507;35154
"Inúbia Paulista (SP)";3520806;62;69;76;60;85;102;32;51;350019;3505;35091
"Ipaussu (SP)";3520905;257;194;268;252;253;287;104;152;350015;3504;35094
"Iperó (SP)";3521002;397;303;404;277;333;378;116;129;350003;3502;35163
"Ipeúna (SP)";3521101;89;84;97;67;121;102;40;43;350046;3510;35104
"Ipiguá (SP)";3521150;121;85;94;77;101;110;40;44;350025;3507;35155
"Iporanga (SP)";3521200;61;69;63;57;101;100;35;27;350005;3502;35121
"Ipuã (SP)";3521309;245;132;243;170;206;245;56;96;350034;3508;35082
"Iracemápolis (SP)";3521408;274;254;343;262;285;377;120;162;350042;3510;35102
"Irapuã (SP)";3521507;174;104;132;112;132;160;61;78;350025;3507;35151
"Irapuru (SP)";3521606;179;125;171;163;214;242;92;88;350020;3505;35111
"Itaberá (SP)";3521705;342;287;340;270;341;347;126;149;350004;3502;35162
"Itaí (SP)";3521804;444;316;364;260;345;404;157;166;350007;3502;35061
"Itajobi (SP)";3521903;368;301;383;263;381;432;139;231;350026;3507;35151
"Itaju (SP)";3522000;71;59;70;44;61;73;27;43;350010;3503;35064
"Itanhaém (SP)";3522109;1973;1625;2298;1647;1770;2024;533;839;350002;3501;35041
"Itaoca (SP)";3522158;67;68;57;57;88;85;46;36;350004;3502;35162
"Itapecerica da Serra (SP)";3522208;2039;1269;2165;1325;1251;1586;387;739;350001;3501;35013
"Itapetininga (SP)";3522307;2398;1711;2805;1956;2145;2870;898;1372;350006;3502;35161
"Itapeva (SP)";3522406;1436;1041;1553;1132;1340;1486;468;632;350004;3502;35162
"Itapevi (SP)";3522505;2380;1429;2762;1704;1497;1895;396;761;350001;3501;35014
"Itapira (SP)";3522604;1462;1079;1503;1177;1365;1731;564;918;350043;3510;35141
"Itapirapuã Paulista (SP)";3522653;80;56;82;37;74;64;30;19;350004;3502;35162
"Itápolis (SP)";3522703;825;657;911;717;935;1042;339;523;350036;3509;35032
"Itaporanga (SP)";3522802;325;227;324;236;315;356;134;133;350004;3502;35061
"Itapuí (SP)";3522901;211;152;233;151;205;269;95;143;350010;3503;35064
"Itapura (SP)";3523008;100;64;83;71;91;68;37;39;350024;3506;35022
"Itaquaquecetuba (SP)";3523107;3786;2332;4117;2658;2131;2948;654;1178;350001;3501;35011
"Itararé (SP)";3523206;818;608;928;693;811;958;346;481;350004;3502;35162
"Itariri (SP)";3523305;263;262;263;222;280;276;99;127;350002;3501;35121
"Itatiba (SP)";3523404;1749;1269;1911;1397;1564;1958;593;933;350039;3510;35072
"Itatinga (SP)";3523503;254;211;254;211;250;276;98;138;350011;3503;35063
"Itirapina (SP)";3523602;232;183;230;179;236;262;84;168;350037;3509;35104
"Itirapuã (SP)";3523701;136;98;101;77;124;121;42;47;350033;3508;35081
"Itobi (SP)";3523800;147;115;147;115;147;148;52;87;350047;3510;35143
"Itu (SP)";3523909;2606;1691;2888;1976;2157;2800;859;1478;350003;3502;35163
"Itupeva (SP)";3524006;625;397;632;430;491;525;152;244;350039;3510;35073
"Ituverava (SP)";3524105;819;575;918;714;817;944;259;465;350035;3508;35083
"Jaborandi (SP)";3524204;124;87;150;105;139;182;38;59;350032;3508;35051
"Jaboticabal (SP)";3524303;1376;1068;1579;1211;1328;1728;540;1005;350031;3508;35131
"Jacareí (SP)";3524402;3874;2525;4312;3098;2964;3747;1051;1702;350049;3511;35171
"Jaci (SP)";3524501;98;59;99;73;97;105;25;37;350025;3507;35156
"Jacupiranga (SP)";3524600;322;258;298;248;325;301;124;158;350005;3502;35121
"Jaguariúna (SP)";3524709;731;570;790;579;650;798;242;354;350038;3510;35072
"Jales (SP)";3524808;1046;844;1229;965;1144;1316;417;541;350028;3507;35153
"Jambeiro (SP)";3524907;103;86;98;64;107;96;35;44;350049;3511;35171
"Jandira (SP)";3525003;1345;781;1491;850;710;1008;215;442;350001;3501;35014
"Jardinópolis (SP)";3525102;688;487;751;504;605;703;242;353;350031;3508;35132
"Jarinu (SP)";3525201;441;318;457;275;394;400;127;204;350039;3510;35073
"Jaú (SP)";3525300;2415;1635;2689;2050;2323;3137;965;1638;350010;3503;35064
"Jeriquara (SP)";3525409;48;41;60;35;51;61;25;29;350033;3508;35081
"Joanópolis (SP)";3525508;249;197;268;202;275;275;104;137;350041;3510;35071
"João Ramalho (SP)";3525607;81;40;61;51;72;85;28;34;350018;3505;35113
"José Bonifácio (SP)";3525706;648;451;638;537;621;738;243;344;350025;3507;35156
"Júlio Mesquita (SP)";3525805;103;58;100;70;86;107;49;39;350013;3504;35093
"Jumirim (SP)";3525854;38;34;47;44;57;62;22;27;350003;3502;35163
"Jundiaí (SP)";3525904;6874;5106;8158;6187;6674;9038;2547;4803;350039;3510;35073
"Junqueirópolis (SP)";3526001;374;320;454;371;464;565;198;237;350020;3505;35111
"Juquiá (SP)";3526100;400;341;359;290;404;374;171;195;350005;3502;35121
"Juquitiba (SP)";3526209;525;375;482;336;410;421;137;175;350001;3501;35013
"Lagoinha (SP)";3526308;131;107;104;100;154;146;66;55;350050;3511;35174
"Laranjal Paulista (SP)";3526407;514;377;559;420;507;630;240;360;350040;3510;35063
"Lavínia (SP)";3526506;113;103;126;113;135;152;44;71;350024;3506;35022
"Lavrinhas (SP)";3526605;113;62;86;73;82;106;31;25;350053;3511;35172
"Leme (SP)";3526704;1583;1100;1733;1239;1331;1653;516;879;350045;3510;35101
"Lençóis Paulista (SP)";3526803;1035;687;1166;815;882;1124;353;583;350009;3503;35062
"Limeira (SP)";3526902;5041;3484;5380;3997;4375;5418;1679;2767;350042;3510;35102
"Lindóia (SP)";3527009;116;106;133;109;139;144;57;81;350048;3510;35074
"Lins (SP)";3527108;1373;949;1638;1266;1390;1978;549;1060;350012;3503;35065
"Lorena (SP)";3527207;1482;1073;1928;1402;1252;1761;489;977;350052;3511;35172
"Lourdes (SP)";3527256;58;46;56;48;51;52;17;27;350023;3506;35023
"Louveira (SP)";3527306;472;320;473;342;365;482;144;249;350039;3510;35073
"Lucélia (SP)";3527405;412;339;440;386;407;501;189;222;350019;3505;35091
"Lucianópolis (SP)";3527504;57;42;74;43;48;53;17;24;350009;3503;35062
"Luís Antônio (SP)";3527603;135;107;170;98;112;135;30;73;350031;3508;35132
"Luiziânia (SP)";3527702;80;76;96;80;112;123;45;55;350023;3506;35023
"Lupércio (SP)";3527801;86;73;114;63;80;87;40;47;350013;3504;35093
"Lutécia (SP)";3527900;50;43;57;61;65;71;24;37;350014;3504;35092
"Macatuba (SP)";3528007;259;207;287;223;276;328;111;168;350009;3503;35062
"Macaubal (SP)";3528106;193;163;180;180;218;231;86;103;350025;3507;35157
"Macedônia (SP)";3528205;94;84;97;67;101;96;37;46;350029;3507;35154
"Magda (SP)";3528304;91;70;90;77;93;98;30;34;350022;3506;35157
"Mairinque (SP)";3528403;762;524;794;577;579;658;197;332;350003;3502;35163
"Mairiporã (SP)";3528502;1564;993;1478;938;1042;1112;332;450;350001;3501;35012
"Manduri (SP)";3528601;187;163;202;170;181;229;64;92;350007;3502;35061
"Marabá Paulista (SP)";3528700;74;69;83;49;75;85;41;23;350021;3505;35114
"Maracaí (SP)";3528809;272;194;297;215;223;268;91;125;350014;3504;35092
"Marapoama (SP)";3528858;66;48;61;34;59;60;24;40;350026;3507;35151
"Mariápolis (SP)";3528908;81;46;78;89;109;92;54;49;350019;3505;35091
"Marília (SP)";3529005;4042;3047;4913;3727;4025;5389;1641;2810;350013;3504;35093
"Marinópolis (SP)";3529104;45;29;47;36;53;52;19;15;350028;3507;35153
"Martinópolis (SP)";3529203;484;371;526;433;472;575;237;274;350018;3505;35112
"Matão (SP)";3529302;1450;961;1439;1082;1262;1512;521;731;350036;3509;35033
"Mauá (SP)";3529401;5956;3787;6735;4633;4329;5578;1308;2182;350001;3501;35015
"Mendonça (SP)";3529500;111;82;102;87;112;125;50;63;350025;3507;35156
"Meridiano (SP)";3529609;78;87;75;77;103;104;36;53;350029;3507;35154
"Mesópolis (SP)";3529658;47;33;45;36;52;48;23;13;350028;3507;35153
"Miguelópolis (SP)";3529708;407;280;416;295;300;325;102;158;350035;3508;35083
"Mineiros do Tietê (SP)";3529807;225;133;221;156;227;265;101;161;350010;3503;35064
"Miracatu (SP)";3529906;380;318;353;275;411;349;142;146;350005;3502;35121
"Mira Estrela (SP)";3530003;82;50;93;45;75;71;26;39;350029;3507;35154
"Mirandópolis (SP)";3530102;559;472;637;476;591;731;257;317;350024;3506;35022
"Mirante do Paranapanema (SP)";3530201;348;308;388;306;435;395;182;177;350018;3505;35115
"Mirassol (SP)";3530300;1036;743;1215;893;1003;1313;417;689;350025;3507;35155
"Mirassolândia (SP)";3530409;97;98;102;85;127;100;33;46;350025;3507;35155
"Mococa (SP)";3530508;1416;1025;1494;1129;1278;1546;490;782;350047;3510;35143
"Mogi das Cruzes (SP)";3530607;6115;4399;7191;5168;5216;6834;1765;3128;350001;3501;35011
"Mogi Guaçu (SP)";3530706;2696;1927;2789;2001;2208;2582;786;1138;350043;3510;35141
"Mogi Mirim (SP)";3530805;1688;1242;1965;1355;1541;1914;589;1032;350043;3510;35141
"Mombuca (SP)";3530904;46;48;52;54;61;65;15;30;350040;3510;35103
"Monções (SP)";3531001;64;42;58;51;68;68;20;23;350022;3506;35157
"Mongaguá (SP)";3531100;1105;876;1188;918;955;1027;291;404;350002;3501;35041
"Monte Alegre do Sul (SP)";3531209;158;138;176;116;142;215;88;97;350048;3510;35074
"Monte Alto (SP)";3531308;962;709;1069;802;987;1215;406;648;350031;3508;35131
"Monte Aprazível (SP)";3531407;452;371;483;425;509;605;207;282;350025;3507;35156
"Monte Azul Paulista (SP)";3531506;421;275;366;336;405;460;140;250;350032;3508;35052
"Monte Castelo (SP)";3531605;96;71;113;95;104;121;56;77;350020;3505;35111
"Monteiro Lobato (SP)";3531704;94;82;85;67;95;86;58;45;350049;3511;35171
"Monte Mor (SP)";3531803;753;573;811;535;606;665;213;334;350038;3510;35072
"Morro Agudo (SP)";3531902;450;343;502;313;366;431;117;184;350034;3508;35082
"Morungaba (SP)";3532009;240;179;233;175;189;190;69;106;350039;3510;35072
"Motuca (SP)";3532058;86;66;63;55;63;77;19;39;350036;3509;35031
"Murutinga do Sul (SP)";3532108;111;91;117;96;123;147;63;54;350024;3506;35022
"Nantes (SP)";3532157;42;37;40;42;43;45;14;15;350018;3505;35113
"Narandiba (SP)";3532207;78;48;77;54;74;72;36;30;350018;3505;35112
"Natividade da Serra (SP)";3532306;156;161;153;132;223;169;84;68;350050;3511;35174
"Nazaré Paulista (SP)";3532405;377;299;327;274;390;364;133;153;350041;3510;35071
"Neves Paulista (SP)";3532504;232;170;227;209;247;302;99;136;350025;3507;35155
"Nhandeara (SP)";3532603;288;219;307;245;295;341;122;160;350027;3507;35157
"Nipoã (SP)";3532702;69;76;81;52;87;85;26;31;350025;3507;35156
"Nova Aliança (SP)";3532801;131;105;130;117;154;174;63;89;350025;3507;35155
"Nova Campina (SP)";3532827;126;82;104;85;100;107;31;29;350004;3502;35162
"Nova Canaã Paulista (SP)";3532843;72;55;59;58;72;64;33;33;350030;3507;35152
"Nova Castilho (SP)";3532868;22;22;26;20;27;33;11;7;350022;3506;35021
"Nova Europa (SP)";3532900;150;107;167;127;154;155;56;82;350036;3509;35032
"Nova Granada (SP)";3533007;393;278;379;323;418;467;152;227;350025;3507;35155
"Nova Guataporanga (SP)";3533106;59;26;53;53;70;81;29;31;350020;3505;35111
"Nova Independência (SP)";3533205;39;39;51;42;57;55;21;29;350024;3506;35022
"Novais (SP)";3533254;72;46;78;54;88;79;31;43;350026;3507;35151
"Nova Luzitânia (SP)";3533304;69;41;68;54;68;73;34;28;350022;3506;35021
"Nova Odessa (SP)";3533403;951;558;973;685;788;942;240;435;350038;3510;35072
"Novo Horizonte (SP)";3533502;738;584;812;657;758;921;317;445;350025;3507;35151
"Nuporanga (SP)";3533601;139;102;141;86;123;178;46;88;350034;3508;35082
"Ocauçu (SP)";3533700;98;81;94;67;98;109;34;26;350013;3504;35093
"Óleo (SP)";3533809;74;49;78;53;84;83;29;27;350007;3502;35094
"Olímpia (SP)";3533908;1084;807;1164;884;996;1304;432;708;350032;3508;35051
"Onda Verde (SP)";3534005;81;57;76;65;76;69;34;28;350025;3507;35155
"Oriente (SP)";3534104;121;102;125;117;130;172;69;98;350013;3504;35093
"Orindiúva (SP)";3534203;69;56;75;66;84;71;27;40;350025;3507;35155
"Orlândia (SP)";3534302;696;494;821;605;648;796;232;375;350034;3508;35082
"Osasco (SP)";3534401;10018;6810;12612;8648;7966;11475;2635;4952;350001;3501;35014
"Oscar Bressane (SP)";3534500;92;55;74;64;77;86;38;31;350013;3504;35093
"Osvaldo Cruz (SP)";3534609;721;562;790;655;790;970;329;470;350019;3505;35091
"Ourinhos (SP)";3534708;1974;1536;2340;1743;1775;2342;715;1206;350015;3504;35094
"Ouroeste (SP)";3534757;178;127;188;118;187;199;69;70;350029;3507;35154
"Ouro Verde (SP)";3534807;131;136;152;140;180;189;82;72;350020;3505;35111
"Pacaembu (SP)";3534906;263;219;268;260;363;378;146;156;350019;3505;35091
"Palestina (SP)";3535002;243;214;241;215;283;324;129;157;350025;3507;35155
"Palmares Paulista (SP)";3535101;143;86;122;101;117;142;35;46;350026;3507;35151
"Palmeira d'Oeste (SP)";3535200;236;222;288;210;315;305;100;131;350028;3507;35153
"Palmital (SP)";3535309;491;402;618;424;493;610;202;299;350014;3504;35092
"Panorama (SP)";3535408;259;217;310;207;249;281;109;100;350020;3505;35111
"Paraguaçu Paulista (SP)";3535507;794;588;905;682;766;912;296;486;350014;3504;35092
"Paraibuna (SP)";3535606;372;311;323;290;356;314;125;162;350049;3511;35171
"Paraíso (SP)";3535705;114;102;111;104;136;152;59;63;350026;3507;35151
"Paranapanema (SP)";3535804;293;208;262;233;289;262;118;116;350007;3502;35061
"Paranapuã (SP)";3535903;97;74;84;77;107;97;31;42;350028;3507;35153
"Parapuã (SP)";3536000;241;201;287;223;317;347;125;139;350016;3504;35095
"Pardinho (SP)";3536109;113;85;91;89;112;110;47;33;350011;3503;35063
"Pariquera-Açu (SP)";3536208;352;271;353;288;363;370;145;189;350005;3502;35121
"Parisi (SP)";3536257;49;43;47;45;58;53;26;28;350027;3507;35157
"Patrocínio Paulista (SP)";3536307;249;171;243;185;235;243;107;98;350033;3508;35081
"Paulicéia (SP)";3536406;139;92;104;92;111;92;31;41;350020;3505;35111
"Paulínia (SP)";3536505;1255;762;1232;882;829;1083;322;517;350038;3510;35072
"Paulistânia (SP)";3536570;34;39;43;27;39;41;12;17;350009;3503;35062
"Paulo de Faria (SP)";3536604;189;126;171;142;171;206;88;90;350025;3507;35155
"Pederneiras (SP)";3536703;758;524;737;563;657;851;258;425;350009;3503;35062
"Pedra Bela (SP)";3536802;163;96;133;98;118;142;50;57;350041;3510;35071
"Pedranópolis (SP)";3536901;71;51;72;45;68;70;39;42;350029;3507;35154
"Pedregulho (SP)";3537008;323;237;292;216;261;312;101;137;350033;3508;35081
"Pedreira (SP)";3537107;734;508;757;632;683;881;214;449;350038;3510;35072
"Pedrinhas Paulista (SP)";3537156;58;52;79;41;68;69;14;28;350014;3504;35092
"Pedro de Toledo (SP)";3537206;224;180;214;165;250;192;74;91;350002;3501;35121
"Penápolis (SP)";3537305;1216;965;1391;1114;1260;1570;499;810;350023;3506;35023
"Pereira Barreto (SP)";3537404;512;435;582;470;539;608;233;316;350024;3506;35022
"Pereiras (SP)";3537503;169;124;159;98;147;171;51;95;350008;3502;35063
"Peruíbe (SP)";3537602;1255;1094;1482;1114;1355;1459;500;683;350002;3501;35041
"Piacatu (SP)";3537701;110;82;129;108;135;142;44;51;350023;3506;35023
"Piedade (SP)";3537800;1084;810;985;823;1000;1053;371;453;350003;3502;35163
"Pilar do Sul (SP)";3537909;517;438;511;400;496;447;182;194;350003;3502;35163
"Pindamonhangaba (SP)";3538006;2631;1715;2723;1809;1921;2360;681;1151;350050;3511;35174
"Pindorama (SP)";3538105;344;240;372;254;376;442;153;202;350026;3507;35151
"Pinhalzinho (SP)";3538204;337;250;344;273;323;305;115;150;350041;3510;35071
"Piquerobi (SP)";3538303;80;70;83;77;92;72;40;46;350021;3505;35114
"Piquete (SP)";3538501;311;213;367;264;268;331;98;188;350052;3511;35172
"Piracaia (SP)";3538600;504;387;552;390;513;545;199;277;350041;3510;35071
"Piracicaba (SP)";3538709;6790;4622;7787;5652;5876;8094;2457;4276;350040;3510;35103
"Piraju (SP)";3538808;598;415;695;530;617;809;197;344;350017;3504;35061
"Pirajuí (SP)";3538907;415;290;432;374;453;632;202;298;350009;3503;35062
"Pirangi (SP)";3539004;255;190;258;187;267;281;95;145;350026;3507;35151
"Pirapora do Bom Jesus (SP)";3539103;221;141;203;154;152;168;55;83;350001;3501;35014
"Pirapozinho (SP)";3539202;437;342;488;398;472;552;225;268;350018;3505;35112
"Pirassununga (SP)";3539301;1438;1041;1725;1205;1407;1682;542;1068;350037;3509;35101
"Piratininga (SP)";3539400;271;173;273;191;245;328;125;184;350009;3503;35062
"Pitangueiras (SP)";3539509;492;402;556;449;505;613;176;288;350031;3508;35131
"Planalto (SP)";3539608;61;59;77;53;66;81;36;39;350025;3507;35156
"Platina (SP)";3539707;71;48;59;42;65;74;33;26;350014;3504;35092
"Poá (SP)";3539806;1594;1016;1866;1233;997;1508;346;683;350001;3501;35011
"Poloni (SP)";3539905;97;109;143;125;157;190;50;110;350025;3507;35156
"Pompéia (SP)";3540002;383;300;431;331;392;450;159;264;350013;3504;35093
"Pongaí (SP)";3540101;80;65;94;78;111;103;48;43;350012;3503;35065
"Pontal (SP)";3540200;445;311;457;341;419;515;136;214;350031;3508;35131
"Pontalinda (SP)";3540259;91;65;83;58;73;79;31;35;350028;3507;35153
"Pontes Gestal (SP)";3540309;55;50;64;69;73;54;25;28;350027;3507;35157
"Populina (SP)";3540408;108;77;87;93;153;134;49;54;350028;3507;35154
"Porangaba (SP)";3540507;220;201;218;168;205;191;82;81;350008;3502;35063
"Porto Feliz (SP)";3540606;872;628;966;665;769;988;331;513;350003;3502;35163
"Porto Ferreira (SP)";3540705;930;709;1012;837;927;1231;379;556;350037;3509;35034
"Potim (SP)";3540754;263;176;279;191;179;187;48;81;350052;3511;35172
"Potirendaba (SP)";3540804;333;265;327;276;382;457;159;204;350025;3507;35155
"Pracinha (SP)";3540853;45;28;34;26;38;32;15;20;350019;3505;35091
"Pradópolis (SP)";3540903;265;203;291;208;242;266;72;108;350031;3508;35131
"Praia Grande (SP)";3541000;4856;3616;5916;4532;4241;5653;1335;2424;350002;3501;35041
"Pratânia (SP)";3541059;75;44;57;46;76;77;22;37;350011;3503;35063
"Presidente Alves (SP)";3541109;83;53;86;81;89;93;42;67;350009;3503;35062
"Presidente Bernardes (SP)";3541208;305;267;360;330;362;387;136;249;350018;3505;35112
"Presidente Epitácio (SP)";3541307;718;556;842;648;736;859;314;370;350021;3505;35114
"Presidente Prudente (SP)";3541406;3930;2972;4673;3646;3888;5105;1547;2432;350018;3505;35112
"Presidente Venceslau (SP)";3541505;781;569;954;661;849;999;375;482;350021;3505;35114
"Promissão (SP)";3541604;680;559;744;580;682;796;247;323;350012;3503;35065
"Quadra (SP)";3541653;84;63;56;58;80;52;16;28;350008;3502;35161
"Quatá (SP)";3541703;186;171;236;208;243;252;90;129;350018;3505;35113
"Queiroz (SP)";3541802;38;44;48;44;57;47;21;22;350016;3504;35095
"Queluz (SP)";3541901;182;120;200;137;176;207;65;97;350053;3511;35172
"Quintana (SP)";3542008;120;101;129;127;119;143;59;74;350013;3504;35093
"Rafard (SP)";3542107;152;102;169;132;157;197;84;100;350040;3510;35103
"Rancharia (SP)";3542206;539;425;592;575;586;717;254;333;350018;3505;35113
"Redenção da Serra (SP)";3542305;92;63;84;62;100;91;49;43;350050;3511;35174
"Regente Feijó (SP)";3542404;352;252;386;335;423;435;135;208;350018;3505;35112
"Reginópolis (SP)";3542503;116;81;115;120;123;135;80;72;350009;3503;35062
"Registro (SP)";3542602;921;794;1019;815;987;1055;364;551;350005;3502;35121
"Restinga (SP)";3542701;96;64;85;73;108;92;32;45;350033;3508;35081
"Ribeira (SP)";3542800;77;62;92;61;91;94;30;32;350004;3502;35162
"Ribeirão Bonito (SP)";3542909;193;172;225;169;235;260;90;145;350037;3509;35034
"Ribeirão Branco (SP)";3543006;311;268;292;200;275;212;89;89;350004;3502;35162
"Ribeirão Corrente (SP)";3543105;89;57;75;53;70;68;26;19;350033;3508;35081
"Ribeirão do Sul (SP)";3543204;109;86;112;83;96;109;45;57;350015;3504;35094
"Ribeirão dos Índios (SP)";3543238;49;57;53;62;65;60;31;28;350018;3505;35112
"Ribeirão Grande (SP)";3543253;162;133;142;117;157;149;44;41;350004;3502;35161
"Ribeirão Pires (SP)";3543303;2156;1478;2363;1563;1428;1904;529;953;350001;3501;35015
"Ribeirão Preto (SP)";3543402;10551;7526;13315;9867;9539;14077;3852;7545;350031;3508;35132
"Riversul (SP)";3543501;136;122;139;121;167;173;71;62;350004;3502;35162
"Rifaina (SP)";3543600;78;64;83;64;73;84;28;41;350033;3508;35081
"Rincão (SP)";3543709;210;138;208;146;177;206;61;114;350036;3509;35031
"Rinópolis (SP)";3543808;224;183;230;218;283;302;133;168;350016;3504;35095
"Rio Claro (SP)";3543907;3386;2476;4063;3109;3220;4566;1470;2655;350046;3510;35104
"Rio das Pedras (SP)";3544004;479;305;477;353;376;476;134;198;350040;3510;35103
"Rio Grande da Serra (SP)";3544103;612;421;619;465;451;563;116;195;350001;3501;35015
"Riolândia (SP)";3544202;173;150;195;140;157;168;75;86;350027;3507;35157
"Rosana (SP)";3544251;392;292;382;274;371;259;101;101;350018;3505;35115
"Roseira (SP)";3544301;147;106;160;116;122;145;54;81;350052;3511;35172
"Rubiácea (SP)";3544400;53;32;52;41;63;53;19;22;350022;3506;35021
"Rubinéia (SP)";3544509;72;74;87;67;98;87;38;27;350030;3507;35152
"Sabino (SP)";3544608;123;92;145;104;137;159;57;61;350012;3503;35065
"Sagres (SP)";3544707;49;40;80;38;65;55;28;28;350019;3505;35091
"Sales (SP)";3544806;139;97;131;121;153;116;54;46;350025;3507;35151
"Sales Oliveira (SP)";3544905;235;148;224;169;206;233;90;139;350034;3508;35082
"Salesópolis (SP)";3545001;328;230;312;210;306;313;109;145;350001;3501;35011
"Salmourão (SP)";3545100;90;102;116;81;109;108;48;58;350019;3505;35091
"Saltinho (SP)";3545159;181;124;183;104;120;151;50;72;350040;3510;35103
"Salto (SP)";3545209;1741;1246;1826;1408;1500;1982;569;961;350003;3502;35163
"Salto de Pirapora (SP)";3545308;801;559;775;563;662;747;212;322;350003;3502;35163
"Salto Grande (SP)";3545407;186;146;208;171;210;223;78;98;350015;3504;35094
"Sandovalina (SP)";3545506;69;45;56;35;59;71;29;21;350018;3505;35112
"Santa Adélia (SP)";3545605;282;227;300;239;278;353;132;185;350026;3507;35151
"Santa Albertina (SP)";3545704;125;123;150;143;160;176;95;96;350028;3507;35153
"Santa Bárbara d'Oeste (SP)";3545803;3139;2068;3357;2368;2587;3494;934;1448;350038;3510;35072
"Santa Branca (SP)";3546009;294;230;292;212;271;280;94;146;350049;3511;35171
"Santa Clara d'Oeste (SP)";3546108;62;34;49;37;72;66;22;23;350030;3507;35152
"Santa Cruz da Conceição (SP)";3546207;100;72;95;73;99;90;38;73;350045;3510;35101
"Santa Cruz da Esperança (SP)";3546256;51;50;44;39;43;40;15;19;350031;3508;35133
"Santa Cruz das Palmeiras (SP)";3546306;479;373;565;404;492;510;177;263;350044;3510;35142
"Santa Cruz do Rio Pardo (SP)";3546405;907;717;1011;766;907;1121;355;585;350015;3504;35094
"Santa Ernestina (SP)";3546504;96;52;84;67;75;95;36;40;350031;3508;35033
"Santa Fé do Sul (SP)";3546603;699;532;796;621;697;827;284;379;350030;3507;35152
"Santa Gertrudes (SP)";3546702;295;188;295;242;267;277;95;144;350046;3510;35104
"Santa Isabel (SP)";3546801;905;647;956;658;790;848;263;391;350001;3501;35011
"Santa Lúcia (SP)";3546900;111;88;152;99;115;151;36;49;350036;3509;35031
"Santa Maria da Serra (SP)";3547007;83;81;81;83;95;97;34;40;350040;3510;35103
"Santa Mercedes (SP)";3547106;43;56;60;56;76;81;40;30;350020;3505;35111
"Santana da Ponte Pensa (SP)";3547205;41;53;54;49;67;57;26;23;350030;3507;35153
"Santana de Parnaíba (SP)";3547304;1718;947;1649;954;971;1174;339;603;350001;3501;35014
"Santa Rita d'Oeste (SP)";3547403;80;51;79;79;98;86;30;37;350030;3507;35152
"Santa Rita do Passa Quatro (SP)";3547502;643;472;689;606;750;930;281;517;350037;3509;35132
"Santa Rosa de Viterbo (SP)";3547601;481;380;508;404;477;603;216;308;350031;3508;35132
"Santa Salete (SP)";3547650;49;27;50;25;47;41;19;28;350028;3507;35153
"Santo Anastácio (SP)";3547700;405;360;483;450;488;603;212;309;350018;3505;35112
"Santo André (SP)";3547809;12657;8974;15803;11869;11854;17039;4500;8820;350001;3501;35015
"Santo Antônio da Alegria (SP)";3547908;162;113;139;123;159;140;59;87;350031;3508;35133
"Santo Antônio de Posse (SP)";3548005;330;227;333;290;370;356;136;175;350038;3510;35072
"Santo Antônio do Aracanguá (SP)";3548054;157;102;150;95;122;139;51;63;350022;3506;35021
"Santo Antônio do Jardim (SP)";3548104;138;105;117;106;129;146;74;64;350044;3510;35142
"Santo Antônio do Pinhal (SP)";3548203;122;100;119;115;133;142;32;57;350050;3511;35174
"Santo Expedito (SP)";3548302;62;61;65;77;70;76;35;36;350018;3505;35112
"Santópolis do Aguapeí (SP)";3548401;65;61;76;67;82;89;31;44;350023;3506;35023
"Santos (SP)";3548500;8884;6975;12556;10438;10413;16714;4413;9960;350002;3501;35041
"São Bento do Sapucaí (SP)";3548609;238;216;240;201;234;241;111;115;350050;3511;35174
"São Bernardo do Campo (SP)";3548708;12549;8567;15074;10298;9190;13053;3034;6156;350001;3501;35015
"São Caetano do Sul (SP)";3548807;3350;2453;4443;3554;3608;5830;1676;3607;350001;3501;35015
"São Carlos (SP)";3548906;4095;2930;4710;3431;3869;5226;1585;2850;350037;3509;35034
"São Francisco (SP)";3549003;75;68;69;75;99;76;38;35;350028;3507;35153
"São João da Boa Vista (SP)";3549102;1726;1260;1902;1527;1717;2290;682;1245;350044;3510;35142
"São João das Duas Pontes (SP)";3549201;64;51;56;55;56;72;21;28;350029;3507;35154
"São João de Iracema (SP)";3549250;49;29;48;37;47;39;10;19;350029;3507;35154
"São João do Pau d'Alho (SP)";3549300;55;58;75;52;74;77;34;38;350020;3505;35111
"São Joaquim da Barra (SP)";3549409;871;617;1026;724;761;1007;266;527;350034;3508;35082
"São José da Bela Vista (SP)";3549508;164;114;142;128;135;151;41;61;350033;3508;35081
"São José do Barreiro (SP)";3549607;67;63;83;63;95;98;29;53;350053;3511;35172
"São José do Rio Pardo (SP)";3549706;1102;767;1163;872;1083;1346;482;740;350047;3510;35143
"São José do Rio Preto (SP)";3549805;7917;5802;9559;7180;7605;10315;2928;5031;350025;3507;35155
"São José dos Campos (SP)";3549904;10814;6955;11874;7786;7245;9622;2864;4826;350049;3511;35171
"São Lourenço da Serra (SP)";3549953;266;201;239;181;183;216;68;88;350001;3501;35013
"São Luiz do Paraitinga (SP)";3550001;216;196;220;212;269;258;112;113;350050;3511;35174
"São Manuel (SP)";3550100;724;517;782;569;690;891;263;452;350011;3503;35063
"São Miguel Arcanjo (SP)";3550209;611;462;544;437;555;532;188;242;350006;3502;35161
"São Paulo (SP)";3550308;183012;127020;240043;175318;159538;248732;66436;138039;350001;3501;35016
"São Pedro (SP)";3550407;694;549;837;641;710;840;291;440;350040;3510;35103
"São Pedro do Turvo (SP)";3550506;156;112;146;121;149;160;71;73;350015;3504;35094
"São Roque (SP)";3550605;1558;1098;1727;1179;1347;1670;534;804;350003;3502;35163
"São Sebastião (SP)";3550704;1007;750;1031;784;791;936;294;463;350051;3511;35173
"São Sebastião da Grama (SP)";3550803;246;191;251;170;250;259;98;143;350047;3510;35143
"São Simão (SP)";3550902;300;209;306;266;309;366;117;207;350031;3508;35132
"São Vicente (SP)";3551009;5272;3817;6790;5090;4403;6821;1562;3293;350002;3501;35041
"Sarapuí (SP)";3551108;179;135;161;138;178;180;64;75;350003;3502;35161
"Sarutaiá (SP)";3551207;85;59;91;60;73;88;28;50;350017;3504;35061
"Sebastianópolis do Sul (SP)";3551306;79;44;69;58;74;93;29;36;350027;3507;35157
"Serra Azul (SP)";3551405;211;132;161;103;139;161;50;74;350031;3508;35132
"Serrana (SP)";3551504;503;339;553;399;408;534;158;232;350031;3508;35132
"Serra Negra (SP)";3551603;639;411;676;513;632;820;316;491;350048;3510;35074
"Sertãozinho (SP)";3551702;1801;1223;2010;1396;1460;1862;531;927;350031;3508;35131
"Sete Barras (SP)";3551801;299;232;235;203;257;227;94;109;350005;3502;35121
"Severínia (SP)";3551900;237;190;222;183;211;271;85;129;350032;3508;35051
"Silveiras (SP)";3552007;133;92;123;105;130;115;55;53;350053;3511;35172
"Socorro (SP)";3552106;855;693;988;716;980;1052;403;522;350041;3510;35071
"Sorocaba (SP)";3552205;9670;6661;11194;8124;8150;11575;3160;5828;350003;3502;35163
"Sud Mennucci (SP)";3552304;153;108;140;117;122;147;52;74;350024;3506;35022
"Sumaré (SP)";3552403;3698;2233;3746;2591;2446;3117;942;1431;350038;3510;35072
"Suzano (SP)";3552502;4031;2580;4401;2879;2769;3600;957;1632;350001;3501;35011
"Suzanápolis (SP)";3552551;71;62;74;59;80;64;39;35;350028;3507;35022
"Tabapuã (SP)";3552601;253;187;250;239;304;311;95;140;350026;3507;35151
"Tabatinga (SP)";3552700;255;192;224;233;266;293;102;147;350036;3509;35032
"Taboão da Serra (SP)";3552809;3214;2093;4103;2700;2064;3210;588;1370;350001;3501;35013
"Taciba (SP)";3552908;99;73;107;94;146;126;46;55;350018;3505;35112
"Taguaí (SP)";3553005;192;129;192;117;157;192;55;88;350007;3502;35061
"Taiaçu (SP)";3553104;118;89;127;100;147;158;54;84;350032;3508;35052
"Taiúva (SP)";3553203;128;90;133;95;134;187;57;93;350032;3508;35052
"Tambaú (SP)";3553302;454;343;464;357;452;514;178;301;350044;3510;35142
"Tanabi (SP)";3553401;554;437;574;479;564;666;237;324;350025;3507;35155
"Tapiraí (SP)";3553500;168;134;151;132;152;126;41;77;350003;3502;35163
"Tapiratiba (SP)";3553609;229;188;268;189;285;289;103;144;350047;3510;35143
"Taquaral (SP)";3553658;66;41;61;41;55;73;14;29;350032;3508;35052
"Taquaritinga (SP)";3553708;1082;779;1132;931;1074;1320;429;734;350036;3509;35033
"Taquarituba (SP)";3553807;438;286;383;345;421;439;165;211;350007;3502;35061
"Taquarivaí (SP)";3553856;66;44;61;54;67;69;22;22;350004;3502;35162
"Tarabai (SP)";3553906;111;93;93;98;125;143;49;56;350018;3505;35112
"Tarumã (SP)";3553955;204;159;181;167;165;192;58;81;350014;3504;35092
"Tatuí (SP)";3554003;1881;1405;2179;1647;1776;2077;703;1029;350008;3502;35161
"Taubaté (SP)";3554102;4853;3387;5601;4092;4025;5398;1544;2830;350050;3511;35174
"Tejupá (SP)";3554201;93;96;88;84;67;87;14;24;350017;3504;35061
"Teodoro Sampaio (SP)";3554300;387;259;380;262;376;299;148;136;350018;3505;35115
"Terra Roxa (SP)";3554409;144;118;171;121;136;205;79;114;350032;3508;35052
"Tietê (SP)";3554508;689;494;822;531;660;888;252;520;350003;3502;35163
"Timburi (SP)";3554607;75;47;58;51;71;75;26;43;350017;3504;35094
"Torre de Pedra (SP)";3554656;72;49;51;49;63;61;25;22;350008;3502;35063
"Torrinha (SP)";3554706;204;144;245;158;247;254;104;154;350010;3503;35064
"Trabiju (SP)";3554755;28;26;30;23;35;37;13;9;350036;3509;35031
"Tremembé (SP)";3554805;678;456;696;512;542;617;159;357;350050;3511;35174
"Três Fronteiras (SP)";3554904;136;134;159;112;140;167;81;93;350030;3507;35152
"Tuiuti (SP)";3554953;162;138;164;130;149;140;76;58;350041;3510;35071
"Tupã (SP)";3555000;1336;1131;1663;1367;1648;2075;719;1037;350016;3504;35095
"Tupi Paulista (SP)";3555109;380;273;374;303;412;486;200;211;350020;3505;35111
"Turiúba (SP)";3555208;52;52;59;52;59;77;18;20;350023;3506;35023
"Turmalina (SP)";3555307;60;55;74;55;69;61;26;24;350028;3507;35154
"Ubarana (SP)";3555356;83;59;95;69;74;71;30;34;350025;3507;35156
"Ubatuba (SP)";3555406;1348;936;1394;879;1048;1177;331;527;350051;3511;35173
"Ubirajara (SP)";3555505;102;63;84;64;98;113;49;56;350009;3503;35093
"Uchoa (SP)";3555604;194;165;232;190;232;294;98;164;350025;3507;35155
"União Paulista (SP)";3555703;34;25;27;31;41;39;16;17;350025;3507;35156
"Urânia (SP)";3555802;209;169;228;203;250;260;109;104;350028;3507;35153
"Uru (SP)";3555901;31;19;33;22;35;30;14;18;350012;3503;35065
"Urupês (SP)";3556008;291;235;315;261;351;400;133;201;350025;3507;35151
"Valentim Gentil (SP)";3556107;227;160;234;166;201;241;65;96;350027;3507;35157
"Valinhos (SP)";3556206;2015;1354;2147;1603;1739;2172;682;1141;350038;3510;35072
"Valparaíso (SP)";3556305;366;254;398;282;334;422;151;204;350022;3506;35021
"Vargem (SP)";3556354;203;195;199;134;196;194;88;99;350041;3510;35071
"Vargem Grande do Sul (SP)";3556404;764;539;815;603;713;860;302;435;350044;3510;35142
"Vargem Grande Paulista (SP)";3556453;628;430;700;496;506;556;168;287;350001;3501;35013
"Várzea Paulista (SP)";3556503;1504;967;1626;1032;1001;1301;346;536;350039;3510;35073
"Vera Cruz (SP)";3556602;236;190;259;217;243;322;125;177;350013;3504;35093
"Vinhedo (SP)";3556701;1214;798;1171;882;938;1207;395;666;350038;3510;35072
"Viradouro (SP)";3556800;319;256;339;262;317;406;141;200;350032;3508;35052
"Vista Alegre do Alto (SP)";3556909;110;89;108;86;120;142;41;59;350026;3507;35052
"Vitória Brasil (SP)";3556958;43;38;29;36;46;44;17;15;350028;3507;35153
"Votorantim (SP)";3557006;1830;1176;1920;1374;1276;1612;497;780;350003;3502;35163
"Votuporanga (SP)";3557105;1836;1360;2068;1578;1716;2224;671;1016;350027;3507;35157
"Zacarias (SP)";3557154;43;45;46;52;62;63;20;29;350023;3506;35156
"Chavantes (SP)";3557204;244;200;280;208;206;275;74;137;350015;3504;35094
"Estiva Gerbi (SP)";3557303;172;116;168;115;156;170;51;67;350043;3510;35141
"Abatiá (PR)";4100103;164;130;173;141;165;201;65;67;410022;4105;41018
"Adrianópolis (PR)";4100202;122;117;124;111;165;146;64;69;410001;4101;41002
"Agudos do Sul (PR)";4100301;154;144;170;116;157;135;44;60;410001;4101;41002
"Almirante Tamandaré (PR)";4100400;1336;858;1383;1003;923;1062;252;414;410001;4101;41002
"Altamira do Paraná (PR)";4100459;82;71;86;63;103;79;40;35;410015;4104;41011
"Altônia (PR)";4100509;494;355;481;369;560;506;208;200;410016;4104;41012
"Alto Paraná (PR)";4100608;244;199;269;227;255;275;112;136;410017;4104;41014
"Alto Piquiri (PR)";4100707;188;173;231;181;253;238;97;106;410016;4104;41012
"Alvorada do Sul (PR)";4100806;232;178;212;170;200;238;85;111;410021;4105;41017
"Amaporã (PR)";4100905;62;52;59;54;93;95;42;35;410017;4104;41014
"Ampére (PR)";4101002;301;251;332;251;315;323;90;118;410009;4103;41008
"Anahy (PR)";4101051;64;62;63;55;67;62;35;37;410006;4103;41010
"Andirá (PR)";4101101;456;350;492;415;431;480;169;214;410022;4105;41018
"Ângulo (PR)";4101150;55;46;58;54;64;51;25;31;410014;4104;41015
"Antonina (PR)";4101200;390;306;388;360;406;462;135;209;410002;4101;41001
"Antônio Olinto (PR)";4101309;178;124;147;113;182;166;44;59;410003;4101;41006
"Apucarana (PR)";4101408;2199;1734;2612;1964;2064;2557;742;1111;410023;4105;41016
"Arapongas (PR)";4101507;1786;1343;2078;1669;1694;2168;627;929;410021;4105;41016
"Arapoti (PR)";4101606;407;300;417;296;349;397;128;154;410027;4106;41003
"Arapuã (PR)";4101655;88;64;82;89;100;90;43;40;410025;4105;41022
"Araruna (PR)";4101705;251;201;272;215;281;274;111;114;410015;4104;41011
"Araucária (PR)";4101804;1626;1026;1586;1116;1105;1339;364;540;410001;4101;41002
"Ariranha do Ivaí (PR)";4101853;68;55;60;50;64;63;27;22;410025;4105;41022
"Assaí (PR)";4101903;371;315;390;322;373;419;127;184;410021;4105;41017
"Assis Chateaubriand (PR)";4102000;705;657;790;673;826;761;271;334;410008;4103;41020
"Astorga (PR)";4102109;509;416;584;430;530;596;225;285;410014;4104;41015
"Atalaia (PR)";4102208;101;71;99;83;82;97;34;49;410014;4104;41015
"Balsa Nova (PR)";4102307;192;133;193;147;163;175;42;75;410001;4101;41002
"Bandeirantes (PR)";4102406;691;486;722;540;574;761;236;342;410024;4105;41018
"Barbosa Ferraz (PR)";4102505;286;255;299;233;354;332;154;148;410015;4104;41011
"Barracão (PR)";4102604;209;136;166;154;161;187;55;76;410009;4103;41008
"Barra do Jacaré (PR)";4102703;82;67;64;55;67;67;21;34;410022;4105;41019
"Bela Vista da Caroba (PR)";4102752;114;68;84;78;84;88;23;41;410009;4103;41008
"Bela Vista do Paraíso (PR)";4102802;331;268;384;277;371;431;144;198;410021;4105;41017
"Bituruna (PR)";4102901;260;171;224;179;224;233;71;78;410003;4101;41006
"Boa Esperança (PR)";4103008;97;93;101;86;110;104;39;44;410015;4104;41011
"Boa Esperança do Iguaçu (PR)";4103024;54;38;42;35;47;56;10;18;410012;4103;41008
"Boa Ventura de São Roque (PR)";4103040;94;91;103;74;85;88;23;37;410005;4102;41005
"Boa Vista da Aparecida (PR)";4103057;187;165;165;160;209;141;47;69;410006;4103;41010
"Bocaiúva do Sul (PR)";4103107;201;144;189;132;178;172;78;70;410001;4101;41002
"Bom Jesus do Sul (PR)";4103156;100;74;90;78;104;85;39;37;410009;4103;41008
"Bom Sucesso (PR)";4103206;138;103;128;100;134;160;42;68;410023;4105;41016
"Bom Sucesso do Sul (PR)";4103222;82;59;81;71;55;72;25;38;410010;4103;41007
"Borrazópolis (PR)";4103305;181;160;200;166;220;228;82;107;410023;4105;41016
"Braganey (PR)";4103354;111;114;104;110;125;111;55;48;410006;4103;41010
"Brasilândia do Sul (PR)";4103370;68;60;64;73;92;70;32;39;410016;4104;41012
"Cafeara (PR)";4103404;47;50;58;51;48;59;27;26;410021;4105;41017
"Cafelândia (PR)";4103453;185;148;210;168;170;202;59;72;410006;4103;41010
"Cafezal do Sul (PR)";4103479;103;67;93;78;125;130;60;45;410016;4104;41012
"Califórnia (PR)";4103503;158;144;190;127;189;163;66;90;410023;4105;41016
"Cambará (PR)";4103602;506;342;564;433;491;634;184;292;410022;4105;41019
"Cambé (PR)";4103701;1765;1258;1942;1480;1545;1957;572;799;410021;4105;41017
"Cambira (PR)";4103800;155;130;146;115;162;163;49;74;410023;4105;41016
"Campina da Lagoa (PR)";4103909;347;256;337;256;339;313;159;149;410015;4104;41011
"Campina do Simão (PR)";4103958;73;59;58;45;56;48;18;18;410004;4102;41005
"Campina Grande do Sul (PR)";4104006;518;369;511;375;419;438;120;184;410001;4101;41002
"Campo Bonito (PR)";4104055;83;59;91;49;92;86;31;29;410006;4103;41010
"Campo do Tenente (PR)";4104105;113;73;93;80;98;104;33;37;410001;4101;41002
"Campo Largo (PR)";4104204;1804;1279;1914;1386;1371;1720;428;672;410001;4101;41002
"Campo Magro (PR)";4104253;352;258;388;263;280;273;75;110;410001;4101;41002
"Campo Mourão (PR)";4104303;1506;1125;1686;1293;1353;1594;515;721;410015;4104;41011
"Cândido de Abreu (PR)";4104402;369;284;317;246;313;289;104;102;410025;4105;41022
"Candói (PR)";4104428;236;184;228;156;192;180;63;68;410004;4102;41005
"Cantagalo (PR)";4104451;226;178;210;160;179;200;71;79;410004;4102;41005
"Capanema (PR)";4104501;419;332;472;351;359;441;102;210;410009;4103;41008
"Capitão Leônidas Marques (PR)";4104600;319;259;282;256;276;276;86;132;410006;4103;41010
"Carambeí (PR)";4104659;240;184;257;167;197;216;64;80;410027;4106;41003
"Carlópolis (PR)";4104709;326;191;278;239;293;311;109;108;410022;4105;41019
"Cascavel (PR)";4104808;4299;2920;4726;3349;3276;4268;1151;1726;410006;4103;41010
"Castro (PR)";4104907;1002;802;1118;883;937;1009;269;428;410027;4106;41003
"Catanduvas (PR)";4105003;179;162;187;140;197;163;58;56;410006;4103;41010
"Centenário do Sul (PR)";4105102;242;177;218;208;250;266;101;120;410021;4105;41017
"Cerro Azul (PR)";4105201;318;242;271;236;296;276;101;103;410001;4101;41002
"Céu Azul (PR)";4105300;232;194;254;180;200;234;77;107;410006;4103;41010
"Chopinzinho (PR)";4105409;381;283;412;293;372;377;136;160;410010;4103;41007
"Cianorte (PR)";4105508;1243;872;1360;1044;1198;1357;472;618;410018;4104;41013
"Cidade Gaúcha (PR)";4105607;179;126;185;161;206;209;73;100;410016;4104;41013
"Clevelândia (PR)";4105706;297;234;343;286;334;397;108;161;410010;4103;41007
"Colombo (PR)";4105805;2710;1856;3066;2092;1862;2402;609;907;410001;4101;41002
"Colorado (PR)";4105904;428;344;469;366;491;484;176;222;410019;4104;41015
"Congonhinhas (PR)";4106001;172;134;183;135;192;195;102;86;410024;4105;41018
"Conselheiro Mairinck (PR)";4106100;73;61;91;56;90;83;38;29;410026;4105;41019
"Contenda (PR)";4106209;308;191;310;215;224;248;78;126;410001;4101;41002
"Corbélia (PR)";4106308;271;253;326;239;274;378;111;152;410006;4103;41010
"Cornélio Procópio (PR)";4106407;999;709;1166;839;926;1185;387;585;410024;4105;41018
"Coronel Domingos Soares (PR)";4106456;137;76;88;69;101;63;36;25;410010;4103;41007
"Coronel Vivida (PR)";4106506;451;344;455;376;449;505;151;246;410010;4103;41007
"Corumbataí do Sul (PR)";4106555;101;85;94;72;106;92;43;29;410015;4104;41011
"Cruzeiro do Iguaçu (PR)";4106571;78;67;73;60;93;92;28;36;410012;4103;41008
"Cruzeiro do Oeste (PR)";4106605;420;332;464;369;476;520;195;242;410016;4104;41012
"Cruzeiro do Sul (PR)";4106704;76;75;81;72;91;90;47;40;410019;4104;41014
"Cruz Machado (PR)";4106803;303;246;284;257;312;319;73;139;410003;4101;41006
"Cruzmaltina (PR)";4106852;67;69;62;46;73;84;34;24;410025;4105;41022
"Curitiba (PR)";4106902;28967;19615;36826;26345;23490;35602;8838;18406;410001;4101;41002
"Curiúva (PR)";4107009;252;245;258;207;259;250;104;106;410028;4106;41021
"Diamante do Norte (PR)";4107108;116;104;142;114;150;148;37;49;410017;4104;41014
"Diamante do Sul (PR)";4107124;71;50;60;35;64;61;30;22;410006;4103;41010
"Diamante D'Oeste (PR)";4107157;109;89;104;85;103;84;46;39;410006;4103;41020
"Dois Vizinhos (PR)";4107207;599;389;607;472;537;624;197;258;410012;4103;41008
"Douradina (PR)";4107256;135;104;144;110;173;160;75;69;410016;4104;41012
"Doutor Camargo (PR)";4107306;139;123;156;134;161;173;78;84;410014;4104;41015
"Enéas Marques (PR)";4107405;140;109;128;87;104;126;41;54;410009;4103;41008
"Engenheiro Beltrão (PR)";4107504;287;212;304;208;289;286;114;127;410015;4104;41011
"Esperança Nova (PR)";4107520;47;48;60;48;64;59;28;21;410016;4104;41012
"Entre Rios do Oeste (PR)";4107538;85;63;95;76;60;78;15;36;410013;4103;41020
"Espigão Alto do Iguaçu (PR)";4107546;107;88;101;77;102;109;37;36;410011;4103;41010
"Farol (PR)";4107553;63;48;60;66;76;72;27;30;410015;4104;41011
"Faxinal (PR)";4107603;337;268;345;291;351;354;139;153;410025;4105;41016
"Fazenda Rio Grande (PR)";4107652;933;632;968;682;603;732;193;248;410001;4101;41002
"Fênix (PR)";4107702;107;82;109;81;123;116;50;62;410015;4104;41011
"Fernandes Pinheiro (PR)";4107736;97;78;103;58;84;96;39;33;410029;4106;41004
"Figueira (PR)";4107751;181;149;186;154;200;183;72;75;410026;4105;41019
"Floraí (PR)";4107801;127;108;124;134;133;151;73;59;410014;4104;41015
"Flor da Serra do Sul (PR)";4107850;95;75;87;67;94;103;27;28;410009;4103;41008
"Floresta (PR)";4107900;107;90;121;105;128;120;43;51;410014;4104;41015
"Florestópolis (PR)";4108007;173;172;199;153;199;227;73;85;410021;4105;41017
"Flórida (PR)";4108106;55;44;53;47;60;59;19;29;410014;4104;41015
"Formosa do Oeste (PR)";4108205;173;152;196;171;235;229;104;89;410008;4103;41010
"Foz do Iguaçu (PR)";4108304;3522;2560;3906;2630;2668;3078;826;1160;410007;4103;41009
"Francisco Alves (PR)";4108320;177;141;172;130;164;182;83;65;410016;4104;41012
"Francisco Beltrão (PR)";4108403;1346;937;1492;1077;1091;1326;382;613;410009;4103;41008
"Foz do Jordão (PR)";4108452;88;85;92;61;79;75;25;28;410004;4102;41005
"General Carneiro (PR)";4108502;195;155;210;168;188;181;60;75;410003;4101;41006
"Godoy Moreira (PR)";4108551;100;78;93;55;98;87;32;29;410025;4105;41022
"Goioerê (PR)";4108601;549;414;627;517;624;692;222;261;410015;4104;41011
"Goioxim (PR)";4108650;126;124;97;84;105;90;25;25;410004;4102;41005
"Grandes Rios (PR)";4108700;147;121;121;101;132;139;69;56;410025;4105;41016
"Guaíra (PR)";4108809;559;423;621;467;597;582;212;248;410008;4103;41020
"Guairaçá (PR)";4108908;120;92;97;104;133;139;36;59;410017;4104;41014
"Guamiranga (PR)";4108957;136;103;142;95;128;123;54;42;410004;4102;41004
"Guapirama (PR)";4109005;84;64;71;58;66;78;30;29;410022;4105;41019
"Guaporema (PR)";4109104;52;34;36;24;47;67;28;26;410018;4104;41013
"Guaraci (PR)";4109203;114;83;133;97;125;133;45;62;410021;4105;41017
"Guaraniaçu (PR)";4109302;305;280;318;255;305;301;107;116;410006;4103;41010
"Guarapuava (PR)";4109401;2587;1858;2894;2200;2081;2532;693;1063;410004;4102;41005
"Guaraqueçaba (PR)";4109500;149;137;138;95;162;124;47;65;410002;4101;41001
"Guaratuba (PR)";4109609;667;497;673;489;524;500;138;204;410002;4101;41001
"Honório Serpa (PR)";4109658;105;74;100;60;100;88;24;25;410010;4103;41007
"Ibaiti (PR)";4109708;536;451;574;434;548;591;203;248;410026;4105;41019
"Ibema (PR)";4109757;115;83;115;99;109;101;35;36;410006;4103;41010
"Ibiporã (PR)";4109807;925;679;965;723;872;1008;309;417;410021;4105;41017
"Icaraíma (PR)";4109906;197;190;224;166;248;225;74;91;410016;4104;41012
"Iguaraçu (PR)";4110003;88;59;82;64;83;81;17;26;410014;4104;41015
"Iguatu (PR)";4110052;47;47;61;37;65;57;16;16;410006;4103;41010
"Imbaú (PR)";4110078;198;161;185;146;198;178;69;65;410028;4106;41021
"Imbituva (PR)";4110102;426;323;447;342;369;414;134;165;410029;4106;41004
"Inácio Martins (PR)";4110201;157;133;137;137;148;162;40;58;410004;4102;41004
"Inajá (PR)";4110300;56;56;59;57;71;68;24;24;410019;4104;41014
"Indianópolis (PR)";4110409;103;67;97;84;117;108;46;58;410018;4104;41013
"Ipiranga (PR)";4110508;215;175;218;166;211;203;71;82;410027;4106;41003
"Iporã (PR)";4110607;326;255;340;272;421;434;181;197;410016;4104;41012
"Iracema do Oeste (PR)";4110656;59;53;53;59;78;67;27;23;410008;4103;41010
"Irati (PR)";4110706;989;715;1071;914;883;1173;303;473;410029;4106;41004
"Iretama (PR)";4110805;238;192;202;196;253;223;107;99;410015;4104;41011
"Itaguajé (PR)";4110904;78;69;83;69;107;110;39;38;410019;4104;41015
"Itaipulândia (PR)";4110953;193;111;161;138;132;161;43;73;410007;4103;41009
"Itambaracá (PR)";4111001;130;110;132;123;165;161;60;87;410024;4105;41018
"Itambé (PR)";4111100;125;108;134;104;127;126;50;56;410014;4104;41015
"Itapejara d'Oeste (PR)";4111209;233;168;211;180;223;235;73;112;410010;4103;41007
"Itaperuçu (PR)";4111258;280;209;279;214;226;193;88;84;410001;4101;41002
"Itaúna do Sul (PR)";4111308;61;82;83;65;94;96;33;38;410017;4104;41014
"Ivaí (PR)";4111407;231;172;214;166;184;249;85;87;410027;4106;41003
"Ivaiporã (PR)";4111506;675;540;740;626;740;792;297;332;410025;4105;41022
"Ivaté (PR)";4111555;128;107;128;117;169;170;59;60;410016;4104;41012
"Ivatuba (PR)";4111605;55;40;57;41;66;70;24;30;410014;4104;41015
"Jaboti (PR)";4111704;112;66;101;75;111;115;42;45;410026;4105;41019
"Jacarezinho (PR)";4111803;751;503;819;620;658;813;267;384;410022;4105;41019
"Jaguapitã (PR)";4111902;213;172;245;173;253;277;110;138;410021;4105;41017
"Jaguariaíva (PR)";4112009;485;353;505;363;426;458;127;191;410027;4106;41003
"Jandaia do Sul (PR)";4112108;430;343;483;391;439;557;199;255;410023;4105;41016
"Janiópolis (PR)";4112207;166;128;158;137;165;163;73;71;410015;4104;41011
"Japira (PR)";4112306;122;79;104;89;103;103;51;42;410026;4105;41019
"Japurá (PR)";4112405;184;140;213;166;202;225;86;89;410018;4104;41013
"Jardim Alegre (PR)";4112504;300;226;280;239;337;303;111;117;410025;4105;41022
"Jardim Olinda (PR)";4112603;16;25;26;17;30;31;13;14;410019;4104;41014
"Jataizinho (PR)";4112702;213;173;234;185;215;208;65;109;410021;4105;41017
"Jesuítas (PR)";4112751;224;195;246;198;278;263;114;101;410008;4103;41010
"Joaquim Távora (PR)";4112801;224;167;278;176;211;253;101;107;410022;4105;41019
"Jundiaí do Sul (PR)";4112900;76;61;81;55;75;86;33;41;410022;4105;41019
"Juranda (PR)";4112959;125;111;154;110;163;151;55;60;410015;4104;41011
"Jussara (PR)";4113007;126;105;147;105;151;129;54;55;410018;4104;41013
"Kaloré (PR)";4113106;104;107;124;96;149;145;70;66;410023;4105;41016
"Lapa (PR)";4113205;804;606;824;635;700;821;224;346;410001;4101;41002
"Laranjal (PR)";4113254;82;81;95;76;88;64;29;26;410005;4102;41005
"Laranjeiras do Sul (PR)";4113304;517;373;584;438;547;612;177;247;410011;4103;41005
"Leópolis (PR)";4113403;118;71;93;62;79;91;47;51;410024;4105;41018
"Lidianópolis (PR)";4113429;101;96;107;93;118;101;39;55;410025;4105;41022
"Lindoeste (PR)";4113452;137;104;120;101;122;97;51;30;410006;4103;41010
"Loanda (PR)";4113502;365;297;430;340;411;455;178;193;410020;4104;41014
"Lobato (PR)";4113601;60;58;77;69;84;97;35;29;410019;4104;41015
"Londrina (PR)";4113700;9161;7003;11318;8486;8661;11279;3344;5224;410021;4105;41017
"Luiziana (PR)";4113734;128;121;128;93;138;109;49;51;410015;4104;41011
"Lunardelli (PR)";4113759;121;113;120;108;142;123;43;49;410025;4105;41022
"Lupionópolis (PR)";4113809;82;84;111;86;119;129;48;51;410021;4105;41017
"Mallet (PR)";4113908;256;184;253;194;220;317;87;137;410029;4106;41004
"Mamborê (PR)";4114005;274;185;287;239;265;251;110;118;410015;4104;41011
"Mandaguaçu (PR)";4114104;372;255;369;299;360;408;132;190;410014;4104;41015
"Mandaguari (PR)";4114203;654;502;722;592;684;771;263;364;410014;4104;41015
"Mandirituba (PR)";4114302;407;309;404;277;374;339;112;139;410001;4101;41002
"Manfrinópolis (PR)";4114351;57;60;57;45;66;64;15;10;410009;4103;41008
"Mangueirinha (PR)";4114401;290;233;286;218;248;227;72;97;410010;4103;41007
"Manoel Ribas (PR)";4114500;264;206;267;200;212;225;89;120;410025;4105;41022
"Marechal Cândido Rondon (PR)";4114609;915;671;1014;784;877;1077;251;399;410013;4103;41020
"Maria Helena (PR)";4114708;116;104;132;99;155;162;76;58;410016;4104;41012
"Marialva (PR)";4114807;659;497;746;503;602;614;203;306;410014;4104;41015
"Marilândia do Sul (PR)";4114906;157;145;155;144;200;185;63;87;410023;4105;41016
"Marilena (PR)";4115002;151;122;153;125;167;144;64;54;410017;4104;41014
"Mariluz (PR)";4115101;179;148;201;186;248;218;82;93;410016;4104;41012
"Maringá (PR)";4115200;6545;4808;7884;5718;5688;7195;2128;3407;410014;4104;41015
"Mariópolis (PR)";4115309;130;103;136;119;108;126;38;53;410010;4103;41007
"Maripá (PR)";4115358;141;111;163;120;144;163;43;63;410008;4103;41020
"Marmeleiro (PR)";4115408;297;222;291;222;278;273;87;118;410009;4103;41008
"Marquinho (PR)";4115457;107;76;76;69;84;67;28;23;410011;4103;41005
"Marumbi (PR)";4115507;89;76;103;86;107;114;42;49;410023;4105;41016
"Matelândia (PR)";4115606;294;208;281;247;271;302;82;129;410006;4103;41009
"Matinhos (PR)";4115705;600;470;656;507;486;498;154;182;410002;4101;41001
"Mato Rico (PR)";4115739;76;63;61;42;92;59;28;34;410005;4102;41022
"Mauá da Serra (PR)";4115754;105;106;111;98;120;96;41;38;410023;4105;41016
"Medianeira (PR)";4115804;657;507;727;574;603;790;178;299;410007;4103;41009
"Mercedes (PR)";4115853;107;92;104;93;113;132;43;50;410013;4103;41020
"Mirador (PR)";4115903;40;46;44;33;44;54;23;21;410017;4104;41014
"Miraselva (PR)";4116000;44;45;64;40;43;49;16;27;410021;4105;41017
"Missal (PR)";4116059;269;215;270;252;239;232;56;82;410007;4103;41009
"Moreira Sales (PR)";4116109;224;225;239;229;362;346;136;167;410015;4104;41011
"Morretes (PR)";4116208;338;272;335;230;313;298;113;153;410002;4101;41001
"Munhoz de Melo (PR)";4116307;83;75;108;73;100;97;29;52;410014;4104;41015
"Nossa Senhora das Graças (PR)";4116406;68;51;72;65;78;83;34;39;410019;4104;41015
"Nova Aliança do Ivaí (PR)";4116505;21;19;25;18;31;21;9;12;410017;4104;41014
"Nova América da Colina (PR)";4116604;66;51;70;60;70;63;25;32;410024;4105;41018
"Nova Aurora (PR)";4116703;251;195;279;223;294;289;85;90;410006;4103;41010
"Nova Cantu (PR)";4116802;167;126;149;116;152;141;64;56;410015;4104;41011
"Nova Esperança (PR)";4116901;463;404;574;502;512;640;250;305;410014;4104;41015
"Nova Esperança do Sudoeste (PR)";4116950;109;82;101;87;108;106;21;27;410009;4103;41008
"Nova Fátima (PR)";4117008;180;120;179;151;172;196;54;80;410024;4105;41018
"Nova Laranjeiras (PR)";4117057;194;171;198;132;185;180;67;76;410011;4103;41005
"Nova Londrina (PR)";4117107;202;189;271;218;276;253;108;109;410017;4104;41014
"Nova Olímpia (PR)";4117206;112;93;122;124;164;144;61;70;410016;4104;41012
"Nova Santa Bárbara (PR)";4117214;69;75;101;82;112;92;37;46;410024;4105;41018
"Nova Santa Rosa (PR)";4117222;165;151;190;135;182;243;51;87;410013;4103;41020
"Nova Prata do Iguaçu (PR)";4117255;227;169;230;186;177;220;76;78;410012;4103;41008
"Nova Tebas (PR)";4117271;168;143;139;137;186;162;72;49;410005;4102;41022
"Novo Itacolomi (PR)";4117297;63;56;56;55;81;75;34;30;410023;4105;41016
"Ortigueira (PR)";4117305;516;407;437;341;483;358;175;138;410028;4106;41021
"Ourizona (PR)";4117404;85;58;72;68;93;87;28;35;410014;4104;41015
"Ouro Verde do Oeste (PR)";4117453;114;91;109;92;128;114;37;49;410008;4103;41020
"Paiçandu (PR)";4117503;594;432;644;485;525;539;192;230;410014;4104;41015
"Palmas (PR)";4117602;517;393;566;447;439;499;152;241;410010;4103;41007
"Palmeira (PR)";4117701;528;377;575;442;521;585;158;243;410027;4106;41003
"Palmital (PR)";4117800;301;195;255;212;248;242;127;105;410005;4102;41005
"Palotina (PR)";4117909;559;435;606;485;480;559;145;243;410008;4103;41020
"Paraíso do Norte (PR)";4118006;199;142;220;171;229;256;86;111;410017;4104;41014
"Paranacity (PR)";4118105;149;128;175;156;187;200;73;81;410019;4104;41015
"Paranaguá (PR)";4118204;1977;1377;2294;1654;1803;2073;505;867;410002;4101;41001
"Paranapoema (PR)";4118303;45;34;42;41;33;44;16;24;410019;4104;41014
"Paranavaí (PR)";4118402;1458;1145;1844;1476;1679;1858;623;910;410017;4104;41014
"Pato Bragado (PR)";4118451;111;91;100;100;97;115;25;54;410013;4103;41020
"Pato Branco (PR)";4118501;1170;791;1295;986;921;1267;324;543;410010;4103;41007
"Paula Freitas (PR)";4118600;116;83;125;81;104;120;28;59;410003;4101;41006
"Paulo Frontin (PR)";4118709;156;116;137;110;123;147;29;68;410003;4101;41006
"Peabiru (PR)";4118808;256;200;300;259;249;314;96;111;410015;4104;41011
"Perobal (PR)";4118857;128;87;110;101;134;133;51;55;410016;4104;41012
"Pérola (PR)";4118907;210;180;257;184;302;297;125;115;410016;4104;41012
"Pérola d'Oeste (PR)";4119004;161;129;157;122;147;158;52;80;410009;4103;41008
"Piên (PR)";4119103;176;122;192;131;122;131;43;64;410001;4101;41002
"Pinhais (PR)";4119152;1709;1105;2012;1290;1171;1527;318;604;410001;4101;41002
"Pinhalão (PR)";4119202;130;108;129;107;137;126;49;56;410026;4105;41019
"Pinhal de São Bento (PR)";4119251;47;46;53;41;43;44;16;14;410009;4103;41008
"Pinhão (PR)";4119301;485;313;411;317;402;364;124;115;410004;4102;41005
"Piraí do Sul (PR)";4119400;408;327;426;335;416;471;156;208;410027;4106;41003
"Piraquara (PR)";4119509;1010;747;1211;799;776;895;234;374;410001;4101;41002
"Pitanga (PR)";4119608;621;459;593;471;537;550;177;243;410005;4102;41005
"Pitangueiras (PR)";4119657;60;55;58;34;49;48;14;24;410021;4105;41017
"Planaltina do Paraná (PR)";4119707;81;52;81;67;115;95;48;39;410017;4104;41014
"Planalto (PR)";4119806;351;236;346;233;305;381;102;139;410009;4103;41008
"Ponta Grossa (PR)";4119905;5005;3330;5852;4352;3955;5717;1364;2745;410027;4106;41003
"Pontal do Paraná (PR)";4119954;514;373;518;337;420;367;89;132;410002;4101;41001
"Porecatu (PR)";4120002;320;265;369;257;306;310;118;121;410021;4105;41017
"Porto Amazonas (PR)";4120101;70;53;81;57;64;79;35;48;410027;4106;41003
"Porto Barreiro (PR)";4120150;89;55;77;36;56;63;23;15;410011;4103;41005
"Porto Rico (PR)";4120200;41;32;45;32;59;49;20;22;410020;4104;41014
"Porto Vitória (PR)";4120309;80;73;78;61;67;88;31;35;410003;4101;41006
"Prado Ferreira (PR)";4120333;74;58;88;64;74;59;34;11;410021;4105;41017
"Pranchita (PR)";4120358;133;92;128;107;126;135;37;70;410009;4103;41008
"Presidente Castelo Branco (PR)";4120408;85;67;82;57;79;86;25;37;410014;4104;41015
"Primeiro de Maio (PR)";4120507;235;214;241;209;275;283;112;128;410021;4105;41017
"Prudentópolis (PR)";4120606;972;686;949;768;762;983;245;417;410004;4102;41005
"Quarto Centenário (PR)";4120655;74;64;97;74;111;118;44;41;410015;4104;41011
"Quatiguá (PR)";4120705;168;124;155;135;156;166;54;77;410022;4105;41019
"Quatro Barras (PR)";4120804;291;215;291;212;206;246;92;100;410001;4101;41002
"Quatro Pontes (PR)";4120853;74;71;90;68;91;131;32;58;410013;4103;41020
"Quedas do Iguaçu (PR)";4120903;571;383;560;397;421;474;156;185;410011;4103;41010
"Querência do Norte (PR)";4121000;208;197;194;188;228;198;79;76;410020;4104;41014
"Quinta do Sol (PR)";4121109;101;87;112;90;107;123;46;48;410015;4104;41011
"Quitandinha (PR)";4121208;348;284;335;272;321;287;97;124;410001;4101;41002
"Ramilândia (PR)";4121257;99;54;77;62;86;56;16;27;410006;4103;41009
"Rancho Alegre (PR)";4121307;105;80;110;88;98;104;41;63;410024;4105;41018
"Rancho Alegre D'Oeste (PR)";4121356;50;40;35;51;64;62;29;32;410015;4104;41011
"Realeza (PR)";4121406;335;261;361;275;330;384;96;157;410009;4103;41008
"Rebouças (PR)";4121505;257;232;284;207;219;258;91;121;410029;4106;41004
"Renascença (PR)";4121604;133;95;137;96;109;133;39;56;410009;4103;41008
"Reserva (PR)";4121703;483;348;450;326;405;388;155;146;410028;4106;41021
"Reserva do Iguaçu (PR)";4121752;112;55;81;59;92;63;25;29;410004;4102;41005
"Ribeirão Claro (PR)";4121802;225;193;239;216;228;271;111;139;410022;4105;41019
"Ribeirão do Pinhal (PR)";4121901;291;213;304;240;321;371;133;163;410022;4105;41018
"Rio Azul (PR)";4122008;259;182;227;221;219;223;99;121;410029;4106;41004
"Rio Bom (PR)";4122107;71;72;83;66;98;102;58;47;410023;4105;41016
"Rio Bonito do Iguaçu (PR)";4122156;241;165;198;156;210;148;63;62;410011;4103;41005
"Rio Branco do Ivaí (PR)";4122172;62;56;55;42;81;72;26;29;410025;4105;41022
"Rio Branco do Sul (PR)";4122206;439;341;433;302;357;348;137;123;410001;4101;41002
"Rio Negro (PR)";4122305;538;367;593;433;445;575;137;314;410001;4101;41002
"Rolândia (PR)";4122404;1077;856;1235;911;1019;1189;337;524;410021;4105;41017
"Roncador (PR)";4122503;239;193;233;190;234;240;101;74;410015;4104;41011
"Rondon (PR)";4122602;150;150;168;135;179;166;73;94;410018;4104;41013
"Rosário do Ivaí (PR)";4122651;143;102;128;115;160;134;60;55;410025;4105;41022
"Sabáudia (PR)";4122701;130;90;109;92;115;124;48;57;410021;4105;41016
"Salgado Filho (PR)";4122800;90;74;81;69;101;104;32;49;410009;4103;41008
"Salto do Itararé (PR)";4122909;126;92;129;100;140;132;50;61;410022;4105;41019
"Salto do Lontra (PR)";4123006;287;201;258;185;237;282;86;96;410012;4103;41008
"Santa Amélia (PR)";4123105;82;65;87;72;80;84;39;43;410024;4105;41018
"Santa Cecília do Pavão (PR)";4123204;81;77;92;68;88;102;34;21;410024;4105;41018
"Santa Cruz de Monte Castelo (PR)";4123303;173;145;169;145;174;209;93;94;410020;4104;41014
"Santa Fé (PR)";4123402;186;157;221;165;233;254;93;113;410014;4104;41015
"Santa Helena (PR)";4123501;510;407;539;400;415;481;138;196;410008;4103;41020
"Santa Inês (PR)";4123600;41;26;49;31;40;40;15;14;410019;4104;41015
"Santa Isabel do Ivaí (PR)";4123709;184;175;215;173;252;236;109;118;410020;4104;41014
"Santa Izabel do Oeste (PR)";4123808;244;207;237;238;251;331;81;111;410009;4103;41008
"Santa Lúcia (PR)";4123824;106;75;97;73;111;111;39;27;410006;4103;41010
"Santa Maria do Oeste (PR)";4123857;240;185;211;150;205;180;69;58;410005;4102;41022
"Santa Mariana (PR)";4123907;331;207;339;281;316;354;131;173;410024;4105;41018
"Santa Mônica (PR)";4123956;65;55;66;52;74;63;26;27;410020;4104;41014
"Santana do Itararé (PR)";4124004;117;84;111;93;101;118;55;48;410022;4105;41019
"Santa Tereza do Oeste (PR)";4124020;154;113;172;129;173;151;49;61;410006;4103;41010
"Santa Terezinha de Itaipu (PR)";4124053;331;271;381;292;332;313;91;119;410007;4103;41009
"Santo Antônio da Platina (PR)";4124103;847;572;880;677;712;948;330;449;410022;4105;41019
"Santo Antônio do Caiuá (PR)";4124202;42;45;62;50;73;68;34;30;410017;4104;41014
"Santo Antônio do Paraíso (PR)";4124301;52;47;60;44;43;49;20;27;410024;4105;41018
"Santo Antônio do Sudoeste (PR)";4124400;355;289;366;290;366;411;120;155;410009;4103;41008
"Santo Inácio (PR)";4124509;96;77;98;95;105;123;50;49;410019;4104;41015
"São Carlos do Ivaí (PR)";4124608;111;88;97;105;123;135;53;63;410017;4104;41014
"São Jerônimo da Serra (PR)";4124707;252;190;199;169;271;221;88;88;410024;4105;41018
"São João (PR)";4124806;252;186;238;177;223;268;86;128;410010;4103;41007
"São João do Caiuá (PR)";4124905;97;90;113;102;120;147;52;58;410017;4104;41014
"São João do Ivaí (PR)";4125001;272;213;288;232;307;291;128;124;410025;4105;41022
"São João do Triunfo (PR)";4125100;240;166;220;153;192;202;65;76;410027;4106;41003
"São Jorge d'Oeste (PR)";4125209;182;155;182;182;193;213;76;85;410012;4103;41008
"São Jorge do Ivaí (PR)";4125308;128;112;140;125;137;147;48;74;410014;4104;41015
"São Jorge do Patrocínio (PR)";4125357;157;123;149;112;173;153;73;73;410016;4104;41012
"São José da Boa Vista (PR)";4125407;166;106;148;96;167;147;64;55;410022;4105;41019
"São José das Palmeiras (PR)";4125456;91;90;90;70;77;62;28;27;410008;4103;41020
"São José dos Pinhais (PR)";4125506;3492;2235;3865;2528;2353;3023;778;1278;410001;4101;41002
"São Manoel do Paraná (PR)";4125555;53;39;48;37;51;57;15;25;410018;4104;41013
"São Mateus do Sul (PR)";4125605;668;496;647;485;623;703;171;270;410003;4101;41006
"São Miguel do Iguaçu (PR)";4125704;459;368;457;386;422;466;170;201;410007;4103;41009
"São Pedro do Iguaçu (PR)";4125753;157;157;159;113;155;127;62;43;410008;4103;41020
"São Pedro do Ivaí (PR)";4125803;183;142;196;150;203;189;78;92;410023;4105;41016
"São Pedro do Paraná (PR)";4125902;49;49;61;52;58;48;22;29;410020;4104;41014
"São Sebastião da Amoreira (PR)";4126009;154;160;198;141;180;170;76;77;410024;4105;41018
"São Tomé (PR)";4126108;98;85;95;61;80;115;45;60;410018;4104;41013
"Sapopema (PR)";4126207;154;100;131;87;149;120;38;45;410024;4105;41018
"Sarandi (PR)";4126256;1354;988;1479;1043;1053;1157;323;487;410014;4104;41015
"Saudade do Iguaçu (PR)";4126272;86;72;86;78;77;99;40;25;410010;4103;41007
"Sengés (PR)";4126306;272;205;270;197;276;227;90;103;410027;4106;41003
"Serranópolis do Iguaçu (PR)";4126355;102;116;116;132;116;130;22;42;410007;4103;41009
"Sertaneja (PR)";4126405;139;97;141;135;151;160;54;81;410024;4105;41018
"Sertanópolis (PR)";4126504;323;247;327;273;301;378;134;167;410021;4105;41017
"Siqueira Campos (PR)";4126603;341;279;391;318;402;414;122;136;410022;4105;41019
"Sulina (PR)";4126652;82;78;83;80;101;91;17;36;410010;4103;41007
"Tamarana (PR)";4126678;233;175;179;150;234;176;84;82;410021;4105;41017
"Tamboara (PR)";4126702;96;69;102;81;103;121;46;57;410017;4104;41014
"Tapejara (PR)";4126801;228;183;238;216;266;271;108;117;410018;4104;41013
"Tapira (PR)";4126900;130;112;148;122;191;152;81;74;410016;4104;41012
"Teixeira Soares (PR)";4127007;180;124;157;130;187;157;55;65;410029;4106;41004
"Telêmaco Borba (PR)";4127106;1096;878;1214;929;992;1212;308;455;410028;4106;41021
"Terra Boa (PR)";4127205;275;243;340;295;382;376;140;146;410018;4104;41011
"Terra Rica (PR)";4127304;305;240;309;260;327;339;143;167;410017;4104;41014
"Terra Roxa (PR)";4127403;317;287;387;290;396;420;152;153;410008;4103;41020
"Tibagi (PR)";4127502;329;270;300;236;308;303;114;125;410028;4106;41021
"Tijucas do Sul (PR)";4127601;274;240;266;211;257;259;96;97;410001;4101;41002
"Toledo (PR)";4127700;1802;1268;2012;1635;1701;2066;576;915;410008;4103;41020
"Tomazina (PR)";4127809;213;165;220;146;199;200;95;98;410022;4105;41019
"Três Barras do Paraná (PR)";4127858;225;173;231;188;227;211;83;79;410006;4103;41010
"Tunas do Paraná (PR)";4127882;80;53;66;41;62;60;30;19;410001;4101;41002
"Tuneiras do Oeste (PR)";4127908;162;130;155;145;204;175;77;75;410018;4104;41013
"Tupãssi (PR)";4127957;208;169;187;153;210;180;63;87;410008;4103;41020
"Turvo (PR)";4127965;239;180;232;168;199;202;93;90;410004;4102;41005
"Ubiratã (PR)";4128005;404;329;466;339;510;558;218;214;410015;4104;41011
"Umuarama (PR)";4128104;1800;1448;2139;1523;1864;2174;725;898;410016;4104;41012
"União da Vitória (PR)";4128203;846;631;995;793;798;1151;285;465;410003;4101;41006
"Uniflor (PR)";4128302;49;43;55;40;60;53;19;18;410014;4104;41015
"Uraí (PR)";4128401;251;217;302;201;299;350;133;174;410024;4105;41018
"Wenceslau Braz (PR)";4128500;409;317;371;283;374;433;172;204;410022;4105;41019
"Ventania (PR)";4128534;216;122;138;120;141;140;44;49;410028;4106;41021
"Vera Cruz do Oeste (PR)";4128559;182;177;184;184;211;212;84;99;410006;4103;41010
"Verê (PR)";4128609;194;141;183;146;150;184;54;82;410009;4103;41008
"Alto Paraíso (PR)";4128625;64;65;56;52;64;70;25;21;410016;4104;41012
"Doutor Ulysses (PR)";4128633;109;76;90;70;87;88;39;31;410001;4101;41002
"Virmond (PR)";4128658;85;52;72;70;79;72;17;36;410011;4103;41005
"Vitorino (PR)";4128708;135;84;155;122;125;149;52;62;410010;4103;41007
"Xambrê (PR)";4128807;138;146;159;129;190;158;73;76;410016;4104;41012
"Abdon Batista (SC)";4200051;61;65;72;43;53;46;15;21;420008;4204;42008
"Abelardo Luz (SC)";4200101;295;214;301;193;218;230;62;97;420011;4204;42003
"Agrolândia (SC)";4200200;160;143;189;151;159;176;43;80;420022;4207;42004
"Agronômica (SC)";4200309;95;69;101;74;70;89;35;38;420022;4207;42004
"Água Doce (SC)";4200408;126;110;126;119;136;147;50;61;420008;4204;42008
"Águas de Chapecó (SC)";4200507;142;88;114;86;99;131;31;64;420007;4204;42002
"Águas Frias (SC)";4200556;53;47;54;43;42;51;13;27;420007;4204;42002
"Águas Mornas (SC)";4200606;108;98;110;91;113;127;44;58;420001;4201;42007
"Alfredo Wagner (SC)";4200705;201;102;197;128;171;159;49;70;420001;4201;42007
"Alto Bela Vista (SC)";4200754;62;39;59;43;68;60;30;32;420010;4204;42010
"Anchieta (SC)";4200804;132;95;126;110;150;157;44;55;420009;4204;42001
"Angelina (SC)";4200903;116;96;125;102;129;156;55;78;420001;4201;42007
"Anita Garibaldi (SC)";4201000;183;139;190;153;202;235;86;83;420005;4203;42013
"Anitápolis (SC)";4201109;65;49;69;69;88;66;24;40;420001;4201;42007
"Antônio Carlos (SC)";4201208;151;110;147;111;143;151;55;68;420001;4201;42007
"Apiúna (SC)";4201257;194;120;161;120;139;157;50;79;420019;4207;42006
"Arabutã (SC)";4201273;137;95;135;95;98;111;43;75;420010;4204;42010
"Araquari (SC)";4201307;318;219;326;196;262;263;74;103;420016;4206;42011
"Araranguá (SC)";4201406;1029;743;1175;808;748;1088;270;473;420004;4202;42014
"Armazém (SC)";4201505;159;111;167;132;144;180;52;69;420003;4202;42016
"Arroio Trinta (SC)";4201604;93;66;82;74;61;83;18;32;420015;4205;42009
"Arvoredo (SC)";4201653;53;41;46;38;37;47;13;17;420007;4204;42002
"Ascurra (SC)";4201703;156;109;164;113;111;156;57;75;420019;4207;42006
"Atalanta (SC)";4201802;79;54;75;52;56;76;19;25;420022;4207;42004
"Aurora (SC)";4201901;100;90;107;79;92;106;38;72;420022;4207;42004
"Balneário Arroio do Silva (SC)";4201950;286;193;296;197;214;193;62;73;420004;4202;42014
"Balneário Camboriú (SC)";4202008;1921;1381;2462;1654;1559;2175;593;1018;420020;4207;42005
"Balneário Barra do Sul (SC)";4202057;299;221;288;218;237;227;54;66;420016;4206;42011
"Balneário Gaivota (SC)";4202073;221;151;223;174;194;187;80;77;420004;4202;42014
"Bandeirante (SC)";4202081;85;67;73;50;71;94;26;26;420009;4204;42001
"Barra Bonita (SC)";4202099;50;43;45;52;48;34;15;21;420009;4204;42001
"Barra Velha (SC)";4202107;483;370;500;401;406;455;110;145;420020;4207;42017
"Bela Vista do Toldo (SC)";4202131;98;66;89;66;92;82;33;42;420017;4206;42012
"Belmonte (SC)";4202156;57;66;55;51;52;60;20;24;420009;4204;42001
"Benedito Novo (SC)";4202206;214;163;208;155;183;228;63;108;420019;4207;42006
"Biguaçu (SC)";4202305;859;529;912;623;655;852;240;386;420001;4201;42007
"Blumenau (SC)";4202404;4764;3028;5598;3866;3462;5303;1239;2601;420019;4207;42006
"Bocaina do Sul (SC)";4202438;59;53;75;39;77;65;29;30;420005;4203;42013
"Bombinhas (SC)";4202453;231;167;251;173;188;175;54;70;420020;4207;42005
"Bom Jardim da Serra (SC)";4202503;78;72;67;80;82;73;34;26;420005;4203;42013
"Bom Jesus (SC)";4202537;45;30;40;28;34;41;22;26;420011;4204;42003
"Bom Jesus do Oeste (SC)";4202578;63;52;58;40;49;58;15;26;420012;4204;42001
"Bom Retiro (SC)";4202602;158;123;167;124;135;160;48;74;420005;4203;42013
"Botuverá (SC)";4202701;85;73;98;75;87;92;33;51;420021;4207;42006
"Braço do Norte (SC)";4202800;419;337;478;349;313;407;112;172;420003;4202;42016
"Braço do Trombudo (SC)";4202859;89;53;71;62;64;79;26;45;420022;4207;42004
"Brunópolis (SC)";4202875;65;52;62;50;54;59;18;31;420006;4203;42008
"Brusque (SC)";4202909;1572;941;1807;1137;1108;1649;438;861;420021;4207;42006
"Caçador (SC)";4203006;1087;757;1178;930;872;1112;327;478;420014;4205;42009
"Caibi (SC)";4203105;114;87;128;97;117;158;53;85;420007;4204;42002
"Calmon (SC)";4203154;43;36;40;32;40;27;12;9;420014;4205;42009
"Camboriú (SC)";4203204;763;450;775;549;498;637;183;257;420020;4207;42005
"Capão Alto (SC)";4203253;67;57;60;45;83;57;23;23;420005;4203;42013
"Campo Alegre (SC)";4203303;240;153;214;177;211;239;60;123;420018;4206;42012
"Campo Belo do Sul (SC)";4203402;140;119;161;94;153;151;67;53;420005;4203;42013
"Campo Erê (SC)";4203501;200;143;193;147;176;193;61;76;420013;4204;42003
"Campos Novos (SC)";4203600;559;427;596;482;494;600;170;261;420008;4204;42008
"Canelinha (SC)";4203709;165;125;177;135;136;164;59;87;420021;4207;42007
"Canoinhas (SC)";4203808;862;633;992;734;754;1008;233;430;420017;4206;42012
"Capinzal (SC)";4203907;346;217;365;301;267;363;87;165;420008;4204;42008
"Capivari de Baixo (SC)";4203956;369;237;411;292;278;381;86;155;420003;4202;42016
"Catanduvas (SC)";4204004;168;110;177;123;151;169;27;57;420008;4204;42008
"Caxambu do Sul (SC)";4204103;113;92;106;82;91;99;37;60;420007;4204;42002
"Celso Ramos (SC)";4204152;59;55;61;54;62;59;14;22;420008;4204;42008
"Cerro Negro (SC)";4204178;68;74;75;47;96;77;26;28;420005;4203;42013
"Chapadão do Lageado (SC)";4204194;42;33;39;31;33;42;20;19;420024;4207;42004
"Chapecó (SC)";4204202;2547;1683;2880;2045;1888;2442;660;1153;420007;4204;42002
"Cocal do Sul (SC)";4204251;243;155;261;185;160;198;66;116;420002;4202;42015
"Concórdia (SC)";4204301;1336;1001;1431;1097;1084;1409;329;686;420010;4204;42010
"Cordilheira Alta (SC)";4204350;90;54;85;53;50;66;27;36;420007;4204;42002
"Coronel Freitas (SC)";4204400;222;172;243;174;190;222;74;109;420007;4204;42002
"Coronel Martins (SC)";4204459;46;45;56;48;58;44;11;15;420011;4204;42003
"Corupá (SC)";4204509;243;181;249;201;254;308;66;154;420016;4206;42017
"Correia Pinto (SC)";4204558;288;209;310;181;225;213;79;103;420005;4203;42013
"Criciúma (SC)";4204608;2986;1886;3567;2395;2114;3028;712;1308;420002;4202;42015
"Cunha Porã (SC)";4204707;257;175;253;213;214;298;69;128;420012;4204;42002
"Cunhataí (SC)";4204756;55;24;45;26;35;48;12;19;420007;4204;42002
"Curitibanos (SC)";4204806;616;512;762;585;611;687;212;318;420006;4203;42009
"Descanso (SC)";4204905;222;167;195;182;178;210;56;118;420009;4204;42001
"Dionísio Cerqueira (SC)";4205001;263;257;303;245;288;307;86;141;420009;4204;42001
"Dona Emma (SC)";4205100;71;73;77;53;67;87;13;32;420023;4207;42004
"Doutor Pedrinho (SC)";4205159;71;66;72;65;81;103;22;37;420019;4207;42006
"Entre Rios (SC)";4205175;39;34;37;35;48;39;32;34;420011;4204;42003
"Ermo (SC)";4205191;42;38;37;34;32;46;13;21;420004;4202;42014
"Erval Velho (SC)";4205209;108;88;118;99;101;127;28;50;420008;4204;42008
"Faxinal dos Guedes (SC)";4205308;187;143;177;164;123;156;41;83;420011;4204;42003
"Flor do Sertão (SC)";4205357;44;31;40;37;34;41;12;12;420009;4204;42001
"Florianópolis (SC)";4205407;7639;4930;9019;6124;5808;8119;2152;4632;420001;4201;42007
"Formosa do Sul (SC)";4205431;49;49;59;51;65;69;20;22;420007;4204;42002
"Forquilhinha (SC)";4205456;316;194;285;219;200;295;60;93;420002;4202;42015
"Fraiburgo (SC)";4205506;536;365;527;405;409;471;138;145;420015;4205;42009
"Frei Rogério (SC)";4205555;50;36;48;34;39;49;23;15;420006;4203;42009
"Galvão (SC)";4205605;55;58;70;74;79;77;21;22;420013;4204;42003
"Garopaba (SC)";4205704;328;236;336;263;316;360;116;159;420001;4201;42007
"Garuva (SC)";4205803;245;180;219;166;196;200;52;63;420016;4206;42011
"Gaspar (SC)";4205902;878;529;964;632;554;885;211;358;420019;4207;42006
"Governador Celso Ramos (SC)";4206009;238;185;220;189;197;237;65;121;420001;4201;42007
"Grão-Pará (SC)";4206108;129;92;115;89;94;103;40;58;420003;4202;42016
"Gravatal (SC)";4206207;226;150;226;180;192;229;85;121;420003;4202;42016
"Guabiruba (SC)";4206306;273;157;260;183;215;281;85;115;420021;4207;42006
"Guaraciaba (SC)";4206405;226;182;248;183;207;265;80;142;420009;4204;42001
"Guaramirim (SC)";4206504;419;287;426;328;324;393;109;178;420016;4206;42017
"Guarujá do Sul (SC)";4206603;115;71;112;85;120;132;36;64;420009;4204;42001
"Guatambú (SC)";4206652;108;73;95;56;77;62;26;33;420007;4204;42002
"Herval d'Oeste (SC)";4206702;403;282;385;307;327;454;98;186;420008;4204;42008
"Ibiam (SC)";4206751;55;36;48;32;38;34;9;20;420015;4205;42009
"Ibicaré (SC)";4206801;95;66;96;80;102;99;26;26;420008;4204;42008
"Ibirama (SC)";4206900;309;259;300;257;285;377;113;165;420023;4207;42004
"Içara (SC)";4207007;1024;615;1018;690;719;859;211;375;420002;4202;42015
"Ilhota (SC)";4207106;183;133;187;152;177;205;63;83;420019;4207;42005
"Imaruí (SC)";4207205;314;257;340;271;310;366;124;154;420003;4202;42016
"Imbituba (SC)";4207304;840;590;915;748;687;877;242;428;420001;4201;42016
"Imbuia (SC)";4207403;102;67;106;76;78;89;19;34;420024;4207;42004
"Indaial (SC)";4207502;812;516;935;612;647;888;224;380;420019;4207;42006
"Iomerê (SC)";4207577;68;57;62;63;72;89;28;44;420015;4205;42009
"Ipira (SC)";4207601;125;97;130;83;122;149;40;72;420010;4204;42010
"Iporã do Oeste (SC)";4207650;168;108;178;136;164;195;61;83;420009;4204;42001
"Ipuaçu (SC)";4207684;130;63;97;81;86;94;43;60;420011;4204;42003
"Ipumirim (SC)";4207700;166;113;165;134;133;164;35;74;420010;4204;42010
"Iraceminha (SC)";4207759;107;86;94;90;93;123;36;45;420012;4204;42001
"Irani (SC)";4207809;187;115;176;116;138;160;40;70;420010;4204;42010
"Irati (SC)";4207858;44;45;55;36;35;44;11;20;420007;4204;42002
"Irineópolis (SC)";4207908;185;130;185;140;175;189;59;75;420017;4206;42012
"Itá (SC)";4208005;149;100;140;97;105;136;32;81;420010;4204;42010
"Itaiópolis (SC)";4208104;319;284;375;274;309;380;97;163;420017;4206;42012
"Itajaí (SC)";4208203;2594;1606;3124;2104;1926;2911;672;1353;420020;4207;42005
"Itapema (SC)";4208302;859;583;860;612;559;658;153;250;420020;4207;42005
"Itapiranga (SC)";4208401;293;187;249;223;233;306;76;115;420009;4204;42001
"Itapoá (SC)";4208450;414;315;413;242;305;295;72;84;420016;4206;42011
"Ituporanga (SC)";4208500;378;230;406;292;324;416;115;182;420024;4207;42004
"Jaborá (SC)";4208609;100;71;113;83;87;124;30;45;420008;4204;42008
"Jacinto Machado (SC)";4208708;226;133;223;190;231;248;68;93;420004;4202;42014
"Jaguaruna (SC)";4208807;429;298;415;297;333;355;118;160;420003;4202;42016
"Jaraguá do Sul (SC)";4208906;1934;1218;2027;1427;1393;1913;519;905;420016;4206;42017
"Jardinópolis (SC)";4208955;31;27;42;33;36;43;12;14;420007;4204;42002
"Joaçaba (SC)";4209003;500;367;569;399;410;634;155;281;420008;4204;42008
"Joinville (SC)";4209102;7633;4773;8642;5720;5440;7710;1807;3679;420016;4206;42011
"José Boiteux (SC)";4209151;92;86;85;67;93;94;32;38;420023;4207;42004
"Jupiá (SC)";4209177;51;36;48;33;46;55;15;27;420013;4204;42003
"Lacerdópolis (SC)";4209201;52;38;61;39;66;79;17;25;420008;4204;42008
"Lages (SC)";4209300;2688;1948;3228;2403;2297;3071;908;1463;420005;4203;42013
"Laguna (SC)";4209409;1245;878;1356;964;965;1221;326;588;420003;4202;42016
"Lajeado Grande (SC)";4209458;37;23;43;26;35;39;13;18;420007;4204;42003
"Laurentino (SC)";4209508;114;80;109;78;72;113;32;50;420022;4207;42004
"Lauro Müller (SC)";4209607;234;193;310;226;232;302;73;98;420002;4202;42015
"Lebon Régis (SC)";4209706;195;167;195;136;171;165;68;65;420014;4205;42009
"Leoberto Leal (SC)";4209805;64;54;56;44;67;74;22;28;420024;4207;42007
"Lindóia do Sul (SC)";4209854;131;83;120;79;94;121;39;58;420010;4204;42010
"Lontras (SC)";4209904;179;141;189;143;174;234;57;89;420022;4207;42004
"Luiz Alves (SC)";4210001;153;110;131;122;121;150;58;118;420020;4207;42005
"Luzerna (SC)";4210035;129;123;160;107;130;171;43;90;420008;4204;42008
"Macieira (SC)";4210050;43;32;33;26;30;31;13;13;420014;4205;42009
"Mafra (SC)";4210100;864;613;1013;759;770;1054;309;496;420017;4206;42012
"Major Gercino (SC)";4210209;84;44;75;50;67;72;38;58;420021;4207;42007
"Major Vieira (SC)";4210308;130;100;114;113;119;141;36;51;420017;4206;42012
"Maracajá (SC)";4210407;115;67;108;76;93;108;31;51;420004;4202;42014
"Maravilha (SC)";4210506;397;311;479;346;378;487;111;208;420012;4204;42001
"Marema (SC)";4210555;47;45;46;41;48;59;18;34;420007;4204;42003
"Massaranduba (SC)";4210605;280;224;288;220;269;321;111;193;420016;4206;42017
"Matos Costa (SC)";4210704;64;43;46;38;43;42;9;15;420014;4205;42009
"Meleiro (SC)";4210803;146;105;142;107;137;163;40;83;420004;4202;42014
"Mirim Doce (SC)";4210852;70;46;65;40;57;65;13;24;420022;4207;42004
"Modelo (SC)";4210902;69;67;82;78;89;103;27;36;420007;4204;42001
"Mondaí (SC)";4211009;196;139;175;169;163;200;64;101;420007;4204;42001
"Monte Carlo (SC)";4211058;130;88;132;103;130;124;41;36;420015;4205;42008
"Monte Castelo (SC)";4211108;136;106;135;118;129;163;51;68;420017;4206;42012
"Morro da Fumaça (SC)";4211207;232;151;254;184;162;221;50;103;420002;4202;42015
"Morro Grande (SC)";4211256;49;44;50;42;46;47;19;26;420002;4202;42014
"Navegantes (SC)";4211306;946;664;1022;691;682;869;179;352;420020;4207;42005
"Nova Erechim (SC)";4211405;83;54;80;60;78;85;27;35;420007;4204;42002
"Nova Itaberaba (SC)";4211454;83;61;79;58;66;81;27;43;420007;4204;42002
"Nova Trento (SC)";4211504;228;132;224;175;215;264;82;166;420021;4207;42007
"Nova Veneza (SC)";4211603;248;174;226;169;206;240;96;125;420002;4202;42015
"Novo Horizonte (SC)";4211652;72;45;54;54;55;54;13;25;420013;4204;42003
"Orleans (SC)";4211702;375;242;408;298;340;413;113;182;420002;4202;42015
"Otacílio Costa (SC)";4211751;294;200;274;182;222;267;89;77;420005;4203;42013
"Ouro (SC)";4211801;148;119;172;114;130;186;54;97;420008;4204;42008
"Ouro Verde (SC)";4211850;39;25;38;28;38;50;14;21;420011;4204;42003
"Paial (SC)";4211876;47;22;37;24;33;39;23;19;420007;4204;42002
"Painel (SC)";4211892;62;44;40;43;54;53;23;16;420005;4203;42013
"Palhoça (SC)";4211900;1903;1193;2103;1334;1330;1675;430;702;420001;4201;42007
"Palma Sola (SC)";4212007;134;118;149;99;111;135;39;62;420009;4204;42001
"Palmeira (SC)";4212056;77;37;51;39;69;46;18;19;420005;4203;42013
"Palmitos (SC)";4212106;371;268;382;294;332;425;115;203;420007;4204;42002
"Papanduva (SC)";4212205;289;213;259;215;250;307;103;166;420017;4206;42012
"Paraíso (SC)";4212239;109;69;73;85;97;120;30;34;420009;4204;42001
"Passo de Torres (SC)";4212254;141;94;123;91;114;90;25;43;420004;4202;42014
"Passos Maia (SC)";4212270;90;62;67;56;54;66;20;33;420011;4204;42003
"Paulo Lopes (SC)";4212304;146;88;137;100;126;138;54;66;420001;4201;42007
"Pedras Grandes (SC)";4212403;89;65;98;73;83;111;41;57;420003;4202;42016
"Penha (SC)";4212502;537;379;523;434;391;481;121;184;420020;4207;42005
"Peritiba (SC)";4212601;88;55;68;60;74;115;36;45;420010;4204;42010
"Petrolândia (SC)";4212700;125;114;130;99;131;167;46;49;420024;4207;42004
"Balneário Piçarras (SC)";4212809;340;248;346;235;255;284;85;125;420020;4207;42005
"Pinhalzinho (SC)";4212908;244;182;283;216;254;308;68;124;420007;4204;42002
"Pinheiro Preto (SC)";4213005;56;40;59;50;61;74;20;25;420015;4205;42009
"Piratuba (SC)";4213104;105;99;118;84;108;129;43;54;420010;4204;42010
"Planalto Alegre (SC)";4213153;50;49;50;46;51;60;20;27;420007;4204;42002
"Pomerode (SC)";4213203;531;379;545;414;457;633;152;265;420019;4207;42006
"Ponte Alta (SC)";4213302;88;81;95;76;91;90;36;31;420005;4203;42013
"Ponte Alta do Norte (SC)";4213351;45;43;45;41;46;59;16;26;420006;4203;42009
"Ponte Serrada (SC)";4213401;197;126;216;153;141;176;55;89;420011;4204;42003
"Porto Belo (SC)";4213500;276;195;299;187;257;288;76;98;420020;4207;42005
"Porto União (SC)";4213609;611;427;670;534;566;764;202;366;420017;4206;42012
"Pouso Redondo (SC)";4213708;293;231;255;222;253;257;81;110;420022;4207;42004
"Praia Grande (SC)";4213807;156;121;180;119;151;146;47;62;420004;4202;42014
"Presidente Castello Branco (SC)";4213906;43;34;47;39;35;48;10;20;420010;4204;42010
"Presidente Getúlio (SC)";4214003;312;201;288;253;259;312;98;161;420023;4207;42004
"Presidente Nereu (SC)";4214102;54;32;37;37;52;68;22;17;420022;4207;42004
"Princesa (SC)";4214151;52;41;55;57;56;56;11;23;420009;4204;42001
"Quilombo (SC)";4214201;220;176;219;175;176;215;82;84;420007;4204;42002
"Rancho Queimado (SC)";4214300;79;37;68;45;49;57;20;33;420001;4201;42007
"Rio das Antas (SC)";4214409;128;101;131;111;128;128;35;60;420015;4205;42009
"Rio do Campo (SC)";4214508;150;87;131;106;95;120;32;44;420022;4207;42004
"Rio do Oeste (SC)";4214607;164;114;190;121;155;157;57;106;420022;4207;42004
"Rio dos Cedros (SC)";4214706;251;190;226;178;222;240;112;156;420019;4207;42006
"Rio do Sul (SC)";4214805;1039;708;1190;888;853;1199;352;584;420022;4207;42004
"Rio Fortuna (SC)";4214904;99;66;80;98;89;97;35;40;420003;4202;42016
"Rio Negrinho (SC)";4215000;571;369;593;501;475;617;134;233;420018;4206;42012
"Rio Rufino (SC)";4215059;51;37;39;39;33;34;19;18;420005;4203;42013
"Riqueza (SC)";4215075;108;104;128;91;88;120;38;44;420007;4204;42002
"Rodeio (SC)";4215109;261;191;280;212;229;245;80;147;420019;4207;42006
"Romelândia (SC)";4215208;148;112;138;108;114;157;25;68;420009;4204;42001
"Salete (SC)";4215307;153;121;157;100;112;135;29;39;420022;4207;42004
"Saltinho (SC)";4215356;107;59;78;61;87;76;24;38;420012;4204;42001
"Salto Veloso (SC)";4215406;91;64;83;67;73;87;30;27;420015;4205;42009
"Sangão (SC)";4215455;131;83;117;93;96;120;46;56;420003;4202;42016
"Santa Cecília (SC)";4215505;225;181;220;180;169;199;63;87;420006;4203;42009
"Santa Helena (SC)";4215554;62;37;65;36;49;54;22;26;420009;4204;42001
"Santa Rosa de Lima (SC)";4215604;46;37;49;35;39;47;12;19;420003;4202;42016
"Santa Rosa do Sul (SC)";4215653;162;117;166;117;135;157;53;51;420004;4202;42014
"Santa Terezinha (SC)";4215679;150;110;143;97;123;148;30;31;420022;4207;42004
"Santa Terezinha do Progresso (SC)";4215687;95;53;61;55;61;61;21;37;420012;4204;42001
"Santiago do Sul (SC)";4215695;37;25;35;28;24;35;11;12;420007;4204;42002
"Santo Amaro da Imperatriz (SC)";4215703;323;240;368;246;257;355;107;199;420001;4201;42007
"São Bernardino (SC)";4215752;70;56;55;45;46;46;10;15;420013;4204;42003
"São Bento do Sul (SC)";4215802;1079;718;1118;868;768;1128;245;453;420018;4206;42012
"São Bonifácio (SC)";4215901;87;68;62;76;72;113;28;44;420001;4201;42007
"São Carlos (SC)";4216008;235;148;246;174;158;225;60;111;420007;4204;42002
"São Cristóvão do Sul (SC)";4216057;80;74;74;52;52;61;26;22;420006;4203;42009
"São Domingos (SC)";4216107;202;121;174;154;188;215;51;63;420011;4204;42003
"São Francisco do Sul (SC)";4216206;876;603;922;640;638;839;197;370;420016;4206;42011
"São João do Oeste (SC)";4216255;159;108;154;117;126;153;42;66;420009;4204;42001
"São João Batista (SC)";4216305;328;255;354;248;261;347;97;149;420021;4207;42007
"São João do Itaperiú (SC)";4216354;74;50;59;36;70;72;21;25;420016;4206;42017
"São João do Sul (SC)";4216404;139;116;151;123;109;141;60;51;420004;4202;42014
"São Joaquim (SC)";4216503;486;355;444;398;419;416;165;189;420005;4203;42013
"São José (SC)";4216602;3316;1998;4003;2662;2220;3288;738;1618;420001;4201;42007
"São José do Cedro (SC)";4216701;277;212;276;250;282;318;69;147;420009;4204;42001
"São José do Cerrito (SC)";4216800;227;165;209;148;267;221;95;86;420005;4203;42013
"São Lourenço do Oeste (SC)";4216909;399;319;386;339;360;416;115;176;420013;4204;42003
"São Ludgero (SC)";4217006;142;102;147;117;125;145;42;52;420003;4202;42016
"São Martinho (SC)";4217105;60;61;86;48;83;98;35;55;420003;4202;42016
"São Miguel da Boa Vista (SC)";4217154;44;44;46;46;50;50;15;19;420012;4204;42001
"São Miguel do Oeste (SC)";4217204;660;481;731;540;580;775;206;346;420009;4204;42001
"São Pedro de Alcântara (SC)";4217253;100;62;84;81;125;129;34;57;420001;4201;42007
"Saudades (SC)";4217303;147;111;148;116;148;204;49;85;420007;4204;42001
"Schroeder (SC)";4217402;227;128;209;144;177;220;59;84;420016;4206;42017
"Seara (SC)";4217501;313;217;322;241;290;341;102;143;420010;4204;42010
"Serra Alta (SC)";4217550;67;51;64;55;78;88;17;29;420007;4204;42002
"Siderópolis (SC)";4217600;227;149;243;195;190;274;77;131;420002;4202;42015
"Sombrio (SC)";4217709;405;304;425;343;351;465;125;187;420004;4202;42014
"Sul Brasil (SC)";4217758;66;52;58;54;51;50;18;31;420007;4204;42002
"Taió (SC)";4217808;346;260;365;271;323;379;99;138;420022;4207;42004
"Tangará (SC)";4217907;186;131;182;147;184;206;61;90;420015;4205;42009
"Tigrinhos (SC)";4217956;43;30;34;31;38;58;14;19;420012;4204;42001
"Tijucas (SC)";4218004;480;340;517;383;381;505;159;280;420020;4207;42007
"Timbé do Sul (SC)";4218103;124;97;111;93;102;121;39;46;420004;4202;42014
"Timbó (SC)";4218202;620;469;734;543;551;755;203;332;420019;4207;42006
"Timbó Grande (SC)";4218251;109;62;86;54;77;71;33;25;420014;4205;42009
"Três Barras (SC)";4218301;281;211;280;215;206;245;69;119;420017;4206;42012
"Treviso (SC)";4218350;67;61;65;50;65;72;25;43;420002;4202;42015
"Treze de Maio (SC)";4218400;153;118;147;99;103;136;44;72;420003;4202;42016
"Treze Tílias (SC)";4218509;109;82;137;86;98;107;24;62;420008;4204;42008
"Trombudo Central (SC)";4218608;125;89;129;110;115;143;38;73;420022;4207;42004
"Tubarão (SC)";4218707;1900;1264;2333;1560;1439;2004;489;941;420003;4202;42016
"Tunápolis (SC)";4218756;119;81;106;78;86;109;28;61;420009;4204;42001
"Turvo (SC)";4218806;221;148;240;149;178;247;80;128;420004;4202;42014
"União do Oeste (SC)";4218855;53;66;79;50;66;69;23;41;420007;4204;42002
"Urubici (SC)";4218905;209;145;224;155;205;206;66;80;420005;4203;42013
"Urupema (SC)";4218954;63;50;57;39;50;50;23;19;420005;4203;42013
"Urussanga (SC)";4219002;413;256;444;346;374;500;149;254;420002;4202;42015
"Vargeão (SC)";4219101;62;57;68;66;59;62;18;34;420011;4204;42003
"Vargem (SC)";4219150;66;52;66;47;56;46;15;19;420008;4204;42008
"Vargem Bonita (SC)";4219176;75;56;80;63;71;71;27;23;420008;4204;42008
"Vidal Ramos (SC)";4219200;117;88;108;79;93;108;32;50;420024;4207;42004
"Videira (SC)";4219309;678;492;827;616;643;776;195;372;420015;4205;42009
"Vitor Meireles (SC)";4219358;124;73;104;73;95;78;29;24;420023;4207;42004
"Witmarsum (SC)";4219408;73;46;62;54;70;67;15;31;420023;4207;42004
"Xanxerê (SC)";4219507;666;539;821;617;590;786;221;419;420011;4204;42003
"Xavantina (SC)";4219606;104;72;96;65;67;93;35;59;420011;4204;42010
"Xaxim (SC)";4219705;472;355;475;368;335;467;117;211;420007;4204;42003
"Zortéa (SC)";4219853;59;51;60;41;48;52;12;23;420008;4204;42008
"Aceguá (RS)";4300034;114;60;85;71;118;93;30;23;430010;4302;43022
"Água Santa (RS)";4300059;82;69;70;60;61;91;33;38;430032;4306;43018
"Agudo (RS)";4300109;399;281;407;337;382;505;128;212;430011;4303;43001
"Ajuricaba (RS)";4300208;165;141;162;165;221;261;67;117;430018;4305;43013
"Alecrim (RS)";4300307;268;193;250;207;211;256;83;103;430019;4305;43014
"Alegrete (RS)";4300406;1708;1340;1802;1481;1681;2026;633;1130;430015;4304;43003
"Alegria (RS)";4300455;137;121;133;111;124;172;41;56;430023;4305;43014
"Almirante Tamandaré do Sul (RS)";4300471;59;49;68;39;50;51;18;27;430028;4306;43017
"Alpestre (RS)";4300505;211;182;210;156;186;237;57;115;430035;4306;43015
"Alto Alegre (RS)";4300554;59;39;49;39;41;58;24;37;430025;4306;43019
"Alto Feliz (RS)";4300570;58;57;80;57;91;109;29;58;430036;4307;43026
"Alvorada (RS)";4300604;2907;1882;3570;2527;1930;3042;456;1255;430001;4301;43010
"Amaral Ferrador (RS)";4300638;147;92;93;100;125;128;41;70;430005;4301;43021
"Ametista do Sul (RS)";4300646;143;92;138;98;120;138;45;55;430029;4306;43015
"André da Rocha (RS)";4300661;29;22;28;29;35;36;14;13;430038;4307;43018
"Anta Gorda (RS)";4300703;173;135;170;137;178;232;51;119;430043;4308;43029
"Antônio Prado (RS)";4300802;328;227;347;284;296;375;96;177;430036;4307;43026
"Arambaré (RS)";4300851;112;92;108;97;102;117;28;47;430005;4301;43009
"Araricá (RS)";4300877;93;70;102;65;82;84;20;28;430002;4301;43007
"Aratiba (RS)";4300901;202;160;191;160;166;233;63;108;430026;4306;43016
"Arroio do Meio (RS)";4301008;420;300;392;349;356;515;131;248;430041;4308;43029
"Arroio do Sal (RS)";4301057;210;173;211;183;226;199;45;77;430008;4301;43004
"Arroio do Padre (RS)";4301073;91;47;80;66;72;87;27;51;430009;4302;43021
"Arroio dos Ratos (RS)";4301107;321;206;305;228;279;366;88;169;430001;4301;43009
"Arroio do Tigre (RS)";4301206;269;163;286;230;199;300;78;104;430042;4308;43027
"Arroio Grande (RS)";4301305;452;332;468;317;412;466;167;265;430009;4302;43021
"Arvorezinha (RS)";4301404;258;167;259;176;208;264;79;126;430031;4306;43019
"Augusto Pestana (RS)";4301503;209;158;233;178;225;246;84;167;430018;4305;43013
"Áurea (RS)";4301552;116;66;100;85;94;132;31;84;430026;4306;43016
"Bagé (RS)";4301602;2338;1718;2903;2187;2204;3217;821;1768;430010;4302;43022
"Balneário Pinhal (RS)";4301636;345;296;393;257;291;285;66;96;430003;4301;43005
"Barão (RS)";4301651;144;97;133;115;116;166;43;70;430037;4307;43008
"Barão de Cotegipe (RS)";4301701;164;112;170;146;148;203;63;122;430026;4306;43016
"Barão do Triunfo (RS)";4301750;169;112;101;111;102;139;31;50;430001;4301;43009
"Barracão (RS)";4301800;128;101;127;107;137;135;50;68;430033;4306;43018
"Barra do Guarita (RS)";4301859;73;47;78;48;68;61;23;39;430021;4305;43015
"Barra do Quaraí (RS)";4301875;69;54;68;40;53;54;20;24;430015;4304;43003
"Barra do Ribeiro (RS)";4301909;298;219;313;227;259;350;95;177;430001;4301;43009
"Barra do Rio Azul (RS)";4301925;60;46;54;46;49;57;20;32;430026;4306;43016
"Barra Funda (RS)";4301958;61;45;58;51;43;55;18;31;430028;4306;43020
"Barros Cassal (RS)";4302006;254;181;228;168;200;225;83;99;430031;4306;43019
"Benjamin Constant do Sul (RS)";4302055;47;34;41;36;37;52;18;32;430026;4306;43016
"Bento Gonçalves (RS)";4302105;2135;1428;2292;1679;1700;2352;617;1264;430037;4307;43025
"Boa Vista das Missões (RS)";4302154;45;24;35;40;48;45;14;24;430029;4306;43020
"Boa Vista do Buricá (RS)";4302204;162;133;184;132;146;176;41;75;430023;4305;43014
"Boa Vista do Cadeado (RS)";4302220;66;43;64;49;74;60;25;28;430027;4306;43012
"Boa Vista do Incra (RS)";4302238;55;40;60;37;50;50;20;24;430027;4306;43012
"Boa Vista do Sul (RS)";4302253;110;68;95;70;75;115;28;64;430037;4307;43025
"Bom Jesus (RS)";4302303;269;222;272;214;277;273;95;142;430039;4307;43024
"Bom Princípio (RS)";4302352;212;144;217;160;178;205;66;126;430002;4301;43026
"Bom Progresso (RS)";4302378;49;46;39;45;48;57;25;31;430021;4305;43015
"Bom Retiro do Sul (RS)";4302402;238;177;249;199;197;288;69;149;430041;4308;43030
"Boqueirão do Leão (RS)";4302451;157;102;146;101;132;153;39;66;430041;4308;43029
"Bossoroca (RS)";4302501;212;163;169;127;151;154;56;90;430022;4305;43011
"Bozano (RS)";4302584;65;61;60;48;63;74;37;52;430018;4305;43013
"Braga (RS)";4302600;97;75;104;62;85;84;40;50;430021;4305;43020
"Brochier (RS)";4302659;122;101;120;111;146;184;61;76;430007;4301;43008
"Butiá (RS)";4302709;374;301;445;356;346;505;123;230;430006;4301;43009
"Caçapava do Sul (RS)";4302808;846;655;918;734;807;1017;320;582;430012;4303;43027
"Cacequi (RS)";4302907;300;258;306;277;308;381;102;173;430011;4303;43002
"Cachoeira do Sul (RS)";4303004;1953;1506;2265;1860;1896;2674;710;1486;430013;4303;43027
"Cachoeirinha (RS)";4303103;1974;1361;2447;1807;1554;2317;414;897;430001;4301;43010
"Cacique Doble (RS)";4303202;124;93;123;96;111;132;35;58;430033;4306;43018
"Caibaté (RS)";4303301;123;106;128;99;135;149;48;62;430022;4305;43011
"Caiçara (RS)";4303400;149;91;141;110;101;150;40;81;430029;4306;43015
"Camaquã (RS)";4303509;1281;965;1342;1121;1146;1572;433;786;430005;4301;43009
"Camargo (RS)";4303558;65;48;58;65;72;79;28;36;430030;4306;43017
"Cambará do Sul (RS)";4303608;144;102;147;80;115;119;38;58;430036;4307;43006
"Campestre da Serra (RS)";4303673;96;71;85;64;70;98;28;30;430036;4307;43024
"Campina das Missões (RS)";4303707;197;146;195;145;155;198;48;104;430019;4305;43014
"Campinas do Sul (RS)";4303806;149;118;167;128;140;195;46;95;430026;4306;43016
"Campo Bom (RS)";4303905;985;580;1066;763;684;1096;213;454;430002;4301;43007
"Campo Novo (RS)";4304002;133;93;135;103;131;147;38;60;430021;4305;43013
"Campos Borges (RS)";4304101;100;87;97;76;88;93;39;36;430025;4306;43019
"Candelária (RS)";4304200;722;485;822;559;606;944;250;458;430040;4308;43028
"Cândido Godói (RS)";4304309;181;130;186;157;158;217;58;92;430019;4305;43014
"Candiota (RS)";4304358;141;90;136;76;90;100;29;51;430010;4302;43022
"Canela (RS)";4304408;628;423;722;532;494;659;175;365;430036;4307;43023
"Canguçu (RS)";4304507;1315;1033;1343;1049;1260;1571;446;762;430009;4302;43021
"Canoas (RS)";4304606;5803;3756;7089;4972;4173;6692;1391;3263;430001;4301;43008
"Canudos do Vale (RS)";4304614;59;37;58;37;58;54;15;28;430041;4308;43029
"Capão Bonito do Sul (RS)";4304622;52;25;45;39;72;38;18;18;430033;4306;43018
"Capão da Canoa (RS)";4304630;750;524;864;588;562;703;177;307;430003;4301;43004
"Capão do Cipó (RS)";4304655;84;67;68;44;52;43;16;26;430014;4303;43002
"Capão do Leão (RS)";4304663;476;347;480;323;364;495;113;196;430009;4302;43021
"Capivari do Sul (RS)";4304671;82;43;67;53;56;70;18;45;430001;4301;43005
"Capela de Santana (RS)";4304689;191;178;213;171;177;224;63;84;430002;4301;43008
"Capitão (RS)";4304697;66;54;69;46;52;97;19;35;430041;4308;43029
"Carazinho (RS)";4304705;1166;857;1434;1117;1081;1549;389;787;430028;4306;43017
"Caraá (RS)";4304713;245;195;187;186;239;219;102;112;430001;4301;43005
"Carlos Barbosa (RS)";4304804;490;353;506;387;402;569;148;274;430037;4307;43025
"Carlos Gomes (RS)";4304853;39;35;53;42;44;51;11;19;430026;4306;43016
"Casca (RS)";4304903;247;160;247;172;176;250;65;142;430030;4306;43017
"Caseiros (RS)";4304952;75;62;99;68;64;69;35;35;430033;4306;43018
"Catuípe (RS)";4305009;250;213;269;224;275;313;99;170;430018;4305;43013
"Caxias do Sul (RS)";4305108;7329;4816;8644;6041;5731;8249;2007;4114;430036;4307;43023
"Centenário (RS)";4305116;80;71;70;68;81;102;33;59;430026;4306;43016
"Cerrito (RS)";4305124;194;147;170;160;176;204;61;115;430009;4302;43021
"Cerro Branco (RS)";4305132;126;93;116;96;102;155;43;71;430013;4303;43027
"Cerro Grande (RS)";4305157;69;46;72;48;67;66;13;28;430034;4306;43020
"Cerro Grande do Sul (RS)";4305173;203;147;159;122;164;178;63;86;430005;4301;43009
"Cerro Largo (RS)";4305207;277;224;328;252;271;413;127;232;430024;4305;43011
"Chapada (RS)";4305306;236;180;257;217;238;316;75;135;430028;4306;43020
"Charqueadas (RS)";4305355;638;465;726;511;485;608;146;262;430006;4301;43009
"Charrua (RS)";4305371;81;56;70;63;76;85;24;43;430032;4306;43016
"Chiapetta (RS)";4305405;102;81;101;85;81;95;23;60;430018;4305;43013
"Chuí (RS)";4305439;123;87;136;80;107;121;36;48;430009;4302;43021
"Chuvisca (RS)";4305447;86;73;77;73;81;80;30;48;430005;4301;43009
"Cidreira (RS)";4305454;387;334;400;301;326;400;96;111;430003;4301;43005
"Ciríaco (RS)";4305504;151;114;143;113;124;140;37;68;430030;4306;43017
"Colinas (RS)";4305587;81;63;80;68;93;120;36;73;430041;4308;43030
"Colorado (RS)";4305603;101;89;125;89;94;125;40;77;430028;4306;43012
"Condor (RS)";4305702;158;107;151;120;119;177;56;82;430018;4305;43013
"Constantina (RS)";4305801;243;169;238;186;202;287;72;130;430028;4306;43020
"Coqueiro Baixo (RS)";4305835;58;58;79;38;67;83;30;36;430041;4308;43029
"Coqueiros do Sul (RS)";4305850;61;51;69;58;82;91;33;42;430028;4306;43017
"Coronel Barros (RS)";4305871;77;58;77;77;74;96;29;49;430018;4305;43013
"Coronel Bicaco (RS)";4305900;177;147;182;149;143;187;73;88;430018;4305;43020
"Coronel Pilar (RS)";4305934;58;46;62;48;69;94;27;29;430037;4307;43025
"Cotiporã (RS)";4305959;104;81;105;92;132;171;62;107;430037;4307;43025
"Coxilha (RS)";4305975;65;51;56;34;50;57;14;26;430025;4306;43017
"Crissiumal (RS)";4306007;369;319;472;361;360;464;114;226;430021;4305;43013
"Cristal (RS)";4306056;174;135;160;153;167;165;51;85;430005;4301;43009
"Cristal do Sul (RS)";4306072;78;63;75;60;67;73;28;31;430029;4306;43015
"Cruz Alta (RS)";4306106;1179;916;1580;1197;1099;1647;495;888;430027;4306;43012
"Cruzaltense (RS)";4306130;55;47;56;44;69;71;16;35;430026;4306;43016
"Cruzeiro do Sul (RS)";4306205;286;240;322;255;281;332;83;173;430041;4308;43029
"David Canabarro (RS)";4306304;128;74;114;108;98;115;28;48;430030;4306;43017
"Derrubadas (RS)";4306320;84;62;75;58;68;88;20;46;430021;4305;43015
"Dezesseis de Novembro (RS)";4306353;90;76;69;65;94;96;36;44;430022;4305;43011
"Dilermando de Aguiar (RS)";4306379;94;85;84;69;93;90;42;40;430011;4303;43001
"Dois Irmãos (RS)";4306403;403;255;448;323;283;440;73;182;430002;4301;43007
"Dois Irmãos das Missões (RS)";4306429;67;32;54;26;41;42;24;25;430034;4306;43020
"Dois Lajeados (RS)";4306452;113;74;106;76;88;128;22;70;430038;4307;43029
"Dom Feliciano (RS)";4306502;277;228;232;258;304;304;100;165;430005;4301;43009
"Dom Pedro de Alcântara (RS)";4306551;76;62;75;56;79;84;23;25;430008;4301;43004
"Dom Pedrito (RS)";4306601;835;627;954;686;857;1131;325;676;430010;4302;43022
"Dona Francisca (RS)";4306700;72;64;82;71;74;112;31;76;430011;4303;43001
"Doutor Maurício Cardoso (RS)";4306734;154;116;171;144;175;206;58;91;430023;4305;43014
"Doutor Ricardo (RS)";4306759;71;53;69;43;56;81;19;43;430043;4308;43029
"Eldorado do Sul (RS)";4306767;588;402;596;441;420;496;121;213;430001;4301;43009
"Encantado (RS)";4306809;472;356;511;405;393;589;170;361;430043;4308;43029
"Encruzilhada do Sul (RS)";4306908;584;460;575;468;597;651;226;360;430040;4308;43027
"Engenho Velho (RS)";4306924;36;27;32;27;27;46;4;17;430028;4306;43020
"Entre-Ijuís (RS)";4306932;239;181;243;190;243;246;95;114;430020;4305;43011
"Entre Rios do Sul (RS)";4306957;91;72;79;81;101;109;29;30;430026;4306;43016
"Erebango (RS)";4306973;73;47;66;61;58;72;25;48;430026;4306;43016
"Erechim (RS)";4307005;1741;1205;2009;1525;1557;2298;631;1219;430026;4306;43016
"Ernestina (RS)";4307054;64;65;73;78;80;80;19;41;430025;4306;43017
"Herval (RS)";4307104;175;147;159;135;201;198;66;115;430009;4302;43021
"Erval Grande (RS)";4307203;129;98;140;101;110;161;53;80;430026;4306;43016
"Erval Seco (RS)";4307302;178;144;175;173;178;206;68;89;430029;4306;43015
"Esmeralda (RS)";4307401;72;67;81;63;84;89;34;51;430039;4307;43024
"Esperança do Sul (RS)";4307450;118;97;115;77;93;133;28;50;430021;4305;43015
"Espumoso (RS)";4307500;354;268;372;276;317;420;133;216;430025;4306;43019
"Estação (RS)";4307559;142;97;145;123;152;190;34;74;430026;4306;43016
"Estância Velha (RS)";4307609;668;432;768;514;431;689;128;290;430002;4301;43007
"Esteio (RS)";4307708;1594;1063;1944;1296;1076;1734;327;830;430001;4301;43008
"Estrela (RS)";4307807;593;435;680;479;538;811;210;471;430041;4308;43030
"Estrela Velha (RS)";4307815;86;65;83;50;55;67;18;38;430042;4308;43027
"Eugênio de Castro (RS)";4307831;94;64;78;64;83;86;28;48;430020;4305;43011
"Fagundes Varela (RS)";4307864;74;48;74;62;69;95;38;62;430037;4307;43025
"Farroupilha (RS)";4307906;1045;765;1188;876;882;1237;274;608;430036;4307;43026
"Faxinal do Soturno (RS)";4308003;168;144;154;142;157;222;66;115;430011;4303;43001
"Faxinalzinho (RS)";4308052;78;62;74;61;63;66;20;31;430026;4306;43016
"Fazenda Vilanova (RS)";4308078;105;57;86;70;76;84;24;33;430041;4308;43030
"Feliz (RS)";4308102;267;154;268;230;243;305;76;166;430036;4307;43026
"Flores da Cunha (RS)";4308201;554;393;561;448;463;582;149;240;430036;4307;43026
"Floriano Peixoto (RS)";4308250;66;56;73;54;61;69;11;28;430026;4306;43016
"Fontoura Xavier (RS)";4308300;252;164;230;177;218;186;79;108;430031;4306;43019
"Formigueiro (RS)";4308409;189;173;194;173;222;224;97;133;430011;4303;43001
"Forquetinha (RS)";4308433;104;68;85;58;81;99;28;60;430041;4308;43029
"Fortaleza dos Valos (RS)";4308458;99;87;105;84;86;110;31;53;430027;4306;43012
"Frederico Westphalen (RS)";4308508;576;408;680;461;495;658;178;313;430029;4306;43015
"Garibaldi (RS)";4308607;632;441;657;528;544;745;182;401;430037;4307;43025
"Garruchos (RS)";4308656;81;62;73;47;79;61;31;37;430022;4305;43011
"Gaurama (RS)";4308706;153;121;165;145;179;218;59;109;430026;4306;43016
"General Câmara (RS)";4308805;237;205;253;167;227;233;76;115;430006;4301;43009
"Gentil (RS)";4308854;53;38;44;19;31;45;21;24;430030;4306;43017
"Getúlio Vargas (RS)";4308904;362;303;425;328;353;517;139;261;430026;4306;43016
"Giruá (RS)";4309001;413;340;478;357;416;488;142;253;430020;4305;43014
"Glorinha (RS)";4309050;195;156;185;134;156;173;61;69;430001;4301;43010
"Gramado (RS)";4309100;589;447;700;488;498;706;152;336;430036;4307;43023
"Gramado dos Loureiros (RS)";4309126;53;46;49;45;40;55;19;30;430035;4306;43020
"Gramado Xavier (RS)";4309159;55;63;65;53;57;52;21;30;430040;4308;43028
"Gravataí (RS)";4309209;4833;3015;5361;3676;3042;4322;887;1949;430001;4301;43010
"Guabiju (RS)";4309258;44;41;46;39;44;53;20;36;430038;4307;43025
"Guaíba (RS)";4309308;1821;1208;2078;1403;1249;1779;411;841;430001;4301;43009
"Guaporé (RS)";4309407;439;337;506;392;408;591;162;298;430038;4307;43025
"Guarani das Missões (RS)";4309506;204;156;259;192;194;269;57;126;430020;4305;43011
"Harmonia (RS)";4309555;89;67;83;77;81;126;40;55;430002;4301;43008
"Herveiras (RS)";4309571;57;57;56;44;49;71;13;20;430040;4308;43028
"Horizontina (RS)";4309605;433;310;457;356;338;480;108;233;430023;4305;43014
"Hulha Negra (RS)";4309654;137;84;86;76;108;97;34;42;430010;4302;43022
"Humaitá (RS)";4309704;148;89;151;104;105;157;52;85;430021;4305;43013
"Ibarama (RS)";4309753;107;74;96;82;78;92;22;42;430042;4308;43027
"Ibiaçá (RS)";4309803;144;106;128;116;115;154;62;84;430032;4306;43018
"Ibiraiaras (RS)";4309902;187;131;189;143;155;174;49;81;430033;4306;43018
"Ibirapuitã (RS)";4309951;82;95;104;85;106;105;39;41;430031;4306;43019
"Ibirubá (RS)";4310009;428;337;484;370;437;551;155;294;430027;4306;43012
"Igrejinha (RS)";4310108;471;316;541;446;380;525;146;236;430004;4301;43006
"Ijuí (RS)";4310207;1604;1168;1864;1475;1551;2070;594;1164;430018;4305;43013
"Ilópolis (RS)";4310306;113;70;113;81;104;106;39;77;430043;4308;43029
"Imbé (RS)";4310330;476;368;519;375;411;435;97;132;430003;4301;43005
"Imigrante (RS)";4310363;84;79;115;99;85;130;56;83;430041;4308;43030
"Independência (RS)";4310405;185;144;184;136;178;229;65;112;430023;4305;43014
"Inhacorá (RS)";4310413;57;53;53;35;45;55;18;30;430018;4305;43013
"Ipê (RS)";4310439;171;126;182;145;180;190;54;94;430036;4307;43026
"Ipiranga do Sul (RS)";4310462;63;49;57;52;52;69;20;32;430026;4306;43016
"Iraí (RS)";4310504;214;178;219;179;208;229;73;90;430029;4306;43015
"Itaara (RS)";4310538;131;83;121;76;114;108;31;53;430011;4303;43001
"Itacurubi (RS)";4310553;97;82;70;68;94;74;33;33;430014;4303;43002
"Itapuca (RS)";4310579;57;38;43;42;65;59;18;24;430031;4306;43019
"Itaqui (RS)";4310603;699;479;708;536;555;673;201;353;430017;4304;43003
"Itati (RS)";4310652;76;51;65;60;87;77;24;37;430003;4301;43004
"Itatiba do Sul (RS)";4310702;123;98;105;76;93;128;41;56;430026;4306;43016
"Ivorá (RS)";4310751;81;57;74;51;50;82;25;36;430011;4303;43001
"Ivoti (RS)";4310801;315;232;355;263;252;339;74;199;430002;4301;43007
"Jaboticaba (RS)";4310850;107;85;111;71;99;103;31;42;430029;4306;43020
"Jacuizinho (RS)";4310876;66;43;51;37;55;57;21;36;430027;4306;43012
"Jacutinga (RS)";4310900;96;82;110;79;86;111;44;57;430026;4306;43016
"Jaguarão (RS)";4311007;734;517;728;592;625;880;236;469;430009;4302;43021
"Jaguari (RS)";4311106;323;263;311;278;362;428;130;249;430011;4303;43002
"Jaquirana (RS)";4311122;100;83;92;69;100;92;40;39;430039;4307;43024
"Jari (RS)";4311130;105;66;91;57;95;85;33;34;430011;4303;43002
"Jóia (RS)";4311155;202;145;151;154;167;196;62;100;430018;4305;43013
"Júlio de Castilhos (RS)";4311205;420;322;506;333;366;498;134;242;430011;4303;43001
"Lagoa Bonita do Sul (RS)";4311239;59;39;59;48;65;75;14;21;430042;4308;43027
"Lagoão (RS)";4311254;141;102;131;102;123;129;45;52;430042;4308;43019
"Lagoa dos Três Cantos (RS)";4311270;45;37;46;45;47;73;18;26;430025;4306;43017
"Lagoa Vermelha (RS)";4311304;581;448;683;548;594;732;236;367;430033;4306;43018
"Lajeado (RS)";4311403;1176;810;1446;1068;1000;1515;308;703;430041;4308;43029
"Lajeado do Bugre (RS)";4311429;64;47;56;38;53;57;23;22;430034;4306;43020
"Lavras do Sul (RS)";4311502;168;157;170;146;190;229;57;126;430012;4303;43022
"Liberato Salzano (RS)";4311601;149;102;148;109;135;147;43;80;430029;4306;43015
"Lindolfo Collor (RS)";4311627;64;41;68;61;48;61;18;22;430002;4301;43007
"Linha Nova (RS)";4311643;49;45;46;47;51;52;20;33;430002;4301;43023
"Machadinho (RS)";4311700;148;114;150;119;137;164;51;67;430033;4306;43018
"Maçambará (RS)";4311718;96;81;81;60;70;61;22;37;430017;4304;43003
"Mampituba (RS)";4311734;85;45;64;43;57;55;22;27;430008;4301;43004
"Manoel Viana (RS)";4311759;164;141;156;117;160;186;63;79;430015;4304;43003
"Maquiné (RS)";4311775;195;147;176;139;170;188;78;93;430003;4301;43004
"Maratá (RS)";4311791;71;69;73;60;68;98;28;49;430007;4301;43008
"Marau (RS)";4311809;664;406;724;517;514;655;185;325;430030;4306;43017
"Marcelino Ramos (RS)";4311908;163;99;146;133;151;172;56;107;430026;4306;43016
"Mariana Pimentel (RS)";4311981;138;87;97;76;113;110;28;58;430001;4301;43009
"Mariano Moro (RS)";4312005;63;51;57;45;43;68;21;37;430026;4306;43016
"Marques de Souza (RS)";4312054;143;103;141;133;131;156;50;87;430041;4308;43029
"Mata (RS)";4312104;143;131;163;115;137;157;61;92;430011;4303;43002
"Mato Castelhano (RS)";4312138;74;50;59;47;48;58;34;26;430025;4306;43017
"Mato Leitão (RS)";4312153;95;75;98;75;73;116;30;47;430040;4308;43028
"Mato Queimado (RS)";4312179;68;47;61;54;64;67;22;27;430024;4305;43011
"Maximiliano de Almeida (RS)";4312203;112;97;121;131;138;154;45;80;430032;4306;43018
"Minas do Leão (RS)";4312252;152;122;160;132;138;156;41;61;430006;4301;43009
"Miraguaí (RS)";4312302;107;96;122;95;131;134;52;66;430021;4305;43020
"Montauri (RS)";4312351;51;39;56;31;43;64;16;26;430038;4307;43017
"Monte Alegre dos Campos (RS)";4312377;84;65;68;45;79;81;38;26;430039;4307;43024
"Monte Belo do Sul (RS)";4312385;91;69;91;71;89;120;33;60;430037;4307;43025
"Montenegro (RS)";4312401;1086;807;1208;937;906;1343;308;674;430007;4301;43008
"Mormaço (RS)";4312427;71;55;63;71;85;75;18;28;430031;4306;43019
"Morrinhos do Sul (RS)";4312443;67;84;77;81;74;75;25;31;430008;4301;43004
"Morro Redondo (RS)";4312450;199;143;210;145;180;253;74;101;430009;4302;43021
"Morro Reuter (RS)";4312476;126;77;122;111;105;147;33;75;430002;4301;43007
"Mostardas (RS)";4312500;297;232;238;196;241;316;116;170;430001;4301;43005
"Muçum (RS)";4312609;150;108;169;119;163;189;46;112;430043;4308;43029
"Muitos Capões (RS)";4312617;68;55;69;55;76;66;22;30;430039;4307;43024
"Muliterno (RS)";4312625;46;33;39;37;29;38;9;18;430030;4306;43017
"Não-Me-Toque (RS)";4312658;343;236;355;317;270;416;108;237;430028;4306;43017
"Nicolau Vergueiro (RS)";4312674;59;21;46;40;44;52;12;28;430025;4306;43017
"Nonoai (RS)";4312708;256;199;234;225;257;304;112;157;430035;4306;43016
"Nova Alvorada (RS)";4312757;73;57;73;68;77;67;25;44;430030;4306;43017
"Nova Araçá (RS)";4312807;86;68;107;80;75;99;32;48;430038;4307;43025
"Nova Bassano (RS)";4312906;204;156;216;177;191;258;69;142;430038;4307;43025
"Nova Boa Vista (RS)";4312955;51;43;58;38;59;79;19;46;430028;4306;43020
"Nova Bréscia (RS)";4313003;117;78;92;77;78;123;44;63;430043;4308;43029
"Nova Candelária (RS)";4313011;97;65;91;67;45;68;15;34;430023;4305;43014
"Nova Esperança do Sul (RS)";4313037;92;88;106;83;99;117;29;43;430014;4303;43002
"Nova Hartz (RS)";4313060;253;159;280;184;173;223;35;96;430002;4301;43007
"Nova Pádua (RS)";4313086;64;59;71;55;81;90;27;50;430036;4307;43026
"Nova Palma (RS)";4313102;157;128;146;114;145;189;57;92;430011;4303;43001
"Nova Petrópolis (RS)";4313201;449;327;489;333;409;525;169;334;430036;4307;43023
"Nova Prata (RS)";4313300;439;337;529;362;403;543;139;266;430038;4307;43025
"Nova Ramada (RS)";4313334;68;55;61;59;59;75;27;29;430018;4305;43013
"Nova Roma do Sul (RS)";4313359;79;58;74;68;111;139;34;59;430036;4307;43026
"Nova Santa Rita (RS)";4313375;397;252;379;276;286;329;87;158;430001;4301;43008
"Novo Cabrais (RS)";4313391;99;90;81;82;84;121;42;52;430013;4303;43027
"Novo Hamburgo (RS)";4313409;3977;2768;4810;3627;3015;4892;1007;2319;430002;4301;43007
"Novo Machado (RS)";4313425;116;95;124;100;102;132;39;58;430019;4305;43014
"Novo Tiradentes (RS)";4313441;52;46;43;45;50;70;23;35;430029;4306;43015
"Novo Xingu (RS)";4313466;48;32;52;37;36;63;14;25;430028;4306;43020
"Novo Barreiro (RS)";4313490;109;59;102;76;89;114;34;57;430034;4306;43020
"Osório (RS)";4313508;880;613;957;695;703;872;244;455;430003;4301;43005
"Paim Filho (RS)";4313607;122;87;124;92;100;136;38;81;430032;4306;43018
"Palmares do Sul (RS)";4313656;356;244;315;259;262;278;69;127;430001;4301;43005
"Palmeira das Missões (RS)";4313706;674;497;723;555;620;771;222;359;430034;4306;43020
"Palmitinho (RS)";4313805;157;128;166;113;148;176;37;71;430029;4306;43015
"Panambi (RS)";4313904;768;475;802;569;551;748;221;375;430018;4305;43013
"Pantano Grande (RS)";4313953;244;194;217;168;201;244;72;96;430040;4308;43028
"Paraí (RS)";4314001;163;97;154;108;117;166;47;93;430038;4307;43025
"Paraíso do Sul (RS)";4314027;168;147;188;163;175;256;63;118;430013;4303;43001
"Pareci Novo (RS)";4314035;85;58;63;72;85;103;21;54;430007;4301;43008
"Parobé (RS)";4314050;668;453;746;527;529;667;171;295;430004;4301;43006
"Passa Sete (RS)";4314068;113;86;103;74;93;96;31;41;430042;4308;43027
"Passo do Sobrado (RS)";4314076;134;113;144;104;138;188;41;77;430040;4308;43028
"Passo Fundo (RS)";4314100;3150;2166;3895;2910;2723;4112;977;1996;430025;4306;43017
"Paulo Bento (RS)";4314134;66;51;60;47;76;85;23;45;430026;4306;43016
"Paverama (RS)";4314159;208;160;215;158;211;249;78;106;430041;4308;43030
"Pedras Altas (RS)";4314175;61;41;40;26;30;45;12;15;430010;4302;43021
"Pedro Osório (RS)";4314209;217;170;202;182;204;235;71;120;430009;4302;43021
"Pejuçara (RS)";4314308;84;67;90;69;116;108;39;60;430018;4305;43013
"Pelotas (RS)";4314407;6870;4774;8770;6545;5934;9573;2177;5121;430009;4302;43021
"Picada Café (RS)";4314423;107;82;104;94;109;135;47;49;430036;4307;43023
"Pinhal (RS)";4314456;49;38;58;51;60;59;20;29;430029;4306;43015
"Pinhal da Serra (RS)";4314464;59;45;34;52;62;43;30;32;430039;4307;43024
"Pinhal Grande (RS)";4314472;118;85;95;73;92;115;36;48;430011;4303;43001
"Pinheirinho do Vale (RS)";4314498;95;77;97;70;76;87;31;48;430029;4306;43015
"Pinheiro Machado (RS)";4314506;327;266;320;253;321;398;131;203;430010;4302;43021
"Pirapó (RS)";4314555;90;62;74;79;86;81;27;42;430022;4305;43011
"Piratini (RS)";4314605;550;458;541;421;576;606;207;343;430009;4302;43021
"Planalto (RS)";4314704;220;182;256;178;254;290;94;147;430035;4306;43015
"Poço das Antas (RS)";4314753;59;37;61;48;68;78;26;48;430041;4308;43030
"Pontão (RS)";4314779;86;73;76;52;70;83;24;31;430025;4306;43017
"Ponte Preta (RS)";4314787;64;43;52;48;55;66;18;29;430026;4306;43016
"Portão (RS)";4314803;575;376;594;400;421;482;105;219;430002;4301;43007
"Porto Alegre (RS)";4314902;26832;19073;37468;28251;24030;41547;10050;24645;430001;4301;43010
"Porto Lucena (RS)";4315008;206;152;191;164;174;190;54;103;430019;4305;43014
"Porto Mauá (RS)";4315057;90;60;64;72;96;100;24;37;430019;4305;43014
"Porto Vera Cruz (RS)";4315073;73;45;64;60;60;61;20;25;430019;4305;43014
"Porto Xavier (RS)";4315107;256;194;243;192;265;258;86;99;430024;4305;43011
"Pouso Novo (RS)";4315131;66;45;60;59;56;61;19;28;430041;4308;43029
"Presidente Lucena (RS)";4315149;46;33;44;33;42;66;20;39;430002;4301;43007
"Progresso (RS)";4315156;147;100;133;141;149;171;49;66;430041;4308;43029
"Protásio Alves (RS)";4315172;61;49;61;37;61;62;18;33;430038;4307;43025
"Putinga (RS)";4315206;133;86;123;90;98;142;54;108;430043;4308;43029
"Quaraí (RS)";4315305;479;402;587;492;571;679;215;384;430016;4304;43003
"Quatro Irmãos (RS)";4315313;40;26;23;28;34;51;15;22;430026;4306;43016
"Quevedos (RS)";4315321;66;56;57;46;69;51;14;18;430011;4303;43001
"Quinze de Novembro (RS)";4315354;104;100;113;80;93;130;39;73;430027;4306;43012
"Redentora (RS)";4315404;149;109;142;110;155;192;111;128;430021;4305;43020
"Relvado (RS)";4315453;67;56;71;65;93;106;34;69;430043;4308;43029
"Restinga Sêca (RS)";4315503;396;302;402;326;404;490;151;249;430011;4303;43001
"Rio dos Índios (RS)";4315552;89;89;91;64;107;109;44;47;430035;4306;43016
"Rio Grande (RS)";4315602;4146;2696;4649;3372;3234;5070;1290;2799;430009;4302;43021
"Rio Pardo (RS)";4315701;854;677;928;777;822;1101;265;573;430040;4308;43028
"Riozinho (RS)";4315750;124;66;99;73;95;90;30;51;430004;4301;43006
"Roca Sales (RS)";4315800;241;183;246;194;260;383;124;221;430043;4308;43029
"Rodeio Bonito (RS)";4315909;133;88;133;98;110;149;51;65;430029;4306;43015
"Rolador (RS)";4315958;92;76;83;56;89;75;19;38;430022;4305;43011
"Rolante (RS)";4316006;405;320;442;325;369;454;142;226;430004;4301;43006
"Ronda Alta (RS)";4316105;230;192;249;192;223;270;96;141;430025;4306;43020
"Rondinha (RS)";4316204;169;113;147;144;185;239;71;98;430028;4306;43020
"Roque Gonzales (RS)";4316303;197;160;218;173;196;193;57;79;430024;4305;43011
"Rosário do Sul (RS)";4316402;934;738;1012;858;941;1163;371;560;430016;4304;43003
"Sagrada Família (RS)";4316428;69;45;54;47;64;72;30;21;430034;4306;43020
"Saldanha Marinho (RS)";4316436;77;68;91;76;69;90;29;39;430028;4306;43012
"Salto do Jacuí (RS)";4316451;243;142;246;190;206;216;67;90;430027;4306;43012
"Salvador das Missões (RS)";4316477;69;54;77;51;78;91;25;40;430024;4305;43011
"Salvador do Sul (RS)";4316501;145;95;135;105;119;163;46;86;430007;4301;43008
"Sananduva (RS)";4316600;404;304;445;329;318;452;123;216;430032;4306;43018
"Santa Bárbara do Sul (RS)";4316709;182;147;203;164;180;212;49;97;430027;4306;43012
"Santa Cecília do Sul (RS)";4316733;54;33;55;37;48;44;10;16;430032;4306;43018
"Santa Clara do Sul (RS)";4316758;141;108;139;103;122;171;46;100;430041;4308;43029
"Santa Cruz do Sul (RS)";4316808;2252;1502;2690;2080;1848;2962;647;1578;430040;4308;43028
"Santa Maria (RS)";4316907;4925;3550;6108;4783;4348;6862;1684;3671;430011;4303;43001
"Santa Maria do Herval (RS)";4316956;140;89;153;96;106;146;36;79;430002;4301;43007
"Santa Margarida do Sul (RS)";4316972;80;52;57;37;73;57;23;22;430012;4303;43003
"Santana da Boa Vista (RS)";4317004;206;216;239;201;266;269;112;136;430012;4303;43021
"Sant'Ana do Livramento (RS)";4317103;1798;1445;2058;1727;1804;2465;625;1322;430016;4304;43003
"Santa Rosa (RS)";4317202;1351;934;1491;1150;1092;1553;364;709;430019;4305;43014
"Santa Tereza (RS)";4317251;74;48;51;43;67;105;36;42;430037;4307;43025
"Santa Vitória do Palmar (RS)";4317301;700;547;708;516;705;813;267;474;430009;4302;43021
"Santiago (RS)";4317400;1091;884;1280;1089;1127;1446;420;729;430014;4303;43002
"Santo Ângelo (RS)";4317509;1506;1106;1798;1339;1434;1925;542;1036;430020;4305;43011
"Santo Antônio do Palma (RS)";4317558;60;38;56;38;56;73;15;28;430030;4306;43017
"Santo Antônio da Patrulha (RS)";4317608;972;783;973;764;917;1060;341;566;430001;4301;43005
"Santo Antônio das Missões (RS)";4317707;319;262;290;228;279;330;113;165;430022;4305;43011
"Santo Antônio do Planalto (RS)";4317756;51;36;56;38;53;63;18;25;430028;4306;43017
"Santo Augusto (RS)";4317806;317;249;353;275;296;353;91;163;430018;4305;43013
"Santo Cristo (RS)";4317905;357;263;364;335;336;412;102;177;430019;4305;43014
"Santo Expedito do Sul (RS)";4317954;94;61;82;59;65;66;15;28;430032;4306;43018
"São Borja (RS)";4318002;1241;943;1373;1102;1175;1513;445;744;430017;4304;43011
"São Domingos do Sul (RS)";4318051;101;56;91;58;67;74;26;56;430030;4306;43017
"São Francisco de Assis (RS)";4318101;532;370;511;415;521;575;191;304;430011;4303;43002
"São Francisco de Paula (RS)";4318200;454;362;479;350;409;457;147;212;430036;4307;43006
"São Gabriel (RS)";4318309;1342;991;1492;1170;1260;1643;396;820;430012;4303;43003
"São Jerônimo (RS)";4318408;497;334;485;367;435;518;136;234;430006;4301;43009
"São João da Urtiga (RS)";4318424;155;121;139;128;113;128;44;79;430032;4306;43018
"São João do Polêsine (RS)";4318432;76;51;66;71;90;113;47;99;430011;4303;43001
"São Jorge (RS)";4318440;80;59;72;59;64;71;21;45;430038;4307;43025
"São José das Missões (RS)";4318457;78;65;70;47;70;63;29;38;430034;4306;43020
"São José do Herval (RS)";4318465;59;45;35;56;45;48;13;21;430031;4306;43029
"São José do Hortêncio (RS)";4318481;80;63;80;56;95;102;22;52;430002;4301;43007
"São José do Inhacorá (RS)";4318499;67;56;80;57;60;69;23;34;430023;4305;43014
"São José do Norte (RS)";4318507;609;423;545;442;526;643;183;283;430009;4302;43021
"São José do Ouro (RS)";4318606;175;120;196;127;163;236;63;77;430033;4306;43018
"São José do Sul (RS)";4318614;52;39;47;53;75;68;16;41;430007;4301;43008
"São José dos Ausentes (RS)";4318622;51;44;56;45;66;62;18;17;430039;4307;43024
"São Leopoldo (RS)";4318705;3503;2273;4276;3014;2433;3851;865;1910;430002;4301;43007
"São Lourenço do Sul (RS)";4318804;1108;770;1160;846;1052;1317;356;721;430009;4302;43021
"São Luiz Gonzaga (RS)";4318903;799;560;825;684;688;888;284;530;430022;4305;43011
"São Marcos (RS)";4319000;374;291;449;352;371;478;109;232;430036;4307;43026
"São Martinho (RS)";4319109;172;139;178;142;137;180;56;102;430021;4305;43013
"São Martinho da Serra (RS)";4319125;93;81;90;82;121;103;44;49;430011;4303;43001
"São Miguel das Missões (RS)";4319158;174;144;165;136;190;147;63;83;430020;4305;43011
"São Nicolau (RS)";4319208;145;135;168;112;136;163;79;80;430022;4305;43011
"São Paulo das Missões (RS)";4319307;170;131;187;120;163;199;67;102;430024;4305;43014
"São Pedro da Serra (RS)";4319356;65;41;68;46;47;68;19;48;430007;4301;43008
"São Pedro das Missões (RS)";4319364;47;42;49;34;46;46;14;15;430034;4306;43020
"São Pedro do Butiá (RS)";4319372;79;66;76;59;68;90;25;44;430024;4305;43011
"São Pedro do Sul (RS)";4319406;432;346;451;363;433;586;188;313;430011;4303;43001
"São Sebastião do Caí (RS)";4319505;412;309;470;386;369;491;127;208;430002;4301;43008
"São Sepé (RS)";4319604;585;465;598;502;617;719;227;385;430011;4303;43001
"São Valentim (RS)";4319703;134;74;120;75;107;143;39;74;430026;4306;43016
"São Valentim do Sul (RS)";4319711;80;53;74;51;63;80;25;59;430037;4307;43029
"São Valério do Sul (RS)";4319737;58;49;58;42;53;44;25;20;430018;4305;43013
"São Vendelino (RS)";4319752;38;34;46;35;42;56;13;33;430002;4301;43026
"São Vicente do Sul (RS)";4319802;199;128;182;134;189;213;80;143;430011;4303;43002
"Sapiranga (RS)";4319901;1037;732;1223;929;797;1184;230;466;430002;4301;43007
"Sapucaia do Sul (RS)";4320008;2398;1575;2758;1900;1483;2250;396;884;430001;4301;43008
"Sarandi (RS)";4320107;417;319;430;349;340;500;126;263;430028;4306;43020
"Seberi (RS)";4320206;255;189;282;211;268;302;85;146;430029;4306;43015
"Sede Nova (RS)";4320230;70;55;81;54;57;72;27;51;430021;4305;43013
"Segredo (RS)";4320263;152;129;173;107;140;170;36;53;430042;4308;43027
"Selbach (RS)";4320305;104;89;111;103;104;168;50;86;430027;4306;43012
"Senador Salgado Filho (RS)";4320321;76;54;66;53;51;80;21;43;430019;4305;43014
"Sentinela do Sul (RS)";4320354;119;110;125;100;135;146;54;63;430005;4301;43009
"Serafina Corrêa (RS)";4320404;268;193;318;262;246;317;83;146;430038;4307;43017
"Sério (RS)";4320453;68;56;62;54;63;91;20;29;430041;4308;43029
"Sertão (RS)";4320503;164;148;185;137;157;195;65;110;430025;4306;43017
"Sertão Santana (RS)";4320552;138;103;134;110;126;184;48;86;430001;4301;43009
"Sete de Setembro (RS)";4320578;60;43;56;53;55;74;25;35;430020;4305;43011
"Severiano de Almeida (RS)";4320602;101;79;109;71;108;118;35;61;430026;4306;43016
"Silveira Martins (RS)";4320651;82;65;73;76;85;101;38;67;430011;4303;43001
"Sinimbu (RS)";4320677;227;206;257;219;251;309;90;171;430040;4308;43028
"Sobradinho (RS)";4320701;291;215;344;275;268;364;77;166;430042;4308;43027
"Soledade (RS)";4320800;595;465;643;562;539;719;233;349;430031;4306;43019
"Tabaí (RS)";4320859;105;70;104;70;98;93;24;46;430041;4308;43008
"Tapejara (RS)";4320909;328;232;404;304;295;432;97;199;430032;4306;43018
"Tapera (RS)";4321006;206;167;239;196;215;302;81;159;430025;4306;43019
"Tapes (RS)";4321105;386;280;405;360;365;472;136;228;430005;4301;43009
"Taquara (RS)";4321204;1123;757;1223;914;1000;1261;330;664;430004;4301;43006
"Taquari (RS)";4321303;552;422;602;462;475;681;179;330;430041;4308;43030
"Taquaruçu do Sul (RS)";4321329;76;72;86;62;64;84;32;40;430029;4306;43015
"Tavares (RS)";4321352;145;120;143;119;165;160;50;75;430001;4301;43005
"Tenente Portela (RS)";4321402;308;226;319;237;282;375;123;197;430021;4305;43015
"Terra de Areia (RS)";4321436;218;158;226;155;186;252;97;103;430003;4301;43004
"Teutônia (RS)";4321451;509;357;549;450;411;610;146;301;430041;4308;43030
"Tio Hugo (RS)";4321469;72;46;59;62;53;62;15;23;430025;4306;43019
"Tiradentes do Sul (RS)";4321477;235;159;204;142;191;196;52;89;430021;4305;43015
"Toropi (RS)";4321493;103;82;82;74;96;94;34;48;430011;4303;43001
"Torres (RS)";4321501;774;551;839;619;643;770;207;326;430008;4301;43004
"Tramandaí (RS)";4321600;871;723;1021;785;708;926;233;366;430003;4301;43005
"Travesseiro (RS)";4321626;80;67;78;70;84;97;31;50;430041;4308;43029
"Três Arroios (RS)";4321634;83;72;103;70;86;124;42;53;430026;4306;43016
"Três Cachoeiras (RS)";4321667;228;161;196;164;209;245;75;100;430008;4301;43004
"Três Coroas (RS)";4321709;402;280;424;309;268;389;79;197;430004;4301;43006
"Três de Maio (RS)";4321808;536;411;615;512;513;753;191;389;430023;4305;43014
"Três Forquilhas (RS)";4321832;73;68;74;70;80;90;22;28;430008;4301;43004
"Três Palmeiras (RS)";4321857;126;89;131;88;102;121;37;61;430025;4306;43020
"Três Passos (RS)";4321907;571;455;664;529;541;738;219;354;430021;4305;43015
"Trindade do Sul (RS)";4321956;145;100;144;95;116;170;57;67;430035;4306;43020
"Triunfo (RS)";4322004;571;401;538;364;459;549;155;267;430006;4301;43008
"Tucunduva (RS)";4322103;150;140;187;144;168;228;54;99;430019;4305;43014
"Tunas (RS)";4322152;81;67;79;75;91;90;26;33;430042;4308;43019
"Tupanci do Sul (RS)";4322186;49;32;32;47;49;46;16;20;430033;4306;43018
"Tupanciretã (RS)";4322202;423;319;444;382;402;540;158;257;430027;4306;43001
"Tupandi (RS)";4322251;69;45;61;57;83;72;30;36;430002;4301;43008
"Tuparendi (RS)";4322301;240;209;286;249;254;322;99;166;430019;4305;43014
"Turuçu (RS)";4322327;110;64;107;58;65;85;24;53;430009;4302;43021
"Ubiretama (RS)";4322343;76;41;70;54;47;68;19;24;430024;4305;43011
"União da Serra (RS)";4322350;56;45;51;37;51;57;26;39;430038;4307;43025
"Unistalda (RS)";4322376;76;62;56;54;73;69;27;27;430014;4303;43002
"Uruguaiana (RS)";4322400;2216;1486;2366;1756;1696;2390;607;1185;430015;4304;43003
"Vacaria (RS)";4322509;1168;874;1289;1043;1113;1437;404;629;430039;4307;43024
"Vale Verde (RS)";4322525;102;69;97;70;82;98;32;53;430040;4308;43028
"Vale do Sol (RS)";4322533;255;214;264;208;205;285;87;165;430040;4308;43028
"Vale Real (RS)";4322541;90;75;111;72;68;94;19;51;430036;4307;43026
"Vanini (RS)";4322558;56;32;60;38;39;52;18;26;430030;4306;43017
"Venâncio Aires (RS)";4322608;1454;992;1498;1157;1274;1775;399;858;430040;4308;43028
"Vera Cruz (RS)";4322707;523;362;583;448;440;611;170;274;430040;4308;43028
"Veranópolis (RS)";4322806;514;351;542;422;465;627;189;383;430037;4307;43025
"Vespasiano Corrêa (RS)";4322855;61;47;76;56;79;92;24;47;430043;4308;43029
"Viadutos (RS)";4322905;154;111;123;111;142;219;76;122;430026;4306;43016
"Viamão (RS)";4323002;4287;3021;5151;3588;3277;4773;1034;2018;430001;4301;43010
"Vicente Dutra (RS)";4323101;130;114;129;90;99;130;42;66;430029;4306;43015
"Victor Graeff (RS)";4323200;81;64;89;63;76;105;23;52;430025;4306;43017
"Vila Flores (RS)";4323309;78;63;91;58;78;107;25;51;430037;4307;43025
"Vila Lângaro (RS)";4323358;61;53;69;54;60;55;11;27;430032;4306;43018
"Vila Maria (RS)";4323408;105;80;130;80;96;124;44;77;430030;4306;43017
"Vila Nova do Sul (RS)";4323457;112;92;106;94;134;125;48;67;430012;4303;43001
"Vista Alegre (RS)";4323507;74;50;59;55;55;66;13;53;430029;4306;43015
"Vista Alegre do Prata (RS)";4323606;66;37;52;35;40;64;15;27;430038;4307;43025
"Vista Gaúcha (RS)";4323705;53;44;66;49;61;78;22;37;430021;4305;43015
"Vitória das Missões (RS)";4323754;131;97;119;72;98;95;28;48;430020;4305;43011
"Westfália (RS)";4323770;80;71;76;82;74;100;25;37;430041;4308;43030
"Xangri-lá (RS)";4323804;221;155;222;172;162;207;69;86;430003;4301;43004
"Água Clara (MS)";5000203;171;118;126;89;119;89;34;30;500002;5001;50004
"Alcinópolis (MS)";5000252;71;64;57;41;75;42;19;12;500004;5001;50001
"Amambai (MS)";5000609;504;402;505;409;523;483;235;268;500009;5002;50003
"Anastácio (MS)";5000708;450;353;436;290;398;384;183;201;500012;5003;50001
"Anaurilândia (MS)";5000807;138;132;136;110;169;129;73;51;500007;5002;50003
"Angélica (MS)";5000856;158;100;144;142;188;155;69;57;500007;5002;50003
"Antônio João (MS)";5000906;110;94;121;112;147;113;71;77;500008;5002;50003
"Aparecida do Taboado (MS)";5001003;447;300;412;326;403;415;148;183;500003;5001;50004
"Aquidauana (MS)";5001102;804;604;788;644;828;805;367;460;500012;5003;50001
"Aral Moreira (MS)";5001243;123;84;120;86;132;117;62;43;500008;5002;50003
"Bandeirantes (MS)";5001508;149;101;114;102;138;108;57;38;500001;5001;50001
"Bataguassu (MS)";5001904;300;229;256;210;275;254;86;77;500002;5001;50004
"Batayporã (MS)";5002001;178;146;202;141;193;181;85;73;500007;5002;50003
"Bela Vista (MS)";5002100;355;287;348;329;390;353;178;257;500011;5003;50001
"Bodoquena (MS)";5002159;144;112;115;69;108;96;54;42;500012;5003;50001
"Bonito (MS)";5002209;328;233;241;176;273;259;109;116;500011;5003;50001
"Brasilândia (MS)";5002308;179;125;154;105;171;143;55;61;500002;5001;50004
"Caarapó (MS)";5002407;350;260;350;337;419;341;186;183;500005;5002;50003
"Camapuã (MS)";5002605;243;207;240;181;326;212;110;97;500001;5001;50001
"Campo Grande (MS)";5002704;11651;8329;13858;10170;10282;13496;4208;6237;500001;5001;50001
"Caracol (MS)";5002803;89;68;67;66;97;69;30;34;500011;5003;50001
"Cassilândia (MS)";5002902;453;393;450;382;488;487;207;207;500003;5001;50004
"Chapadão do Sul (MS)";5002951;206;130;169;102;142;136;25;39;500003;5001;50001
"Corguinho (MS)";5003108;113;73;83;64;112;73;43;29;500001;5001;50001
"Coronel Sapucaia (MS)";5003157;174;154;166;144;205;166;89;92;500009;5002;50003
"Corumbá (MS)";5003207;1511;1152;1663;1262;1336;1493;509;691;500010;5003;50002
"Costa Rica (MS)";5003256;320;251;299;203;300;263;115;78;500004;5001;50001
"Coxim (MS)";5003306;505;426;523;407;583;515;226;222;500004;5001;50001
"Deodápolis (MS)";5003454;202;165;206;193;228;246;135;115;500005;5002;50003
"Dois Irmãos do Buriti (MS)";5003488;191;154;117;120;181;136;71;60;500001;5001;50001
"Douradina (MS)";5003504;89;86;97;64;95;92;36;54;500005;5002;50003
"Dourados (MS)";5003702;2769;1983;3215;2261;2514;2840;945;1278;500005;5002;50003
"Eldorado (MS)";5003751;164;164;209;151;198;191;65;66;500006;5002;50003
"Fátima do Sul (MS)";5003801;390;303;443;348;464;455;200;218;500005;5002;50003
"Figueirão (MS)";5003900;51;45;42;37;50;41;13;10;500004;5001;50001
"Glória de Dourados (MS)";5004007;173;164;208;178;209;239;98;100;500005;5002;50003
"Guia Lopes da Laguna (MS)";5004106;204;172;217;156;246;213;93;108;500011;5003;50001
"Iguatemi (MS)";5004304;250;181;225;189;247;200;75;83;500006;5002;50003
"Inocência (MS)";5004403;162;113;125;84;164;117;54;26;500003;5001;50004
"Itaporã (MS)";5004502;295;254;294;273;310;326;144;182;500005;5002;50003
"Itaquiraí (MS)";5004601;322;269;252;194;304;194;84;82;500006;5002;50003
"Ivinhema (MS)";5004700;458;369;447;332;477;411;131;152;500007;5002;50003
"Japorã (MS)";5004809;82;86;71;102;124;85;37;28;500006;5002;50003
"Jaraguari (MS)";5004908;186;140;132;89;161;106;62;34;500001;5001;50001
"Jardim (MS)";5005004;401;335;421;341;403;441;184;230;500011;5003;50001
"Jateí (MS)";5005103;57;55;62;45;61;62;27;19;500005;5002;50003
"Juti (MS)";5005152;89;97;90;81;144;110;49;48;500005;5002;50003
"Ladário (MS)";5005202;230;157;276;187;240;255;100;116;500010;5003;50002
"Laguna Carapã (MS)";5005251;105;62;80;74;99;85;51;48;500005;5002;50003
"Maracaju (MS)";5005400;493;343;453;324;380;351;144;196;500005;5002;50001
"Miranda (MS)";5005608;423;314;344;264;366;298;162;171;500012;5003;50001
"Mundo Novo (MS)";5005681;309;237;351;275;347;349;142;141;500006;5002;50003
"Naviraí (MS)";5005707;630;477;631;492;596;587;218;254;500006;5002;50003
"Nioaque (MS)";5005806;239;183;196;149;242;179;98;78;500011;5003;50001
"Nova Alvorada do Sul (MS)";5006002;215;131;150;110;159;117;46;55;500001;5001;50001
"Nova Andradina (MS)";5006200;717;504;653;536;701;637;226;283;500007;5002;50003
"Novo Horizonte do Sul (MS)";5006259;96;93;81;61;108;71;26;26;500007;5002;50003
"Paranaíba (MS)";5006309;808;646;803;629;814;765;291;342;500003;5001;50004
"Paranhos (MS)";5006358;138;125;141;108;162;116;84;69;500009;5002;50003
"Pedro Gomes (MS)";5006408;146;148;148;114;196;133;75;68;500004;5001;50001
"Ponta Porã (MS)";5006606;1033;848;1097;868;991;1059;406;539;500008;5002;50003
"Porto Murtinho (MS)";5006903;220;156;173;148;181;174;77;76;500011;5003;50001
"Ribas do Rio Pardo (MS)";5007109;270;178;201;123;201;180;59;67;500001;5001;50001
"Rio Brilhante (MS)";5007208;345;292;370;273;344;302;130;137;500005;5002;50003
"Rio Negro (MS)";5007307;106;117;103;81;128;122;60;50;500001;5001;50001
"Rio Verde de Mato Grosso (MS)";5007406;355;277;322;237;350;319;155;160;500004;5001;50001
"Rochedo (MS)";5007505;130;91;84;70;108;90;31;20;500001;5001;50001
"Santa Rita do Pardo (MS)";5007554;121;118;121;59;123;80;31;22;500002;5001;50004
"São Gabriel do Oeste (MS)";5007695;324;218;285;208;235;233;70;76;500001;5001;50001
"Sete Quedas (MS)";5007703;188;174;177;156;269;196;82;63;500009;5002;50003
"Selvíria (MS)";5007802;97;99;96;79;129;93;36;36;500002;5001;50004
"Sidrolândia (MS)";5007901;718;515;584;390;537;414;152;164;500001;5001;50001
"Sonora (MS)";5007935;131;108;110;90;115;101;25;33;500004;5001;50001
"Tacuru (MS)";5007950;115;134;108;102;146;126;59;50;500009;5002;50003
"Taquarussu (MS)";5007976;54;48;57;44;70;78;41;27;500007;5002;50003
"Terenos (MS)";5008008;389;325;296;200;329;213;104;84;500001;5001;50001
"Três Lagoas (MS)";5008305;1567;1128;1677;1285;1386;1751;558;715;500002;5001;50004
"Vicentina (MS)";5008404;104;100;113;118;174;170;81;77;500005;5002;50003
"Acorizal (MT)";5100102;158;112;109;96;134;121;55;51;510001;5101;51002
"Água Boa (MT)";5100201;308;218;251;165;219;191;72;79;510015;5104;51006
"Alta Floresta (MT)";5100250;704;521;602;500;677;565;240;175;510010;5103;51001
"Alto Araguaia (MT)";5100300;244;191;259;191;255;229;112;101;510016;5105;51013
"Alto Boa Vista (MT)";5100359;64;58;48;32;69;37;34;39;510014;5104;51009
"Alto Garças (MT)";5100409;198;132;163;117;165;161;88;66;510016;5105;51013
"Alto Paraguai (MT)";5100508;204;204;138;124;219;122;96;74;510003;5101;51004
"Alto Taquari (MT)";5100607;66;59;66;49;52;56;22;16;510016;5105;51013
"Apiacás (MT)";5100805;156;86;75;55;108;55;26;16;510010;5103;51001
"Araguaiana (MT)";5101001;66;61;63;41;58;42;18;16;510013;5104;51005
"Araguainha (MT)";5101209;23;26;18;21;37;18;14;13;510016;5105;51013
"Araputanga (MT)";5101258;219;142;247;162;222;200;85;65;510006;5102;51011
"Arenápolis (MT)";5101308;167;147;155;150;167;163;83;74;510003;5101;51007
"Aripuanã (MT)";5101407;243;142;126;98;144;112;53;33;510009;5103;51008
"Barão de Melgaço (MT)";5101605;190;139;124;120;158;122;55;55;510001;5101;51002
"Barra do Bugres (MT)";5101704;427;314;385;260;383;310;131;128;510002;5101;51007
"Barra do Garças (MT)";5101803;932;664;927;655;756;835;342;341;510013;5104;51005
"Bom Jesus do Araguaia (MT)";5101852;99;64;52;38;60;37;17;12;510014;5104;51006
"Brasnorte (MT)";5101902;235;141;135;108;155;92;40;29;510002;5101;51008
"Cáceres (MT)";5102504;1331;1043;1322;1016;1240;1265;487;574;510004;5102;51011
"Campinápolis (MT)";5102603;166;128;142;95;154;118;137;96;510015;5104;51005
"Campo Novo do Parecis (MT)";5102637;237;140;176;144;135;105;37;47;510002;5101;51007
"Campo Verde (MT)";5102678;339;245;294;197;229;253;83;93;510001;5101;51013
"Campos de Júlio (MT)";5102686;44;31;33;16;15;14;4;3;510005;5102;51012
"Canabrava do Norte (MT)";5102694;87;61;57;37;71;44;14;16;510014;5104;51003
"Canarana (MT)";5102702;250;172;185;142;227;219;67;76;510015;5104;51006
"Carlinda (MT)";5102793;205;184;186;159;286;193;72;49;510010;5103;51001
"Castanheira (MT)";5102850;140;120;106;98;117;76;35;29;510009;5103;51008
"Chapada dos Guimarães (MT)";5103007;378;321;298;233;326;243;104;110;510001;5101;51002
"Cláudia (MT)";5103056;138;114;146;98;127;108;32;27;510007;5103;51014
"Cocalinho (MT)";5103106;104;86;66;44;70;47;24;15;510015;5104;51006
"Colíder (MT)";5103205;500;398;482;394;575;483;192;152;510007;5103;51010
"Colniza (MT)";5103254;360;231;199;127;202;107;46;29;510009;5103;51008
"Comodoro (MT)";5103304;241;186;209;166;252;141;67;45;510005;5102;51012
"Confresa (MT)";5103353;447;278;265;180;309;167;76;39;510014;5104;51003
"Conquista D'Oeste (MT)";5103361;57;35;37;30;47;31;23;11;510005;5102;51012
"Cotriguaçu (MT)";5103379;234;127;145;77;119;68;30;12;510009;5103;51008
"Cuiabá (MT)";5103403;7575;5028;8682;5826;5550;7107;1953;3096;510001;5101;51002
"Curvelândia (MT)";5103437;82;69;72;67;106;90;43;33;510004;5102;51011
"Denise (MT)";5103452;103;67;102;74;93;82;43;29;510002;5101;51007
"Diamantino (MT)";5103502;291;209;278;178;246;209;87;64;510003;5101;51004
"Dom Aquino (MT)";5103601;167;137;175;132;196;154;76;80;510018;5105;51013
"Feliz Natal (MT)";5103700;113;74;71;52;72;56;11;10;510007;5103;51014
"Figueirópolis D'Oeste (MT)";5103809;81;55;78;43;86;69;22;18;510006;5102;51012
"Gaúcha do Norte (MT)";5103858;90;68;62;45;68;51;11;6;510015;5104;51006
"General Carneiro (MT)";5103908;101;76;72;50;69;68;38;30;510013;5104;51005
"Glória D'Oeste (MT)";5103957;52;43;73;50;64;65;26;19;510006;5102;51011
"Guarantã do Norte (MT)";5104104;463;326;373;300;437;316;111;81;510011;5103;51015
"Guiratinga (MT)";5104203;319;301;261;260;317;295;128;122;510016;5105;51013
"Indiavaí (MT)";5104500;45;27;41;26;39;34;8;9;510006;5102;51011
"Ipiranga do Norte (MT)";5104526;48;39;39;27;37;20;5;8;510008;5103;51014
"Itanhangá (MT)";5104542;84;52;60;31;37;22;11;4;510008;5103;51014
"Itaúba (MT)";5104559;67;61;73;33;60;55;16;12;510007;5103;51010
"Itiquira (MT)";5104609;178;139;110;69;116;70;39;38;510016;5105;51013
"Jaciara (MT)";5104807;381;285;381;274;356;348;123;157;510018;5105;51013
"Jangada (MT)";5104906;142;117;107;100;143;116;52;58;510001;5101;51002
"Jauru (MT)";5105002;184;139;188;140;215;159;75;73;510006;5102;51012
"Juara (MT)";5105101;402;354;349;318;453;379;155;103;510012;5103;51016
"Juína (MT)";5105150;621;456;552;393;575;415;164;134;510009;5103;51008
"Juruena (MT)";5105176;152;101;94;68;83;70;28;16;510009;5103;51008
"Juscimeira (MT)";5105200;237;206;214;154;240;177;86;66;510018;5105;51013
"Lambari D'Oeste (MT)";5105234;72;65;68;53;64;64;37;28;510004;5102;51011
"Lucas do Rio Verde (MT)";5105259;362;236;330;190;207;215;65;94;510008;5103;51014
"Luciara (MT)";5105309;32;29;29;19;47;41;19;14;510014;5104;51009
"Vila Bela da Santíssima Trindade (MT)";5105507;210;153;155;111;170;123;52;42;510005;5102;51012
"Marcelândia (MT)";5105580;174;137;138;100;148;96;35;18;510007;5103;51010
"Matupá (MT)";5105606;225;162;188;121;166;120;37;34;510011;5103;51015
"Mirassol d'Oeste (MT)";5105622;375;286;389;297;384;329;134;126;510006;5102;51011
"Nobres (MT)";5105903;267;209;237;171;274;224;90;81;510001;5101;51004
"Nortelândia (MT)";5106000;113;92;105;81;118;111;65;49;510003;5101;51004
"Nossa Senhora do Livramento (MT)";5106109;275;265;240;142;286;250;119;105;510001;5101;51002
"Nova Bandeirantes (MT)";5106158;193;147;136;71;147;83;28;27;510010;5103;51001
"Nova Nazaré (MT)";5106174;50;37;30;27;40;36;36;25;510015;5104;51006
"Nova Lacerda (MT)";5106182;97;69;74;47;52;34;10;7;510005;5102;51012
"Nova Santa Helena (MT)";5106190;56;51;47;54;63;35;21;16;510007;5103;51010
"Nova Brasilândia (MT)";5106208;95;81;64;63;83;63;33;26;510001;5101;51002
"Nova Canaã do Norte (MT)";5106216;232;159;185;145;241;157;88;50;510007;5103;51010
"Nova Mutum (MT)";5106224;257;170;209;144;156;148;42;43;510008;5103;51014
"Nova Olímpia (MT)";5106232;198;144;168;108;132;117;60;47;510002;5101;51007
"Nova Ubiratã (MT)";5106240;126;78;64;42;63;36;24;16;510008;5103;51014
"Nova Xavantina (MT)";5106257;364;291;329;244;317;254;130;107;510013;5104;51005
"Novo Mundo (MT)";5106265;132;91;84;47;95;51;20;11;510011;5103;51015
"Novo Horizonte do Norte (MT)";5106273;59;72;64;60;107;74;22;15;510012;5103;51016
"Novo São Joaquim (MT)";5106281;114;81;88;70;105;79;26;18;510013;5104;51005
"Paranaíta (MT)";5106299;223;128;134;106;171;113;40;32;510010;5103;51001
"Paranatinga (MT)";5106307;286;252;221;184;327;212;98;56;510017;5105;51013
"Novo Santo Antônio (MT)";5106315;35;25;25;14;33;18;13;3;510014;5104;51009
"Pedra Preta (MT)";5106372;289;239;238;186;261;250;86;63;510016;5105;51013
"Peixoto de Azevedo (MT)";5106422;496;362;350;238;348;276;96;63;510011;5103;51015
"Planalto da Serra (MT)";5106455;56;38;43;20;49;31;18;15;510001;5101;51002
"Poconé (MT)";5106505;570;448;519;383;566;487;231;246;510001;5101;51002
"Pontal do Araguaia (MT)";5106653;109;68;76;55;75;79;34;20;510013;5104;51005
"Ponte Branca (MT)";5106703;46;41;27;42;57;48;25;7;510013;5104;51005
"Pontes e Lacerda (MT)";5106752;533;412;514;360;517;450;171;156;510005;5102;51012
"Porto Alegre do Norte (MT)";5106778;175;140;138;81;177;113;63;39;510014;5104;51003
"Porto dos Gaúchos (MT)";5106802;80;64;67;54;93;61;16;12;510012;5103;51016
"Porto Esperidião (MT)";5106828;168;123;126;107;172;109;54;37;510006;5102;51011
"Porto Estrela (MT)";5106851;83;53;57;50;90;59;28;28;510002;5101;51007
"Poxoréu (MT)";5107008;419;345;317;237;388;317;176;138;510017;5105;51013
"Primavera do Leste (MT)";5107040;546;353;496;359;366;390;98;138;510017;5105;51013
"Querência (MT)";5107065;160;100;110;72;90;66;20;13;510015;5104;51006
"São José dos Quatro Marcos (MT)";5107107;325;284;314;287;336;340;153;115;510006;5102;51011
"Reserva do Cabaçal (MT)";5107156;39;40;49;39;46;56;24;17;510006;5102;51011
"Ribeirão Cascalheira (MT)";5107180;149;124;117;92;143;86;47;50;510015;5104;51006
"Ribeirãozinho (MT)";5107198;50;29;27;22;46;37;18;13;510013;5104;51005
"Rio Branco (MT)";5107206;80;61;88;81;114;114;38;33;510004;5102;51011
"Santa Carmem (MT)";5107248;50;41;48;32;40;33;13;14;510007;5103;51014
"Santo Afonso (MT)";5107263;68;58;56;36;72;37;23;10;510003;5101;51007
"São José do Povo (MT)";5107297;110;82;95;61;102;74;35;24;510016;5105;51013
"São José do Rio Claro (MT)";5107305;222;196;207;130;187;148;61;45;510003;5101;51004
"São José do Xingu (MT)";5107354;63;40;30;36;54;30;14;5;510014;5104;51003
"São Pedro da Cipa (MT)";5107404;70;47;54;46;63;63;23;21;510018;5105;51013
"Rondolândia (MT)";5107578;58;38;31;27;39;38;15;10;510009;5103;51012
"Rondonópolis (MT)";5107602;2683;1926;2808;2049;2356;2376;900;979;510016;5105;51013
"Rosário Oeste (MT)";5107701;397;322;339;249;358;320;145;134;510001;5101;51004
"Santa Cruz do Xingu (MT)";5107743;30;25;15;8;16;8;3;4;510014;5104;51003
"Salto do Céu (MT)";5107750;77;60;71;52;91;70;45;33;510004;5102;51011
"Santa Rita do Trivelato (MT)";5107768;34;14;22;13;17;12;1;4;510008;5103;51014
"Santa Terezinha (MT)";5107776;126;95;72;45;101;86;36;43;510014;5104;51003
"Santo Antônio do Leste (MT)";5107792;36;20;29;10;26;15;14;9;510017;5105;51013
"Santo Antônio de Leverger (MT)";5107800;416;309;347;241;374;306;137;130;510001;5101;51002
"São Félix do Araguaia (MT)";5107859;188;128;125;86;143;121;67;57;510014;5104;51009
"Sapezal (MT)";5107875;135;79;115;63;57;36;14;16;510002;5101;51007
"Serra Nova Dourada (MT)";5107883;30;21;25;13;31;12;6;3;510014;5104;51009
"Sinop (MT)";5107909;1223;856;1155;867;973;882;284;297;510007;5103;51014
"Sorriso (MT)";5107925;661;432;577;407;411;463;126;135;510008;5103;51014
"Tabaporã (MT)";5107941;157;102;113;71;110;57;22;14;510012;5103;51016
"Tangará da Serra (MT)";5107958;1072;825;1021;802;992;920;322;321;510002;5101;51007
"Tapurah (MT)";5108006;78;64;72;39;49;49;12;10;510008;5103;51014
"Terra Nova do Norte (MT)";5108055;214;156;232;173;237;163;66;70;510007;5103;51015
"Tesouro (MT)";5108105;75;72;50;45;78;72;39;19;510016;5105;51013
"Torixoréu (MT)";5108204;97;77;79;75;92;101;53;23;510013;5104;51005
"União do Sul (MT)";5108303;55;29;29;23;31;15;4;7;510007;5103;51014
"Vale de São Domingos (MT)";5108352;63;45;50;32;51;37;15;12;510005;5102;51012
"Várzea Grande (MT)";5108402;3131;2196;3377;2321;2419;2624;829;1133;510001;5101;51002
"Vera (MT)";5108501;132;100;115;92;106;83;22;18;510008;5103;51014
"Vila Rica (MT)";5108600;288;225;221;163;258;150;56;40;510014;5104;51003
"Nova Guarita (MT)";5108808;97;71;76;71;110;76;23;27;510007;5103;51010
"Nova Marilândia (MT)";5108857;48;43;30;28;43;28;18;16;510003;5101;51007
"Nova Maringá (MT)";5108907;76;54;41;34;42;32;14;5;510003;5101;51004
"Nova Monte Verde (MT)";5108956;114;101;118;73;124;65;26;23;510010;5103;51001
"Abadia de Goiás (GO)";5200050;99;73;111;80;91;93;25;32;520001;5201;52001
"Abadiânia (GO)";5200100;277;211;255;224;291;240;92;66;520002;5201;52011
"Acreúna (GO)";5200134;308;265;303;254;280;258;112;92;520015;5204;52015
"Adelândia (GO)";5200159;43;52;52;40;66;45;23;20;520003;5201;52010
"Água Fria de Goiás (GO)";5200175;96;73;71;52;76;62;22;32;520022;5206;52003
"Água Limpa (GO)";5200209;62;50;51;41;51;36;20;15;520008;5202;52017
"Águas Lindas de Goiás (GO)";5200258;1241;840;1182;754;846;772;217;245;520020;5206;52004
"Alexânia (GO)";5200308;420;304;393;315;399;384;146;145;520002;5201;52011
"Aloândia (GO)";5200506;49;57;50;44;62;64;24;28;520007;5202;52017
"Alto Horizonte (GO)";5200555;71;39;64;42;58;49;24;17;520017;5205;52014
"Alto Paraíso de Goiás (GO)";5200605;87;62;99;62;75;103;37;32;520022;5206;52003
"Alvorada do Norte (GO)";5200803;122;93;117;94;124;122;57;59;520021;5206;52007
"Amaralina (GO)";5200829;69;53;48;40;74;43;24;21;520017;5205;52014
"Americano do Brasil (GO)";5200852;98;85;95;67;116;107;53;37;520003;5201;52012
"Amorinópolis (GO)";5200902;91;67;105;64;99;96;34;35;520014;5204;52009
"Anápolis (GO)";5201108;4990;3589;5953;4371;4420;5766;1691;2482;520002;5201;52011
"Anhanguera (GO)";5201207;24;15;32;21;25;14;6;10;520004;5201;52005
"Anicuns (GO)";5201306;364;258;353;310;346;357;127;152;520003;5201;52001
"Aparecida de Goiânia (GO)";5201405;4718;3243;5395;3703;3564;4344;1180;1477;520001;5201;52002
"Aparecida do Rio Doce (GO)";5201454;42;43;42;29;54;41;18;20;520010;5203;52015
"Aporé (GO)";5201504;76;48;51;48;76;44;31;18;520011;5203;52016
"Araçu (GO)";5201603;85;63;90;70;96;119;40;34;520003;5201;52001
"Aragarças (GO)";5201702;293;223;298;225;278;287;125;120;520014;5204;52009
"Aragoiânia (GO)";5201801;170;138;132;112;158;141;63;55;520001;5201;52002
"Araguapaz (GO)";5202155;150;119;124;99;140;106;47;54;520005;5201;52012
"Arenópolis (GO)";5202353;103;74;81;50;82;59;41;28;520014;5204;52009
"Aruanã (GO)";5202502;105;83;97;58;108;75;45;35;520005;5201;52012
"Aurilândia (GO)";5202601;99;83;102;82;111;111;52;47;520013;5204;52010
"Avelinópolis (GO)";5202809;47;58;57;36;51;52;16;13;520003;5201;52001
"Baliza (GO)";5203104;89;81;61;48;72;32;30;14;520014;5204;52009
"Barro Alto (GO)";5203203;149;103;110;102;122;108;55;43;520018;5205;52018
"Bela Vista de Goiás (GO)";5203302;450;360;416;341;443;429;173;179;520001;5201;52002
"Bom Jardim de Goiás (GO)";5203401;180;176;183;121;202;156;92;56;520014;5204;52009
"Bom Jesus de Goiás (GO)";5203500;316;221;297;223;294;270;104;96;520007;5202;52017
"Bonfinópolis (GO)";5203559;110;103;130;106;119;104;51;42;520001;5201;52002
"Bonópolis (GO)";5203575;78;53;36;29;65;49;24;11;520016;5205;52008
"Brazabrantes (GO)";5203609;62;56;69;50;60;69;28;22;520001;5201;52001
"Britânia (GO)";5203807;112;89;88;87;91;97;36;34;520005;5201;52012
"Buriti Alegre (GO)";5203906;192;190;239;177;227;268;93;118;520007;5202;52017
"Buriti de Goiás (GO)";5203939;47;42;52;47;60;46;23;23;520013;5204;52010
"Buritinópolis (GO)";5203962;34;54;51;56;53;45;18;22;520021;5206;52007
"Cabeceiras (GO)";5204003;111;90;108;75;96;92;36;44;520020;5206;52003
"Cachoeira Alta (GO)";5204102;192;171;173;158;214;167;82;83;520010;5203;52015
"Cachoeira de Goiás (GO)";5204201;32;27;37;21;33;30;13;11;520013;5204;52010
"Cachoeira Dourada (GO)";5204250;194;138;164;125;195;162;75;73;520007;5202;52017
"Caçu (GO)";5204300;280;235;233;210;295;249;131;92;520010;5203;52015
"Caiapônia (GO)";5204409;363;315;355;261;332;285;124;140;520011;5203;52016
"Caldas Novas (GO)";5204508;1127;834;1123;832;957;989;295;371;520008;5202;52005
"Caldazinha (GO)";5204557;86;51;72;42;60;52;29;11;520001;5201;52002
"Campestre de Goiás (GO)";5204607;66;62;55;59;61;54;22;20;520015;5204;52001
"Campinaçu (GO)";5204656;87;59;61;52;88;47;33;27;520016;5205;52008
"Campinorte (GO)";5204706;170;129;158;135;192;181;71;66;520017;5205;52014
"Campo Alegre de Goiás (GO)";5204805;111;73;76;63;97;82;37;29;520004;5201;52005
"Campo Limpo de Goiás (GO)";5204854;105;77;82;68;81;79;33;30;520002;5201;52011
"Campos Belos (GO)";5204904;255;198;242;190;228;238;115;111;520021;5206;52006
"Campos Verdes (GO)";5204953;100;81;104;64;100;79;37;32;520018;5205;52013
"Carmo do Rio Verde (GO)";5205000;178;148;174;144;160;165;58;65;520018;5205;52013
"Castelândia (GO)";5205059;72;55;60;38;88;63;42;30;520010;5203;52015
"Catalão (GO)";5205109;1419;899;1445;1009;1144;1406;401;564;520004;5201;52005
"Caturaí (GO)";5205208;87;63;76;74;87;82;20;23;520001;5201;52001
"Cavalcante (GO)";5205307;151;129;109;108;192;113;60;49;520022;5206;52006
"Ceres (GO)";5205406;388;277;381;337;364;415;144;201;520018;5205;52013
"Cezarina (GO)";5205455;147;113;136;85;115;104;47;43;520015;5204;52002
"Chapadão do Céu (GO)";5205471;50;40;44;27;31;34;16;13;520011;5203;52016
"Cidade Ocidental (GO)";5205497;501;324;571;423;380;465;151;181;520019;5206;52004
"Cocalzinho de Goiás (GO)";5205513;281;234;230;197;223;208;82;78;520020;5206;52011
"Colinas do Sul (GO)";5205521;72;61;40;46;85;49;24;13;520017;5205;52014
"Córrego do Ouro (GO)";5205703;55;56;62;55;74;53;17;12;520013;5204;52010
"Corumbá de Goiás (GO)";5205802;212;189;186;145;210;189;79;92;520002;5201;52011
"Corumbaíba (GO)";5205901;176;160;142;121;167;154;62;57;520008;5202;52005
"Cristalina (GO)";5206206;576;408;538;403;494;439;169;213;520019;5206;52004
"Cristianópolis (GO)";5206305;56;61;61;57;70;75;27;34;520009;5202;52002
"Crixás (GO)";5206404;297;229;258;206;275;207;91;92;520018;5205;52013
"Cromínia (GO)";5206503;81;77;85;64;108;93;42;32;520009;5202;52002
"Cumari (GO)";5206602;78;76;91;78;66;80;30;28;520004;5201;52005
"Damianópolis (GO)";5206701;73;53;53;48;73;61;27;27;520021;5206;52007
"Damolândia (GO)";5206800;56;47;64;44;41;43;14;22;520003;5201;52001
"Davinópolis (GO)";5206909;56;52;47;26;55;48;9;12;520004;5201;52005
"Diorama (GO)";5207105;56;58;60;35;62;58;20;24;520014;5204;52009
"Doverlândia (GO)";5207253;186;150;139;102;163;106;39;38;520011;5203;52016
"Edealina (GO)";5207352;84;79;76;64;102;81;38;40;520009;5202;52002
"Edéia (GO)";5207402;207;150;180;165;211;168;68;83;520015;5204;52002
"Estrela do Norte (GO)";5207501;65;49;78;46;77;55;17;19;520016;5205;52008
"Faina (GO)";5207535;183;140;139;102;143;117;65;47;520005;5201;52012
"Fazenda Nova (GO)";5207600;180;119;143;127;158;135;57;61;520013;5204;52009
"Firminópolis (GO)";5207808;297;232;296;250;283;288;105;104;520015;5204;52010
"Flores de Goiás (GO)";5207907;244;152;152;105;173;90;31;21;520022;5206;52003
"Formosa (GO)";5208004;1274;918;1275;963;1112;1248;424;500;520020;5206;52003
"Formoso (GO)";5208103;109;83;85;68;124;108;44;48;520016;5205;52008
"Gameleira de Goiás (GO)";5208152;78;50;56;37;58;39;34;19;520002;5201;52011
"Divinópolis de Goiás (GO)";5208301;89;61;85;55;95;99;46;45;520021;5206;52006
"Goianápolis (GO)";5208400;171;131;180;133;167;147;68;47;520002;5201;52011
"Goiandira (GO)";5208509;134;103;134;110;114;155;51;72;520004;5201;52005
"Goianésia (GO)";5208608;889;687;942;741;895;917;346;383;520018;5205;52018
"Goiânia (GO)";5208707;18723;12997;23737;16597;15263;21695;5837;9833;520001;5201;52001
"Goianira (GO)";5208806;433;306;429;296;372;336;103;144;520001;5201;52001
"Goiás (GO)";5208905;513;378;512;438;481;560;207;236;520005;5201;52012
"Goiatuba (GO)";5209101;596;502;636;521;636;709;230;281;520007;5202;52017
"Gouvelândia (GO)";5209150;118;79;84;48;110;70;38;28;520012;5203;52017
"Guapó (GO)";5209200;254;193;271;218;233;220;89;82;520001;5201;52001
"Guaraíta (GO)";5209291;48;41;50;51;57;43;24;18;520005;5201;52012
"Guarani de Goiás (GO)";5209408;84;73;76;54;91;62;30;30;520021;5206;52007
"Guarinos (GO)";5209457;60;59;51;57;63;33;24;18;520018;5205;52013
"Heitoraí (GO)";5209606;68;71;71;63;77;83;39;28;520003;5201;52012
"Hidrolândia (GO)";5209705;333;244;285;237;293;234;100;89;520001;5201;52002
"Hidrolina (GO)";5209804;83;76;94;76;99;103;40;29;520017;5205;52014
"Iaciara (GO)";5209903;188;114;162;115;156;169;66;64;520021;5206;52007
"Inaciolândia (GO)";5209937;104;92;99;93;101;71;45;23;520012;5203;52017
"Indiara (GO)";5209952;221;181;205;149;249;161;74;63;520015;5204;52002
"Inhumas (GO)";5210000;821;646;944;733;831;972;312;382;520003;5201;52001
"Ipameri (GO)";5210109;503;372;512;378;475;600;192;243;520004;5201;52005
"Ipiranga de Goiás (GO)";5210158;65;52;56;62;87;68;27;22;520018;5205;52013
"Iporá (GO)";5210208;623;572;658;569;752;758;303;300;520014;5204;52009
"Israelândia (GO)";5210307;70;58;78;60;71;60;21;15;520014;5204;52009
"Itaberaí (GO)";5210406;593;407;560;454;490;556;174;213;520003;5201;52012
"Itaguari (GO)";5210562;68;99;96;79;100;92;33;32;520003;5201;52001
"Itaguaru (GO)";5210604;126;112;123;95;130;153;53;59;520003;5201;52018
"Itajá (GO)";5210802;91;86;93;89;139;100;34;43;520010;5203;52015
"Itapaci (GO)";5210901;273;234;329;237;266;287;142;113;520018;5205;52013
"Itapirapuã (GO)";5211008;158;157;172;140;178;159;81;69;520005;5201;52012
"Itapuranga (GO)";5211206;508;428;547;438;527;606;213;227;520005;5201;52012
"Itarumã (GO)";5211305;134;93;103;75;117;82;62;35;520010;5203;52015
"Itauçu (GO)";5211404;210;155;210;156;176;206;92;100;520003;5201;52001
"Itumbiara (GO)";5211503;1696;1316;1907;1340;1611;1846;583;705;520007;5202;52017
"Ivolândia (GO)";5211602;85;65;54;49;75;52;25;13;520013;5204;52009
"Jandaia (GO)";5211701;143;149;135;107;167;133;67;55;520015;5204;52002
"Jaraguá (GO)";5211800;620;488;603;427;586;634;219;244;520002;5201;52018
"Jataí (GO)";5211909;1348;1097;1472;1121;1399;1512;575;723;520011;5203;52016
"Jaupaci (GO)";5212006;71;48;53;55;85;72;38;28;520014;5204;52009
"Jesúpolis (GO)";5212055;61;35;45;37;43;42;21;27;520002;5201;52001
"Joviânia (GO)";5212105;115;87;121;100;119;155;55;56;520007;5202;52017
"Jussara (GO)";5212204;386;301;343;291;374;358;134;145;520005;5201;52012
"Lagoa Santa (GO)";5212253;20;20;33;18;23;19;6;8;520010;5203;52015
"Leopoldo de Bulhões (GO)";5212303;134;97;121;112;121;137;53;45;520002;5201;52002
"Luziânia (GO)";5212501;1961;1337;1968;1449;1668;1682;543;670;520019;5206;52004
"Mairipotaba (GO)";5212600;49;62;49;42;66;51;19;16;520009;5202;52002
"Mambaí (GO)";5212709;83;71;75;83;79;81;24;44;520021;5206;52007
"Mara Rosa (GO)";5212808;219;169;207;158;235;216;79;71;520017;5205;52014
"Marzagão (GO)";5212907;44;35;41;35;52;49;22;17;520008;5202;52005
"Matrinchã (GO)";5212956;89;63;77;45;77;65;13;20;520005;5201;52012
"Maurilândia (GO)";5213004;160;134;153;102;128;139;63;35;520010;5203;52015
"Mimoso de Goiás (GO)";5213053;59;35;44;37;73;50;17;18;520020;5206;52018
"Minaçu (GO)";5213087;613;482;525;366;510;430;186;153;520016;5205;52008
"Mineiros (GO)";5213103;809;551;739;638;726;758;362;351;520011;5203;52016
"Moiporá (GO)";5213400;40;33;48;36;53;48;15;22;520013;5204;52009
"Monte Alegre de Goiás (GO)";5213509;128;99;109;104;147;127;62;55;520021;5206;52006
"Montes Claros de Goiás (GO)";5213707;173;135;138;126;197;128;54;46;520014;5204;52009
"Montividiu (GO)";5213756;146;102;106;87;119;95;43;40;520010;5203;52015
"Montividiu do Norte (GO)";5213772;101;71;64;46;86;48;22;20;520016;5205;52008
"Morrinhos (GO)";5213806;814;665;838;677;850;877;361;385;520008;5202;52017
"Morro Agudo de Goiás (GO)";5213855;56;45;58;39;66;57;18;19;520018;5205;52013
"Mossâmedes (GO)";5213905;120;113;117;103;134;101;48;40;520005;5201;52012
"Mozarlândia (GO)";5214002;207;158;191;163;177;170;67;61;520005;5201;52012
"Mundo Novo (GO)";5214051;148;111;121;76;132;98;42;28;520016;5205;52008
"Mutunópolis (GO)";5214101;74;71;79;61;86;79;32;33;520016;5205;52008
"Nazário (GO)";5214408;155;124;149;121;155;155;55;70;520015;5204;52001
"Nerópolis (GO)";5214507;319;275;362;274;335;356;103;132;520001;5201;52001
"Niquelândia (GO)";5214606;723;527;617;484;697;577;241;265;520017;5205;52014
"Nova América (GO)";5214705;67;38;65;32;62;48;20;24;520018;5205;52013
"Nova Aurora (GO)";5214804;50;35;42;45;59;58;17;29;520004;5201;52005
"Nova Crixás (GO)";5214838;199;195;163;126;180;142;61;40;520005;5201;52012
"Nova Glória (GO)";5214861;185;173;193;167;218;227;119;121;520018;5205;52013
"Nova Iguaçu de Goiás (GO)";5214879;62;64;38;33;47;41;21;18;520017;5205;52014
"Nova Roma (GO)";5214903;72;61;61;55;74;67;29;30;520021;5206;52007
"Nova Veneza (GO)";5215009;144;99;162;122;142;173;51;58;520001;5201;52001
"Novo Brasil (GO)";5215207;106;80;94;71;100;87;29;27;520005;5201;52009
"Novo Gama (GO)";5215231;862;614;956;635;655;674;156;240;520019;5206;52004
"Novo Planalto (GO)";5215256;80;52;64;51;82;51;28;29;520016;5205;52008
"Orizona (GO)";5215306;327;272;301;236;333;278;116;154;520006;5201;52002
"Ouro Verde de Goiás (GO)";5215405;81;67;82;71;68;68;27;23;520002;5201;52001
"Ouvidor (GO)";5215504;132;98;96;86;114;129;39;55;520004;5201;52005
"Padre Bernardo (GO)";5215603;454;338;419;303;444;371;148;138;520020;5206;52018
"Palestina de Goiás (GO)";5215652;66;58;63;52;83;40;33;26;520014;5204;52009
"Palmeiras de Goiás (GO)";5215702;433;332;420;300;440;413;152;150;520015;5204;52010
"Palmelo (GO)";5215801;60;39;52;46;55;71;34;38;520006;5201;52005
"Palminópolis (GO)";5215900;83;71;83;73;84;83;36;24;520015;5204;52010
"Panamá (GO)";5216007;67;68;72;49;88;64;26;22;520007;5202;52017
"Paranaiguara (GO)";5216304;190;162;177;143;214;185;98;101;520012;5203;52015
"Paraúna (GO)";5216403;209;176;205;164;169;198;83;80;520015;5204;52010
"Perolândia (GO)";5216452;60;49;32;33;42;31;25;15;520011;5203;52016
"Petrolina de Goiás (GO)";5216809;175;174;204;166;228;216;82;83;520002;5201;52001
"Pilar de Goiás (GO)";5216908;85;56;52;45;67;54;21;22;520018;5205;52013
"Piracanjuba (GO)";5217104;592;453;507;431;601;599;212;251;520009;5202;52002
"Piranhas (GO)";5217203;266;221;250;201;288;256;93;93;520014;5204;52009
"Pirenópolis (GO)";5217302;422;334;448;303;377;404;145;206;520002;5201;52011
"Pires do Rio (GO)";5217401;574;415;631;481;558;681;210;276;520006;5201;52005
"Planaltina (GO)";5217609;836;622;936;635;721;700;221;225;520020;5206;52003
"Pontalina (GO)";5217708;403;321;384;292;412;419;157;179;520009;5202;52002
"Porangatu (GO)";5218003;663;530;703;540;697;655;271;274;520016;5205;52008
"Porteirão (GO)";5218052;56;32;40;24;47;37;12;6;520010;5203;52015
"Portelândia (GO)";5218102;58;73;54;52;76;66;31;21;520011;5203;52016
"Posse (GO)";5218300;397;296;343;306;340;370;120;148;520021;5206;52007
"Professor Jamil (GO)";5218391;67;64;69;51;81;62;39;27;520009;5202;52002
"Quirinópolis (GO)";5218508;802;607;779;604;880;783;292;302;520012;5203;52015
"Rialma (GO)";5218607;190;155;202;165;171;224;85;58;520018;5205;52013
"Rianápolis (GO)";5218706;75;62;88;67;106;85;36;35;520018;5205;52013
"Rio Quente (GO)";5218789;58;41;50;28;42;35;13;9;520008;5202;52005
"Rio Verde (GO)";5218805;2378;1766;2331;1718;2006;2064;750;872;520010;5203;52015
"Rubiataba (GO)";5218904;374;260;382;321;339;414;134;153;520018;5205;52013
"Sanclerlândia (GO)";5219001;152;143;169;141;168;160;57;50;520013;5204;52010
"Santa Bárbara de Goiás (GO)";5219100;89;82;80;75;94;99;35;33;520015;5204;52001
"Santa Cruz de Goiás (GO)";5219209;89;66;75;54;82;60;24;32;520006;5201;52005
"Santa Fé de Goiás (GO)";5219258;89;64;68;54;72;63;20;36;520005;5201;52012
"Santa Helena de Goiás (GO)";5219308;659;491;630;495;633;637;257;262;520010;5203;52015
"Santa Isabel (GO)";5219357;98;62;84;68;97;92;36;32;520018;5205;52013
"Santa Rita do Araguaia (GO)";5219407;97;99;117;101;118;101;47;39;520011;5203;52016
"Santa Rita do Novo Destino (GO)";5219456;78;51;61;46;68;40;18;19;520018;5205;52018
"Santa Rosa de Goiás (GO)";5219506;55;61;61;68;64;63;28;24;520002;5201;52001
"Santa Tereza de Goiás (GO)";5219605;88;81;89;70;96;98;43;32;520016;5205;52008
"Santa Terezinha de Goiás (GO)";5219704;225;153;178;156;203;179;88;73;520018;5205;52013
"Santo Antônio da Barra (GO)";5219712;95;77;81;75;86;52;25;21;520010;5203;52015
"Santo Antônio de Goiás (GO)";5219738;61;53;67;48;51;60;15;14;520001;5201;52001
"Santo Antônio do Descoberto (GO)";5219753;609;490;734;478;501;571;211;226;520019;5206;52004
"São Domingos (GO)";5219803;198;161;146;127;178;152;66;93;520021;5206;52007
"São Francisco de Goiás (GO)";5219902;149;123;126;100;128;100;47;49;520002;5201;52001
"São João d'Aliança (GO)";5220009;167;140;115;105;142;103;44;43;520022;5206;52003
"São João da Paraúna (GO)";5220058;49;26;35;34;44;36;18;18;520015;5204;52010
"São Luís de Montes Belos (GO)";5220108;605;482;617;472;570;635;249;261;520013;5204;52010
"São Luiz do Norte (GO)";5220157;85;53;65;48;75;77;31;28;520017;5205;52013
"São Miguel do Araguaia (GO)";5220207;469;302;349;306;394;385;144;134;520016;5205;52008
"São Miguel do Passa Quatro (GO)";5220264;92;57;79;57;59;63;38;17;520002;5201;52002
"São Patrício (GO)";5220280;53;42;47;38;42;49;17;13;520018;5205;52013
"São Simão (GO)";5220405;271;265;299;229;345;283;139;109;520012;5203;52015
"Senador Canedo (GO)";5220454;768;574;918;668;682;786;232;279;520001;5201;52002
"Serranópolis (GO)";5220504;129;150;118;115;137;110;55;46;520011;5203;52016
"Silvânia (GO)";5220603;336;275;329;262;343;335;102;145;520002;5201;52002
"Simolândia (GO)";5220686;86;57;87;79;89;91;44;39;520021;5206;52007
"Sítio d'Abadia (GO)";5220702;52;28;41;29;46;32;11;21;520021;5206;52007
"Taquaral de Goiás (GO)";5221007;77;62;92;49;81;88;28;38;520003;5201;52001
"Teresina de Goiás (GO)";5221080;56;43;31;32;60;42;13;21;520022;5206;52006
"Terezópolis de Goiás (GO)";5221197;101;71;103;80;79;84;32;26;520001;5201;52011
"Três Ranchos (GO)";5221304;80;54;66;51;67;54;20;17;520004;5201;52005
"Trindade (GO)";5221403;1451;1107;1688;1184;1332;1519;475;528;520001;5201;52001
"Trombas (GO)";5221452;88;75;79;50;82;69;35;21;520016;5205;52008
"Turvânia (GO)";5221502;119;93;103;90;119;115;37;49;520015;5204;52010
"Turvelândia (GO)";5221551;70;54;62;23;52;52;18;14;520010;5203;52015
"Uirapuru (GO)";5221577;74;70;65;43;61;50;32;17;520018;5205;52013
"Uruaçu (GO)";5221601;651;482;672;544;675;654;255;281;520017;5205;52014
"Uruana (GO)";5221700;289;219;283;231;275;301;95;117;520018;5205;52013
"Urutaí (GO)";5221809;77;55;61;63;62;66;28;22;520006;5201;52005
"Valparaíso de Goiás (GO)";5221858;1210;728;1185;847;812;1032;258;369;520019;5206;52004
"Varjão (GO)";5221908;87;75;84;52;89;97;29;30;520001;5201;52002
"Vianópolis (GO)";5222005;223;145;205;169;190;219;80;97;520002;5201;52002
"Vicentinópolis (GO)";5222054;102;83;80;69;94;81;42;36;520009;5202;52002
"Vila Boa (GO)";5222203;63;45;37;42;48;30;15;12;520022;5206;52003
"Vila Propício (GO)";5222302;121;92;92;62;79;74;33;23;520018;5205;52018
"Brasília (DF)";5300108;30889;21160;39078;26915;24644;32305;8289;14333;530001;5301;53001
