Cod;Municipio;Homem_60_64_2000;Mulher_60_64_2000;Homem_65_69_2000;Mulher_65_69_2000;Homem_70_74_2000;Mulher_70_74_2000;Homem_75_79_2000;Mulher_75_79_2000;Homem_80_84_2000;Mulher_80_84_2000;Homem_85_89_2000;Mulher_85_89_2000;Homem_90_94_2000;Mulher_90_94_2000;Homem_95_99_2000;Mulher_95_99_2000;Homem_100_2000;Mulher_100_2000;cod_rgi;cod_rgint;cod_regiao_saude
1100015;Alta Floresta D'Oeste (RO);345;251;249;170;155;101;74;45;25;24;19;15;3;3;1;2;2;2;110005;1102;11005
1100023;Ariquemes (RO);751;569;551;426;367;246;184;146;81;69;37;18;11;15;8;11;5;3;110002;1101;11001
1100031;Cabixi (RO);107;105;99;59;51;35;32;17;13;14;8;3;4;2;3;2;1;0;110006;1102;11006
1100049;Cacoal (RO);773;726;572;545;456;394;261;197;134;109;51;50;10;15;4;8;4;3;110005;1102;11002
1100056;Cerejeiras (RO);253;211;180;159;143;102;78;54;47;28;13;10;2;9;1;2;2;0;110006;1102;11006
1100064;Colorado do Oeste (RO);301;290;260;192;145;114;117;67;50;41;17;17;7;6;2;1;0;1;110006;1102;11006
1100072;Corumbiara (RO);167;93;93;65;45;26;24;16;13;10;3;5;3;2;1;0;0;0;110006;1102;11006
1100080;Costa Marques (RO);120;69;87;64;80;30;35;12;15;13;6;3;0;1;1;0;0;0;110004;1102;11007
1100098;Espigão D'Oeste (RO);264;228;217;194;150;115;99;70;39;19;20;15;6;6;2;1;0;0;110005;1102;11002
1100106;Guajará-Mirim (RO);380;342;284;269;262;193;183;123;89;69;44;36;15;15;3;10;2;1;110001;1101;11004
1100114;Jaru (RO);605;490;444;380;298;218;192;144;101;70;42;28;9;12;3;3;7;5;110003;1101;11003
1100122;Ji-Paraná (RO);1053;948;808;765;596;488;344;335;190;139;72;66;24;25;12;10;4;9;110004;1102;11003
1100130;Machadinho D'Oeste (RO);307;145;160;106;100;69;61;23;18;13;6;8;1;4;3;2;3;2;110003;1101;11001
1100148;Nova Brasilândia D'Oeste (RO);203;146;190;116;139;70;57;34;23;13;11;9;1;6;1;1;1;1;110005;1102;11005
1100155;Ouro Preto do Oeste (RO);424;412;333;287;253;214;155;127;70;51;28;30;11;15;2;3;4;3;110004;1102;11003
1100189;Pimenta Bueno (RO);328;289;263;241;194;144;119;95;58;39;28;16;9;3;2;2;2;2;110005;1102;11002
1100205;Porto Velho (RO);2549;2576;1783;1888;1334;1308;851;842;441;445;175;231;61;83;32;32;31;28;110001;1101;11004
1100254;Presidente Médici (RO);347;341;284;219;197;162;107;82;78;27;21;21;6;4;3;2;2;0;110004;1102;11003
1100262;Rio Crespo (RO);50;32;40;25;19;10;12;4;3;6;0;0;0;0;0;0;0;0;110002;1101;11001
1100288;Rolim de Moura (RO);556;480;483;361;342;248;175;144;87;75;40;33;7;6;1;2;2;3;110005;1102;11005
1100296;Santa Luzia D'Oeste (RO);154;122;102;94;86;44;53;36;26;11;13;7;2;5;0;1;1;1;110005;1102;11005
1100304;Vilhena (RO);534;515;393;357;267;208;147;105;61;55;26;26;3;12;4;3;6;4;110006;1102;11006
1100320;São Miguel do Guaporé (RO);282;189;197;102;103;56;47;29;14;17;10;7;1;1;1;1;2;1;110004;1102;11003
1100338;Nova Mamoré (RO);176;89;106;59;66;46;41;25;17;13;4;7;1;2;0;1;0;2;110001;1101;11004
1100346;Alvorada D'Oeste (RO);250;187;189;152;153;66;66;43;29;16;12;8;5;1;0;2;2;3;110004;1102;11003
1100379;Alto Alegre dos Parecis (RO);147;101;97;54;62;35;28;16;13;11;2;3;1;0;0;0;0;1;110005;1102;11005
1100403;Alto Paraíso (RO);165;106;129;66;83;35;33;24;12;10;5;4;1;2;1;0;2;2;110002;1101;11001
1100452;Buritis (RO);263;101;136;66;69;41;35;17;10;9;3;1;1;3;2;4;2;1;110002;1101;11001
1100502;Novo Horizonte do Oeste (RO);185;116;121;83;69;36;40;25;14;12;3;5;2;0;0;1;0;2;110005;1102;11005
1100601;Cacaulândia (RO);65;43;43;30;32;16;18;7;8;3;3;1;0;0;1;0;0;1;110002;1101;11001
1100700;Campo Novo de Rondônia (RO);118;64;100;38;42;13;10;9;9;7;5;3;3;3;1;0;0;0;110002;1101;11001
1100809;Candeias do Jamari (RO);161;95;117;53;66;39;47;17;15;14;8;2;0;2;1;1;0;1;110001;1101;11004
1100908;Castanheiras (RO);67;60;49;25;32;17;15;7;12;4;3;1;1;0;0;1;0;0;110005;1102;11005
1100924;Chupinguaia (RO);74;33;48;21;24;10;7;4;7;4;1;3;1;0;1;1;0;1;110006;1102;11006
1100940;Cujubim (RO);78;33;48;24;21;10;6;3;3;2;1;1;1;0;2;0;5;3;110002;1101;11001
1101005;Governador Jorge Teixeira (RO);157;101;118;82;73;35;48;19;16;9;5;8;1;1;3;2;0;4;110003;1101;11003
1101104;Itapuã do Oeste (RO);94;63;55;36;34;18;15;8;7;5;8;3;1;1;1;0;0;1;110001;1101;11004
1101203;Ministro Andreazza (RO);132;97;99;75;60;60;55;39;17;6;6;3;1;4;1;1;1;2;110005;1102;11002
1101302;Mirante da Serra (RO);152;144;147;86;87;50;54;28;20;16;5;9;4;3;1;1;3;0;110004;1102;11003
1101401;Monte Negro (RO);181;105;102;72;83;36;30;15;7;12;6;3;2;1;2;0;1;1;110002;1101;11001
1101435;Nova União (RO);108;74;65;48;35;24;30;20;16;7;6;4;0;3;0;0;0;1;110004;1102;11003
1101450;Parecis (RO);47;26;31;15;19;8;5;5;5;1;2;2;0;0;1;0;2;0;110005;1102;11005
1101468;Pimenteiras do Oeste (RO);32;26;15;12;12;13;12;2;2;1;1;2;0;2;0;0;0;1;110006;1102;11006
1101476;Primavera de Rondônia (RO);69;49;46;21;31;14;25;14;9;3;1;1;1;2;1;1;0;1;110005;1102;11002
1101484;São Felipe D'Oeste (RO);98;67;76;40;43;26;23;17;12;8;3;5;1;0;0;0;0;2;110005;1102;11002
1101492;São Francisco do Guaporé (RO);121;47;74;25;41;21;14;5;5;4;2;2;0;2;0;0;1;0;110004;1102;11007
1101500;Seringueiras (RO);120;99;95;42;48;18;13;11;6;4;2;2;2;1;0;0;0;2;110004;1102;11007
1101559;Teixeirópolis (RO);77;58;59;53;46;32;26;18;12;3;3;6;2;1;1;0;0;4;110004;1102;11003
1101609;Theobroma (RO);138;102;100;42;55;20;21;23;10;8;3;6;1;1;0;0;1;4;110003;1101;11003
1101708;Urupá (RO);209;129;122;94;72;40;45;29;20;25;7;8;6;1;2;0;1;3;110004;1102;11003
1101757;Vale do Anari (RO);109;68;69;28;42;20;14;7;3;4;5;1;0;1;1;1;0;0;110003;1101;11003
1101807;Vale do Paraíso (RO);127;89;97;63;62;36;29;19;11;7;3;1;1;2;0;1;1;0;110004;1102;11003
1200013;Acrelândia (AC);100;53;66;39;49;22;19;13;8;8;1;0;2;0;0;0;0;1;120001;1201;12002
1200054;Assis Brasil (AC);29;23;22;23;23;23;23;13;13;3;3;3;0;0;2;0;1;0;120002;1201;12001
1200104;Brasiléia (AC);198;147;175;96;103;74;67;44;31;26;24;19;7;5;0;2;4;3;120002;1201;12001
1200138;Bujari (AC);68;20;61;25;39;14;19;13;10;4;5;1;2;1;0;0;0;0;120001;1201;12002
1200179;Capixaba (AC);62;35;46;16;35;14;17;15;6;5;3;4;1;1;1;0;0;1;120001;1201;12002
1200203;Cruzeiro do Sul (AC);613;579;462;422;333;279;222;210;137;138;89;85;28;35;11;15;1;3;120004;1202;12003
1200252;Epitaciolândia (AC);110;87;111;70;86;51;48;37;33;19;9;5;6;4;0;1;3;3;120002;1201;12001
1200302;Feijó (AC);252;193;173;145;165;128;75;61;59;34;28;15;12;8;4;5;3;1;120005;1202;12003
1200328;Jordão (AC);26;25;21;10;18;22;12;8;10;3;9;2;1;2;0;0;3;1;120005;1202;12002
1200336;Mâncio Lima (AC);110;76;54;55;42;53;37;27;27;21;10;14;5;2;1;1;0;1;120004;1202;12003
1200344;Manoel Urbano (AC);57;50;62;40;17;22;25;13;11;9;10;8;1;0;0;0;0;0;120003;1201;12002
1200351;Marechal Thaumaturgo (AC);54;33;41;24;30;19;18;12;13;5;3;2;2;0;0;0;1;4;120004;1202;12003
1200385;Plácido de Castro (AC);199;122;138;96;111;64;79;41;26;18;12;10;1;2;0;0;2;2;120001;1201;12002
1200393;Porto Walter (AC);41;32;28;25;19;19;9;6;11;4;5;1;2;3;0;0;0;0;120004;1202;12003
1200401;Rio Branco (AC);2019;2224;1546;1654;1279;1340;928;844;550;516;250;326;72;111;24;30;14;18;120001;1201;12002
1200427;Rodrigues Alves (AC);66;49;45;40;31;22;20;16;5;10;10;4;4;4;3;0;3;0;120004;1202;12003
1200435;Santa Rosa do Purus (AC);19;17;18;10;4;12;8;8;5;3;0;1;0;0;0;0;0;0;120003;1201;12002
1200450;Senador Guiomard (AC);211;194;177;120;156;87;88;56;53;35;21;20;7;4;2;4;1;1;120001;1201;12002
1200500;Sena Madureira (AC);286;227;235;186;182;145;109;97;68;64;41;38;10;17;4;6;1;2;120003;1201;12002
1200609;Tarauacá (AC);238;216;189;151;150;127;102;75;61;53;33;29;6;3;4;2;2;2;120005;1202;12003
1200708;Xapuri (AC);146;123;117;90;123;83;63;53;31;30;14;21;3;6;1;0;3;0;120002;1201;12001
1200807;Porto Acre (AC);130;96;104;59;81;43;48;15;25;11;11;4;2;0;2;2;0;1;120001;1201;12002
1300029;Alvarães (AM);120;83;85;52;48;38;33;18;14;10;5;4;1;3;1;0;0;2;130005;1302;13008
1300060;Amaturá (AM);65;60;39;47;37;24;21;17;21;14;7;4;2;2;2;2;1;0;130006;1302;13009
1300086;Anamã (AM);58;83;59;29;38;24;24;12;17;12;6;1;2;2;2;0;0;1;130004;1301;13002
1300102;Anori (AM);123;89;98;77;76;39;49;32;18;25;19;17;8;8;0;5;2;0;130003;1301;13002
1300144;Apuí (AM);139;76;75;51;55;18;20;13;8;4;6;4;2;5;0;2;0;0;130009;1303;13003
1300201;Atalaia do Norte (AM);66;66;65;28;41;26;25;12;7;3;6;3;2;3;1;7;1;0;130006;1302;13009
1300300;Autazes (AM);251;184;220;158;155;111;108;95;53;50;37;37;8;17;3;4;2;0;130001;1301;13001
1300409;Barcelos (AM);247;187;161;131;96;81;40;27;31;15;8;6;3;4;0;2;0;1;130002;1301;13001
1300508;Barreirinha (AM);202;202;181;164;146;125;108;100;58;55;35;41;7;24;3;2;2;3;130010;1304;13005
1300607;Benjamin Constant (AM);236;226;184;152;143;95;87;38;44;42;23;20;5;5;4;2;0;2;130006;1302;13009
1300631;Beruri (AM);104;85;107;59;53;42;34;29;26;10;9;9;6;1;0;2;2;2;130003;1301;13002
1300680;Boa Vista do Ramos (AM);91;78;94;65;54;24;38;43;31;24;15;11;1;3;1;2;4;1;130010;1304;13005
1300706;Boca do Acre (AM);277;260;225;184;145;124;120;72;42;54;26;35;9;13;1;2;2;3;130008;1303;13006
1300805;Borba (AM);256;233;215;144;153;118;111;80;64;70;36;57;10;16;1;8;5;3;130001;1301;13003
1300839;Caapiranga (AM);64;64;68;41;40;34;25;18;15;6;2;0;3;4;1;0;1;0;130004;1301;13002
1300904;Canutama (AM);98;70;84;41;35;34;29;13;11;11;2;2;0;2;1;1;0;1;130008;1303;13006
1301001;Carauari (AM);164;175;149;113;102;80;52;53;36;37;16;21;4;7;2;3;2;1;130005;1302;13007
1301100;Careiro (AM);281;215;241;166;168;93;100;58;38;25;14;17;9;5;0;1;2;0;130001;1301;13001
1301159;Careiro da Várzea (AM);262;170;193;130;125;92;81;57;38;29;15;20;9;4;5;2;2;3;130001;1301;13001
1301209;Coari (AM);510;468;415;343;278;231;198;145;99;89;46;36;22;18;6;8;3;2;130003;1301;13002
1301308;Codajás (AM);150;154;130;100;102;80;56;53;24;23;19;20;7;5;2;4;1;2;130003;1301;13002
1301407;Eirunepé (AM);178;181;158;150;121;88;76;50;37;35;30;21;12;8;2;4;3;3;130007;1302;13007
1301506;Envira (AM);123;106;136;81;59;41;31;13;27;12;17;10;8;9;0;2;1;2;130007;1302;13007
1301605;Fonte Boa (AM);238;207;186;144;78;78;92;53;46;44;12;17;14;12;3;1;0;5;130005;1302;13009
1301654;Guajará (AM);91;91;82;46;44;37;30;23;15;11;8;6;0;0;2;0;3;2;130007;1302;13007
1301704;Humaitá (AM);289;260;271;211;175;144;113;112;61;49;29;26;4;15;2;2;2;4;130009;1303;13003
1301803;Ipixuna (AM);80;88;64;49;56;36;49;39;34;13;11;6;2;2;1;1;1;1;130007;1302;13007
1301852;Iranduba (AM);374;329;261;230;175;133;99;83;55;41;30;25;10;19;3;3;4;6;130001;1301;13001
1301902;Itacoatiara (AM);764;639;583;514;416;331;252;252;147;141;78;89;32;57;17;16;1;6;130011;1304;13004
1301951;Itamarati (AM);40;28;42;28;27;13;17;17;8;6;2;6;0;1;2;0;0;0;130007;1302;13007
1302009;Itapiranga (AM);81;76;55;48;41;33;27;27;22;13;11;10;5;9;0;1;0;2;130011;1304;13004
1302108;Japurá (AM);100;67;52;38;39;12;10;8;5;0;1;1;0;1;0;1;0;0;130005;1302;13008
1302207;Juruá (AM);43;37;53;38;26;18;16;18;12;6;4;3;2;4;2;0;1;0;130005;1302;13008
1302306;Jutaí (AM);153;118;100;101;83;48;41;28;13;19;14;9;7;2;1;0;0;0;130005;1302;13009
1302405;Lábrea (AM);264;235;213;193;158;137;96;70;49;45;24;24;6;6;2;5;4;1;130008;1303;13006
1302504;Manacapuru (AM);769;675;587;499;424;376;264;259;134;130;71;86;23;28;11;12;6;7;130004;1301;13002
1302553;Manaquiri (AM);159;140;129;91;98;71;57;46;26;29;14;5;6;8;0;2;0;0;130001;1301;13001
1302603;Manaus (AM);10026;12023;7008;9168;5101;6860;3314;4497;1676;2548;769;1494;262;545;101;183;64;92;130001;1301;13001
1302702;Manicoré (AM);364;336;293;259;193;158;130;132;77;77;56;40;11;15;4;4;4;2;130009;1303;13003
1302801;Maraã (AM);127;88;86;57;59;32;29;18;16;10;7;6;7;3;1;1;0;3;130005;1302;13008
1302900;Maués (AM);386;346;411;344;300;218;198;178;104;88;48;58;12;18;1;6;4;4;130010;1304;13005
1303007;Nhamundá (AM);160;157;142;110;101;72;66;63;32;40;20;21;4;10;0;7;0;1;130010;1304;13005
1303106;Nova Olinda do Norte (AM);213;213;171;184;182;111;130;110;69;80;26;39;13;5;1;4;2;3;130001;1301;13001
1303205;Novo Airão (AM);113;84;78;65;66;37;43;25;17;16;12;12;1;2;2;1;2;0;130004;1301;13002
1303304;Novo Aripuanã (AM);152;139;143;127;76;59;65;50;44;40;22;10;7;6;1;3;0;5;130009;1303;13003
1303403;Parintins (AM);838;786;738;735;509;430;332;308;180;170;103;103;17;57;9;15;11;6;130010;1304;13005
1303502;Pauini (AM);124;121;111;77;68;42;44;22;14;19;4;11;1;2;1;0;0;1;130008;1303;13006
1303536;Presidente Figueiredo (AM);155;94;91;67;59;39;40;25;19;7;4;8;1;4;2;2;1;1;130001;1301;13001
1303569;Rio Preto da Eva (AM);153;92;114;70;70;28;28;13;8;9;7;8;0;5;0;3;2;0;130001;1301;13001
1303601;Santa Isabel do Rio Negro (AM);123;101;100;64;49;38;32;26;26;17;11;7;0;4;0;1;0;0;130002;1301;13001
1303700;Santo Antônio do Içá (AM);177;139;128;110;90;65;67;50;43;33;16;18;3;8;4;6;2;5;130006;1302;13009
1303809;São Gabriel da Cachoeira (AM);299;263;187;188;156;145;109;91;58;48;34;36;7;15;10;6;4;2;130002;1301;13001
1303908;São Paulo de Olivença (AM);169;181;111;118;109;76;67;53;40;21;14;10;1;2;0;1;0;1;130006;1302;13009
1303957;São Sebastião do Uatumã (AM);71;40;40;57;36;21;26;26;13;12;4;9;3;5;3;0;0;0;130011;1304;13004
1304005;Silves (AM);63;53;58;61;53;42;35;25;12;7;9;6;1;3;0;2;0;0;130011;1304;13004
1304062;Tabatinga (AM);280;302;237;190;168;143;86;104;48;49;41;32;12;6;3;7;3;8;130006;1302;13009
1304104;Tapauá (AM);123;66;82;72;58;40;38;32;17;14;14;17;2;1;0;1;2;1;130008;1303;13006
1304203;Tefé (AM);508;451;377;332;245;247;179;152;98;94;47;55;23;30;7;8;2;4;130005;1302;13008
1304237;Tonantins (AM);107;110;90;86;78;61;42;26;20;11;8;5;2;5;1;2;0;1;130006;1302;13009
1304260;Uarini (AM);69;40;53;33;46;34;13;21;11;13;5;5;1;3;1;0;1;0;130005;1302;13008
1304302;Urucará (AM);146;140;128;95;80;82;69;60;31;21;10;26;7;6;3;2;3;2;130011;1304;13004
1304401;Urucurituba (AM);109;119;107;80;59;57;76;65;58;46;20;25;5;14;1;2;0;1;130011;1304;13004
1400027;Amajari (RR);70;47;54;23;40;19;31;12;10;13;6;2;1;1;1;0;2;1;140002;1401;14001
1400050;Alto Alegre (RR);170;81;106;79;71;44;35;30;38;28;12;18;3;1;3;2;1;4;140001;1401;14001
1400100;Boa Vista (RR);1294;1343;942;927;682;766;455;481;230;249;109;134;27;35;8;12;6;9;140001;1401;14001
1400159;Bonfim (RR);75;47;61;49;34;45;27;16;8;14;6;10;2;2;0;0;0;1;140001;1401;14001
1400175;Cantá (RR);125;62;72;29;40;9;29;16;16;9;3;3;2;4;1;0;0;1;140001;1401;14001
1400209;Caracaraí (RR);172;90;110;67;69;40;29;28;19;10;5;6;2;2;0;0;0;2;140004;1402;14002
1400233;Caroebe (RR);68;35;37;29;30;19;18;14;5;5;1;4;0;0;1;0;0;0;140003;1402;14002
1400282;Iracema (RR);67;25;31;22;20;16;6;12;8;5;2;2;0;1;0;1;3;0;140004;1402;14002
1400308;Mucajaí (RR);148;97;81;59;53;41;32;19;14;19;5;5;1;3;0;4;1;1;140001;1401;14001
1400407;Normandia (RR);53;27;32;31;32;12;22;13;8;10;4;4;3;1;1;0;1;0;140002;1401;14001
1400456;Pacaraima (RR);47;33;36;41;21;19;24;15;10;8;6;4;4;2;2;0;1;0;140002;1401;14001
1400472;Rorainópolis (RR);169;89;100;62;61;44;28;19;18;11;5;4;0;2;0;0;0;3;140003;1402;14002
1400506;São João da Baliza (RR);50;35;38;24;18;15;13;5;9;6;3;3;0;0;0;0;0;0;140003;1402;14002
1400605;São Luiz do Anauá (RR);45;40;35;24;22;21;13;11;5;4;6;0;1;2;0;0;1;0;140003;1402;14002
1400704;Uiramutã (RR);44;39;29;21;21;19;17;8;7;5;6;4;2;3;0;1;2;2;140002;1401;14001
1500107;Abaetetuba (PA);1062;1067;797;819;527;621;379;423;258;304;162;200;49;77;13;39;7;13;150003;1501;15011
1500131;Abel Figueiredo (PA);64;46;54;40;34;30;19;13;13;7;11;4;1;1;0;0;0;0;150009;1503;15003
1500206;Acará (PA);519;453;428;360;321;218;194;148;110;100;46;70;13;18;8;10;2;3;150001;1501;15007
1500305;Afuá (PA);247;195;186;177;154;97;84;66;51;47;37;27;19;19;5;9;3;2;150020;1507;15013
1500347;Água Azul do Norte (PA);275;150;153;69;82;38;40;23;17;11;3;5;0;2;0;0;1;3;150014;1504;15001
1500404;Alenquer (PA);463;441;414;345;321;295;170;159;104;104;46;81;18;31;3;6;2;5;150015;1505;15002
1500503;Almeirim (PA);258;182;241;149;135;104;74;64;40;44;18;23;12;5;5;5;3;4;150019;1506;15002
1500602;Altamira (PA);714;631;547;507;394;375;274;203;124;111;52;33;9;17;5;10;7;5;150018;1506;15012
1500701;Anajás (PA);119;108;133;106;87;64;49;49;32;22;10;12;10;5;2;5;1;3;150020;1507;15014
1500800;Ananindeua (PA);2824;3282;1868;2391;1285;1667;712;1066;378;711;195;387;76;165;24;63;19;29;150001;1501;15006
1500859;Anapu (PA);111;65;73;37;35;19;11;10;9;4;3;4;2;0;0;0;2;0;150018;1506;15012
1500909;Augusto Corrêa (PA);310;323;285;262;188;205;146;135;103;105;33;35;19;13;2;3;4;6;150005;1502;15009
1500958;Aurora do Pará (PA);217;159;170;121;114;83;67;52;31;46;34;30;9;9;2;4;2;2;150007;1502;15008
1501006;Aveiro (PA);190;154;116;94;78;49;60;48;26;23;12;13;3;6;0;0;2;2;150016;1505;15010
1501105;Bagre (PA);90;77;85;73;61;51;44;38;52;37;19;20;2;8;1;1;0;2;150020;1507;15014
1501204;Baião (PA);225;210;155;147;129;106;69;81;41;53;23;20;6;13;5;4;0;2;150011;1503;15011
1501253;Bannach (PA);56;19;30;10;14;1;6;2;3;3;3;0;0;1;0;0;0;0;150012;1504;15001
1501303;Barcarena (PA);487;449;338;375;240;221;201;181;119;127;74;79;13;40;7;12;5;5;150001;1501;15011
1501402;Belém (PA);12477;16328;8906;12724;6470;9886;4041;6270;2071;4162;1070;2513;334;953;121;371;60;103;150001;1501;15006
1501451;Belterra (PA);219;184;160;126;94;88;74;41;26;27;12;8;4;1;1;1;1;4;150015;1505;15002
1501501;Benevides (PA);348;319;269;264;173;158;104;119;55;84;25;48;15;14;3;4;1;2;150001;1501;15006
1501576;Bom Jesus do Tocantins (PA);162;121;119;112;105;68;59;54;38;31;12;12;3;3;2;1;1;1;150009;1503;15003
1501600;Bonito (PA);105;104;100;77;67;71;55;39;34;13;27;7;2;0;1;3;1;2;150006;1502;15009
1501709;Bragança (PA);985;958;805;886;646;654;398;406;240;276;135;133;23;53;9;14;6;9;150005;1502;15009
1501725;Brasil Novo (PA);215;154;144;93;107;71;48;31;22;13;9;6;1;2;0;2;2;0;150018;1506;15012
1501758;Brejo Grande do Araguaia (PA);76;67;67;47;41;20;30;19;17;8;12;6;1;2;0;1;1;0;150009;1503;15003
1501782;Breu Branco (PA);338;213;231;118;150;83;71;31;40;40;19;18;1;6;2;1;6;2;150011;1503;15004
1501808;Breves (PA);510;576;512;485;409;304;252;240;215;245;104;140;47;51;9;20;6;10;150020;1507;15014
1501907;Bujaru (PA);212;219;179;145;114;126;94;79;31;47;27;25;15;17;3;2;2;1;150001;1501;15007
1501956;Cachoeira do Piriá (PA);177;78;107;57;48;32;36;28;15;12;1;6;1;2;0;1;0;1;150005;1502;15009
1502004;Cachoeira do Arari (PA);185;174;148;166;118;99;64;79;42;45;15;26;11;13;2;3;2;1;150021;1507;15013
1502103;Cametá (PA);958;1019;703;791;602;636;384;456;298;338;125;244;51;83;22;44;7;14;150002;1501;15011
1502152;Canaã dos Carajás (PA);146;81;85;53;42;25;22;11;5;6;4;1;0;1;1;0;1;3;150010;1503;15003
1502202;Capanema (PA);665;687;527;543;413;435;252;243;137;163;89;102;27;48;4;12;5;9;150006;1502;15009
1502301;Capitão Poço (PA);523;495;421;327;279;260;198;155;74;81;51;46;16;16;6;4;2;1;150008;1502;15008
1502400;Castanhal (PA);1248;1359;873;984;701;784;385;446;221;303;153;176;37;79;15;27;8;20;150004;1502;15008
1502509;Chaves (PA);178;154;131;113;87;83;53;39;36;38;17;15;4;7;8;1;3;6;150020;1507;15013
1502608;Colares (PA);133;126;115;102;73;71;47;55;22;38;8;12;5;10;3;3;0;0;150001;1501;15007
1502707;Conceição do Araguaia (PA);592;448;412;358;297;239;175;143;111;94;64;49;16;18;5;8;3;0;150012;1504;15001
1502756;Concórdia do Pará (PA);187;197;180;155;140;129;61;66;62;44;33;19;14;6;4;3;0;4;150001;1501;15007
1502764;Cumaru do Norte (PA);57;21;39;11;8;5;11;4;3;3;2;0;2;3;2;2;1;0;150012;1504;15001
1502772;Curionópolis (PA);302;179;241;93;145;61;72;32;22;20;6;10;1;2;2;1;1;2;150010;1503;15003
1502806;Curralinho (PA);174;147;134;92;73;58;68;55;61;58;38;37;20;15;4;7;2;6;150020;1507;15014
1502855;Curuá (PA);91;85;80;71;56;38;34;34;24;39;13;9;0;6;0;2;0;1;150017;1505;15002
1502905;Curuçá (PA);381;367;328;312;204;205;157;153;87;106;37;56;18;18;8;14;4;5;150004;1502;15008
1502939;Dom Eliseu (PA);330;241;215;183;130;101;63;54;37;37;23;19;6;4;1;3;1;2;150007;1502;15003
1502954;Eldorado do Carajás (PA);318;203;208;124;116;55;55;37;28;13;9;8;3;1;0;1;1;2;150010;1503;15003
1503002;Faro (PA);111;80;84;69;50;50;32;31;15;28;11;17;1;3;0;1;0;0;150017;1505;15002
1503044;Floresta do Araguaia (PA);208;106;104;82;83;51;48;28;24;16;9;4;3;3;1;1;1;0;150012;1504;15001
1503077;Garrafão do Norte (PA);218;184;173;126;121;83;65;52;35;20;18;14;2;5;1;2;2;2;150008;1502;15008
1503093;Goianésia do Pará (PA);228;166;149;101;79;47;43;28;27;15;6;8;1;2;1;1;2;2;150011;1503;15004
1503101;Gurupá (PA);205;185;154;148;89;102;76;55;43;31;35;25;7;7;1;7;2;5;150020;1507;15014
1503200;Igarapé-Açu (PA);384;362;314;311;230;220;139;111;89;91;45;58;20;21;4;7;4;1;150004;1502;15008
1503309;Igarapé-Miri (PA);478;496;393;414;272;254;177;186;148;163;71;136;24;40;8;20;7;7;150003;1501;15011
1503408;Inhangapi (PA);86;71;73;64;67;50;39;38;16;17;8;12;0;4;2;3;0;0;150004;1502;15008
1503457;Ipixuna do Pará (PA);235;152;156;69;98;68;48;28;37;14;17;11;4;8;6;2;5;1;150007;1502;15008
1503507;Irituia (PA);325;310;269;232;207;205;136;155;96;94;46;40;18;18;4;10;2;3;150004;1502;15008
1503606;Itaituba (PA);781;686;602;451;362;295;243;209;106;109;33;43;13;13;7;5;6;7;150016;1505;15010
1503705;Itupiranga (PA);648;365;412;241;237;158;132;92;59;50;24;30;8;9;7;3;2;2;150009;1503;15003
1503754;Jacareacanga (PA);217;101;93;49;54;32;30;17;12;9;10;6;1;1;0;0;5;0;150016;1505;15010
1503804;Jacundá (PA);387;360;333;227;193;146;115;95;55;51;29;44;7;10;4;6;5;5;150009;1503;15004
1503903;Juruti (PA);306;242;260;244;212;192;144;158;55;90;38;45;10;16;1;9;2;1;150017;1505;15002
1504000;Limoeiro do Ajuru (PA);138;157;123;103;92;86;63;63;71;79;25;36;11;7;2;3;0;0;150002;1501;15011
1504059;Mãe do Rio (PA);279;234;211;184;172;168;101;91;63;64;34;46;6;14;1;4;1;2;150007;1502;15008
1504109;Magalhães Barata (PA);95;113;97;92;77;62;45;44;36;43;11;20;2;5;1;3;1;1;150004;1502;15008
1504208;Marabá (PA);1508;1376;1220;962;726;624;448;384;233;221;106;124;31;52;9;19;10;10;150009;1503;15003
1504307;Maracanã (PA);337;341;300;267;208;183;118;101;127;100;53;72;17;38;6;8;2;3;150004;1502;15008
1504406;Marapanim (PA);357;357;303;245;226;178;120;125;101;129;51;58;18;17;2;7;0;4;150004;1502;15008
1504422;Marituba (PA);587;601;401;444;299;301;148;192;90;131;49;57;13;36;5;11;8;4;150001;1501;15006
1504455;Medicilândia (PA);231;148;152;96;126;65;40;35;20;14;9;3;1;4;0;3;1;4;150018;1506;15012
1504505;Melgaço (PA);140;125;108;92;101;72;62;51;52;33;21;23;6;5;2;0;4;3;150020;1507;15014
1504604;Mocajuba (PA);206;224;176;177;132;103;63;82;53;82;26;36;13;10;5;4;0;2;150002;1501;15011
1504703;Moju (PA);520;377;367;288;245;186;152;113;88;87;53;58;11;12;5;9;3;6;150003;1501;15011
1504802;Monte Alegre (PA);684;586;584;498;444;341;247;215;114;138;66;77;18;31;10;17;2;8;150015;1505;15002
1504901;Muaná (PA);229;238;194;196;162;135;94;85;52;64;42;37;9;19;6;6;3;2;150021;1507;15013
1504950;Nova Esperança do Piriá (PA);155;107;92;38;49;23;28;15;9;3;4;2;1;2;5;3;2;0;150008;1502;15008
1504976;Nova Ipixuna (PA);126;100;108;66;79;42;42;26;20;9;11;8;4;1;1;1;0;1;150009;1503;15003
1505007;Nova Timboteua (PA);151;151;123;130;107;88;61;48;32;31;19;24;5;14;1;5;0;0;150006;1502;15009
1505031;Novo Progresso (PA);170;105;116;55;60;32;18;12;10;5;4;1;2;1;4;1;0;1;150016;1505;15010
1505064;Novo Repartimento (PA);465;297;326;169;178;100;89;70;30;24;13;19;3;4;2;2;0;3;150011;1503;15004
1505106;Óbidos (PA);566;467;399;399;287;289;197;212;102;146;73;93;16;32;5;6;3;5;150017;1505;15002
1505205;Oeiras do Pará (PA);185;131;126;99;94;78;72;59;69;66;49;51;4;13;7;5;0;2;150002;1501;15011
1505304;Oriximiná (PA);461;428;340;344;262;268;156;174;95;95;54;63;13;21;4;13;3;7;150017;1505;15002
1505403;Ourém (PA);176;163;133;102;98;105;63;67;37;30;23;28;6;12;0;1;0;2;150008;1502;15009
1505437;Ourilândia do Norte (PA);232;146;152;83;75;41;33;21;21;8;7;4;0;1;1;0;0;1;150013;1504;15001
1505486;Pacajá (PA);357;256;231;153;163;71;84;36;29;32;13;8;7;7;5;4;3;1;150011;1503;15012
1505494;Palestina do Pará (PA);111;80;76;65;49;43;24;33;13;13;7;7;0;2;0;1;1;0;150009;1503;15003
1505502;Paragominas (PA);481;381;311;280;228;139;114;103;50;44;27;33;10;16;7;8;9;8;150007;1502;15008
1505536;Parauapebas (PA);515;368;329;254;233;150;106;78;38;60;19;24;4;8;3;3;5;8;150010;1503;15003
1505551;Pau D'Arco (PA);90;64;75;46;44;39;27;18;4;12;3;2;1;3;0;1;1;0;150012;1504;15001
1505601;Peixe-Boi (PA);100;109;105;75;72;51;37;34;30;21;10;13;4;6;1;2;0;0;150006;1502;15009
1505635;Piçarra (PA);136;100;80;44;53;38;24;17;20;10;3;3;6;1;1;1;1;2;150009;1503;15003
1505650;Placas (PA);145;112;103;57;54;27;27;9;7;6;5;5;2;0;0;2;0;1;150016;1505;15002
1505700;Ponta de Pedras (PA);190;164;158;189;131;140;64;77;31;60;16;28;10;12;2;8;3;4;150021;1507;15013
1505809;Portel (PA);324;227;211;168;161;103;122;90;91;91;49;69;15;17;6;8;1;5;150020;1507;15014
1505908;Porto de Moz (PA);176;170;126;104;94;60;52;51;32;31;24;13;8;12;0;4;1;0;150019;1506;15012
1506005;Prainha (PA);242;210;161;127;108;91;69;56;30;28;19;21;8;15;1;3;0;3;150015;1505;15002
1506104;Primavera (PA);133;123;101;80;78;84;80;41;28;31;31;35;15;10;2;4;1;0;150006;1502;15009
1506112;Quatipuru (PA);142;132;128;99;66;61;47;46;19;27;29;24;5;6;1;1;2;1;150006;1502;15009
1506138;Redenção (PA);548;473;426;372;247;209;157;118;92;62;37;47;12;13;2;4;4;9;150012;1504;15001
1506161;Rio Maria (PA);240;179;158;116;93;67;66;59;34;21;11;12;1;4;2;1;1;0;150014;1504;15001
1506187;Rondon do Pará (PA);430;335;287;258;202;143;124;97;51;67;32;27;10;10;2;5;5;3;150009;1503;15003
1506195;Rurópolis (PA);282;220;209;148;123;89;83;56;41;24;10;17;4;5;1;2;4;0;150016;1505;15010
1506203;Salinópolis (PA);313;324;270;236;163;146;115;103;61;69;36;65;19;25;7;9;1;4;150006;1502;15009
1506302;Salvaterra (PA);188;190;144;170;115;92;81;67;38;53;17;32;12;16;2;7;0;3;150021;1507;15013
1506351;Santa Bárbara do Pará (PA);123;119;103;82;58;52;41;33;30;36;8;17;5;7;1;4;2;0;150001;1501;15006
1506401;Santa Cruz do Arari (PA);64;58;46;47;40;40;17;20;10;10;4;7;3;1;0;3;0;1;150021;1507;15013
1506500;Santa Izabel do Pará (PA);411;454;321;301;241;238;135;158;74;106;42;66;17;21;6;11;2;4;150001;1501;15007
1506559;Santa Luzia do Pará (PA);188;189;169;135;116;94;78;73;31;51;24;28;9;4;3;2;0;0;150005;1502;15009
1506583;Santa Maria das Barreiras (PA);148;72;96;57;65;33;36;20;18;13;9;11;3;4;0;0;2;0;150012;1504;15001
1506609;Santa Maria do Pará (PA);229;244;197;168;170;143;106;73;43;54;23;31;12;6;4;4;2;2;150004;1502;15008
1506708;Santana do Araguaia (PA);312;179;177;113;98;76;57;29;20;29;9;12;6;4;0;1;3;0;150012;1504;15001
1506807;Santarém (PA);2581;2581;2081;2225;1548;1597;963;979;549;671;264;419;90;154;27;37;16;22;150015;1505;15002
1506906;Santarém Novo (PA);70;56;53;42;42;29;22;16;13;15;6;12;4;7;2;2;0;0;150006;1502;15009
1507003;Santo Antônio do Tauá (PA);248;231;175;185;123;122;87;71;73;64;27;32;6;11;2;3;0;0;150001;1501;15007
1507102;São Caetano de Odivelas (PA);214;203;171;154;96;99;60;44;30;47;20;34;9;20;1;4;2;1;150001;1501;15007
1507151;São Domingos do Araguaia (PA);267;183;165;114;116;89;82;57;34;32;17;19;5;9;2;1;1;1;150009;1503;15003
1507201;São Domingos do Capim (PA);270;226;161;146;158;142;92;91;58;61;19;39;16;15;5;5;4;7;150004;1502;15008
1507300;São Félix do Xingu (PA);424;221;261;125;141;69;57;37;32;18;9;7;7;3;1;2;3;4;150013;1504;15001
1507409;São Francisco do Pará (PA);164;173;152;104;111;92;80;54;30;32;13;24;6;8;2;3;0;0;150004;1502;15008
1507458;São Geraldo do Araguaia (PA);299;254;235;183;195;109;106;63;41;40;17;27;6;9;3;2;2;3;150009;1503;15003
1507466;São João da Ponta (PA);61;63;50;41;47;24;26;24;18;14;7;13;1;5;0;1;0;0;150004;1502;15008
1507474;São João de Pirabas (PA);228;206;187;176;113;113;67;76;47;56;59;61;22;20;4;6;1;0;150006;1502;15009
1507508;São João do Araguaia (PA);148;86;116;59;78;32;31;32;26;17;8;11;6;1;0;0;0;0;150009;1503;15003
1507607;São Miguel do Guamá (PA);393;409;283;293;224;253;167;159;95;109;71;87;18;48;6;24;1;5;150004;1502;15008
1507706;São Sebastião da Boa Vista (PA);184;166;115;110;102;87;55;68;46;45;29;32;8;12;5;4;1;3;150020;1507;15013
1507755;Sapucaia (PA);27;22;19;22;15;6;10;4;7;3;3;0;0;0;0;0;0;0;150014;1504;15001
1507805;Senador José Porfírio (PA);121;74;97;59;67;30;31;13;18;10;10;4;4;0;0;3;1;1;150018;1506;15012
1507904;Soure (PA);235;234;207;233;122;144;91;111;45;73;31;37;6;17;4;5;2;3;150021;1507;15013
1507953;Tailândia (PA);257;182;188;119;103;76;65;32;30;22;12;15;3;1;1;1;2;1;150003;1501;15004
1507961;Terra Alta (PA);110;89;85;81;58;63;30;37;21;24;11;16;1;3;1;3;0;1;150004;1502;15008
1507979;Terra Santa (PA);143;147;156;133;93;111;61;66;25;33;12;25;9;4;3;5;0;0;150017;1505;15002
1508001;Tomé-Açu (PA);455;359;344;232;215;160;131;130;66;80;35;42;13;9;6;6;3;3;150001;1501;15007
1508035;Tracuateua (PA);257;239;227;199;159;137;103;110;54;47;26;22;17;4;3;3;1;1;150005;1502;15009
1508050;Trairão (PA);119;79;96;38;39;28;16;16;7;5;3;2;0;1;1;1;1;1;150016;1505;15010
1508084;Tucumã (PA);247;158;173;115;110;59;50;36;23;13;4;9;2;1;0;2;4;5;150013;1504;15001
1508100;Tucuruí (PA);592;488;392;385;301;232;166;140;81;107;39;54;22;19;2;7;4;6;150011;1503;15004
1508126;Ulianópolis (PA);124;63;50;47;27;12;19;10;6;2;10;8;5;1;3;0;0;1;150007;1502;15008
1508159;Uruará (PA);483;388;345;197;167;119;100;65;50;40;24;20;6;11;2;2;1;5;150018;1506;15012
1508209;Vigia (PA);464;428;392;371;200;224;147;177;138;158;56;90;15;26;6;6;1;5;150001;1501;15007
1508308;Viseu (PA);498;517;497;404;320;274;205;162;129;106;48;64;10;11;5;7;5;5;150005;1502;15009
1508357;Vitória do Xingu (PA);143;104;110;67;73;35;27;22;24;14;9;14;4;3;0;1;1;1;150018;1506;15012
1508407;Xinguara (PA);390;323;285;228;175;122;121;78;47;36;23;10;4;7;3;1;3;4;150014;1504;15001
1600055;Serra do Navio (AP);22;18;13;9;9;13;8;4;4;2;1;3;0;0;0;0;0;0;160004;1602;16001
1600105;Amapá (AP);73;62;46;41;36;28;23;20;18;8;10;7;1;3;0;3;1;1;160003;1602;16002
1600154;Pedra Branca do Amapari (AP);41;25;27;17;29;10;11;5;5;3;3;1;2;0;0;1;0;0;160004;1602;16001
1600204;Calçoene (AP);47;44;43;34;25;19;18;10;8;10;5;6;3;0;1;1;0;1;160003;1602;16002
1600212;Cutias (AP);23;24;13;16;9;6;5;6;7;1;2;3;0;1;1;3;0;1;160003;1602;16001
1600238;Ferreira Gomes (AP);31;29;29;21;13;13;15;8;2;4;3;6;1;2;1;1;0;0;160004;1602;16001
1600253;Itaubal (AP);21;21;20;14;11;6;4;3;1;0;2;2;0;4;1;0;0;1;160001;1601;16001
1600279;Laranjal do Jari (AP);181;144;141;99;80;48;58;47;23;19;17;11;11;6;6;4;2;3;160002;1601;16003
1600303;Macapá (AP);1898;2100;1364;1568;902;1089;542;637;297;414;188;295;98;216;34;70;22;22;160001;1601;16001
1600402;Mazagão (AP);100;85;73;69;60;39;41;29;26;25;13;8;4;6;1;2;3;1;160001;1601;16003
1600501;Oiapoque (AP);86;52;38;39;30;26;24;20;19;22;17;13;5;2;0;1;0;1;160003;1602;16002
1600535;Porto Grande (AP);107;66;86;63;37;30;32;16;13;15;8;4;5;1;1;1;0;1;160004;1602;16001
1600550;Pracuúba (AP);23;12;18;11;5;10;6;6;4;1;2;2;1;0;1;0;0;0;160003;1602;16002
1600600;Santana (AP);580;521;433;418;260;251;169;187;103;138;53;77;34;50;13;27;7;6;160001;1601;16003
1600709;Tartarugalzinho (AP);53;33;55;27;26;18;13;6;4;4;7;4;2;3;1;0;1;1;160003;1602;16002
1600808;Vitória do Jari (AP);56;34;41;39;30;24;8;11;3;6;14;6;3;1;0;1;3;1;160002;1601;16003
1700251;Abreulândia (TO);24;17;27;13;23;13;13;8;9;4;2;3;0;1;0;0;1;0;170003;1701;17007
1700301;Aguiarnópolis (TO);39;39;29;28;26;20;12;12;4;8;2;2;1;2;1;0;0;0;170008;1702;17002
1700350;Aliança do Tocantins (TO);82;82;77;56;54;43;35;34;12;15;9;15;4;1;1;2;0;0;170010;1703;17005
1700400;Almas (TO);92;89;82;57;55;50;54;30;16;25;7;15;3;9;0;1;0;0;170011;1703;17003
1700707;Alvorada (TO);124;100;86;71;62;53;42;37;27;23;15;10;1;6;4;2;0;1;170010;1703;17005
1701002;Ananás (TO);120;108;91;79;70;53;44;41;30;22;9;12;2;3;0;1;0;0;170005;1702;17002
1701051;Angico (TO);45;34;37;26;22;18;20;13;5;12;8;3;2;0;0;2;0;0;170005;1702;17002
1701101;Aparecida do Rio Negro (TO);60;39;49;40;23;21;16;10;9;10;7;11;1;0;0;1;0;0;170001;1701;17006
1701309;Aragominas (TO);78;51;54;36;28;20;21;21;2;5;9;6;1;1;0;1;1;0;170005;1702;17001
1701903;Araguacema (TO);69;67;49;41;34;25;26;29;15;19;12;10;1;3;0;3;0;0;170003;1701;17007
1702000;Araguaçu (TO);153;135;122;101;80;74;49;37;34;27;19;9;4;5;2;1;0;1;170010;1703;17005
1702109;Araguaína (TO);1137;1148;843;863;582;600;397;379;206;238;104;139;31;44;14;17;8;7;170005;1702;17001
1702158;Araguanã (TO);50;42;30;27;17;18;21;10;11;10;5;6;1;1;1;3;1;0;170005;1702;17001
1702208;Araguatins (TO);346;299;280;235;167;156;142;96;60;63;27;37;11;14;2;6;2;2;170009;1702;17002
1702307;Arapoema (TO);79;65;67;55;41;37;27;24;17;10;10;10;1;0;0;2;0;0;170005;1702;17004
1702406;Arraias (TO);141;150;122;108;96;93;43;53;38;51;21;22;6;6;0;5;2;1;170011;1703;17003
1702554;Augustinópolis (TO);160;157;123;105;63;67;54;52;25;23;10;12;6;8;1;1;1;0;170009;1702;17002
1702703;Aurora do Tocantins (TO);56;42;37;37;21;18;13;13;5;9;10;3;1;2;0;0;1;1;170011;1703;17003
1702901;Axixá do Tocantins (TO);128;134;106;95;62;59;46;38;30;37;9;8;3;5;0;1;0;2;170009;1702;17002
1703008;Babaçulândia (TO);164;156;131;117;105;109;82;39;41;23;13;18;6;9;0;4;0;1;170005;1702;17001
1703057;Bandeirantes do Tocantins (TO);32;25;27;8;10;12;8;6;8;5;2;5;1;1;1;0;0;2;170007;1702;17004
1703073;Barra do Ouro (TO);53;44;32;24;23;27;29;17;13;10;5;3;0;1;0;0;0;0;170005;1702;17001
1703107;Barrolândia (TO);69;78;75;39;45;38;29;14;11;12;6;10;2;4;1;1;0;0;170003;1701;17007
1703206;Bernardo Sayão (TO);66;46;38;21;32;11;13;5;8;6;8;6;1;1;0;0;1;1;170007;1702;17004
1703305;Bom Jesus do Tocantins (TO);27;29;24;31;22;13;13;5;7;11;3;2;2;3;0;2;0;1;170006;1702;17004
1703602;Brasilândia do Tocantins (TO);30;22;24;22;25;11;6;4;1;6;2;1;1;1;0;1;0;0;170007;1702;17004
1703701;Brejinho de Nazaré (TO);73;60;48;50;43;51;44;25;21;14;6;12;4;7;2;1;0;0;170002;1701;17008
1703800;Buriti do Tocantins (TO);90;105;69;54;44;35;33;23;24;19;7;11;7;6;0;2;0;0;170009;1702;17002
1703826;Cachoeirinha (TO);19;17;21;27;20;12;10;13;5;1;2;2;0;3;0;0;0;0;170008;1702;17002
1703842;Campos Lindos (TO);43;40;43;42;29;30;20;16;18;8;2;3;2;1;0;0;0;0;170005;1702;17001
1703867;Cariri do Tocantins (TO);52;37;30;24;24;7;10;11;7;6;2;3;2;1;0;0;0;0;170010;1703;17005
1703883;Carmolândia (TO);19;16;15;16;11;10;15;11;0;2;0;4;1;1;0;0;0;1;170005;1702;17001
1703891;Carrasco Bonito (TO);36;31;26;20;12;16;10;12;1;9;4;6;2;0;0;0;0;1;170009;1702;17002
1703909;Caseara (TO);65;33;25;21;21;23;14;18;8;11;5;2;2;1;1;0;0;0;170003;1701;17007
1704105;Centenário (TO);31;30;29;20;20;14;17;6;8;6;3;3;0;2;0;2;0;0;170006;1702;17004
1704600;Chapada de Areia (TO);21;13;14;12;6;6;3;2;3;4;3;0;0;0;0;0;0;1;170003;1701;17007
1705102;Chapada da Natividade (TO);60;27;38;33;30;13;12;15;11;11;7;1;0;1;1;0;0;0;170002;1701;17008
1705508;Colinas do Tocantins (TO);281;290;257;235;169;155;105;99;44;52;30;33;8;20;0;2;2;2;170007;1702;17004
1705557;Combinado (TO);54;53;41;50;38;24;20;17;11;10;4;4;1;3;0;2;1;0;170011;1703;17003
1705607;Conceição do Tocantins (TO);48;52;39;37;36;25;16;18;14;14;4;5;1;3;0;1;0;0;170011;1703;17003
1706001;Couto Magalhães (TO);71;47;52;36;41;24;18;15;5;4;8;4;1;0;1;0;0;0;170006;1702;17004
1706100;Cristalândia (TO);108;91;95;81;62;55;56;52;39;32;21;20;8;5;1;2;0;0;170003;1701;17007
1706258;Crixás do Tocantins (TO);16;16;14;6;12;10;8;4;3;0;1;2;0;0;1;0;0;0;170010;1703;17005
1706506;Darcinópolis (TO);65;39;48;38;42;24;16;17;4;15;7;1;1;0;1;2;0;0;170005;1702;17001
1707009;Dianópolis (TO);167;183;119;132;84;107;69;69;49;32;20;22;11;11;3;2;3;2;170011;1703;17003
1707108;Divinópolis do Tocantins (TO);100;70;80;55;51;42;25;17;19;18;4;5;3;2;1;1;0;1;170003;1701;17007
1707207;Dois Irmãos do Tocantins (TO);121;99;92;78;72;38;45;19;28;21;10;9;6;5;1;1;0;0;170004;1701;17007
1707306;Dueré (TO);64;55;50;43;44;29;26;19;15;15;8;4;2;2;0;2;0;0;170010;1703;17005
1707405;Esperantina (TO);96;69;92;56;42;31;29;21;17;8;5;12;3;4;1;3;0;0;170009;1702;17002
1707553;Fátima (TO);57;46;31;32;38;27;19;16;10;15;8;1;1;3;2;0;0;0;170002;1701;17008
1707652;Figueirópolis (TO);94;88;71;53;68;47;28;34;17;13;9;11;4;2;0;1;0;0;170010;1703;17005
1707702;Filadélfia (TO);140;116;92;83;83;56;40;36;30;29;20;15;3;4;1;8;0;0;170005;1702;17001
1708205;Formoso do Araguaia (TO);232;176;162;125;141;84;73;46;37;30;19;14;3;8;0;0;1;1;170010;1703;17005
1708254;Tabocão (TO);38;23;28;19;14;12;14;6;5;4;5;0;0;0;0;0;1;0;170006;1702;17006
1708304;Goianorte (TO);79;47;59;35;36;29;20;16;13;9;4;5;4;1;0;2;0;0;170006;1702;17004
1709005;Goiatins (TO);122;132;119;109;90;68;55;42;43;50;30;21;6;5;0;4;0;1;170005;1702;17001
1709302;Guaraí (TO);260;234;197;179;121;124;90;81;73;38;32;26;7;11;1;1;1;2;170006;1702;17004
1709500;Gurupi (TO);635;629;512;524;374;386;289;258;131;141;79;82;18;24;7;15;5;5;170010;1703;17005
1709807;Ipueiras (TO);21;14;8;8;11;5;1;2;3;2;1;2;1;0;0;1;0;0;170002;1701;17008
1710508;Itacajá (TO);99;110;99;69;58;62;53;48;32;28;16;12;2;8;0;2;0;1;170007;1702;17004
1710706;Itaguatins (TO);82;94;85;44;48;40;32;27;19;22;6;8;2;3;1;3;0;0;170009;1702;17002
1710904;Itapiratins (TO);53;39;33;33;30;20;18;15;14;13;3;8;1;1;2;0;2;0;170007;1702;17004
1711100;Itaporã do Tocantins (TO);38;28;23;20;20;14;11;12;6;3;3;0;1;1;1;0;0;0;170006;1702;17004
1711506;Jaú do Tocantins (TO);60;38;58;29;33;23;17;12;12;10;3;3;1;1;0;1;0;0;170010;1703;17005
1711803;Juarina (TO);37;18;21;18;11;9;7;4;2;1;0;2;0;0;0;0;0;1;170007;1702;17004
1711902;Lagoa da Confusão (TO);66;54;52;37;32;26;20;13;18;9;5;5;1;1;0;1;3;0;170003;1701;17007
1711951;Lagoa do Tocantins (TO);29;28;13;28;22;14;9;7;6;8;6;1;2;2;0;1;0;0;170001;1701;17006
1712009;Lajeado (TO);17;16;19;17;10;4;5;7;3;5;2;3;1;0;0;0;1;0;170001;1701;17006
1712157;Lavandeira (TO);19;12;5;8;12;3;4;3;3;2;3;1;1;0;0;0;0;0;170011;1703;17003
1712405;Lizarda (TO);52;40;39;47;36;37;26;14;8;6;4;4;1;3;1;0;0;1;170001;1701;17006
1712454;Luzinópolis (TO);34;30;20;17;11;9;8;10;6;9;7;1;0;0;1;1;2;0;170008;1702;17002
1712504;Marianópolis do Tocantins (TO);46;35;37;25;33;10;13;8;4;4;4;3;0;0;0;0;1;1;170003;1701;17007
1712702;Mateiros (TO);16;17;8;11;13;7;11;4;4;4;2;1;2;0;0;0;0;0;170001;1701;17008
1712801;Maurilândia do Tocantins (TO);33;30;32;19;26;7;9;9;7;8;4;7;0;0;0;1;0;0;170008;1702;17002
1713205;Miracema do Tocantins (TO);241;203;204;177;137;129;107;85;55;58;29;27;7;17;1;6;2;2;170004;1701;17006
1713304;Miranorte (TO);137;149;122;116;94;86;73;64;48;27;16;13;7;12;3;1;1;0;170004;1701;17006
1713601;Monte do Carmo (TO);75;61;65;50;47;42;27;20;17;11;4;5;6;3;0;0;1;0;170002;1701;17008
1713700;Monte Santo do Tocantins (TO);36;22;27;15;19;8;9;7;11;4;3;1;2;1;1;0;1;0;170003;1701;17007
1713809;Palmeiras do Tocantins (TO);71;43;52;52;30;18;13;12;4;13;5;5;2;0;0;0;1;1;170008;1702;17002
1713957;Muricilândia (TO);37;35;32;29;24;15;14;10;6;10;6;5;2;0;1;0;0;0;170005;1702;17001
1714203;Natividade (TO);113;106;91;71;60;88;52;38;36;27;16;24;5;11;1;2;0;0;170002;1701;17008
1714302;Nazaré (TO);82;63;63;58;58;46;29;33;20;18;15;8;3;4;1;2;0;0;170008;1702;17002
1714880;Nova Olinda (TO);168;135;101;95;59;50;42;39;15;20;17;11;5;4;3;0;1;1;170005;1702;17001
1715002;Nova Rosalândia (TO);41;49;47;28;36;19;25;25;10;14;5;5;3;3;2;1;0;0;170003;1701;17007
1715101;Novo Acordo (TO);29;25;21;24;22;25;17;12;8;3;2;8;2;3;1;0;0;0;170001;1701;17006
1715150;Novo Alegre (TO);30;31;28;19;11;23;8;3;10;6;3;2;3;0;0;0;0;0;170011;1703;17003
1715259;Novo Jardim (TO);18;16;13;22;13;17;8;5;5;5;8;5;3;2;1;0;0;0;170011;1703;17003
1715507;Oliveira de Fátima (TO);14;9;7;8;9;14;5;3;4;1;1;2;1;0;0;0;0;0;170002;1701;17008
1715705;Palmeirante (TO);58;36;51;28;30;18;14;12;7;9;6;3;0;0;0;0;0;1;170007;1702;17004
1715754;Palmeirópolis (TO);104;92;82;63;56;46;42;34;35;18;11;13;3;3;2;3;0;0;170010;1703;17005
1716109;Paraíso do Tocantins (TO);375;366;271;321;224;208;166;150;75;88;41;39;11;22;3;5;0;0;170003;1701;17007
1716208;Paranã (TO);134;103;105;88;90;72;46;48;33;31;17;19;12;9;0;7;1;2;170010;1703;17003
1716307;Pau D'Arco (TO);71;36;40;30;39;22;18;10;15;8;7;4;2;0;0;0;0;0;170005;1702;17001
1716505;Pedro Afonso (TO);123;89;83;118;68;58;49;45;32;37;12;16;13;8;0;2;2;1;170006;1702;17004
1716604;Peixe (TO);139;109;103;73;75;45;31;38;27;24;18;18;7;3;1;0;2;0;170010;1703;17005
1716653;Pequizeiro (TO);72;61;39;28;33;20;21;12;7;6;4;7;0;5;0;1;1;0;170006;1702;17004
1716703;Colméia (TO);137;113;88;103;79;58;52;61;29;24;10;14;2;2;1;1;0;1;170006;1702;17004
1717008;Pindorama do Tocantins (TO);63;52;50;27;37;29;22;15;9;9;10;7;5;3;1;0;0;1;170002;1701;17008
1717206;Piraquê (TO);30;16;12;8;9;8;7;1;2;4;0;2;2;0;0;0;0;0;170005;1702;17001
1717503;Pium (TO);81;73;61;55;39;36;31;29;22;13;10;2;5;4;1;2;1;0;170003;1701;17007
1717800;Ponte Alta do Bom Jesus (TO);73;74;56;63;42;33;25;31;15;17;9;8;2;4;1;1;0;0;170011;1703;17003
1717909;Ponte Alta do Tocantins (TO);108;85;69;63;52;38;40;20;20;20;11;8;2;3;0;1;0;0;170002;1701;17008
1718006;Porto Alegre do Tocantins (TO);33;34;24;14;13;17;8;9;6;9;2;4;0;0;0;1;0;1;170011;1703;17003
1718204;Porto Nacional (TO);485;550;366;352;292;255;200;211;114;130;76;70;21;23;10;7;3;3;170002;1701;17008
1718303;Praia Norte (TO);86;68;54;49;39;36;22;24;16;19;4;8;1;0;0;1;0;0;170009;1702;17002
1718402;Presidente Kennedy (TO);44;54;42;34;33;27;24;24;16;8;5;7;2;1;0;2;1;0;170006;1702;17004
1718451;Pugmil (TO);33;29;20;14;8;14;6;7;6;5;1;2;0;0;0;0;0;0;170003;1701;17007
1718501;Recursolândia (TO);42;34;20;25;28;12;16;12;4;7;2;6;1;2;2;0;0;0;170006;1702;17004
1718550;Riachinho (TO);56;34;37;25;17;14;18;8;5;8;3;5;0;2;0;0;2;0;170005;1702;17002
1718659;Rio da Conceição (TO);15;17;9;5;3;4;2;7;2;4;3;1;2;1;0;1;0;0;170011;1703;17003
1718709;Rio dos Bois (TO);30;27;27;10;18;13;9;14;8;7;6;3;0;0;0;0;0;0;170004;1701;17006
1718758;Rio Sono (TO);92;80;74;57;50;33;36;24;20;17;10;10;6;4;2;1;1;0;170001;1701;17006
1718808;Sampaio (TO);28;39;32;19;27;20;14;15;9;7;3;2;4;1;0;2;0;0;170009;1702;17002
1718840;Sandolândia (TO);62;32;42;25;26;23;20;12;10;4;5;2;1;1;0;0;1;0;170010;1703;17005
1718865;Santa Fé do Araguaia (TO);45;39;42;27;22;21;19;10;10;3;5;5;0;3;0;0;0;0;170005;1702;17001
1718881;Santa Maria do Tocantins (TO);28;27;17;22;19;16;12;12;12;7;4;1;0;3;0;0;0;0;170006;1702;17004
1718899;Santa Rita do Tocantins (TO);39;19;26;8;9;6;9;4;6;1;2;1;0;1;1;0;0;0;170002;1701;17005
1718907;Santa Rosa do Tocantins (TO);81;41;52;36;33;27;25;22;13;26;4;12;1;1;0;2;0;0;170002;1701;17008
1719004;Santa Tereza do Tocantins (TO);33;39;28;22;16;11;3;2;9;4;4;2;0;1;0;0;0;0;170001;1701;17006
1720002;Santa Terezinha do Tocantins (TO);38;32;27;23;24;23;19;10;6;5;4;4;2;0;0;1;0;0;170008;1702;17002
1720101;São Bento do Tocantins (TO);46;45;34;26;29;26;17;15;11;3;3;3;1;1;0;1;0;0;170009;1702;17002
1720150;São Félix do Tocantins (TO);15;12;7;14;10;6;6;4;2;2;0;1;0;0;1;0;0;0;170001;1701;17006
1720200;São Miguel do Tocantins (TO);94;103;87;71;57;53;42;29;16;23;14;11;6;2;2;2;0;1;170009;1702;17002
1720259;São Salvador do Tocantins (TO);33;24;37;22;27;15;7;12;9;8;6;2;2;2;0;1;0;0;170010;1703;17005
1720309;São Sebastião do Tocantins (TO);41;33;24;40;31;23;17;9;7;12;5;2;2;3;1;1;0;0;170009;1702;17002
1720499;São Valério (TO);77;65;59;38;54;25;19;26;24;14;4;10;4;5;1;2;0;0;170010;1703;17005
1720655;Silvanópolis (TO);76;65;58;31;45;41;38;29;16;19;10;10;3;3;2;1;0;0;170002;1701;17008
1720804;Sítio Novo do Tocantins (TO);130;133;110;93;62;56;42;46;19;31;16;14;3;9;1;4;1;1;170009;1702;17002
1720853;Sucupira (TO);19;15;21;17;10;4;10;4;2;3;3;1;1;1;0;0;0;0;170010;1703;17005
1720903;Taguatinga (TO);162;168;142;129;101;87;68;69;39;42;30;30;8;15;1;1;1;0;170011;1703;17003
1720937;Taipas do Tocantins (TO);24;25;21;14;17;17;5;8;4;5;2;4;0;3;1;1;0;0;170011;1703;17003
1720978;Talismã (TO);32;21;25;18;8;12;7;3;4;3;4;1;0;2;0;0;0;0;170010;1703;17005
1721000;Palmas (TO);884;669;529;405;278;279;181;164;81;107;35;50;19;16;7;9;4;4;170001;1701;17006
1721109;Tocantínia (TO);50;73;47;45;44;42;28;30;21;21;16;10;6;4;1;0;0;0;170004;1701;17006
1721208;Tocantinópolis (TO);259;293;213;248;168;164;122;124;76;66;27;41;15;18;3;5;1;7;170008;1702;17002
1721257;Tupirama (TO);16;10;18;9;14;11;13;10;2;3;4;2;0;1;1;0;0;0;170006;1702;17004
1721307;Tupiratins (TO);19;22;26;13;11;13;9;11;5;7;2;2;2;2;1;0;0;0;170007;1702;17004
1722081;Wanderlândia (TO);147;126;113;88;96;55;53;51;24;33;13;10;5;3;1;1;0;1;170005;1702;17001
1722107;Xambioá (TO);139;155;132;110;119;95;69;58;49;30;13;20;7;8;1;0;0;0;170005;1702;17001
2100055;Açailândia (MA);815;745;559;522;363;329;247;222;138;131;69;64;15;20;6;10;9;3;210021;2105;21001
2100105;Afonso Cunha (MA);59;53;50;44;30;19;29;22;7;18;7;3;1;0;2;1;2;0;210013;2103;21005
2100154;Água Doce do Maranhão (MA);137;137;123;105;72;74;51;52;37;34;21;16;5;7;1;4;0;0;210007;2101;21006
2100204;Alcântara (MA);337;300;265;223;170;130;85;105;64;68;26;34;8;11;3;4;0;0;210001;2101;21016
2100303;Aldeias Altas (MA);242;214;188;160;116;120;92;82;51;43;20;28;7;4;2;3;2;3;210013;2103;21005
2100402;Altamira do Maranhão (MA);114;105;81;81;62;58;51;46;22;26;7;7;7;3;2;5;1;0;210010;2102;21002
2100436;Alto Alegre do Maranhão (MA);266;241;209;215;149;111;96;82;62;67;21;28;6;6;4;4;1;2;210010;2102;21007
2100477;Alto Alegre do Pindaré (MA);366;325;275;208;173;143;110;97;52;47;26;31;4;7;2;1;3;1;210009;2102;21014
2100501;Alto Parnaíba (MA);99;131;73;92;81;76;52;50;33;28;12;17;7;4;0;1;2;3;210022;2105;21003
2100550;Amapá do Maranhão (MA);67;41;40;15;22;11;18;9;5;6;2;5;1;0;0;0;0;1;210011;2102;21019
2100600;Amarante do Maranhão (MA);357;294;277;191;183;128;134;93;68;65;33;32;13;7;5;7;4;3;210019;2105;21008
2100709;Anajatuba (MA);382;335;254;251;180;199;139;125;90;82;24;59;20;26;6;13;7;2;210004;2101;21009
2100808;Anapurus (MA);96;129;115;87;62;67;58;57;18;20;6;10;11;7;0;2;0;3;210003;2101;21006
2100832;Apicum-Açu (MA);146;135;96;91;81;69;36;33;9;17;9;9;4;4;0;4;0;2;210008;2101;21011
2100873;Araguanã (MA);99;93;79;78;75;42;50;36;26;26;13;14;5;2;1;2;0;2;210009;2102;21019
2100907;Araioses (MA);496;465;430;406;331;306;196;189;125;126;56;54;37;25;10;8;2;4;210007;2101;21006
2100956;Arame (MA);312;289;243;170;137;118;124;94;66;61;30;28;9;5;3;1;2;3;210020;2105;21004
2101004;Arari (MA);332;341;294;259;187;170;133;138;79;84;35;37;18;18;3;9;1;2;210005;2101;21009
2101103;Axixá (MA);102;140;121;105;81;57;53;63;43;52;30;31;3;7;2;6;1;0;210001;2101;21013
2101202;Bacabal (MA);1070;1356;845;993;660;787;409;491;302;372;114;186;33;72;12;27;5;8;210010;2102;21002
2101251;Bacabeira (MA);120;111;92;83;65;58;50;37;23;32;15;13;4;8;0;1;1;1;210001;2101;21013
2101301;Bacuri (MA);190;208;197;161;107;122;76;87;51;73;24;34;4;15;3;1;1;2;210008;2101;21011
2101350;Bacurituba (MA);93;76;73;68;42;40;25;30;17;29;9;7;7;5;3;7;0;0;210002;2101;21018
2101400;Balsas (MA);510;592;380;499;293;337;222;232;120;165;61;84;26;29;3;7;3;7;210022;2105;21003
2101509;Barão de Grajaú (MA);220;227;140;158;112;129;72;85;74;62;34;39;6;13;2;3;0;1;210017;2104;21015
2101608;Barra do Corda (MA);1024;986;789;671;505;492;402;359;244;230;112;105;52;37;5;21;7;13;210020;2105;21004
2101707;Barreirinhas (MA);435;408;327;348;249;192;210;161;113;110;36;43;13;21;2;8;3;5;210006;2101;21013
2101731;Belágua (MA);43;54;41;31;28;18;18;15;20;17;5;3;5;3;0;1;0;1;210003;2101;21009
2101772;Bela Vista do Maranhão (MA);113;138;129;98;70;58;52;40;43;46;15;16;5;6;1;0;0;2;210009;2102;21014
2101806;Benedito Leite (MA);86;93;78;76;39;41;24;30;14;10;12;9;2;3;0;1;0;0;210017;2104;21015
2101905;Bequimão (MA);303;295;247;229;166;158;86;92;71;89;26;37;6;14;4;15;2;1;210002;2101;21011
2101939;Bernardo do Mearim (MA);68;72;30;45;50;44;29;34;30;15;3;8;3;5;1;1;1;0;210012;2102;21010
2101970;Boa Vista do Gurupi (MA);38;41;54;45;24;25;19;17;12;12;8;8;1;1;0;0;0;0;210011;2102;21019
2102002;Bom Jardim (MA);484;398;292;292;237;174;157;149;89;102;40;43;11;21;5;5;1;3;210009;2102;21014
2102036;Bom Jesus das Selvas (MA);194;128;125;98;79;53;44;30;32;16;20;18;2;4;3;0;0;2;210021;2105;21001
2102077;Bom Lugar (MA);114;133;79;105;77;83;70;51;45;44;22;15;6;3;0;2;2;0;210010;2102;21002
2102101;Brejo (MA);296;362;286;285;228;254;140;142;93;100;37;59;17;16;8;8;5;4;210003;2101;21006
2102150;Brejo de Areia (MA);105;93;69;69;49;36;37;34;16;16;8;11;3;1;2;0;4;2;210010;2102;21002
2102200;Buriti (MA);254;280;248;216;166;148;109;121;94;83;37;50;20;19;3;12;7;3;210003;2101;21005
2102309;Buriti Bravo (MA);288;300;212;220;140;126;106;116;60;85;36;39;2;8;4;5;0;2;210014;2103;21015
2102325;Buriticupu (MA);538;358;314;204;205;113;121;87;41;49;23;28;10;4;6;6;2;3;210021;2105;21001
2102358;Buritirana (MA);192;152;133;133;103;72;64;67;50;33;19;22;4;4;1;1;1;1;210019;2105;21008
2102374;Cachoeira Grande (MA);76;63;70;47;42;38;25;28;23;23;15;22;4;6;1;1;1;2;210001;2101;21013
2102408;Cajapió (MA);134;128;94;103;65;73;46;45;24;25;7;20;3;6;1;2;3;1;210005;2101;21018
2102507;Cajari (MA);139;131;139;127;83;92;66;75;32;52;19;12;4;6;3;2;2;4;210005;2101;21018
2102556;Campestre do Maranhão (MA);115;126;93;61;50;53;40;44;23;25;10;13;0;2;1;0;0;0;210019;2105;21008
2102606;Cândido Mendes (MA);176;169;161;120;112;102;88;52;52;47;15;23;3;12;5;6;1;5;210011;2102;21019
2102705;Cantanhede (MA);172;200;190;120;106;69;74;82;105;99;28;39;18;15;6;3;2;1;210004;2101;21009
2102754;Capinzal do Norte (MA);133;154;112;116;89;104;59;63;44;36;23;22;5;1;1;2;0;0;210012;2102;21012
2102804;Carolina (MA);320;345;274;309;205;242;134;144;88;113;51;62;15;26;3;6;3;4;210022;2105;21008
2102903;Carutapera (MA);212;179;187;169;140;97;69;77;61;53;40;30;6;14;5;2;1;1;210011;2102;21019
2103000;Caxias (MA);1626;2039;1508;1654;1042;1182;727;877;481;599;235;323;93;145;23;49;10;13;210013;2103;21005
2103109;Cedral (MA);154;124;134;101;77;56;53;50;37;27;12;18;7;7;0;3;1;1;210008;2101;21011
2103125;Central do Maranhão (MA);98;97;70;85;53;43;40;33;30;31;14;23;4;4;0;0;2;2;210008;2101;21011
2103158;Centro do Guilherme (MA);66;62;58;24;31;7;14;13;7;6;1;2;1;0;0;0;1;1;210011;2102;21019
2103174;Centro Novo do Maranhão (MA);179;106;101;71;66;43;26;14;7;13;2;5;0;2;2;2;1;2;210011;2102;21019
2103208;Chapadinha (MA);730;804;577;596;357;414;304;289;216;224;97;82;55;82;14;33;6;9;210003;2101;21006
2103257;Cidelândia (MA);142;119;114;109;78;75;46;35;25;28;12;16;3;7;1;2;2;2;210019;2105;21001
2103307;Codó (MA);1426;1614;1164;1176;827;892;614;656;397;475;155;218;39;75;28;39;8;10;210015;2103;21007
2103406;Coelho Neto (MA);417;500;356;315;216;223;141;187;118;133;40;65;12;17;4;4;3;4;210013;2103;21005
2103505;Colinas (MA);404;435;299;314;201;215;145;180;106;132;47;60;16;24;6;5;1;2;210018;2104;21015
2103554;Conceição do Lago-Açu (MA);126;100;96;77;46;35;35;32;21;20;9;7;4;2;0;1;2;0;210010;2102;21002
2103604;Coroatá (MA);745;722;564;595;376;396;301;325;219;218;69;118;24;51;8;14;1;8;210015;2103;21007
2103703;Cururupu (MA);479;458;395;390;254;284;157;163;97;143;41;82;11;30;5;14;3;5;210008;2101;21011
2103752;Davinópolis (MA);152;145;114;110;90;84;70;69;38;28;12;25;6;7;1;1;0;0;210019;2105;21008
2103802;Dom Pedro (MA);275;352;219;228;143;174;132;129;82;105;29;41;11;13;3;3;2;1;210016;2104;21012
2103901;Duque Bacelar (MA);111;121;95;78;48;54;47;40;36;38;16;11;8;8;2;1;1;0;210013;2103;21005
2104008;Esperantinópolis (MA);232;247;203;210;138;159;97;118;70;70;32;36;12;13;3;3;1;4;210012;2102;21010
2104057;Estreito (MA);264;249;239;187;157;124;98;92;51;69;29;40;6;15;2;4;1;5;210019;2105;21008
2104073;Feira Nova do Maranhão (MA);94;101;69;56;54;22;34;24;14;21;10;12;2;4;0;1;0;1;210022;2105;21003
2104081;Fernando Falcão (MA);50;47;46;41;36;33;15;15;12;3;5;3;2;3;1;0;0;0;210020;2105;21004
2104099;Formosa da Serra Negra (MA);146;112;104;105;76;50;52;42;29;19;9;9;9;5;1;1;1;2;210020;2105;21003
2104107;Fortaleza dos Nogueiras (MA);121;108;86;87;55;41;40;44;24;19;10;20;2;6;0;3;0;0;210022;2105;21003
2104206;Fortuna (MA);192;191;129;126;100;99;79;82;71;58;30;29;9;12;1;4;1;2;210016;2104;21012
2104305;Godofredo Viana (MA);70;62;70;60;41;32;28;25;16;7;5;11;1;3;3;3;0;2;210011;2102;21019
2104404;Gonçalves Dias (MA);228;287;186;198;150;116;100;84;71;65;22;33;7;17;4;6;1;1;210016;2104;21012
2104503;Governador Archer (MA);113;132;103;90;75;74;49;56;34;57;14;13;3;8;0;2;1;1;210016;2104;21012
2104552;Governador Edison Lobão (MA);145;128;121;80;77;54;51;42;26;14;13;7;3;3;0;0;1;1;210019;2105;21008
2104602;Governador Eugênio Barros (MA);190;196;151;133;115;89;100;109;57;61;23;41;6;7;2;2;0;3;210016;2104;21012
2104628;Governador Luiz Rocha (MA);93;91;57;50;40;48;26;28;23;17;8;11;2;2;1;0;0;0;210016;2104;21012
2104651;Governador Newton Bello (MA);146;125;114;106;79;64;73;45;29;25;9;11;6;2;3;2;1;1;210009;2102;21014
2104677;Governador Nunes Freire (MA);248;199;155;133;103;78;72;49;35;22;12;10;4;2;1;3;2;1;210011;2102;21019
2104701;Graça Aranha (MA);90;112;51;50;38;46;27;41;22;29;13;16;3;2;0;2;0;1;210016;2104;21012
2104800;Grajaú (MA);530;534;440;355;280;277;177;193;132;111;79;51;23;16;3;9;2;6;210020;2105;21004
2104909;Guimarães (MA);199;179;182;162;119;92;75;84;59;64;15;30;5;17;3;4;0;1;210008;2101;21011
2105005;Humberto de Campos (MA);221;215;188;175;111;102;115;108;102;90;40;29;10;21;4;9;1;1;210006;2101;21013
2105104;Icatu (MA);261;254;248;192;170;149;109;104;89;104;46;50;13;20;5;6;4;2;210001;2101;21013
2105153;Igarapé do Meio (MA);119;111;87;76;70;52;34;40;27;26;19;10;7;5;2;0;2;1;210009;2102;21014
2105203;Igarapé Grande (MA);121;127;100;102;67;89;62;56;31;45;18;22;9;10;2;1;0;1;210012;2102;21010
2105302;Imperatriz (MA);2397;2605;1660;1872;1149;1287;771;932;451;592;211;373;66;110;21;26;11;17;210019;2105;21008
2105351;Itaipava do Grajaú (MA);147;109;75;67;67;45;38;24;18;13;3;8;7;3;0;1;3;1;210020;2105;21004
2105401;Itapecuru Mirim (MA);434;624;469;426;288;259;210;238;188;182;72;78;35;41;5;11;1;1;210004;2101;21009
2105427;Itinga do Maranhão (MA);230;187;143;128;101;62;61;55;34;30;18;18;5;3;1;1;0;3;210021;2105;21001
2105450;Jatobá (MA);58;57;40;45;34;24;23;18;20;15;7;7;1;3;0;0;0;0;210018;2104;21015
2105476;Jenipapo dos Vieiras (MA);130;120;96;79;60;58;55;30;20;26;16;15;3;5;1;0;0;0;210020;2105;21004
2105500;João Lisboa (MA);279;292;236;202;172;135;106;99;61;81;30;42;11;9;1;2;1;0;210019;2105;21008
2105609;Joselândia (MA);193;164;161;152;88;96;66;70;56;33;9;23;4;3;0;2;0;0;210012;2102;21012
2105658;Junco do Maranhão (MA);59;43;50;33;26;21;16;16;9;13;5;4;3;2;0;0;2;1;210011;2102;21019
2105708;Lago da Pedra (MA);459;510;376;404;255;253;219;216;145;112;58;67;26;17;4;8;1;5;210010;2102;21010
2105807;Lago do Junco (MA);122;116;93;75;56;66;42;43;25;19;7;16;0;6;0;0;2;1;210012;2102;21010
2105906;Lago Verde (MA);154;118;116;104;82;75;59;59;52;54;16;19;3;8;2;3;1;1;210010;2102;21002
2105922;Lagoa do Mato (MA);126;129;96;76;46;44;37;37;22;25;13;13;3;2;0;2;0;1;210017;2104;21015
2105948;Lago dos Rodrigues (MA);105;120;69;90;60;68;63;62;25;27;13;19;3;5;1;2;0;0;210012;2102;21010
2105963;Lagoa Grande do Maranhão (MA);81;71;54;44;45;31;27;21;13;11;3;5;2;6;0;0;0;0;210010;2102;21010
2105989;Lajeado Novo (MA);77;64;55;47;42;37;20;24;19;17;7;4;1;3;0;0;0;0;210019;2105;21008
2106003;Lima Campos (MA);156;183;123;118;122;118;89;69;47;47;14;14;4;7;3;3;1;2;210012;2102;21010
2106102;Loreto (MA);118;139;103;94;70;53;41;45;28;26;9;15;5;5;0;1;0;1;210022;2105;21003
2106201;Luís Domingues (MA);73;78;59;48;46;30;24;24;17;19;6;4;3;8;0;2;0;0;210011;2102;21019
2106300;Magalhães de Almeida (MA);177;148;161;133;89;90;91;61;47;52;23;41;7;11;2;1;0;0;210007;2101;21006
2106326;Maracaçumé (MA);173;154;148;114;105;69;52;43;29;21;7;15;4;9;0;0;1;1;210011;2102;21019
2106359;Marajá do Sena (MA);66;28;56;34;29;15;20;24;8;1;4;4;2;1;0;1;0;1;210010;2102;21002
2106375;Maranhãozinho (MA);91;78;85;53;69;43;35;22;16;23;13;7;2;1;2;1;1;0;210011;2102;21019
2106409;Mata Roma (MA);152;155;134;89;67;80;43;47;42;29;18;16;12;16;4;10;4;3;210003;2101;21006
2106508;Matinha (MA);228;254;207;210;142;136;79;89;54;71;23;35;7;12;4;3;3;2;210005;2101;21018
2106607;Matões (MA);389;400;288;276;211;158;117;99;83;86;47;44;11;19;5;6;1;2;210014;2103;21017
2106631;Matões do Norte (MA);114;68;71;55;41;23;31;24;23;30;8;5;3;4;0;1;0;1;210004;2101;21009
2106672;Milagres do Maranhão (MA);55;55;46;32;31;35;32;19;10;16;9;12;5;6;1;1;1;0;210003;2101;21006
2106706;Mirador (MA);223;250;170;181;110;112;101;98;54;61;35;45;7;16;2;7;3;0;210018;2104;21015
2106755;Miranda do Norte (MA);169;202;150;146;121;98;86;84;60;59;17;18;7;11;1;4;1;0;210004;2101;21009
2106805;Mirinzal (MA);150;145;143;146;92;93;89;59;46;51;19;17;11;12;1;3;0;2;210008;2101;21011
2106904;Monção (MA);278;295;259;236;158;151;103;109;62;65;34;38;5;11;0;2;3;0;210009;2102;21014
2107001;Montes Altos (MA);147;108;121;89;92;67;53;39;39;44;20;19;5;5;1;3;0;1;210019;2105;21008
2107100;Morros (MA);153;136;130;105;64;73;72;69;54;60;34;35;8;16;2;4;1;0;210001;2101;21013
2107209;Nina Rodrigues (MA);79;89;88;69;58;34;27;24;32;28;3;12;9;6;2;1;0;0;210004;2101;21009
2107258;Nova Colinas (MA);45;41;22;20;23;18;10;11;5;3;0;9;6;2;1;0;0;0;210022;2105;21003
2107308;Nova Iorque (MA);73;86;44;47;47;51;26;26;14;23;8;10;5;1;1;1;0;0;210017;2104;21015
2107357;Nova Olinda do Maranhão (MA);196;169;169;166;107;78;97;64;51;55;9;14;7;6;0;2;2;0;210009;2102;21019
2107407;Olho d'Água das Cunhãs (MA);169;185;129;144;116;96;66;89;66;76;23;35;9;11;2;3;2;1;210010;2102;21002
2107456;Olinda Nova do Maranhão (MA);142;131;117;91;42;59;30;43;24;39;7;11;3;5;2;2;2;2;210005;2101;21018
2107506;Paço do Lumiar (MA);575;631;397;507;289;318;193;218;99;170;59;106;21;36;8;12;4;9;210001;2101;21016
2107605;Palmeirândia (MA);219;224;167;198;130;150;81;82;45;56;15;30;6;19;2;5;6;2;210002;2101;21018
2107704;Paraibano (MA);229;248;177;191;98;148;92;98;46;62;25;30;5;14;0;2;0;0;210017;2104;21015
2107803;Parnarama (MA);446;401;316;276;227;172;128;122;78;108;32;62;16;16;4;8;1;1;210014;2103;21017
2107902;Passagem Franca (MA);187;213;149;160;109;117;98;106;49;63;23;27;6;18;5;3;2;0;210017;2104;21015
2108009;Pastos Bons (MA);204;215;165;172;137;127;65;70;51;51;25;29;6;10;0;6;0;0;210017;2104;21015
2108058;Paulino Neves (MA);127;147;131;105;92;67;60;58;42;35;19;8;6;7;2;4;1;4;210007;2101;21006
2108108;Paulo Ramos (MA);222;223;174;158;128;113;97;77;56;57;21;22;6;11;1;2;0;1;210010;2102;21002
2108207;Pedreiras (MA);503;614;382;468;283;339;231;227;118;169;54;85;19;28;8;11;4;0;210012;2102;21010
2108256;Pedro do Rosário (MA);236;187;181;141;116;88;65;69;49;44;23;22;8;9;3;5;2;3;210002;2101;21011
2108306;Penalva (MA);391;381;315;293;234;195;145;127;90;124;38;55;18;19;3;19;1;2;210005;2101;21018
2108405;Peri Mirim (MA);206;205;146;139;101;101;63;58;51;54;22;32;8;8;3;7;2;0;210002;2101;21011
2108454;Peritoró (MA);208;250;187;171;96;126;99;86;81;74;20;28;5;11;2;4;2;0;210015;2103;21007
2108504;Pindaré-Mirim (MA);332;383;302;337;196;194;138;156;85;96;33;49;11;15;4;7;0;0;210009;2102;21014
2108603;Pinheiro (MA);793;927;649;684;467;493;287;348;194;244;86;119;17;52;7;14;5;7;210002;2101;21011
2108702;Pio XII (MA);359;341;212;215;210;210;155;117;120;116;47;51;17;15;0;4;2;3;210009;2102;21014
2108801;Pirapemas (MA);144;194;151;124;108;94;86;79;87;72;41;42;12;13;3;2;1;0;210004;2101;21009
2108900;Poção de Pedras (MA);242;277;231;211;163;183;115;136;77;62;33;45;9;11;3;7;3;3;210012;2102;21010
2109007;Porto Franco (MA);208;205;174;158;116;104;79;83;47;42;20;29;7;14;0;4;1;1;210019;2105;21008
2109056;Porto Rico do Maranhão (MA);84;67;72;70;47;37;24;30;25;21;6;13;2;4;0;0;1;1;210008;2101;21011
2109106;Presidente Dutra (MA);464;543;322;348;253;293;208;234;119;163;57;70;21;22;4;7;3;5;210016;2104;21012
2109205;Presidente Juscelino (MA);140;95;114;92;57;39;38;38;33;31;23;31;6;4;5;6;1;3;210001;2101;21013
2109239;Presidente Médici (MA);68;77;60;48;36;33;22;26;12;12;6;6;0;0;0;0;0;2;210011;2102;21019
2109270;Presidente Sarney (MA);202;165;150;130;108;73;54;52;34;39;13;18;2;12;3;1;3;5;210002;2101;21011
2109304;Presidente Vargas (MA);88;107;76;73;70;61;38;36;27;36;14;14;7;10;4;4;0;0;210004;2101;21009
2109403;Primeira Cruz (MA);134;96;85;75;74;62;52;59;40;40;14;7;6;12;3;0;0;2;210006;2101;21013
2109452;Raposa (MA);146;104;111;104;69;57;27;43;34;27;13;12;5;4;2;3;1;0;210001;2101;21016
2109502;Riachão (MA);258;261;208;216;181;159;113;106;57;79;23;40;7;11;5;3;7;4;210022;2105;21003
2109551;Ribamar Fiquene (MA);79;63;61;54;35;25;30;21;12;12;5;6;0;3;1;1;0;0;210019;2105;21008
2109601;Rosário (MA);391;422;323;350;209;237;168;172;116;141;50;84;21;33;7;7;2;8;210001;2101;21013
2109700;Sambaíba (MA);41;64;51;52;44;33;31;19;16;19;5;10;1;1;0;2;1;1;210022;2105;21003
2109759;Santa Filomena do Maranhão (MA);40;39;35;27;23;28;21;16;9;11;6;7;2;2;1;2;1;0;210016;2104;21012
2109809;Santa Helena (MA);388;376;314;329;226;206;157;146;93;119;30;39;8;20;5;8;2;4;210002;2101;21011
2109908;Santa Inês (MA);787;909;633;717;549;555;312;339;216;222;72;101;38;74;13;17;5;6;210009;2102;21014
2110005;Santa Luzia (MA);839;758;624;535;459;397;281;275;178;181;66;59;23;23;10;6;7;4;210009;2102;21014
2110039;Santa Luzia do Paruá (MA);218;233;203;181;155;141;127;94;83;49;28;18;6;8;1;1;0;0;210011;2102;21019
2110104;Santa Quitéria do Maranhão (MA);330;314;259;230;176;133;138;129;72;84;37;35;19;24;5;8;6;2;210003;2101;21006
2110203;Santa Rita (MA);311;356;301;217;165;168;132;130;74;87;39;48;17;28;4;6;1;1;210001;2101;21013
2110237;Santana do Maranhão (MA);137;123;113;107;73;64;55;56;50;38;26;26;4;7;4;2;2;1;210007;2101;21006
2110278;Santo Amaro do Maranhão (MA);99;86;80;76;75;57;50;47;29;30;15;10;2;10;4;3;0;1;210006;2101;21013
2110302;Santo Antônio dos Lopes (MA);176;174;136;134;100;96;64;80;44;50;16;23;3;7;0;2;2;1;210012;2102;21012
2110401;São Benedito do Rio Preto (MA);179;195;135;130;102;85;89;88;86;88;28;13;10;16;2;2;2;1;210003;2101;21009
2110500;São Bento (MA);401;488;349;379;223;281;139;163;88;118;29;52;14;37;4;23;3;5;210002;2101;21018
2110609;São Bernardo (MA);278;286;239;244;183;164;144;100;79;74;48;34;16;20;4;3;4;3;210007;2101;21006
2110658;São Domingos do Azeitão (MA);66;79;74;61;40;37;17;28;12;15;1;5;2;3;1;1;0;1;210017;2104;21015
2110708;São Domingos do Maranhão (MA);374;373;246;269;206;209;180;161;99;101;50;50;24;24;2;5;0;1;210016;2104;21012
2110807;São Félix de Balsas (MA);70;59;48;42;32;30;24;22;12;14;5;14;2;2;1;0;1;0;210022;2105;21003
2110856;São Francisco do Brejão (MA);106;72;53;54;47;31;39;20;20;16;15;9;2;3;0;1;0;0;210021;2105;21001
2110906;São Francisco do Maranhão (MA);180;215;152;133;112;102;62;65;46;74;32;26;7;8;0;3;1;0;210017;2104;21017
2111003;São João Batista (MA);267;287;230;207;141;155;120;102;59;77;21;32;18;15;9;7;1;2;210005;2101;21018
2111029;São João do Carú (MA);161;121;147;84;71;26;32;35;17;9;6;7;3;2;1;2;5;5;210009;2102;21014
2111052;São João do Paraíso (MA);126;94;101;86;72;59;59;42;24;28;15;11;5;7;0;1;0;0;210019;2105;21008
2111078;São João do Soter (MA);191;221;166;140;131;90;80;75;50;53;26;34;6;11;3;5;1;0;210013;2103;21005
2111102;São João dos Patos (MA);314;385;294;291;185;218;130;173;77;75;51;49;16;11;3;6;4;3;210017;2104;21015
2111201;São José de Ribamar (MA);896;902;685;677;430;477;305;327;173;233;89;114;39;65;17;27;7;9;210001;2101;21016
2111250;São José dos Basílios (MA);87;91;58;63;43;41;36;31;22;23;9;10;1;3;1;0;1;0;210016;2104;21012
2111300;São Luís (MA);7047;9110;5191;6855;3569;5270;2335;3605;1253;2262;581;1229;207;533;87;248;53;82;210001;2101;21016
2111409;São Luís Gonzaga do Maranhão (MA);285;294;241;222;164;149;99;105;70;65;29;25;9;4;2;4;3;2;210010;2102;21002
2111508;São Mateus do Maranhão (MA);441;481;324;336;239;217;220;194;168;166;56;66;16;21;5;11;1;2;210010;2102;21007
2111532;São Pedro da Água Branca (MA);158;123;123;104;80;55;48;37;32;21;9;11;3;4;0;5;0;0;210019;2105;21001
2111573;São Pedro dos Crentes (MA);42;31;41;31;17;11;11;12;7;11;6;8;0;1;0;0;2;0;210020;2105;21003
2111607;São Raimundo das Mangabeiras (MA);180;217;153;178;100;111;90;83;60;68;29;38;8;8;3;4;1;0;210022;2105;21003
2111631;São Raimundo do Doca Bezerra (MA);78;53;44;51;33;24;23;14;20;12;10;9;1;1;1;1;0;0;210012;2102;21010
2111672;São Roberto (MA);48;45;37;32;22;23;24;17;10;5;9;2;2;0;0;1;0;0;210012;2102;21010
2111706;São Vicente Ferrer (MA);225;245;214;223;140;151;86;108;41;60;31;33;12;18;3;11;1;8;210005;2101;21018
2111722;Satubinha (MA);140;124;86;74;77;54;54;35;30;30;8;20;4;4;2;0;0;1;210010;2102;21014
2111748;Senador Alexandre Costa (MA);91;129;88;110;63;65;54;55;46;42;14;18;2;4;2;0;0;0;210016;2104;21012
2111763;Senador La Rocque (MA);222;248;186;154;147;120;82;92;41;41;26;25;6;3;2;3;1;1;210019;2105;21008
2111789;Serrano do Maranhão (MA);121;100;100;78;66;50;34;40;23;21;5;8;5;5;2;2;1;1;210008;2101;21011
2111805;Sítio Novo (MA);197;172;156;120;84;92;79;51;47;30;17;19;3;5;1;1;1;1;210020;2105;21008
2111904;Sucupira do Norte (MA);137;158;123;122;89;67;47;48;31;37;18;17;3;9;0;2;1;1;210018;2104;21015
2111953;Sucupira do Riachão (MA);70;73;53;49;31;21;21;22;16;18;12;8;2;3;0;0;0;0;210017;2104;21015
2112001;Tasso Fragoso (MA);53;82;54;54;43;35;38;40;22;19;6;15;4;0;3;0;1;0;210022;2105;21003
2112100;Timbiras (MA);299;345;253;262;180;160;131;119;111;114;34;41;13;14;0;1;2;0;210015;2103;21007
2112209;Timon (MA);1341;1600;1045;1215;755;885;480;540;284;371;126;233;45;97;16;32;8;10;210014;2103;21017
2112233;Trizidela do Vale (MA);210;254;180;207;140;162;108;122;57;81;29;29;8;16;2;7;0;1;210012;2102;21010
2112274;Tufilândia (MA);75;76;73;45;37;34;25;23;15;16;6;7;2;5;1;2;1;0;210009;2102;21014
2112308;Tuntum (MA);478;434;341;328;224;200;180;167;132;98;41;55;23;19;3;5;1;3;210016;2104;21012
2112407;Turiaçu (MA);335;270;321;231;183;153;115;122;74;86;31;36;10;10;4;4;3;2;210002;2101;21011
2112456;Turilândia (MA);209;202;221;158;106;94;68;43;38;37;13;24;2;9;3;4;2;3;210002;2101;21011
2112506;Tutóia (MA);424;431;334;311;267;239;172;162;116;106;67;71;28;17;2;16;3;4;210007;2101;21006
2112605;Urbano Santos (MA);194;206;136;154;115;89;76;60;71;71;30;19;14;14;2;5;1;1;210003;2101;21009
2112704;Vargem Grande (MA);418;433;348;347;229;220;175;155;108;99;39;54;26;35;7;10;1;1;210004;2101;21009
2112803;Viana (MA);527;543;458;462;305;277;226;208;146;154;69;79;15;27;10;13;3;2;210005;2101;21018
2112852;Vila Nova dos Martírios (MA);95;68;73;53;61;32;20;16;14;10;6;11;0;0;1;1;0;0;210019;2105;21001
2112902;Vitória do Mearim (MA);370;349;331;318;186;180;132;143;86;90;34;38;10;15;2;5;0;3;210005;2101;21009
2113009;Vitorino Freire (MA);386;407;309;304;232;210;167;160;107;113;66;69;24;17;5;7;1;6;210010;2102;21002
2114007;Zé Doca (MA);539;579;465;378;319;288;217;211;135;126;46;56;19;20;10;9;1;2;210009;2102;21019
2200053;Acauã (PI);64;72;49;45;45;31;35;29;9;24;10;8;2;1;0;1;0;0;220010;2203;22009
2200103;Agricolândia (PI);92;88;73;73;43;52;40;39;18;27;12;10;3;5;0;0;0;0;220002;2201;22004
2200202;Água Branca (PI);233;289;173;184;145;148;89;99;51;71;17;39;11;11;2;1;1;0;220002;2201;22004
2200251;Alagoinha do Piauí (PI);102;96;64;75;63;62;52;36;23;18;6;10;3;1;1;2;0;1;220009;2203;22009
2200277;Alegrete do Piauí (PI);71;84;31;35;36;31;31;34;21;15;12;11;3;0;0;0;1;0;220009;2203;22009
2200301;Alto Longá (PI);159;215;177;157;123;119;115;78;53;36;23;27;7;3;2;4;2;1;220001;2201;22004
2200400;Altos (PI);534;598;441;476;353;367;237;244;121;131;61;80;32;27;5;17;4;1;220001;2201;22004
2200459;Alvorada do Gurguéia (PI);54;49;36;35;25;18;19;17;10;12;6;9;4;3;1;1;0;0;220016;2205;22002
2200509;Amarante (PI);252;276;224;207;161;191;106;131;59;70;27;44;11;17;1;5;3;0;220002;2201;22004
2200608;Angical do Piauí (PI);105;143;92;94;75;82;46;60;31;42;12;10;7;7;0;2;1;0;220002;2201;22004
2200707;Anísio de Abreu (PI);92;92;61;53;39;52;45;37;36;29;16;15;4;4;0;1;0;1;220013;2204;22006
2200806;Antônio Almeida (PI);28;36;39;32;29;31;9;22;9;16;6;6;0;0;0;0;1;1;220018;2206;22007
2200905;Aroazes (PI);80;99;75;80;76;67;61;47;27;19;16;16;5;5;2;3;1;0;220004;2201;22010
2201002;Arraial (PI);61;82;51;65;36;43;30;25;20;17;7;7;1;5;0;1;0;0;220017;2206;22011
2201051;Assunção do Piauí (PI);95;82;49;50;51;36;30;34;18;22;10;12;3;3;0;1;0;0;220003;2201;22001
2201101;Avelino Lopes (PI);125;171;97;102;70;63;45;48;30;39;20;25;8;5;1;4;1;2;220015;2205;22002
2201150;Baixa Grande do Ribeiro (PI);77;76;59;57;45;39;26;15;17;25;14;11;2;1;3;1;2;1;220018;2206;22007
2201176;Barra D'Alcântara (PI);71;83;52;39;35;40;19;28;14;23;8;12;2;5;0;1;1;0;220004;2201;22010
2201200;Barras (PI);491;557;437;444;296;337;258;210;129;140;68;70;19;21;10;14;2;2;220005;2201;22003
2201309;Barreiras do Piauí (PI);39;51;28;32;32;28;17;19;10;8;7;5;1;0;0;0;0;0;220015;2205;22002
2201408;Barro Duro (PI);100;116;85;94;64;76;41;50;16;19;12;16;5;7;1;1;0;1;220002;2201;22004
2201507;Batalha (PI);335;345;258;298;196;197;137;123;74;86;38;50;13;15;4;4;2;2;220008;2202;22003
2201556;Bela Vista do Piauí (PI);35;28;35;26;21;24;13;15;7;9;4;2;0;1;1;0;0;1;220012;2203;22008
2201572;Belém do Piauí (PI);40;40;32;31;22;25;18;17;12;9;3;10;3;2;2;0;0;0;220009;2203;22009
2201606;Beneditinos (PI);150;172;134;131;87;84;66;64;30;44;15;20;9;1;2;1;1;0;220001;2201;22004
2201705;Bertolínia (PI);76;94;54;71;48;57;27;33;18;23;9;11;3;7;1;2;2;0;220018;2206;22011
2201739;Betânia do Piauí (PI);92;83;59;51;50;54;51;57;30;38;12;13;6;8;1;0;0;3;220010;2203;22009
2201770;Boa Hora (PI);64;61;51;43;45;29;24;24;18;17;7;6;1;3;1;1;0;1;220005;2201;22001
2201804;Bocaina (PI);77;83;59;51;43;50;40;35;19;21;7;11;2;3;1;0;0;0;220009;2203;22009
2201903;Bom Jesus (PI);166;186;125;171;113;106;49;86;43;49;17;22;6;9;1;3;3;1;220016;2205;22002
2201919;Bom Princípio do Piauí (PI);67;55;56;54;33;27;27;21;18;16;3;6;1;2;1;0;0;0;220006;2202;22005
2201929;Bonfim do Piauí (PI);68;66;51;45;42;47;27;27;20;21;6;10;5;3;2;0;0;1;220013;2204;22006
2201945;Boqueirão do Piauí (PI);86;73;64;67;58;45;35;29;26;29;7;9;5;2;2;3;1;0;220003;2201;22001
2201960;Brasileira (PI);115;110;94;86;84;62;34;31;21;24;9;18;3;8;2;3;1;0;220007;2202;22003
2201988;Brejo do Piauí (PI);57;48;38;44;31;32;23;24;12;11;12;6;1;1;0;0;0;0;220019;2206;22011
2202000;Buriti dos Lopes (PI);241;226;190;196;160;155;110;88;50;58;45;31;12;6;4;9;0;3;220006;2202;22005
2202026;Buriti dos Montes (PI);125;108;83;64;60;66;52;28;23;31;17;12;3;5;4;2;2;1;220003;2201;22001
2202059;Cabeceiras do Piauí (PI);121;125;118;112;81;66;41;47;35;27;14;13;5;9;1;2;1;0;220005;2201;22001
2202075;Cajazeiras do Piauí (PI);36;49;36;32;19;15;19;17;10;10;3;3;3;1;1;1;1;1;220011;2203;22008
2202083;Cajueiro da Praia (PI);96;89;65;75;49;58;33;27;24;21;12;19;3;7;3;2;0;1;220006;2202;22005
2202091;Caldeirão Grande do Piauí (PI);77;78;57;64;50;40;30;34;28;20;9;15;1;4;2;2;0;0;220009;2203;22009
2202109;Campinas do Piauí (PI);68;86;53;60;48;58;35;43;20;19;8;15;3;4;0;1;1;0;220012;2203;22008
2202117;Campo Alegre do Fidalgo (PI);52;59;31;35;48;51;31;32;17;15;9;9;0;3;0;0;0;0;220014;2204;22006
2202133;Campo Grande do Piauí (PI);68;58;41;32;38;31;28;27;12;18;4;6;7;4;0;1;0;0;220009;2203;22009
2202174;Campo Largo do Piauí (PI);63;71;58;67;36;29;20;26;15;20;5;6;2;2;3;1;0;0;220005;2201;22003
2202208;Campo Maior (PI);588;690;483;581;394;450;274;306;136;180;79;87;23;29;10;12;1;4;220003;2201;22001
2202251;Canavieira (PI);60;58;52;46;30;48;27;18;12;10;10;6;4;4;1;1;0;0;220017;2206;22011
2202307;Canto do Buriti (PI);244;277;190;194;152;172;95;120;55;77;34;37;12;10;0;2;1;1;220019;2206;22011
2202406;Capitão de Campos (PI);133;148;119;107;104;87;55;57;34;41;18;27;7;7;1;2;1;1;220007;2202;22003
2202455;Capitão Gervásio Oliveira (PI);44;46;27;44;27;33;26;22;13;16;10;9;2;5;0;0;2;0;220014;2204;22006
2202505;Caracol (PI);95;109;62;67;57;71;42;38;31;40;11;21;4;7;0;2;3;0;220013;2204;22006
2202539;Caraúbas do Piauí (PI);65;71;55;43;46;36;24;25;15;15;9;13;2;1;0;1;0;1;220006;2202;22005
2202554;Caridade do Piauí (PI);54;47;33;33;29;28;27;22;14;16;3;5;2;0;1;3;1;0;220010;2203;22009
2202604;Castelo do Piauí (PI);269;281;197;212;179;174;117;109;69;77;51;52;16;13;4;4;0;1;220003;2201;22001
2202653;Caxingó (PI);53;37;41;38;35;32;18;17;13;9;7;6;1;3;0;0;1;2;220006;2202;22005
2202703;Cocal (PI);306;309;238;243;187;161;136;130;83;82;52;58;21;17;1;9;1;0;220006;2202;22005
2202711;Cocal de Telha (PI);72;70;53;38;55;31;21;28;13;8;4;2;3;0;0;2;0;0;220003;2201;22001
2202729;Cocal dos Alves (PI);63;58;48;41;43;44;32;26;14;10;2;8;6;4;2;0;0;0;220006;2202;22005
2202737;Coivaras (PI);57;44;44;34;32;27;28;22;11;11;8;11;2;1;0;1;4;1;220001;2201;22004
2202752;Colônia do Gurguéia (PI);76;77;47;54;48;47;34;34;23;17;9;6;0;3;0;2;0;0;220016;2205;22002
2202778;Colônia do Piauí (PI);85;99;56;75;61;57;45;37;16;20;9;12;0;5;2;2;2;1;220011;2203;22008
2202802;Conceição do Canindé (PI);58;98;39;45;43;54;35;35;25;27;17;12;2;5;1;4;1;0;220012;2203;22008
2202851;Coronel José Dias (PI);66;66;31;47;36;32;25;35;21;15;10;5;3;9;1;1;0;0;220013;2204;22006
2202901;Corrente (PI);280;301;197;224;163;153;92;134;71;87;50;56;11;13;1;7;2;0;220015;2205;22002
2203008;Cristalândia do Piauí (PI);74;74;42;42;38;58;43;33;20;25;14;16;4;3;1;1;0;1;220015;2205;22002
2203107;Cristino Castro (PI);123;132;96;93;57;73;64;45;20;29;16;22;6;9;2;0;1;2;220016;2205;22002
2203206;Curimatá (PI);106;144;80;99;79;63;52;44;33;41;21;19;6;8;3;1;2;0;220015;2205;22002
2203230;Currais (PI);42;59;56;42;33;29;14;16;5;14;3;4;1;3;0;2;0;1;220016;2205;22002
2203255;Curralinhos (PI);61;63;43;46;33;36;23;19;8;18;2;7;0;3;1;0;0;0;220001;2201;22004
2203271;Curral Novo do Piauí (PI);33;44;34;41;34;23;24;18;13;12;8;12;3;3;0;1;1;0;220010;2203;22009
2203305;Demerval Lobão (PI);181;219;138;190;127;112;95;75;39;53;17;23;3;15;1;4;2;1;220001;2201;22004
2203354;Dirceu Arcoverde (PI);82;100;60;66;47;58;35;37;19;25;14;11;6;3;0;1;0;1;220013;2204;22006
2203404;Dom Expedito Lopes (PI);80;89;46;60;58;51;39;50;21;16;8;12;2;6;1;2;0;0;220009;2203;22009
2203420;Domingos Mourão (PI);67;66;45;43;40;30;22;18;12;13;9;6;0;8;1;0;0;0;220007;2202;22003
2203453;Dom Inocêncio (PI);126;147;103;86;70;81;66;63;38;43;11;19;7;10;2;1;0;1;220013;2204;22006
2203503;Elesbão Veloso (PI);252;303;202;219;179;198;123;130;85;71;31;35;10;14;2;1;2;1;220002;2201;22010
2203602;Eliseu Martins (PI);62;88;45;54;50;50;23;33;21;18;12;9;3;5;3;4;0;0;220019;2206;22002
2203701;Esperantina (PI);414;449;376;372;247;262;186;214;109;139;59;52;25;20;2;6;3;4;220008;2202;22003
2203750;Fartura do Piauí (PI);66;68;51;50;36;39;22;31;16;12;6;8;6;0;0;0;0;0;220013;2204;22006
2203800;Flores do Piauí (PI);66;76;49;51;44;30;20;21;13;18;1;7;1;4;1;0;0;0;220019;2206;22011
2203859;Floresta do Piauí (PI);33;39;30;22;25;22;12;15;8;9;5;5;0;2;1;0;0;0;220011;2203;22008
2203909;Floriano (PI);625;827;477;631;366;584;276;364;181;224;81;145;31;46;7;9;4;4;220017;2206;22011
2204006;Francinópolis (PI);82;95;68;76;53;54;33;53;23;23;7;11;2;2;0;1;0;0;220002;2201;22010
2204105;Francisco Ayres (PI);88;82;67;73;60;65;57;42;27;24;9;10;4;5;1;1;0;1;220017;2206;22011
2204154;Francisco Macedo (PI);37;24;28;37;17;30;9;13;11;4;3;6;1;2;0;1;0;0;220009;2203;22009
2204204;Francisco Santos (PI);106;112;87;75;46;55;33;34;29;22;18;8;3;3;1;1;0;0;220009;2203;22009
2204303;Fronteiras (PI);141;145;99;116;75;80;64;68;46;39;20;23;6;4;2;0;1;0;220009;2203;22009
2204352;Geminiano (PI);82;74;47;46;35;29;29;24;23;14;7;9;1;3;2;0;0;0;220009;2203;22009
2204402;Gilbués (PI);99;126;98;96;73;67;46;60;20;19;16;13;2;10;1;1;0;1;220015;2205;22002
2204501;Guadalupe (PI);156;154;96;124;65;95;47;52;41;37;15;21;2;6;1;4;0;0;220017;2206;22011
2204550;Guaribas (PI);36;62;43;31;22;14;15;9;6;9;1;6;1;1;0;0;0;0;220013;2204;22006
2204600;Hugo Napoleão (PI);57;59;43;42;31;25;18;16;10;12;11;13;3;1;0;0;0;0;220002;2201;22004
2204659;Ilha Grande (PI);123;144;95;108;85;77;56;46;26;46;15;18;9;6;0;0;0;1;220006;2202;22005
2204709;Inhuma (PI);245;233;182;187;129;132;90;98;57;53;33;29;11;11;1;2;0;1;220004;2201;22010
2204808;Ipiranga do Piauí (PI);138;156;89;109;81;62;48;56;27;22;11;20;4;7;2;3;0;0;220004;2201;22009
2204907;Isaías Coelho (PI);103;90;77;86;58;56;40;52;21;25;10;13;2;2;2;0;0;1;220009;2203;22008
2205003;Itainópolis (PI);168;173;122;135;122;107;62;70;39;49;20;27;5;4;0;3;1;1;220009;2203;22009
2205102;Itaueira (PI);158;178;108;97;78;99;49;62;53;50;24;21;7;4;1;1;1;1;220017;2206;22011
2205151;Jacobina do Piauí (PI);69;65;50;38;36;51;43;28;13;23;19;15;5;5;1;2;1;1;220010;2203;22009
2205201;Jaicós (PI);216;225;125;162;110;148;105;98;58;71;30;38;6;8;4;4;1;1;220009;2203;22009
2205250;Jardim do Mulato (PI);78;72;52;50;36;32;24;16;10;12;3;10;5;4;0;0;1;0;220002;2201;22004
2205276;Jatobá do Piauí (PI);77;63;52;50;33;42;31;26;23;13;10;10;3;7;2;0;0;0;220003;2201;22001
2205300;Jerumenha (PI);52;73;46;51;41;29;23;23;20;17;9;8;1;4;1;0;0;2;220017;2206;22011
2205359;João Costa (PI);35;35;28;33;18;28;18;14;6;14;3;9;1;0;2;1;0;0;220014;2204;22006
2205409;Joaquim Pires (PI);169;161;129;122;90;86;76;55;34;37;21;11;3;6;1;2;0;1;220008;2202;22003
2205458;Joca Marques (PI);57;49;43;45;36;25;15;20;9;11;9;4;3;0;1;0;0;0;220008;2202;22003
2205508;José de Freitas (PI);422;474;351;348;288;283;195;197;124;144;56;73;16;28;6;7;2;3;220001;2201;22004
2205516;Juazeiro do Piauí (PI);70;76;53;46;46;29;19;19;13;13;9;5;2;4;0;0;0;0;220003;2201;22001
2205524;Júlio Borges (PI);70;61;42;52;41;44;24;26;20;23;7;14;5;1;1;0;0;0;220015;2205;22002
2205532;Jurema (PI);48;53;44;45;27;27;25;22;20;13;5;6;3;2;0;2;0;0;220013;2204;22006
2205540;Lagoinha do Piauí (PI);32;32;25;19;18;23;18;18;7;10;3;5;1;3;1;0;0;0;220002;2201;22004
2205557;Lagoa Alegre (PI);95;101;68;63;73;57;29;41;23;27;13;16;6;2;2;3;0;0;220001;2201;22004
2205565;Lagoa do Barro do Piauí (PI);66;54;35;34;30;46;16;28;29;27;17;9;1;1;2;2;0;0;220014;2204;22006
2205573;Lagoa de São Francisco (PI);89;87;58;46;44;43;33;31;18;15;8;12;3;3;2;0;0;0;220007;2202;22003
2205581;Lagoa do Piauí (PI);43;53;44;40;30;17;18;16;15;9;8;4;2;2;0;0;0;0;220001;2201;22004
2205599;Lagoa do Sítio (PI);89;71;49;35;49;32;19;19;16;13;4;3;0;4;1;0;0;0;220004;2201;22010
2205607;Landri Sales (PI);100;110;70;79;45;48;38;23;8;20;7;10;5;9;2;0;1;1;220017;2206;22011
2205706;Luís Correia (PI);302;283;227;180;166;160;122;103;52;54;37;30;8;13;1;3;1;2;220006;2202;22005
2205805;Luzilândia (PI);335;378;297;294;180;210;142;110;85;83;36;44;10;26;6;5;1;2;220008;2202;22003
2205854;Madeiro (PI);62;77;74;69;38;37;35;20;20;16;6;5;2;1;1;0;1;2;220008;2202;22003
2205904;Manoel Emídio (PI);80;87;60;64;35;35;25;21;9;13;8;8;2;6;3;1;2;0;220018;2206;22011
2205953;Marcolândia (PI);78;90;44;48;37;49;32;19;16;17;6;12;4;0;0;1;0;0;220009;2203;22009
2206001;Marcos Parente (PI);68;71;47;52;42;45;30;33;21;22;8;13;5;3;1;2;0;0;220017;2206;22011
2206050;Massapê do Piauí (PI);106;79;52;79;56;61;39;45;26;26;10;17;0;5;1;0;0;1;220009;2203;22009
2206100;Matias Olímpio (PI);111;139;94;97;61;69;58;48;39;36;15;17;5;10;5;2;0;0;220008;2202;22003
2206209;Miguel Alves (PI);386;403;302;285;205;229;170;155;91;104;45;63;18;12;5;5;1;2;220001;2201;22004
2206308;Miguel Leão (PI);16;23;27;9;9;5;12;5;1;9;0;1;0;1;0;1;0;0;220002;2201;22004
2206357;Milton Brandão (PI);95;83;75;64;52;45;33;20;23;22;16;9;4;3;1;3;0;0;220007;2202;22003
2206407;Monsenhor Gil (PI);157;173;115;135;120;103;66;65;44;43;14;25;7;5;1;1;2;1;220001;2201;22004
2206506;Monsenhor Hipólito (PI);88;89;79;59;59;56;38;40;22;21;11;12;5;2;0;2;0;0;220009;2203;22009
2206605;Monte Alegre do Piauí (PI);108;129;97;91;92;78;61;45;28;32;12;10;7;3;2;3;0;1;220015;2205;22002
2206654;Morro Cabeça no Tempo (PI);44;55;45;38;36;35;21;21;15;16;7;9;0;3;0;1;0;1;220015;2205;22002
2206670;Morro do Chapéu do Piauí (PI);68;76;56;50;46;29;20;14;8;7;10;6;4;1;0;0;2;0;220008;2202;22003
2206696;Murici dos Portelas (PI);72;64;60;48;38;25;28;23;18;14;9;6;5;5;1;1;0;1;220006;2202;22005
2206704;Nazaré do Piauí (PI);117;127;103;111;69;108;45;60;33;30;14;13;6;5;0;2;0;2;220017;2206;22011
2206753;Nossa Senhora de Nazaré (PI);79;72;47;56;38;32;35;29;12;16;12;12;2;4;0;2;0;0;220003;2201;22001
2206803;Nossa Senhora dos Remédios (PI);71;90;78;79;41;66;34;37;30;21;11;19;3;5;3;1;0;0;220005;2201;22003
2206902;Novo Oriente do Piauí (PI);113;149;98;87;55;79;64;43;19;24;10;14;4;3;1;1;0;1;220004;2201;22010
2206951;Novo Santo Antônio (PI);56;42;42;35;29;20;25;19;12;6;7;7;0;2;0;1;0;0;220001;2201;22001
2207009;Oeiras (PI);433;565;324;418;288;320;173;212;117;145;55;69;16;23;5;12;0;3;220011;2203;22008
2207108;Olho D'Água do Piauí (PI);29;35;23;17;13;13;16;9;13;13;6;5;1;2;0;0;0;0;220002;2201;22004
2207207;Padre Marcos (PI);117;116;60;68;61;69;50;45;35;32;11;11;1;4;0;1;0;1;220009;2203;22009
2207306;Paes Landim (PI);44;62;34;42;28;26;16;26;23;14;7;8;0;1;0;1;0;0;220012;2203;22011
2207355;Pajeú do Piauí (PI);43;57;27;28;29;27;20;16;18;14;4;6;0;4;2;0;0;0;220019;2206;22011
2207405;Palmeira do Piauí (PI);58;65;46;54;34;40;20;25;13;13;10;6;1;1;0;2;0;0;220016;2205;22002
2207504;Palmeirais (PI);204;221;167;151;106;106;72;83;53;72;26;38;3;8;0;4;1;0;220002;2201;22004
2207553;Paquetá (PI);70;56;57;37;38;28;32;24;14;7;3;8;1;3;0;0;2;0;220009;2203;22009
2207603;Parnaguá (PI);81;111;80;78;76;53;45;34;23;24;12;11;5;3;0;2;1;2;220015;2205;22002
2207702;Parnaíba (PI);1585;1947;1268;1642;990;1316;656;867;365;554;211;271;72;126;18;40;13;14;220006;2202;22005
2207751;Passagem Franca do Piauí (PI);64;58;61;56;37;37;23;16;13;10;5;8;0;1;2;1;0;1;220002;2201;22004
2207777;Patos do Piauí (PI);92;77;61;68;42;68;57;51;27;34;17;21;6;7;2;2;0;0;220010;2203;22009
2207801;Paulistana (PI);184;211;134;161;119;128;88;99;58;58;33;39;11;9;0;0;2;2;220010;2203;22009
2207850;Pavussu (PI);53;54;42;40;32;36;30;26;10;18;9;8;3;2;0;0;1;0;220019;2206;22011
2207900;Pedro II (PI);515;573;383;393;350;307;208;247;126;140;65;69;18;23;7;9;2;2;220007;2202;22003
2207934;Pedro Laurentino (PI);23;26;16;13;6;7;8;8;5;6;2;3;0;0;0;0;0;0;220014;2204;22011
2207959;Nova Santa Rita (PI);50;56;34;35;32;24;24;20;6;12;11;6;2;1;0;1;0;1;220014;2204;22011
2208007;Picos (PI);849;965;576;641;493;517;293;348;160;214;75;109;26;24;9;5;3;3;220009;2203;22009
2208106;Pimenteiras (PI);177;168;118;110;96;74;75;64;35;35;13;18;5;4;0;2;0;2;220004;2201;22010
2208205;Pio IX (PI);219;240;177;175;137;151;90;84;40;53;30;42;7;6;1;4;2;2;220009;2203;22009
2208304;Piracuruca (PI);337;365;272;252;197;203;118;157;103;93;41;54;20;14;1;5;2;3;220007;2202;22003
2208403;Piripiri (PI);805;948;620;747;557;588;344;377;193;249;113;132;33;44;6;11;3;8;220007;2202;22003
2208502;Porto (PI);113;119;105;110;75;75;64;55;32;33;24;22;4;6;1;6;0;3;220005;2201;22003
2208551;Porto Alegre do Piauí (PI);32;26;22;20;8;17;10;7;6;6;1;7;1;1;1;0;0;0;220017;2206;22011
2208601;Prata do Piauí (PI);73;65;51;51;51;38;19;25;14;15;4;2;0;1;0;1;0;0;220002;2201;22010
2208650;Queimada Nova (PI);105;122;71;101;71;85;50;69;29;38;15;17;6;3;1;1;1;2;220010;2203;22009
2208700;Redenção do Gurguéia (PI);76;72;67;86;42;51;28;32;8;18;4;13;1;4;0;0;0;0;220016;2205;22002
2208809;Regeneração (PI);261;291;180;210;156;176;114;109;57;92;17;45;11;10;5;6;2;1;220002;2201;22004
2208858;Riacho Frio (PI);45;46;36;40;29;30;26;19;8;9;9;4;3;4;0;0;0;0;220015;2205;22002
2208874;Ribeira do Piauí (PI);50;54;27;32;26;30;24;19;7;6;6;2;1;1;1;1;0;0;220014;2204;22011
2208908;Ribeiro Gonçalves (PI);66;68;48;58;40;45;30;28;15;16;6;7;5;1;0;1;1;0;220018;2206;22007
2209005;Rio Grande do Piauí (PI);87;81;73;70;54;62;37;42;24;22;12;20;3;3;1;2;1;1;220019;2206;22011
2209104;Santa Cruz do Piauí (PI);75;103;64;81;61;52;37;39;18;24;10;9;2;5;1;1;0;0;220009;2203;22009
2209153;Santa Cruz dos Milagres (PI);52;40;26;44;33;31;20;17;15;10;10;4;3;1;2;1;0;0;220004;2201;22010
2209203;Santa Filomena (PI);75;67;39;56;46;43;21;22;21;19;8;8;0;1;0;0;0;0;220015;2205;22002
2209302;Santa Luz (PI);70;63;46;40;36;39;25;22;15;9;7;7;1;5;1;0;0;1;220016;2205;22002
2209351;Santana do Piauí (PI);71;74;51;59;40;37;34;35;26;16;10;11;4;3;0;1;1;0;220009;2203;22009
2209377;Santa Rosa do Piauí (PI);79;93;49;53;55;39;30;24;19;15;9;5;1;4;0;0;2;2;220011;2203;22008
2209401;Santo Antônio de Lisboa (PI);90;68;45;62;46;47;37;31;15;24;10;10;1;0;0;0;1;1;220009;2203;22009
2209450;Santo Antônio dos Milagres (PI);29;30;19;23;20;13;8;9;10;6;2;3;4;4;0;0;0;2;220002;2201;22004
2209500;Santo Inácio do Piauí (PI);40;43;34;34;29;38;22;28;12;11;11;5;2;1;0;0;0;0;220011;2203;22008
2209559;São Braz do Piauí (PI);73;74;45;39;39;45;20;20;7;18;9;16;0;1;0;1;0;0;220013;2204;22006
2209609;São Félix do Piauí (PI);73;69;55;50;51;42;22;26;23;9;8;9;2;0;0;0;0;0;220002;2201;22010
2209658;São Francisco de Assis do Piauí (PI);37;44;29;46;25;30;31;24;13;12;8;14;2;0;1;1;0;1;220012;2203;22008
2209708;São Francisco do Piauí (PI);100;112;66;75;57;59;54;52;25;22;11;12;3;5;1;1;0;0;220017;2206;22011
2209757;São Gonçalo do Gurguéia (PI);31;31;27;16;20;15;13;7;4;12;4;2;1;3;0;0;0;0;220015;2205;22002
2209807;São Gonçalo do Piauí (PI);63;65;51;42;37;33;12;20;6;14;7;7;3;3;0;0;1;0;220002;2201;22004
2209856;São João da Canabrava (PI);77;95;58;56;56;47;25;35;16;19;8;7;1;1;2;1;1;0;220009;2203;22009
2209872;São João da Fronteira (PI);59;74;46;37;34;35;26;20;16;11;6;7;2;4;1;0;0;0;220007;2202;22003
2209906;São João da Serra (PI);120;95;71;92;78;60;40;39;17;17;15;11;4;1;1;0;1;0;220003;2201;22001
2209955;São João da Varjota (PI);64;82;53;50;41;45;15;29;14;11;10;11;3;2;0;0;0;1;220011;2203;22008
2209971;São João do Arraial (PI);76;76;64;62;36;37;39;34;21;19;10;13;5;5;1;4;2;0;220008;2202;22003
2210003;São João do Piauí (PI);192;225;148;173;120;163;76;112;53;74;30;46;11;10;2;5;0;1;220014;2204;22006
2210052;São José do Divino (PI);75;60;52;29;31;37;22;21;13;12;1;8;5;1;0;1;1;0;220007;2202;22003
2210102;São José do Peixe (PI);45;51;38;49;34;35;36;18;13;26;2;6;2;5;1;2;1;0;220017;2206;22011
2210201;São José do Piauí (PI);104;108;76;72;58;64;45;34;30;21;14;9;8;3;0;0;0;0;220009;2203;22009
2210300;São Julião (PI);89;82;54;70;59;74;34;36;27;20;6;6;2;5;2;1;1;0;220009;2203;22009
2210359;São Lourenço do Piauí (PI);61;93;47;62;46;43;27;39;24;25;12;16;1;3;0;0;0;0;220013;2204;22006
2210375;São Luis do Piauí (PI);38;52;24;39;32;22;23;20;8;11;7;5;2;3;1;1;0;0;220009;2203;22009
2210383;São Miguel da Baixa Grande (PI);38;29;32;31;22;27;14;17;9;8;4;4;1;2;0;0;1;1;220002;2201;22010
2210391;São Miguel do Fidalgo (PI);38;36;31;28;15;15;19;19;8;7;5;8;0;1;0;1;0;1;220011;2203;22011
2210409;São Miguel do Tapuio (PI);253;280;203;187;163;140;96;115;74;57;55;38;9;8;3;6;2;1;220003;2201;22001
2210508;São Pedro do Piauí (PI);177;219;133;154;105;124;69;100;52;57;18;37;8;11;1;5;0;1;220002;2201;22004
2210607;São Raimundo Nonato (PI);315;368;225;271;199;226;129;148;94;124;49;59;9;19;3;5;2;2;220013;2204;22006
2210623;Sebastião Barros (PI);46;52;37;44;38;35;22;24;15;14;6;9;1;0;2;0;1;1;220015;2205;22002
2210631;Sebastião Leal (PI);36;64;27;35;43;36;23;14;12;11;5;1;2;1;0;1;0;0;220018;2206;22007
2210656;Sigefredo Pacheco (PI);139;127;104;98;80;91;51;51;35;29;18;16;2;5;1;1;0;0;220003;2201;22001
2210706;Simões (PI);174;182;101;115;91;88;64;66;42;41;26;31;7;7;0;4;1;0;220010;2203;22009
2210805;Simplício Mendes (PI);138;164;107;108;97;123;69;84;43;46;18;21;7;7;1;2;0;2;220012;2203;22008
2210904;Socorro do Piauí (PI);53;55;35;46;31;45;24;24;10;17;11;17;0;3;0;0;0;2;220012;2203;22011
2210938;Sussuapara (PI);89;82;51;72;38;48;33;34;15;23;7;9;1;5;1;0;0;1;220009;2203;22009
2210953;Tamboril do Piauí (PI);32;30;26;19;16;14;14;16;9;6;6;3;1;1;0;0;0;0;220019;2206;22011
2210979;Tanque do Piauí (PI);45;42;41;31;18;20;15;11;6;7;3;3;0;1;0;0;0;0;220011;2203;22008
2211001;Teresina (PI);6400;7991;4541;6210;3386;4877;2249;3124;1179;1893;630;1091;200;371;68;151;30;45;220001;2201;22004
2211100;União (PI);568;579;476;489;334;352;232;246;126;135;56;102;27;21;5;13;0;4;220001;2201;22004
2211209;Uruçuí (PI);235;243;164;185;113;157;91;75;63;75;27;31;7;9;4;8;1;1;220018;2206;22007
2211308;Valença do Piauí (PI);276;340;252;275;205;224;152;166;88;86;53;47;10;14;3;8;0;3;220004;2201;22010
2211357;Várzea Branca (PI);67;69;49;55;44;40;21;23;17;13;9;9;0;3;2;2;0;0;220013;2204;22006
2211407;Várzea Grande (PI);63;80;62;84;53;47;30;25;15;25;6;11;1;1;2;4;0;0;220002;2201;22010
2211506;Vera Mendes (PI);50;54;35;38;25;17;20;10;15;10;5;6;2;1;0;1;0;0;220009;2203;22009
2211605;Vila Nova do Piauí (PI);49;42;23;24;23;15;12;16;16;20;1;5;2;0;2;0;0;0;220009;2203;22009
2211704;Wall Ferraz (PI);53;45;39;44;29;23;19;24;10;13;2;2;0;1;0;1;0;0;220009;2203;22009
2300101;Abaiara (CE);108;126;85;99;79;99;58;61;38;29;14;27;6;6;0;3;2;1;230012;2304;23019
2300150;Acarape (CE);160;172;128;146;114;119;67;73;39;40;24;27;3;5;0;4;0;0;230003;2301;23003
2300200;Acaraú (CE);608;638;496;493;390;426;270;269;146;175;73;85;31;33;6;8;3;9;230017;2306;23012
2300309;Acopiara (CE);820;916;593;642;568;539;430;381;233;231;143;125;50;30;7;7;4;5;230009;2303;23018
2300408;Aiuaba (CE);218;199;146;150;122;130;106;84;53;51;38;38;11;12;4;6;0;2;230011;2304;23014
2300507;Alcântaras (CE);135;162;116;152;110;108;62;73;51;43;28;30;5;15;1;2;3;1;230015;2306;23011
2300606;Altaneira (CE);110;119;56;83;51;74;56;59;39;44;16;24;6;2;1;4;0;0;230011;2304;23020
2300705;Alto Santo (CE);189;214;146;154;154;163;106;108;74;87;32;45;11;17;3;5;3;2;230007;2302;23010
2300754;Amontada (CE);430;439;341;335;273;253;226;204;123;117;71;62;29;21;5;7;5;6;230002;2301;23006
2300804;Antonina do Norte (CE);119;127;87;81;57;73;60;39;47;44;17;25;8;10;1;7;0;1;230011;2304;23020
2300903;Apuiarés (CE);209;208;155;152;155;169;105;82;46;51;23;37;7;9;1;3;2;1;230005;2301;23002
2301000;Aquiraz (CE);754;742;540;543;479;501;304;287;160;184;97;109;30;35;12;17;5;3;230001;2301;23001
2301109;Aracati (CE);654;745;563;690;441;600;327;389;191;272;116;145;25;47;8;14;0;9;230008;2302;23007
2301208;Aracoiaba (CE);366;364;271;316;280;267;202;187;107;111;68;61;19;32;5;5;2;2;230003;2301;23004
2301257;Ararendá (CE);181;196;116;135;123;144;95;84;51;58;21;30;11;9;5;5;1;3;230013;2305;23015
2301307;Araripe (CE);266;310;207;175;157;168;112;113;56;88;43;54;13;16;2;7;1;1;230011;2304;23020
2301406;Aratuba (CE);184;168;130;119;113;123;75;62;38;42;20;20;10;9;5;1;0;1;230003;2301;23004
2301505;Arneiroz (CE);114;105;79;82;68;63;54;56;38;25;18;17;8;6;0;2;1;1;230014;2305;23014
2301604;Assaré (CE);388;378;227;249;191;222;150;177;107;109;52;52;20;18;3;5;0;1;230011;2304;23020
2301703;Aurora (CE);427;483;289;313;259;240;196;209;117;124;71;84;22;23;7;12;0;0;230011;2304;23019
2301802;Baixio (CE);104;117;74;64;55;60;47;45;24;25;16;14;6;2;0;2;0;0;230010;2303;23017
2301851;Banabuiú (CE);198;248;168;145;159;139;126;97;71;54;27;39;9;15;2;4;0;1;230006;2302;23008
2301901;Barbalha (CE);546;725;448;538;358;455;269;361;125;222;63;104;22;41;8;19;3;3;230011;2304;23021
2301950;Barreira (CE);226;220;160;184;159;173;123;109;62;59;29;26;13;13;3;1;1;0;230003;2301;23003
2302008;Barro (CE);365;365;229;284;220;240;169;169;107;103;47;43;17;20;5;5;0;2;230012;2304;23019
2302057;Barroquinha (CE);181;181;155;155;115;103;72;70;51;65;30;30;6;5;2;5;0;2;230018;2306;23016
2302107;Baturité (CE);424;505;376;397;298;299;215;217;122;138;68;96;30;40;15;11;4;9;230003;2301;23004
2302206;Beberibe (CE);518;568;448;468;404;432;274;316;157;167;98;86;23;38;7;13;7;8;230001;2301;23022
2302305;Bela Cruz (CE);355;363;247;254;218;196;173;133;106;100;64;53;15;21;8;2;2;6;230017;2306;23012
2302404;Boa Viagem (CE);829;839;543;559;563;556;421;437;255;224;155;147;57;50;15;20;2;5;230004;2301;23005
2302503;Brejo Santo (CE);515;646;335;413;313;362;225;253;112;156;75;86;14;27;6;8;2;2;230012;2304;23019
2302602;Camocim (CE);590;677;522;549;344;362;293;276;134;196;90;107;23;42;10;23;2;0;230018;2306;23016
2302701;Campos Sales (CE);384;466;244;332;260;306;190;243;136;123;70;72;22;21;6;7;3;5;230011;2304;23020
2302800;Canindé (CE);1033;1102;717;776;654;708;524;471;251;269;165;190;54;62;22;23;5;7;230004;2301;23005
2302909;Capistrano (CE);221;254;188;176;187;157;130;126;67;69;39;38;15;6;3;4;0;4;230003;2301;23004
2303006;Caridade (CE);246;213;176;173;180;158;115;94;51;56;49;34;8;12;4;3;1;2;230004;2301;23005
2303105;Cariré (CE);304;330;187;276;198;226;183;173;95;89;54;55;19;27;2;5;0;2;230015;2306;23011
2303204;Caririaçu (CE);350;441;255;282;206;269;160;167;90;122;54;51;7;21;4;3;1;1;230011;2304;23021
2303303;Cariús (CE);324;355;227;221;159;198;165;163;107;90;65;52;12;12;2;2;1;2;230009;2303;23018
2303402;Carnaubal (CE);209;233;189;192;135;145;82;92;60;52;25;41;12;9;5;5;0;3;230016;2306;23013
2303501;Cascavel (CE);724;827;600;664;539;591;352;378;248;217;101;133;34;45;13;14;7;6;230001;2301;23022
2303600;Catarina (CE);209;197;157;167;115;125;91;83;54;54;28;27;4;7;0;2;1;0;230009;2303;23018
2303659;Catunda (CE);124;146;96;103;89;113;69;82;56;55;28;25;15;7;3;2;0;0;230015;2306;23011
2303709;Caucaia (CE);2226;2521;1568;1864;1110;1357;793;976;382;551;212;280;61;99;18;26;14;14;230001;2301;23002
2303808;Cedro (CE);439;496;294;332;308;298;240;225;115;134;72;60;20;17;4;2;0;2;230009;2303;23017
2303907;Chaval (CE);165;192;140;120;75;97;69;49;38;34;17;27;7;8;1;1;1;2;230018;2306;23016
2303931;Choró (CE);196;171;128;118;128;117;107;78;50;36;14;22;5;9;2;4;0;0;230006;2302;23008
2303956;Chorozinho (CE);235;224;169;179;164;154;110;93;51;60;37;21;9;8;2;0;1;4;230001;2301;23022
2304004;Coreaú (CE);258;299;228;211;188;191;136;111;82;72;62;33;10;11;6;4;2;0;230015;2306;23011
2304103;Crateús (CE);1067;1228;779;918;769;853;511;558;329;378;175;218;64;72;14;25;3;6;230013;2305;23015
2304202;Crato (CE);1251;1600;883;1324;739;1012;513;781;313;417;183;274;59;117;15;31;8;8;230011;2304;23020
2304236;Croatá (CE);232;264;160;194;153;174;103;97;65;53;32;27;10;14;2;2;2;2;230016;2306;23013
2304251;Cruz (CE);276;277;191;205;168;148;110;105;81;49;37;27;10;6;3;1;2;4;230017;2306;23012
2304269;Deputado Irapuan Pinheiro (CE);198;170;105;107;101;84;70;70;38;33;16;24;10;10;0;2;0;3;230006;2302;23018
2304277;Ereré (CE);99;107;56;64;62;71;45;53;29;33;10;14;1;7;0;1;3;2;230007;2302;23010
2304285;Eusébio (CE);290;316;241;251;183;201;136;136;67;62;39;30;16;6;7;7;2;4;230001;2301;23001
2304301;Farias Brito (CE);346;351;230;253;204;206;131;177;99;96;53;65;11;11;2;5;0;3;230011;2304;23020
2304350;Forquilha (CE);226;260;183;198;167;161;113;116;61;51;44;46;14;25;3;5;1;0;230015;2306;23011
2304400;Fortaleza (CE);21476;30089;14801;22039;11839;18775;7964;12664;3922;7134;2074;4246;710;1474;216;561;96;151;230001;2301;23001
2304459;Fortim (CE);159;162;117;131;86;100;87;69;35;52;15;23;5;11;0;7;0;0;230008;2302;23007
2304509;Frecheirinha (CE);135;173;120;136;123;115;79;87;41;39;19;30;8;4;2;2;2;3;230015;2306;23011
2304608;General Sampaio (CE);81;60;53;42;52;32;32;34;11;17;10;11;0;4;0;1;0;0;230005;2301;23002
2304657;Graça (CE);197;270;160;197;151;147;98;120;49;66;32;49;8;10;3;1;1;1;230015;2306;23011
2304707;Granja (CE);620;600;471;494;323;360;285;310;204;190;114;108;45;45;13;12;5;9;230018;2306;23016
2304806;Granjeiro (CE);74;71;47;65;34;41;40;36;19;27;11;6;2;5;1;0;1;1;230011;2304;23021
2304905;Groaíras (CE);123;158;101;131;93;110;97;94;54;38;27;34;8;6;3;2;0;2;230015;2306;23011
2304954;Guaiúba (CE);248;269;178;183;171;166;112;116;49;54;34;31;12;10;3;7;3;1;230001;2301;23003
2305001;Guaraciaba do Norte (CE);441;529;365;446;318;361;238;243;138;157;80;102;32;29;4;10;2;4;230016;2306;23013
2305100;Guaramiranga (CE);80;75;71;58;67;60;35;39;17;22;10;14;2;3;2;4;0;1;230003;2301;23004
2305209;Hidrolândia (CE);289;332;208;259;226;236;152;160;98;95;62;59;22;17;2;4;1;1;230015;2306;23011
2305233;Horizonte (CE);361;382;282;273;219;204;160;160;102;86;53;46;11;24;7;4;1;2;230001;2301;23022
2305266;Ibaretama (CE);202;208;137;137;120;122;114;84;44;46;30;26;9;15;3;1;3;1;230006;2302;23008
2305308;Ibiapina (CE);277;354;235;309;205;243;151;154;87;99;45;63;18;25;5;9;1;4;230016;2306;23013
2305332;Ibicuitinga (CE);158;138;84;102;89;77;60;64;28;31;23;24;5;10;1;1;1;1;230006;2302;23008
2305357;Icapuí (CE);162;181;125;134;117;124;57;86;50;55;29;31;5;7;1;3;1;0;230008;2302;23007
2305407;Icó (CE);850;988;594;655;647;663;439;441;238;201;98;114;35;40;9;7;5;3;230010;2303;23017
2305506;Iguatu (CE);1271;1555;821;1040;801;953;648;675;338;361;170;220;56;69;8;18;3;7;230009;2303;23018
2305605;Independência (CE);409;447;294;318;284;325;204;213;124;151;80;87;38;37;9;5;0;4;230013;2305;23015
2305654;Ipaporanga (CE);178;205;137;181;153;146;108;88;72;76;35;35;7;13;4;5;2;3;230013;2305;23015
2305704;Ipaumirim (CE);193;237;135;153;121;134;96;112;58;50;27;27;15;16;4;2;0;1;230010;2303;23017
2305803;Ipu (CE);515;734;428;538;433;498;322;362;175;224;108;135;32;49;12;13;0;6;230016;2306;23011
2305902;Ipueiras (CE);543;661;403;481;406;472;297;361;195;191;96;108;41;27;8;9;3;2;230016;2306;23015
2306009;Iracema (CE);214;238;120;163;154;163;107;115;79;91;40;34;17;13;4;5;0;0;230007;2302;23010
2306108;Irauçuba (CE);226;247;183;193;194;173;120;118;71;62;35;40;18;21;3;4;1;0;230005;2301;23011
2306207;Itaiçaba (CE);66;96;71;80;68;96;52;70;34;54;28;22;14;6;2;1;1;4;230008;2302;23007
2306256;Itaitinga (CE);300;344;231;261;193;215;127;153;78;86;41;44;17;14;5;10;2;2;230001;2301;23001
2306306;Itapajé (CE);504;552;400;411;343;370;227;243;108;140;75;87;25;36;6;10;3;1;230005;2301;23002
2306405;Itapipoca (CE);1179;1260;946;1033;818;860;568;563;309;330;168;193;77;85;26;26;5;6;230002;2301;23006
2306504;Itapiúna (CE);240;244;189;183;179;157;129;118;67;68;41;40;20;15;1;4;0;2;230003;2301;23004
2306553;Itarema (CE);355;399;275;279;262;241;167;157;90;70;39;49;13;16;3;8;4;1;230017;2306;23012
2306603;Itatira (CE);240;230;169;169;165;155;127;129;63;72;32;45;12;14;3;1;0;0;230004;2301;23005
2306702;Jaguaretama (CE);257;241;220;207;198;218;168;139;103;73;33;50;13;15;3;4;1;3;230007;2302;23009
2306801;Jaguaribara (CE);125;111;80;95;91;99;73;61;39;50;21;17;4;8;0;5;0;2;230007;2302;23010
2306900;Jaguaribe (CE);516;606;353;386;385;413;309;324;168;183;106;112;34;36;4;12;3;1;230007;2302;23010
2307007;Jaguaruana (CE);301;362;200;277;266;369;215;250;112;150;76;79;17;30;5;9;5;6;230008;2302;23009
2307106;Jardim (CE);374;439;222;279;192;237;158;222;99;124;52;74;16;15;3;9;2;1;230011;2304;23021
2307205;Jati (CE);130;138;81;94;52;79;50;58;45;42;18;24;4;8;0;2;0;0;230012;2304;23019
2307254;Jijoca de Jericoacoara (CE);135;133;112;104;76;78;62;46;33;26;15;19;6;10;1;2;3;0;230017;2306;23012
2307304;Juazeiro do Norte (CE);2539;3534;1866;2777;1447;2295;1175;1644;656;913;344;604;112;196;35;67;7;12;230011;2304;23021
2307403;Jucás (CE);381;446;241;289;206;230;221;160;100;117;59;62;20;20;1;5;5;1;230009;2303;23018
2307502;Lavras da Mangabeira (CE);528;633;381;426;310;381;291;295;147;162;85;89;29;34;5;9;5;0;230011;2304;23017
2307601;Limoeiro do Norte (CE);551;592;401;509;432;539;349;337;204;195;105;112;25;25;13;19;7;3;230007;2302;23010
2307635;Madalena (CE);271;247;149;149;175;162;106;109;65;52;36;26;21;29;2;5;1;2;230004;2301;23005
2307650;Maracanaú (CE);1525;1848;1029;1253;842;1050;536;670;237;307;128;198;56;61;13;38;5;8;230001;2301;23003
2307700;Maranguape (CE);999;1170;720;921;650;715;453;509;242;291;134;197;57;69;15;23;5;9;230001;2301;23003
2307809;Marco (CE);196;256;159;187;151;128;154;120;72;62;45;28;16;17;6;1;3;2;230017;2306;23012
2307908;Martinópole (CE);82;103;78;107;64;63;51;63;36;27;12;23;4;10;2;0;0;0;230015;2306;23016
2308005;Massapê (CE);408;452;293;371;255;262;225;203;103;110;73;87;23;24;6;11;2;5;230015;2306;23011
2308104;Mauriti (CE);519;683;411;452;344;380;272;287;154;176;88;94;27;24;9;7;3;5;230012;2304;23019
2308203;Meruoca (CE);140;177;139;145;123;148;90;82;39;48;26;45;10;10;4;3;2;4;230015;2306;23011
2308302;Milagres (CE);403;488;291;311;216;273;188;201;96;111;50;65;22;20;2;8;4;5;230012;2304;23019
2308351;Milhã (CE);254;263;140;144;151;162;147;148;81;59;50;27;17;17;8;3;2;0;230006;2302;23008
2308377;Miraíma (CE);169;162;120;133;110;111;68;74;40;33;32;24;11;13;4;3;0;0;230002;2301;23006
2308401;Missão Velha (CE);468;480;329;415;242;371;225;273;133;138;66;86;17;26;3;8;2;3;230011;2304;23021
2308500;Mombaça (CE);676;772;448;480;424;430;352;382;197;199;107;114;38;37;8;8;3;3;230009;2303;23018
2308609;Monsenhor Tabosa (CE);219;277;188;206;180;179;103;111;68;67;52;48;13;12;5;11;2;1;230013;2305;23015
2308708;Morada Nova (CE);896;952;690;655;718;600;478;448;282;244;154;156;46;40;21;9;0;5;230007;2302;23009
2308807;Moraújo (CE);91;114;81;81;61;74;48;50;28;26;14;15;4;7;1;1;0;1;230015;2306;23011
2308906;Morrinhos (CE);253;237;172;167;139;143;139;104;75;65;58;30;13;10;4;8;5;8;230015;2306;23012
2309003;Mucambo (CE);214;244;157;195;148;171;112;123;61;82;42;47;15;7;2;8;2;4;230015;2306;23011
2309102;Mulungu (CE);116;127;100;108;101;98;74;61;29;35;14;18;8;10;2;5;2;1;230003;2301;23004
2309201;Nova Olinda (CE);174;226;125;155;82;123;88;97;46;52;18;27;12;7;0;4;1;0;230011;2304;23020
2309300;Nova Russas (CE);432;577;361;451;334;414;273;259;149;135;96;83;25;39;7;10;1;8;230013;2305;23015
2309409;Novo Oriente (CE);370;395;295;260;264;233;195;173;110;116;57;61;7;10;3;1;1;0;230013;2305;23015
2309458;Ocara (CE);319;341;247;223;241;219;175;145;88;74;44;29;12;19;3;1;0;4;230003;2301;23022
2309508;Orós (CE);396;460;264;307;260;260;159;198;114;72;59;50;13;16;6;4;1;4;230010;2303;23017
2309607;Pacajus (CE);472;551;390;406;362;376;234;246;139;142;83;80;25;21;9;5;1;3;230001;2301;23022
2309706;Pacatuba (CE);457;525;311;408;228;301;177;203;85;108;48;66;6;16;2;8;3;2;230001;2301;23003
2309805;Pacoti (CE);140;159;151;161;126;121;86;73;40;42;17;31;7;11;2;0;2;0;230003;2301;23004
2309904;Pacujá (CE);68;97;63;98;73;86;39;47;24;44;17;15;6;6;2;2;0;0;230015;2306;23011
2310001;Palhano (CE);90;88;82;99;96;90;79;88;41;57;26;30;4;7;4;1;1;4;230007;2302;23009
2310100;Palmácia (CE);170;165;140;129;102;110;66;89;35;32;30;20;7;7;0;6;0;2;230001;2301;23003
2310209;Paracuru (CE);351;372;283;287;224;229;146;171;98;95;54;60;10;20;2;3;1;2;230001;2301;23002
2310258;Paraipaba (CE);329;351;271;230;197;183;144;129;78;77;35;31;14;10;4;7;1;1;230001;2301;23002
2310308;Parambu (CE);552;520;353;341;303;321;225;222;141;134;70;72;21;21;3;5;4;0;230014;2305;23014
2310407;Paramoti (CE);188;163;128;127;114;113;94;89;37;44;31;20;9;8;2;4;1;5;230004;2301;23005
2310506;Pedra Branca (CE);606;716;481;469;406;427;357;355;208;189;90;95;33;47;7;13;3;3;230006;2302;23008
2310605;Penaforte (CE);101;107;55;83;50;70;42;33;26;35;22;16;2;5;1;2;0;0;230012;2304;23019
2310704;Pentecoste (CE);451;536;347;348;318;302;220;213;111;125;93;84;32;24;13;6;4;2;230005;2301;23002
2310803;Pereiro (CE);223;259;152;159;168;178;113;134;61;62;59;51;11;7;1;3;0;1;230007;2302;23010
2310852;Pindoretama (CE);217;242;165;199;135;137;106;102;57;48;30;37;10;16;6;2;1;4;230001;2301;23022
2310902;Piquet Carneiro (CE);263;294;151;186;168;146;121;139;85;70;41;43;15;21;4;5;1;3;230009;2303;23018
2310951;Pires Ferreira (CE);160;180;106;135;106;120;69;94;45;45;35;35;7;6;4;4;2;2;230016;2306;23011
2311009;Poranga (CE);175;180;127;127;123;125;91;68;46;52;23;24;7;9;1;0;2;0;230013;2305;23015
2311108;Porteiras (CE);246;291;148;226;118;155;97;123;70;74;33;50;14;13;0;1;0;3;230012;2304;23019
2311207;Potengi (CE);157;175;121;132;74;96;71;77;43;52;14;37;9;8;1;3;0;2;230011;2304;23020
2311231;Potiretama (CE);76;79;62;57;39;55;37;31;23;23;17;12;6;2;1;1;0;0;230007;2302;23010
2311264;Quiterianópolis (CE);270;307;233;196;184;185;133;143;66;68;49;43;12;12;3;4;0;1;230013;2305;23015
2311306;Quixadá (CE);962;1083;680;739;638;716;498;507;270;299;159;192;63;61;13;20;3;8;230006;2302;23008
2311355;Quixelô (CE);245;249;150;170;165;181;130;119;76;46;27;37;11;5;1;2;2;1;230009;2303;23018
2311405;Quixeramobim (CE);951;1039;626;653;633;658;503;477;255;278;162;174;50;70;16;19;4;13;230006;2302;23008
2311504;Quixeré (CE);166;169;138;160;149;169;122;137;90;80;37;39;13;10;2;7;1;1;230007;2302;23010
2311603;Redenção (CE);342;379;260;304;260;280;180;189;79;81;49;57;9;20;3;8;4;0;230003;2301;23003
2311702;Reriutaba (CE);343;383;244;346;252;300;177;205;121;162;65;63;17;30;6;12;3;2;230015;2306;23011
2311801;Russas (CE);570;671;462;582;487;628;406;445;223;252;107;157;41;44;18;18;1;1;230007;2302;23009
2311900;Saboeiro (CE);260;253;164;160;140;141;142;116;59;69;28;50;13;23;4;7;2;0;230009;2303;23018
2311959;Salitre (CE);207;191;116;127;102;105;68;70;52;55;30;34;2;9;1;1;1;2;230011;2304;23020
2312007;Santana do Acaraú (CE);333;411;257;272;215;208;179;170;124;111;63;62;28;18;9;6;1;3;230015;2306;23011
2312106;Santana do Cariri (CE);223;264;183;180;143;133;117;123;62;71;37;39;12;14;4;14;0;3;230011;2304;23020
2312205;Santa Quitéria (CE);605;644;424;493;416;438;298;340;154;183;122;122;45;49;8;18;2;1;230015;2306;23011
2312304;São Benedito (CE);495;613;420;458;363;419;248;304;147;204;95;118;23;44;7;18;3;1;230016;2306;23013
2312403;São Gonçalo do Amarante (CE);456;462;360;381;290;297;227;197;120;125;90;69;15;20;12;7;4;4;230001;2301;23002
2312502;São João do Jaguaribe (CE);136;140;91;119;109;134;82;106;41;63;32;35;11;9;2;4;0;3;230007;2302;23010
2312601;São Luís do Curu (CE);150;171;124;141;119;127;111;74;46;52;20;32;9;6;3;3;0;0;230001;2301;23002
2312700;Senador Pompeu (CE);500;519;262;357;333;339;214;258;144;146;83;82;27;22;5;5;0;2;230006;2302;23008
2312809;Senador Sá (CE);69;78;65;59;34;48;52;27;24;22;16;12;4;4;1;3;0;0;230015;2306;23011
2312908;Sobral (CE);1585;2020;1252;1618;1083;1209;736;913;374;497;239;287;80;99;30;49;18;12;230015;2306;23011
2313005;Solonópole (CE);316;340;188;205;233;210;182;143;86;75;49;33;15;17;4;5;1;1;230006;2302;23008
2313104;Tabuleiro do Norte (CE);362;428;265;271;272;271;196;206;112;131;66;58;16;23;2;4;0;0;230007;2302;23010
2313203;Tamboril (CE);374;440;269;323;278;300;197;210;118;139;84;72;29;34;5;7;2;5;230013;2305;23015
2313252;Tarrafas (CE);162;146;112;115;84;67;65;55;29;40;33;19;6;8;2;1;0;0;230011;2304;23020
2313302;Tauá (CE);839;903;594;636;556;535;411;377;237;235;117;139;40;41;11;12;1;4;230014;2305;23014
2313351;Tejuçuoca (CE);199;160;126;121;122;139;93;72;53;43;34;25;7;7;4;2;1;1;230005;2301;23002
2313401;Tianguá (CE);613;752;524;583;389;432;297;310;170;183;93;92;20;38;10;8;3;5;230016;2306;23013
2313500;Trairi (CE);574;621;439;460;414;388;287;254;178;132;78;88;30;20;9;8;4;3;230002;2301;23006
2313559;Tururu (CE);165;173;121;124;105;115;95;81;46;37;26;31;10;15;0;1;0;1;230002;2301;23006
2313609;Ubajara (CE);361;393;323;336;248;276;178;191;95;118;54;58;16;31;6;4;2;4;230016;2306;23013
2313708;Umari (CE);146;165;91;94;73;79;72;51;36;32;13;27;5;3;5;1;1;1;230010;2303;23017
2313757;Umirim (CE);229;198;175;202;160;161;111;107;82;61;34;33;9;12;8;4;0;2;230002;2301;23006
2313807;Uruburetama (CE);197;229;177;199;151;154;113;109;48;55;29;33;11;13;1;5;0;0;230002;2301;23006
2313906;Uruoca (CE);140;150;130;132;88;111;75;69;52;37;19;24;8;12;4;6;0;0;230015;2306;23011
2313955;Varjota (CE);231;272;191;208;189;205;130;139;63;84;49;60;16;20;8;8;1;1;230015;2306;23011
2314003;Várzea Alegre (CE);647;737;448;502;384;378;257;308;169;161;91;104;24;37;3;2;6;3;230011;2304;23020
2314102;Viçosa do Ceará (CE);588;604;433;498;388;395;255;245;199;188;87;103;33;44;4;21;6;4;230016;2306;23013
2400109;Acari (RN);168;200;109;136;131;161;101;133;64;67;34;38;4;15;5;3;0;1;240008;2402;24004
2400208;Assú (RN);497;599;374;469;355;405;273;341;203;213;110;134;56;65;8;16;3;4;240011;2403;24008
2400307;Afonso Bezerra (RN);158;187;143;130;124;126;94;100;48;45;38;35;10;8;1;5;0;0;240011;2403;24003
2400406;Água Nova (RN);17;30;27;29;23;22;25;21;15;9;4;7;3;1;0;0;0;0;240010;2403;24006
2400505;Alexandria (RN);191;253;139;169;165;167;138;125;78;83;37;44;16;16;10;6;1;1;240010;2403;24006
2400604;Almino Afonso (RN);70;94;53;57;57;56;41;45;25;21;13;10;6;5;0;2;0;1;240010;2403;24006
2400703;Alto do Rodrigues (RN);106;123;87;77;81;80;68;60;35;36;28;27;11;7;0;1;1;0;240011;2403;24008
2400802;Angicos (RN);173;164;104;156;121;143;97;126;61;74;41;44;9;17;4;5;1;0;240011;2403;24008
2400901;Antônio Martins (RN);107;105;75;90;71;83;51;54;38;29;17;23;3;5;1;1;0;0;240010;2403;24006
2401008;Apodi (RN);438;492;318;355;317;329;239;211;145;150;53;72;24;17;6;5;1;3;240009;2403;24002
2401107;Areia Branca (RN);297;369;234;284;217;237;156;173;66;92;42;64;11;27;2;4;2;0;240009;2403;24002
2401206;Arez (RN);133;141;110;136;96;75;73;68;34;45;22;27;4;7;2;3;0;1;240003;2401;24001
2401305;Campo Grande (RN);141;157;95;99;85;96;66;64;52;43;42;43;13;9;1;3;1;2;240009;2403;24002
2401404;Baía Formosa (RN);87;93;67;74;52;44;39;31;16;14;8;15;6;6;0;3;1;0;240003;2401;24001
2401453;Baraúna (RN);221;189;127;128;133;112;103;98;70;59;29;24;10;16;2;2;1;0;240009;2403;24002
2401503;Barcelona (RN);62;63;45;58;49;43;44;33;29;24;14;19;4;4;1;1;0;1;240006;2401;24005
2401602;Bento Fernandes (RN);66;51;43;38;45;35;27;29;30;21;12;15;4;2;3;2;0;1;240001;2401;24003
2401651;Bodó (RN);35;28;22;23;20;25;25;23;8;11;4;6;4;3;0;0;0;2;240008;2402;24004
2401701;Bom Jesus (RN);99;137;93;123;91;90;85;62;54;52;26;24;15;12;3;5;1;0;240001;2401;24005
2401800;Brejinho (RN);164;163;100;129;95;106;79;87;69;48;31;23;19;12;3;4;0;3;240001;2401;24001
2401859;Caiçara do Norte (RN);75;79;44;59;48;60;43;42;16;27;15;15;5;4;1;0;1;0;240005;2401;24003
2401909;Caiçara do Rio do Vento (RN);33;33;41;32;18;32;18;31;15;14;10;7;4;2;1;0;0;0;240006;2401;24003
2402006;Caicó (RN);736;971;441;632;529;629;416;491;247;318;136;197;38;57;12;13;2;6;240007;2402;24004
2402105;Campo Redondo (RN);159;185;118;145;107;94;93;101;70;70;32;36;10;15;2;4;1;1;240004;2401;24005
2402204;Canguaretama (RN);262;340;210;257;174;201;176;136;91;79;53;62;19;32;12;9;5;4;240003;2401;24001
2402303;Caraúbas (RN);257;341;212;239;191;233;151;170;111;107;54;54;18;24;4;5;2;1;240009;2403;24002
2402402;Carnaúba dos Dantas (RN);91;103;48;81;65;65;49;58;44;39;22;25;9;9;1;1;1;2;240008;2402;24004
2402501;Carnaubais (RN);82;91;69;78;87;86;57;56;51;55;22;22;7;9;2;3;1;0;240011;2403;24008
2402600;Ceará-Mirim (RN);670;825;506;626;453;484;379;396;224;266;152;167;35;58;12;21;5;3;240001;2401;24003
2402709;Cerro Corá (RN);152;205;98;114;108;133;94;94;64;58;34;32;9;13;2;3;0;0;240008;2402;24004
2402808;Coronel Ezequiel (RN);81;108;70;64;72;69;47;40;29;33;21;10;2;6;1;6;0;0;240004;2401;24005
2402907;Coronel João Pessoa (RN);77;78;49;45;50;58;42;46;26;16;8;15;7;4;2;1;0;0;240010;2403;24006
2403004;Cruzeta (RN);108;116;71;101;83;110;70;84;46;44;16;34;4;8;2;1;0;0;240007;2402;24004
2403103;Currais Novos (RN);563;760;377;494;408;475;277;362;208;207;105;125;46;51;6;22;1;4;240008;2402;24004
2403202;Doutor Severiano (RN);86;104;58;67;69;62;51;52;35;18;9;14;6;2;1;0;0;0;240010;2403;24006
2403251;Parnamirim (RN);1004;1197;638;835;531;671;363;448;205;303;131;171;34;59;24;17;14;9;240001;2401;24007
2403301;Encanto (RN);87;91;60;39;57;62;33;46;33;27;18;15;4;3;1;1;0;0;240010;2403;24006
2403400;Equador (RN);60;85;53;69;63;72;53;56;34;26;13;24;5;4;1;3;0;0;240007;2402;24004
2403509;Espírito Santo (RN);134;162;114;117;98;102;89;79;66;41;28;25;10;24;3;3;1;0;240003;2401;24001
2403608;Extremoz (RN);216;232;160;170;118;126;96;94;63;67;28;19;10;12;1;2;1;1;240001;2401;24007
2403707;Felipe Guerra (RN);98;99;43;60;50;51;48;41;36;30;20;16;9;9;1;5;0;1;240009;2403;24002
2403756;Fernando Pedroza (RN);29;59;31;32;27;15;33;25;23;18;12;6;2;6;1;2;3;3;240011;2403;24008
2403806;Florânia (RN);119;168;91;101;111;116;94;91;64;76;26;38;14;20;4;4;1;1;240008;2402;24004
2403905;Francisco Dantas (RN);60;60;30;32;33;31;18;18;7;8;8;7;3;5;0;1;0;0;240010;2403;24006
2404002;Frutuoso Gomes (RN);74;81;48;54;48;50;40;34;23;18;6;8;3;8;0;3;1;0;240010;2403;24006
2404101;Galinhos (RN);27;17;19;15;12;10;7;6;5;5;1;3;0;0;0;2;0;0;240005;2401;24003
2404200;Goianinha (RN);203;212;141;161;98;108;87;98;60;60;37;57;13;23;6;3;4;1;240003;2401;24001
2404309;Governador Dix-Sept Rosado (RN);161;190;114;129;116;115;70;91;58;45;41;23;9;5;0;4;1;1;240009;2403;24002
2404408;Grossos (RN);99;111;83;71;82;82;59;50;28;37;14;14;7;10;0;2;0;0;240009;2403;24002
2404507;Guamaré (RN);95;93;67;66;64;64;41;56;23;25;13;10;4;2;2;1;0;1;240011;2403;24003
2404606;Ielmo Marinho (RN);143;132;95;113;104;96;75;62;45;41;28;36;6;7;4;3;1;0;240001;2401;24003
2404705;Ipanguaçu (RN);111;125;87;93;98;102;91;91;56;53;26;34;11;9;0;1;0;0;240011;2403;24008
2404804;Ipueira (RN);29;24;25;18;28;23;19;16;14;15;4;6;2;1;0;1;0;0;240007;2402;24004
2404853;Itajá (RN);70;56;51;54;41;41;27;26;15;16;19;24;4;5;0;1;0;0;240011;2403;24008
2404903;Itaú (RN);80;86;61;55;45;51;42;38;27;25;8;13;2;7;1;1;0;2;240009;2403;24006
2405009;Jaçanã (RN);109;144;94;116;87;93;95;60;64;56;31;28;9;7;1;3;1;1;240004;2401;24005
2405108;Jandaíra (RN);69;59;65;64;66;47;46;39;32;28;14;15;6;7;2;0;1;1;240005;2401;24003
2405207;Janduís (RN);93;98;64;60;65;58;48;40;25;30;15;14;5;11;3;4;0;0;240009;2403;24002
2405306;Januário Cicco (RN);115;130;74;99;80;65;54;78;37;54;30;21;9;9;0;2;1;1;240002;2401;24005
2405405;Japi (RN);67;76;59;54;64;54;46;49;16;28;14;18;8;4;0;1;0;1;240004;2401;24005
2405504;Jardim de Angicos (RN);45;39;27;27;26;16;22;26;14;18;14;9;3;4;4;0;0;0;240005;2401;24003
2405603;Jardim de Piranhas (RN);163;174;118;120;102;132;97;88;45;47;32;29;12;11;1;2;2;0;240007;2402;24004
2405702;Jardim do Seridó (RN);181;215;137;163;145;180;112;133;66;92;42;56;20;13;1;4;0;3;240007;2402;24004
2405801;João Câmara (RN);341;381;293;289;257;228;216;204;151;132;94;71;26;33;7;7;4;4;240005;2401;24003
2405900;João Dias (RN);33;41;36;34;37;32;25;15;16;13;1;15;4;2;0;1;1;0;240010;2403;24006
2406007;José da Penha (RN);114;125;83;86;76;62;56;39;22;40;15;18;10;2;1;2;1;3;240010;2403;24006
2406106;Jucurutu (RN);241;270;194;202;190;210;141;151;94;103;72;81;13;25;5;11;1;5;240007;2402;24004
2406205;Lagoa d'Anta (RN);72;80;54;61;38;33;43;45;25;23;17;12;1;3;2;4;1;0;240002;2401;24001
2406304;Lagoa de Pedras (RN);106;86;70;73;68;51;54;39;29;32;14;8;8;7;0;1;0;2;240002;2401;24001
2406403;Lagoa de Velhos (RN);46;47;25;36;25;24;21;18;9;10;6;9;2;1;0;1;0;0;240006;2401;24005
2406502;Lagoa Nova (RN);159;198;107;119;102;127;98;71;50;60;34;36;9;19;5;1;0;2;240008;2402;24004
2406601;Lagoa Salgada (RN);102;86;50;80;76;66;54;40;35;32;19;21;7;8;0;1;0;2;240001;2401;24001
2406700;Lajes (RN);143;142;104;127;123;123;95;87;61;58;31;32;11;8;3;4;1;0;240011;2403;24003
2406809;Lajes Pintadas (RN);58;79;53;55;46;58;45;49;36;32;18;21;3;5;0;2;0;0;240004;2401;24005
2406908;Lucrécia (RN);38;52;27;38;32;40;26;27;17;16;5;7;1;1;0;0;0;0;240010;2403;24006
2407005;Luís Gomes (RN);133;145;98;107;72;83;78;68;38;53;22;30;6;12;1;2;2;1;240010;2403;24006
2407104;Macaíba (RN);641;714;463;572;401;462;353;355;221;216;121;140;51;56;13;10;5;3;240001;2401;24007
2407203;Macau (RN);306;407;273;325;248;286;176;198;89;135;49;64;15;20;3;12;2;3;240011;2403;24003
2407252;Major Sales (RN);51;54;28;37;40;30;23;21;14;13;4;11;3;2;4;2;0;0;240010;2403;24006
2407302;Marcelino Vieira (RN);137;149;79;82;92;108;70;78;50;34;27;17;6;5;0;1;1;0;240010;2403;24006
2407401;Martins (RN);130;148;101;109;90;124;75;81;45;48;27;31;7;9;5;3;0;0;240010;2403;24006
2407500;Maxaranguape (RN);114;88;77;71;58;56;35;46;17;17;15;14;7;6;1;1;0;1;240001;2401;24003
2407609;Messias Targino (RN);43;58;41;38;31;29;30;25;19;14;11;4;4;4;2;0;0;1;240009;2403;24002
2407708;Montanhas (RN);168;209;145;156;148;108;86;82;69;55;42;30;18;18;5;6;1;0;240003;2401;24001
2407807;Monte Alegre (RN);242;275;205;217;156;161;140;138;77;78;54;40;12;24;4;8;1;0;240001;2401;24001
2407906;Monte das Gameleiras (RN);45;50;32;23;27;25;13;12;14;9;3;7;1;5;0;0;0;0;240002;2401;24001
2408003;Mossoró (RN);2097;2887;1549;1988;1501;1844;984;1282;575;727;305;406;106;154;27;47;13;18;240009;2403;24002
2408102;Natal (RN);7030;10110;4976;7364;4077;6580;3160;4714;1719;2754;868;1651;272;583;98;205;46;62;240001;2401;24007
2408201;Nísia Floresta (RN);245;220;150;190;125;148;109;93;55;61;27;36;4;14;5;6;1;3;240001;2401;24001
2408300;Nova Cruz (RN);447;536;387;469;324;324;252;272;157;170;74;70;30;49;7;11;0;2;240002;2401;24001
2408409;Olho d'Água do Borges (RN);94;69;46;79;71;54;40;58;21;21;18;11;5;2;2;0;0;0;240010;2403;24006
2408508;Ouro Branco (RN);86;84;56;64;55;69;38;43;44;30;26;23;5;10;2;2;0;2;240007;2402;24004
2408607;Paraná (RN);55;56;37;32;37;23;11;20;19;21;14;9;4;4;0;1;0;0;240010;2403;24006
2408706;Paraú (RN);55;63;50;59;52;41;41;30;18;20;18;19;8;8;0;3;0;0;240011;2403;24008
2408805;Parazinho (RN);51;48;40;43;45;36;40;28;14;18;7;14;5;3;1;1;0;1;240005;2401;24003
2408904;Parelhas (RN);225;342;184;239;212;277;190;178;102;122;66;79;12;22;2;13;1;2;240007;2402;24004
2408953;Rio do Fogo (RN);115;133;76;98;77;67;47;55;32;33;15;9;4;5;0;1;0;0;240001;2401;24003
2409100;Passa e Fica (RN);132;139;96;111;94;100;76;55;40;40;21;24;7;4;1;4;1;0;240002;2401;24001
2409209;Passagem (RN);34;40;29;31;24;24;23;33;20;21;15;16;6;5;0;0;1;1;240002;2401;24001
2409308;Patu (RN);193;187;118;118;100;143;97;99;49;59;34;40;12;6;3;3;0;1;240010;2403;24006
2409332;Santa Maria (RN);59;62;33;44;37;36;32;23;17;19;5;7;6;0;1;2;1;1;240006;2401;24005
2409407;Pau dos Ferros (RN);348;405;240;258;206;266;166;186;101;103;49;58;22;26;10;5;2;1;240010;2403;24006
2409506;Pedra Grande (RN);46;40;40;42;41;33;32;20;17;17;10;10;3;1;0;0;0;0;240005;2401;24003
2409605;Pedra Preta (RN);43;31;22;26;24;24;25;20;15;14;7;8;3;2;0;2;0;0;240005;2401;24003
2409704;Pedro Avelino (RN);117;136;72;99;71;102;71;73;41;40;33;26;10;13;4;0;0;2;240005;2401;24003
2409803;Pedro Velho (RN);201;218;147;154;131;165;100;110;64;67;43;37;20;23;6;8;8;3;240003;2401;24001
2409902;Pendências (RN);159;195;113;126;142;125;88;113;49;57;40;38;19;10;2;8;2;1;240011;2403;24008
2410009;Pilões (RN);39;50;27;32;31;33;21;29;29;13;12;6;1;1;0;0;0;0;240010;2403;24006
2410108;Poço Branco (RN);156;141;116;144;103;122;107;94;54;45;38;15;14;9;4;4;2;1;240001;2401;24003
2410207;Portalegre (RN);94;124;62;88;79;84;60;68;32;42;21;18;4;4;1;4;3;0;240010;2403;24006
2410256;Porto do Mangue (RN);52;40;39;32;33;35;22;14;12;20;4;11;1;4;1;1;1;1;240011;2403;24008
2410306;Serra Caiada (RN);102;110;61;66;65;62;43;58;40;27;15;22;7;6;0;4;0;0;240002;2401;24005
2410405;Pureza (RN);93;105;74;70;62;58;60;54;45;25;14;18;10;7;0;3;0;1;240001;2401;24003
2410504;Rafael Fernandes (RN);78;67;59;54;56;47;28;34;26;26;7;7;4;2;0;0;1;0;240010;2403;24006
2410603;Rafael Godeiro (RN);46;57;44;36;42;40;30;19;13;15;12;9;0;5;0;3;0;2;240010;2403;24006
2410702;Riacho da Cruz (RN);46;42;35;21;26;27;14;17;6;17;10;10;4;4;2;3;0;0;240010;2403;24006
2410801;Riacho de Santana (RN);71;90;74;57;56;38;29;31;20;20;3;9;2;6;1;1;1;0;240010;2403;24006
2410900;Riachuelo (RN);77;82;54;63;49;67;47;38;27;24;17;18;4;3;0;0;1;0;240006;2401;24003
2411007;Rodolfo Fernandes (RN);73;65;30;48;47;50;30;24;25;27;12;14;5;4;2;0;1;0;240009;2403;24006
2411056;Tibau (RN);27;37;21;32;24;28;21;15;13;9;7;7;2;3;2;1;1;0;240009;2403;24002
2411106;Ruy Barbosa (RN);69;58;36;47;42;33;28;22;16;18;17;7;1;6;0;1;0;1;240006;2401;24005
2411205;Santa Cruz (RN);375;512;273;356;264;326;235;248;140;152;76;91;23;42;3;11;0;5;240004;2401;24005
2411403;Santana do Matos (RN);243;250;188;205;196;179;130;143;92;92;58;49;15;15;1;16;4;0;240011;2403;24004
2411429;Santana do Seridó (RN);41;30;24;26;27;28;23;24;10;10;9;11;1;1;1;1;0;0;240007;2402;24004
2411502;Santo Antônio (RN);289;337;226;260;181;193;146;157;97;127;61;64;19;19;2;7;1;0;240002;2401;24001
2411601;São Bento do Norte (RN);37;43;31;24;27;31;18;16;16;15;9;9;4;5;1;0;2;0;240005;2401;24003
2411700;São Bento do Trairí (RN);52;45;29;44;32;33;29;23;16;16;12;5;2;3;2;1;0;0;240004;2401;24005
2411809;São Fernando (RN);58;39;34;32;17;30;38;28;19;23;8;11;5;5;0;1;0;1;240007;2402;24004
2411908;São Francisco do Oeste (RN);50;52;31;30;48;43;30;26;16;13;9;9;4;3;0;0;0;0;240010;2403;24006
2412005;São Gonçalo do Amarante (RN);551;710;426;521;373;428;343;329;180;184;87;114;36;57;9;11;4;5;240001;2401;24007
2412104;São João do Sabugi (RN);105;111;61;61;57;61;55;55;38;38;32;24;10;9;1;2;0;0;240007;2402;24004
2412203;São José de Mipibu (RN);395;463;293;343;252;288;228;206;126;148;99;87;28;38;6;7;2;4;240001;2401;24001
2412302;São José do Campestre (RN);163;200;127;150;114;135;95;101;77;97;41;44;8;17;2;7;3;1;240002;2401;24005
2412401;São José do Seridó (RN);51;57;37;36;43;39;30;25;20;18;11;8;5;1;3;2;0;1;240007;2402;24004
2412500;São Miguel (RN);319;396;200;220;224;229;180;160;101;97;48;57;18;16;2;5;0;2;240010;2403;24006
2412559;São Miguel do Gostoso (RN);68;89;74;66;60;51;48;40;22;24;25;17;2;2;1;0;0;1;240001;2401;24003
2412609;São Paulo do Potengi (RN);182;240;158;197;156;156;115;118;74;77;50;42;15;18;8;9;1;1;240006;2401;24005
2412708;São Pedro (RN);95;118;81;87;64;62;51;57;45;29;17;23;6;7;0;1;0;0;240006;2401;24005
2412807;São Rafael (RN);149;154;100;115;104;102;86;80;60;57;39;30;7;21;2;1;1;0;240011;2403;24008
2412906;São Tomé (RN);154;195;138;163;135;143;106;111;88;81;35;45;18;19;4;6;0;0;240006;2401;24005
2413003;São Vicente (RN);102;95;64;72;58;84;44;49;27;36;32;20;8;12;1;1;0;1;240008;2402;24004
2413102;Senador Elói de Souza (RN);68;84;68;53;45;40;54;38;29;20;12;12;2;7;3;1;0;1;240006;2401;24005
2413201;Senador Georgino Avelino (RN);39;40;16;23;24;13;16;27;15;21;6;9;1;3;1;1;1;0;240001;2401;24001
2413300;Serra de São Bento (RN);87;120;58;79;63;56;39;53;30;29;15;19;4;8;0;2;3;0;240002;2401;24001
2413359;Serra do Mel (RN);132;98;91;65;83;53;44;41;23;14;7;6;2;4;2;1;2;1;240009;2403;24002
2413409;Serra Negra do Norte (RN);110;151;93;107;83;80;68;61;29;35;22;25;5;13;1;1;0;0;240007;2402;24004
2413508;Serrinha (RN);113;129;63;88;77;72;54;41;32;28;26;18;7;8;1;1;0;2;240002;2401;24001
2413557;Serrinha dos Pintos (RN);93;103;47;46;46;48;38;50;21;18;12;18;0;3;2;2;0;3;240010;2403;24006
2413607;Severiano Melo (RN);115;123;81;82;68;65;47;58;32;26;18;16;7;3;1;3;1;1;240009;2403;24006
2413706;Sítio Novo (RN);67;64;46;45;51;49;36;46;24;14;10;7;5;6;1;0;0;1;240004;2401;24005
2413805;Taboleiro Grande (RN);42;25;15;24;21;19;12;14;10;7;8;4;3;2;0;0;0;0;240010;2403;24006
2413904;Taipu (RN);116;149;107;112;117;92;73;85;55;49;38;28;7;7;5;4;0;0;240001;2401;24003
2414001;Tangará (RN);178;195;127;141;109;122;92;81;58;63;28;27;7;16;1;8;0;1;240004;2401;24005
2414100;Tenente Ananias (RN);148;161;78;101;87;66;70;63;71;65;27;19;12;5;1;1;0;0;240010;2403;24006
2414159;Tenente Laurentino Cruz (RN);58;49;31;29;34;34;25;27;17;21;18;8;0;1;0;0;0;2;240008;2402;24004
2414209;Tibau do Sul (RN);88;104;72;76;49;68;51;42;27;31;12;16;8;4;2;1;1;0;240003;2401;24001
2414308;Timbaúba dos Batistas (RN);28;35;32;26;26;27;21;20;13;13;6;5;2;2;0;1;1;0;240007;2402;24004
2414407;Touros (RN);344;348;225;244;210;206;153;131;101;83;50;53;10;22;2;5;1;0;240001;2401;24003
2414456;Triunfo Potiguar (RN);54;44;29;30;31;27;31;26;15;16;20;14;6;8;2;1;0;1;240011;2403;24008
2414506;Umarizal (RN);151;182;108;133;123;134;80;95;50;62;38;30;8;10;4;5;0;0;240010;2403;24006
2414605;Upanema (RN);152;144;83;110;110;103;74;73;50;40;28;21;15;11;3;2;0;0;240009;2403;24002
2414704;Várzea (RN);121;149;108;111;82;104;64;69;67;55;30;17;12;24;2;1;0;1;240002;2401;24001
2414753;Venha-Ver (RN);43;41;26;24;16;9;22;16;9;7;6;11;0;1;0;1;1;1;240010;2403;24006
2414803;Vera Cruz (RN);125;137;87;121;67;100;72;65;40;43;20;12;11;12;1;1;0;1;240001;2401;24001
2414902;Viçosa (RN);22;23;13;17;14;14;12;10;6;4;2;1;1;0;0;0;0;0;240010;2403;24006
2415008;Vila Flor (RN);26;30;18;24;19;19;16;15;7;5;6;4;0;1;0;0;3;4;240003;2401;24001
2500106;Água Branca (PB);109;143;92;88;72;104;43;60;44;31;22;14;6;8;0;2;0;2;250009;2503;25011
2500205;Aguiar (PB);108;104;72;76;44;64;53;41;29;36;23;19;6;7;2;0;1;0;250010;2503;25007
2500304;Alagoa Grande (PB);411;530;327;489;297;406;271;329;177;220;87;107;39;42;7;10;2;2;250005;2502;25003
2500403;Alagoa Nova (PB);268;315;230;261;181;220;171;151;108;153;52;72;19;34;7;10;2;4;250005;2502;25003
2500502;Alagoinha (PB);155;195;122;152;106;106;90;115;68;85;44;40;12;9;2;4;1;1;250002;2501;25002
2500536;Alcantil (PB);76;93;52;58;47;50;52;46;50;36;17;22;4;4;1;0;1;1;250005;2502;25015
2500577;Algodão de Jandaíra (PB);37;39;29;23;10;12;17;15;16;18;3;7;4;2;0;0;0;0;250005;2502;25003
2500601;Alhandra (PB);184;187;116;136;103;101;89;65;42;38;22;17;16;10;1;3;2;0;250001;2501;25001
2500700;São João do Rio do Peixe (PB);300;332;191;237;201;170;138;165;84;88;60;70;20;16;1;2;1;1;250015;2504;25009
2500734;Amparo (PB);40;32;22;21;17;10;15;11;7;6;3;7;3;1;0;0;0;0;250008;2502;25005
2500775;Aparecida (PB);110;126;82;65;67;71;47;63;33;31;13;25;8;5;1;2;1;1;250014;2504;25010
2500809;Araçagi (PB);291;342;241;262;194;231;176;190;101;109;47;50;16;22;2;6;2;3;250002;2501;25002
2500908;Arara (PB);198;269;174;203;165;189;144;151;109;115;48;77;12;21;0;5;0;0;250002;2501;25003
2501005;Araruna (PB);268;317;159;210;184;187;141;144;92;92;46;43;11;17;4;3;1;0;250002;2501;25002
2501104;Areia (PB);319;428;243;321;268;331;199;217;154;146;91;102;26;26;9;10;0;3;250005;2502;25003
2501153;Areia de Baraúnas (PB);27;29;24;20;16;16;9;21;11;9;3;8;2;1;1;0;0;0;250009;2503;25006
2501203;Areial (PB);105;115;69;86;57;77;51;57;38;32;17;22;5;8;2;4;1;1;250005;2502;25003
2501302;Aroeiras (PB);280;360;231;273;258;261;184;162;100;141;63;60;12;23;7;3;0;0;250005;2502;25015
2501351;Assunção (PB);41;58;28;26;29;33;19;27;18;14;4;14;5;1;0;0;2;2;250005;2502;25016
2501401;Baía da Traição (PB);76;82;56;61;41;47;20;38;17;24;11;7;1;3;0;0;0;0;250003;2501;25014
2501500;Bananeiras (PB);325;419;289;319;248;257;185;207;109;106;51;76;9;24;3;9;0;4;250002;2501;25002
2501534;Baraúna (PB);38;53;42;51;29;29;43;35;19;26;6;12;3;6;0;2;0;0;250006;2502;25004
2501575;Barra de Santana (PB);133;131;87;107;83;89;85;61;60;61;31;31;9;6;1;1;0;0;250005;2502;25015
2501609;Barra de Santa Rosa (PB);210;226;137;172;155;138;108;114;80;65;36;55;12;13;1;6;4;1;250006;2502;25004
2501708;Barra de São Miguel (PB);79;77;60;75;68;71;41;59;29;42;18;16;3;4;0;4;0;1;250005;2502;25015
2501807;Bayeux (PB);958;1279;625;851;488;672;352;470;191;287;100;162;27;37;8;37;2;3;250001;2501;25001
2501906;Belém (PB);254;343;231;225;197;232;169;186;118;143;61;53;17;20;0;3;0;1;250002;2501;25002
2502003;Belém do Brejo do Cruz (PB);113;121;71;80;64;72;60;55;32;33;19;23;4;6;3;6;1;2;250011;2503;25008
2502052;Bernardino Batista (PB);31;39;16;31;24;25;18;16;8;15;5;9;3;0;0;1;1;0;250014;2504;25009
2502102;Boa Ventura (PB);76;85;68;63;52;54;42;43;32;39;15;17;5;7;0;1;0;0;250010;2503;25007
2502151;Boa Vista (PB);61;91;48;69;58;68;38;58;37;28;16;25;1;6;3;0;0;1;250005;2502;25016
2502201;Bom Jesus (PB);33;35;27;29;23;16;18;11;8;11;6;5;2;1;0;0;0;0;250015;2504;25009
2502300;Bom Sucesso (PB);91;116;54;68;55;57;45;54;35;38;23;20;5;5;0;0;0;0;250011;2503;25008
2502409;Bonito de Santa Fé (PB);112;148;81;103;87;82;46;55;44;52;36;21;8;11;3;2;1;0;250015;2504;25009
2502508;Boqueirão (PB);217;231;152;208;138;165;122;132;84;94;56;58;15;8;4;1;1;0;250005;2502;25015
2502607;Igaracy (PB);86;109;61;106;75;53;44;50;27;23;15;18;4;3;0;0;0;1;250010;2503;25007
2502706;Borborema (PB);64;83;73;77;45;61;35;37;33;30;9;18;3;9;2;1;0;0;250002;2501;25002
2502805;Brejo do Cruz (PB);187;183;129;133;116;160;86;84;62;53;29;34;11;6;3;2;0;0;250011;2503;25008
2502904;Brejo dos Santos (PB);95;104;56;72;65;65;59;57;46;33;16;18;12;4;0;0;1;0;250011;2503;25008
2503001;Caaporã (PB);194;211;138;140;123;116;83;81;47;42;25;22;4;8;4;3;2;3;250001;2501;25001
2503100;Cabaceiras (PB);65;73;54;53;37;58;40;44;39;37;9;11;4;8;0;1;0;2;250005;2502;25015
2503209;Cabedelo (PB);430;558;306;447;231;323;152;247;85;122;33;54;8;31;7;4;0;1;250001;2501;25001
2503308;Cachoeira dos Índios (PB);138;141;104;111;79;80;60;66;42;43;20;15;5;9;0;3;1;1;250015;2504;25009
2503407;Cacimba de Areia (PB);61;54;23;43;40;34;31;27;18;29;17;11;4;7;1;2;0;0;250009;2503;25006
2503506;Cacimba de Dentro (PB);293;350;196;249;190;179;145;159;90;106;43;62;12;14;2;2;1;0;250002;2501;25002
2503555;Cacimbas (PB);94;128;74;81;70;71;37;43;21;37;10;23;1;8;2;0;0;1;250009;2503;25006
2503605;Caiçara (PB);112;128;95;97;89;85;73;72;41;48;26;25;5;4;1;7;0;0;250002;2501;25002
2503704;Cajazeiras (PB);769;1002;561;731;520;659;409;499;225;277;122;167;34;46;7;13;2;6;250015;2504;25009
2503753;Cajazeirinhas (PB);40;39;29;30;29;27;32;8;17;11;9;2;1;0;1;0;0;0;250012;2503;25013
2503803;Caldas Brandão (PB);76;79;55;77;44;61;48;46;28;29;13;11;4;3;1;2;1;0;250001;2501;25012
2503902;Camalaú (PB);94;107;68;81;63;81;56;66;31;33;24;23;5;7;2;1;1;0;250007;2502;25005
2504009;Campina Grande (PB);3944;5764;2790;4347;2427;3721;2037;2656;1177;1757;587;972;192;347;45;126;29;39;250005;2502;25016
2504033;Capim (PB);61;57;40;47;25;39;21;32;24;11;7;6;0;3;3;0;0;0;250003;2501;25014
2504074;Caraúbas (PB);62;66;49;37;44;44;38;39;22;32;15;17;6;3;1;1;0;0;250005;2502;25005
2504108;Carrapateira (PB);30;29;22;27;19;7;11;11;9;4;3;4;2;0;0;0;2;0;250015;2504;25009
2504157;Casserengue (PB);102;100;84;77;63;64;51;53;34;34;31;33;2;8;0;2;0;0;250002;2501;25002
2504207;Catingueira (PB);61;88;53;57;42;49;34;38;24;28;14;15;6;4;0;1;0;1;250009;2503;25006
2504306;Catolé do Rocha (PB);360;436;258;304;253;347;196;208;141;153;78;66;26;23;4;12;3;2;250011;2503;25008
2504355;Caturité (PB);69;60;51;63;48;48;30;26;20;21;11;6;2;4;0;1;0;2;250005;2502;25015
2504405;Conceição (PB);229;287;155;181;125;172;112;115;84;103;48;36;21;12;4;2;3;3;250010;2503;25007
2504504;Condado (PB);111;131;58;75;75;78;60;44;35;41;23;23;4;12;0;2;0;0;250012;2503;25006
2504603;Conde (PB);194;173;135;106;105;100;66;68;41;28;15;18;8;7;4;4;0;1;250001;2501;25001
2504702;Congo (PB);75;83;52;74;52;59;41;56;25;34;19;24;4;10;1;2;1;0;250008;2502;25005
2504801;Coremas (PB);219;288;156;195;136;125;112;133;74;93;52;48;9;18;2;3;1;2;250009;2503;25007
2504850;Coxixola (PB);31;39;17;22;24;25;17;19;10;12;8;10;1;5;1;0;0;0;250008;2502;25005
2504900;Cruz do Espírito Santo (PB);155;169;143;135;105;94;82;69;51;54;22;26;3;13;3;6;0;1;250001;2501;25001
2505006;Cubati (PB);93;114;60;90;74;81;59;63;41;44;31;34;4;8;2;2;0;0;250005;2502;25004
2505105;Cuité (PB);327;415;279;267;233;270;189;212;123;148;68;78;24;27;7;17;0;5;250006;2502;25004
2505204;Cuitegi (PB);107;127;71;104;74;80;79;70;40;40;28;25;8;11;2;3;1;0;250002;2501;25002
2505238;Cuité de Mamanguape (PB);92;115;80;89;64;55;63;50;38;33;17;19;3;6;0;3;0;1;250001;2501;25014
2505279;Curral de Cima (PB);90;100;70;99;56;62;39;39;34;42;8;15;7;6;1;1;0;0;250003;2501;25014
2505303;Curral Velho (PB);28;29;13;30;17;11;10;11;11;14;5;5;1;3;0;0;0;0;250010;2503;25007
2505352;Damião (PB);52;51;38;50;41;41;29;27;21;14;6;8;5;7;1;2;1;1;250006;2502;25004
2505402;Desterro (PB);112;126;75;97;66;72;53;55;36;43;17;20;5;4;0;0;0;0;250009;2503;25006
2505501;Vista Serrana (PB);34;50;23;26;37;25;25;24;10;13;15;11;3;3;0;0;1;0;250009;2503;25006
2505600;Diamante (PB);79;96;61;59;48;79;53;44;21;36;22;19;7;5;0;1;0;1;250010;2503;25007
2505709;Dona Inês (PB);151;201;119;134;131;127;96;98;61;59;28;39;5;9;4;4;0;2;250002;2501;25002
2505808;Duas Estradas (PB);64;84;49;51;69;44;52;51;35;50;18;19;5;5;2;0;0;0;250002;2501;25002
2505907;Emas (PB);48;47;36;22;16;20;21;10;10;13;14;10;2;1;1;0;1;0;250009;2503;25006
2506004;Esperança (PB);435;490;295;402;310;360;242;286;156;176;72;94;19;22;8;5;0;3;250005;2502;25003
2506103;Fagundes (PB);181;217;133;155;130;149;108;124;75;69;47;43;9;22;0;5;1;2;250005;2502;25016
2506202;Frei Martinho (PB);52;68;44;41;45;31;32;42;18;25;12;14;5;3;2;0;0;0;250006;2502;25004
2506251;Gado Bravo (PB);116;129;82;101;80;98;74;66;64;60;18;19;7;10;1;3;0;0;250005;2502;25015
2506301;Guarabira (PB);700;943;571;742;444;631;386;484;222;290;145;127;37;56;12;21;5;3;250002;2501;25002
2506400;Gurinhém (PB);198;212;157;174;128;157;93;119;63;82;38;25;12;19;3;9;1;0;250001;2501;25012
2506509;Gurjão (PB);42;51;27;38;39;44;30;30;14;22;11;13;5;3;0;1;2;0;250005;2502;25005
2506608;Ibiara (PB);104;116;69;85;57;55;37;48;29;35;20;25;2;5;1;1;1;1;250010;2503;25007
2506707;Imaculada (PB);151;171;98;117;85;93;69;50;39;50;27;31;6;5;1;4;2;0;250009;2503;25011
2506806;Ingá (PB);234;308;183;239;184;230;159;202;102;128;52;73;16;26;5;8;1;2;250005;2502;25012
2506905;Itabaiana (PB);376;495;293;377;223;334;219;234;161;178;64;92;35;32;8;14;2;3;250004;2501;25012
2507002;Itaporanga (PB);289;352;210;260;188;215;140;125;90;73;45;50;10;16;2;2;5;4;250010;2503;25007
2507101;Itapororoca (PB);212;257;184;191;153;151;140;120;77;104;42;44;10;16;6;7;0;1;250003;2501;25014
2507200;Itatuba (PB);111;139;81;112;99;115;85;77;50;62;30;32;9;6;1;5;1;1;250005;2502;25012
2507309;Jacaraú (PB);233;257;146;197;146;155;135;125;85;81;47;23;15;9;0;1;2;2;250003;2501;25014
2507408;Jericó (PB);121;130;69;77;71;83;59;53;49;41;34;18;10;11;2;0;0;1;250011;2503;25008
2507507;João Pessoa (PB);6307;9090;4243;6637;3299;5602;2495;3897;1451;2550;697;1358;235;494;64;193;26;34;250001;2501;25001
2507606;Juarez Távora (PB);104;141;81;117;61;90;57;66;40;42;16;28;2;7;1;2;0;1;250001;2501;25012
2507705;Juazeirinho (PB);198;236;140;137;129;152;101;103;53;88;42;46;13;16;7;6;2;1;250005;2502;25016
2507804;Junco do Seridó (PB);76;91;58;65;63;75;59;46;36;17;12;20;7;2;0;1;0;0;250005;2502;25006
2507903;Juripiranga (PB);160;195;127;122;96;94;102;86;45;62;29;31;8;19;2;2;0;1;250001;2501;25012
2508000;Juru (PB);118;140;87;107;86;104;72;49;33;39;16;27;4;1;2;1;0;1;250013;2503;25011
2508109;Lagoa (PB);92;107;46;58;50;48;24;35;28;26;19;18;8;13;2;1;0;0;250012;2503;25013
2508208;Lagoa de Dentro (PB);106;157;98;135;95;108;77;75;45;45;31;20;8;4;1;0;1;0;250002;2501;25002
2508307;Lagoa Seca (PB);307;358;239;288;200;271;199;202;122;130;74;76;8;27;2;13;2;4;250005;2502;25003
2508406;Lastro (PB);47;64;26;33;31;23;23;20;22;18;7;5;3;1;2;0;0;1;250014;2504;25010
2508505;Livramento (PB);98;153;82;84;73;99;73;77;49;35;23;36;6;12;3;0;0;0;250008;2502;25016
2508554;Logradouro (PB);53;70;34;43;41;48;23;21;20;15;11;15;6;3;0;1;1;0;250002;2501;25002
2508604;Lucena (PB);107;100;78;88;54;78;31;53;26;23;7;11;7;3;1;3;0;1;250001;2501;25001
2508703;Mãe d'Água (PB);57;55;35;35;27;38;29;41;26;20;16;6;5;1;0;1;1;0;250009;2503;25006
2508802;Malta (PB);76;110;60;98;71;84;61;61;36;37;17;24;5;9;1;2;1;2;250009;2503;25006
2508901;Mamanguape (PB);464;596;332;422;309;383;238;302;142;175;82;86;29;30;8;8;1;2;250003;2501;25014
2509008;Manaíra (PB);129;171;83;89;73;88;72;61;47;46;24;26;2;5;1;3;1;2;250013;2503;25011
2509057;Marcação (PB);68;81;57;83;53;49;43;37;19;27;11;13;2;3;0;1;1;0;250003;2501;25014
2509107;Mari (PB);297;376;256;347;222;270;212;214;142;140;67;68;27;30;5;9;1;1;250001;2501;25001
2509156;Marizópolis (PB);77;107;38;73;51;70;48;51;34;28;21;23;5;3;2;3;0;0;250014;2504;25010
2509206;Massaranduba (PB);175;250;142;185;113;172;114;137;93;80;31;44;12;18;5;4;0;2;250005;2502;25016
2509305;Mataraca (PB);56;59;36;48;35;36;33;25;13;14;8;12;1;3;0;0;1;1;250003;2501;25014
2509339;Matinhas (PB);79;70;40;56;47;45;33;36;33;31;14;11;1;4;1;1;1;1;250005;2502;25003
2509370;Mato Grosso (PB);33;39;23;22;22;20;19;15;9;15;11;9;3;4;0;0;0;0;250011;2503;25008
2509396;Maturéia (PB);60;86;46;51;39;56;32;28;28;25;10;15;2;5;0;1;1;2;250009;2503;25006
2509404;Mogeiro (PB);154;190;115;163;125;163;121;112;71;76;45;27;8;11;4;2;1;0;250004;2501;25012
2509503;Montadas (PB);68;67;52;58;48;44;29;29;30;27;11;10;1;7;2;1;0;0;250005;2502;25003
2509602;Monte Horebe (PB);75;77;51;55;44;47;29;40;36;32;14;10;2;4;2;1;0;0;250015;2504;25009
2509701;Monteiro (PB);455;567;339;402;361;389;262;273;161;172;85;89;19;24;6;4;4;7;250007;2502;25005
2509800;Mulungu (PB);137;180;106;138;70;127;113;109;54;68;44;57;8;17;1;4;0;1;250002;2501;25002
2509909;Natuba (PB);149;186;112;119;99;117;70;89;61;63;53;50;20;18;1;3;1;1;250004;2501;25015
2510006;Nazarezinho (PB);116;117;49;94;87;91;50;60;37;27;29;25;7;2;2;1;1;0;250014;2504;25010
2510105;Nova Floresta (PB);148;174;122;129;105;114;95;94;48;76;41;41;8;14;1;0;0;1;250006;2502;25004
2510204;Nova Olinda (PB);56;90;50;56;37;54;29;41;19;20;9;12;3;3;1;1;1;0;250010;2503;25007
2510303;Nova Palmeira (PB);60;56;45;48;33;36;38;38;16;15;13;15;1;2;0;0;0;0;250006;2502;25004
2510402;Olho d'Água (PB);97;107;71;71;57;67;48;49;31;25;16;11;2;2;0;3;0;0;250009;2503;25007
2510501;Olivedos (PB);55;81;68;41;31;35;30;37;12;15;9;10;2;2;3;4;0;0;250005;2502;25016
2510600;Ouro Velho (PB);54;57;34;47;39;39;29;17;13;12;15;5;3;1;0;1;0;0;250007;2502;25005
2510659;Parari (PB);26;19;17;25;19;23;12;15;13;5;7;8;3;1;0;1;1;0;250008;2502;25005
2510709;Passagem (PB);24;33;22;18;20;31;16;26;20;12;7;5;0;3;0;0;0;1;250009;2503;25006
2510808;Patos (PB);1024;1422;753;1028;714;1021;571;761;346;452;189;278;62;70;11;24;8;11;250009;2503;25006
2510907;Paulista (PB);168;204;104;115;112;107;82;89;59;57;35;32;7;8;5;3;0;0;250012;2503;25013
2511004;Pedra Branca (PB);54;52;35;33;35;39;25;21;18;15;8;2;2;0;0;1;1;0;250010;2503;25007
2511103;Pedra Lavrada (PB);115;99;68;76;69;76;49;62;43;44;24;21;7;11;2;5;0;0;250006;2502;25004
2511202;Pedras de Fogo (PB);343;374;267;290;238;214;148;162;97;116;48;44;14;22;1;9;0;3;250001;2501;25012
2511301;Piancó (PB);206;323;146;188;149;143;106;107;74;92;44;35;12;13;3;5;0;0;250010;2503;25007
2511400;Picuí (PB);252;293;226;215;196;243;156;166;119;117;57;73;21;9;7;3;2;0;250006;2502;25004
2511509;Pilar (PB);124;154;105;151;85;103;72;92;61;58;35;36;8;16;2;3;1;0;250001;2501;25012
2511608;Pilões (PB);100;114;81;96;73;66;70;55;50;48;26;28;3;9;0;3;0;1;250002;2501;25002
2511707;Pilõezinhos (PB);60;82;67;77;44;53;42;46;43;38;7;17;4;4;0;0;0;0;250002;2501;25002
2511806;Pirpirituba (PB);125;199;125;164;105;136;102;109;73;79;34;53;8;17;3;8;0;1;250002;2501;25002
2511905;Pitimbu (PB);140;170;109;103;95;70;50;42;28;37;13;21;6;5;2;4;0;1;250001;2501;25001
2512002;Pocinhos (PB);237;272;157;179;157;151;132;155;78;81;39;52;14;15;1;5;2;3;250005;2502;25016
2512036;Poço Dantas (PB);49;62;36;34;36;22;21;21;18;15;7;11;2;3;1;1;0;2;250014;2504;25009
2512077;Poço de José de Moura (PB);83;80;41;49;42;37;28;50;27;21;10;12;6;2;1;2;0;0;250015;2504;25009
2512101;Pombal (PB);489;652;377;430;372;425;240;312;160;141;88;122;36;33;3;9;3;6;250012;2503;25013
2512200;Prata (PB);51;75;41;67;60;52;31;32;18;26;18;15;2;8;1;1;0;1;250007;2502;25005
2512309;Princesa Isabel (PB);232;293;167;199;178;191;144;155;75;108;34;54;7;20;6;4;1;1;250013;2503;25011
2512408;Puxinanã (PB);173;191;124;157;102;157;108;113;72;63;32;40;15;10;2;5;1;0;250005;2502;25016
2512507;Queimadas (PB);476;553;319;448;304;414;322;306;202;184;84;85;28;50;6;16;5;4;250005;2502;25015
2512606;Quixaba (PB);25;23;12;15;18;14;16;4;6;5;3;4;1;0;0;0;0;0;250009;2503;25006
2512705;Remígio (PB);228;324;195;229;157;225;154;142;102;124;46;60;18;15;3;4;3;1;250005;2502;25003
2512721;Pedro Régis (PB);95;97;75;81;53;60;48;43;38;25;17;14;2;7;3;2;0;0;250003;2501;25014
2512747;Riachão (PB);43;52;34;37;26;32;21;26;16;19;9;10;3;4;1;1;0;0;250002;2501;25002
2512754;Riachão do Bacamarte (PB);61;90;32;52;41;49;37;33;20;32;18;17;4;4;0;2;0;0;250005;2502;25012
2512762;Riachão do Poço (PB);70;61;26;44;36;47;31;27;23;19;9;6;4;3;0;1;0;0;250001;2501;25001
2512788;Riacho de Santo Antônio (PB);16;28;12;15;17;10;6;6;5;6;4;5;2;1;1;1;0;0;250005;2502;25015
2512804;Riacho dos Cavalos (PB);117;117;64;73;72;72;52;53;48;42;29;21;2;11;1;1;1;0;250011;2503;25008
2512903;Rio Tinto (PB);321;395;242;324;221;331;159;253;106;137;62;69;17;17;2;8;2;3;250003;2501;25014
2513000;Salgadinho (PB);37;46;23;35;41;33;25;25;16;14;9;14;2;5;0;0;0;0;250009;2503;25006
2513109;Salgado de São Félix (PB);213;270;160;223;132;151;111;134;103;114;43;67;15;20;3;1;1;1;250004;2501;25012
2513158;Santa Cecília (PB);99;107;72;65;84;69;40;56;49;32;7;17;3;2;0;1;1;1;250005;2502;25015
2513208;Santa Cruz (PB);128;129;83;90;94;88;81;64;51;50;25;23;16;9;4;4;0;1;250014;2504;25010
2513307;Santa Helena (PB);114;120;80;85;66;68;50;45;20;24;31;18;4;10;4;4;0;0;250015;2504;25009
2513356;Santa Inês (PB);50;53;42;32;27;22;18;20;12;13;9;8;0;2;1;1;0;0;250010;2503;25007
2513406;Santa Luzia (PB);196;247;163;216;161;195;105;137;101;100;45;49;17;17;5;5;2;3;250009;2503;25006
2513505;Santana de Mangueira (PB);64;77;43;42;33;34;28;29;23;29;27;13;5;6;0;1;1;0;250010;2503;25007
2513604;Santana dos Garrotes (PB);115;141;78;95;81;96;60;68;24;34;20;24;6;3;2;2;0;0;250010;2503;25007
2513653;Joca Claudino (PB);44;42;20;25;19;22;21;15;11;12;3;5;2;3;1;1;0;0;250014;2504;25009
2513703;Santa Rita (PB);1184;1574;850;1222;771;993;564;696;288;392;150;204;50;72;20;32;5;10;250001;2501;25001
2513802;Santa Teresinha (PB);70;93;48;51;48;52;38;31;21;26;7;10;4;4;1;2;0;1;250009;2503;25006
2513851;Santo André (PB);43;68;34;41;40;37;23;23;17;21;7;13;6;2;1;0;0;0;250005;2502;25016
2513901;São Bento (PB);269;348;177;184;175;198;123;134;77;94;41;44;12;23;5;4;6;7;250011;2503;25008
2513927;São Bentinho (PB);68;84;52;38;54;47;36;32;25;27;18;10;6;1;2;0;0;0;250012;2503;25013
2513943;São Domingos do Cariri (PB);33;43;37;28;37;26;30;18;10;20;8;11;1;5;1;2;1;0;250005;2502;25015
2513968;São Domingos (PB);49;47;29;29;23;30;22;23;14;15;10;8;3;6;0;0;0;0;250012;2503;25013
2513984;São Francisco (PB);73;84;57;44;42;50;35;33;23;24;7;10;5;1;2;1;0;0;250014;2504;25010
2514008;São João do Cariri (PB);60;94;55;72;63;70;40;46;47;43;22;28;5;12;2;3;1;0;250005;2502;25005
2514107;São João do Tigre (PB);84;70;47;70;54;53;23;31;20;23;10;8;3;1;0;1;0;0;250007;2502;25005
2514206;São José da Lagoa Tapada (PB);132;139;79;92;64;67;60;79;52;47;27;17;9;4;3;1;0;2;250014;2504;25010
2514305;São José de Caiana (PB);58;75;36;42;43;42;25;22;21;16;15;7;2;8;0;0;0;0;250010;2503;25007
2514404;São José de Espinharas (PB);104;84;56;51;51;40;45;42;26;24;18;15;4;6;0;3;0;0;250009;2503;25006
2514453;São José dos Ramos (PB);73;74;59;52;47;56;37;42;29;25;16;12;7;7;1;3;0;0;250004;2501;25012
2514503;São José de Piranhas (PB);318;352;189;221;189;164;144;141;82;90;55;47;15;12;4;3;1;4;250015;2504;25009
2514552;São José de Princesa (PB);67;80;52;55;42;39;31;35;16;27;10;17;1;2;0;1;0;0;250013;2503;25011
2514602;São José do Bonfim (PB);53;50;44;42;27;32;16;21;8;11;9;10;5;3;2;2;0;1;250009;2503;25006
2514651;São José do Brejo do Cruz (PB);19;29;10;16;12;7;7;8;9;7;4;5;4;3;1;0;0;2;250011;2503;25008
2514701;São José do Sabugi (PB);72;59;38;42;40;50;33;32;15;16;8;14;1;9;0;0;0;0;250009;2503;25006
2514800;São José dos Cordeiros (PB);57;99;56;54;54;55;44;42;30;29;13;16;7;7;0;1;0;0;250008;2502;25005
2514909;São Mamede (PB);139;171;96;118;108;105;96;73;52;41;31;39;7;10;1;4;1;0;250009;2503;25006
2515005;São Miguel de Taipu (PB);103;107;58;68;41;50;42;40;49;52;26;15;7;13;3;0;0;1;250001;2501;25012
2515104;São Sebastião de Lagoa de Roça (PB);151;191;118;149;119;121;89;83;56;60;26;29;7;15;2;4;0;1;250005;2502;25003
2515203;São Sebastião do Umbuzeiro (PB);61;71;38;51;23;41;35;33;14;23;14;7;1;3;1;2;0;0;250007;2502;25005
2515302;Sapé (PB);592;760;456;598;433;544;345;300;196;225;114;124;37;47;12;19;4;3;250001;2501;25001
2515401;São Vicente do Seridó (PB);125;135;64;63;79;80;52;49;41;31;27;23;4;11;2;4;2;2;250005;2502;25004
2515500;Serra Branca (PB);228;302;181;214;174;205;122;157;93;103;68;60;12;26;3;3;0;3;250008;2502;25005
2515609;Serra da Raiz (PB);80;69;40;41;44;63;29;31;29;31;7;13;2;6;0;4;0;0;250002;2501;25002
2515708;Serra Grande (PB);45;42;28;27;25;30;22;19;13;12;8;4;4;1;0;1;1;0;250015;2504;25007
2515807;Serra Redonda (PB);123;149;93;129;88;141;84;106;50;57;27;27;6;15;0;1;1;1;250005;2502;25016
2515906;Serraria (PB);121;135;85;94;73;87;61;54;40;42;24;25;6;11;1;3;1;2;250002;2501;25002
2515930;Sertãozinho (PB);57;83;54;53;43;44;43;40;25;29;16;15;2;8;1;2;1;0;250002;2501;25002
2515971;Sobrado (PB);118;126;80;89;64;55;45;46;35;37;12;28;5;11;0;5;0;0;250001;2501;25001
2516003;Solânea (PB);446;582;379;453;330;338;232;288;182;199;89;125;21;28;4;10;1;3;250002;2501;25002
2516102;Soledade (PB);188;190;106;154;102;142;99;104;47;70;38;36;14;22;1;6;1;3;250005;2502;25016
2516151;Sossêgo (PB);36;38;25;23;26;26;17;20;19;20;10;11;5;1;0;1;0;0;250006;2502;25004
2516201;Sousa (PB);856;1142;590;679;571;614;413;501;242;274;157;148;46;37;15;12;4;6;250014;2504;25010
2516300;Sumé (PB);236;292;197;229;180;194;163;174;102;102;62;68;11;16;1;9;0;0;250008;2502;25005
2516409;Tacima (PB);163;188;118;133;126;114;82;105;60;62;32;32;10;15;1;1;0;2;250002;2501;25002
2516508;Taperoá (PB);193;281;140;186;148;156;106;145;82;97;35;50;13;24;7;3;1;2;250005;2502;25016
2516607;Tavares (PB);187;222;123;151;122;124;93;79;63;64;17;28;8;7;1;2;0;1;250013;2503;25011
2516706;Teixeira (PB);134;190;100;139;106;123;72;101;42;71;26;41;9;9;1;3;0;3;250009;2503;25006
2516755;Tenório (PB);24;34;21;19;25;24;14;18;10;17;7;7;1;2;1;0;0;1;250005;2502;25016
2516805;Triunfo (PB);143;179;107;121;98;82;69;65;32;28;34;22;6;6;3;1;1;0;250015;2504;25009
2516904;Uiraúna (PB);244;298;153;182;154;162;138;132;83;78;43;50;21;15;4;0;2;0;250014;2504;25009
2517001;Umbuzeiro (PB);138;176;107;150;106;108;63;78;50;63;31;35;6;17;2;0;0;0;250005;2502;25015
2517100;Várzea (PB);50;36;35;27;27;21;23;22;8;10;10;6;3;3;0;1;0;0;250009;2503;25006
2517209;Vieirópolis (PB);92;112;53;56;43;59;50;42;22;20;18;16;5;6;0;1;0;0;250014;2504;25010
2517407;Zabelê (PB);29;35;19;29;23;25;22;15;12;13;6;6;0;0;0;0;0;0;250007;2502;25005
2600054;Abreu e Lima (PE);922;1181;634;848;494;655;349;463;176;249;74;121;28;64;12;25;4;6;260001;2601;26010
2600104;Afogados da Ingazeira (PE);481;553;293;406;317;382;254;282;129;173;78;95;16;27;7;6;3;1;260014;2603;26001
2600203;Afrânio (PE);196;212;110;170;117;117;105;97;56;52;44;30;13;15;3;6;0;0;260015;2604;26009
2600302;Agrestina (PE);355;361;269;278;239;270;135;166;111;96;56;47;14;17;4;2;0;1;260009;2602;26003
2600401;Água Preta (PE);365;348;292;243;220;185;140;106;90;63;27;39;3;7;3;4;3;0;260003;2601;26008
2600500;Águas Belas (PE);512;584;353;450;290;346;244;308;179;208;97;97;16;31;8;11;2;5;260010;2602;26004
2600609;Alagoinha (PE);220;223;171;204;140;155;92;121;65;64;26;42;9;15;4;5;0;2;260012;2602;26003
2600708;Aliança (PE);519;507;352;356;240;302;194;148;119;100;50;48;19;19;7;5;0;3;260002;2601;26005
2600807;Altinho (PE);410;488;317;358;291;351;236;248;129;150;57;61;13;22;3;6;2;5;260009;2602;26003
2600906;Amaraji (PE);285;273;217;198;165;125;107;108;81;72;40;35;6;9;0;2;2;1;260018;2601;26008
2601003;Angelim (PE);141;192;127;157;106;125;75;73;56;78;30;28;10;12;2;2;1;0;260010;2602;26004
2601052;Araçoiaba (PE);180;180;120;131;109;103;72;62;54;47;10;13;8;4;3;5;1;0;260001;2601;26010
2601102;Araripina (PE);880;982;528;625;426;478;351;369;237;255;116;148;26;54;7;22;5;2;260016;2604;26007
2601201;Arcoverde (PE);738;1046;587;792;447;653;397;510;212;286;114;157;34;49;9;15;5;6;260011;2602;26002
2601300;Barra de Guabiraba (PE);166;159;116;126;86;97;72;72;63;75;30;27;4;5;1;4;0;0;260009;2602;26003
2601409;Barreiros (PE);508;568;405;415;361;284;208;175;117;87;56;52;25;24;4;12;5;3;260007;2601;26008
2601508;Belém de Maria (PE);183;172;128;155;103;90;64;75;68;59;36;21;6;7;2;4;2;4;260003;2601;26008
2601607;Belém do São Francisco (PE);198;266;130;211;113;179;120;105;69;95;46;56;20;25;4;6;0;2;260017;2604;26011
2601706;Belo Jardim (PE);968;1133;730;1024;686;813;533;578;309;351;125;178;29;57;2;16;6;5;260012;2602;26003
2601805;Betânia (PE);159;202;114;141;109;99;77;73;57;37;34;33;11;10;3;1;2;1;260013;2603;26012
2601904;Bezerros (PE);946;1244;791;977;743;757;468;561;281;360;152;176;40;54;9;25;7;4;260009;2602;26003
2602001;Bodocó (PE);381;411;266;323;233;222;173;191;121;117;43;52;7;19;6;6;3;1;260016;2604;26007
2602100;Bom Conselho (PE);600;695;422;575;350;465;293;359;183;233;107;131;22;53;10;15;2;2;260010;2602;26004
2602209;Bom Jardim (PE);514;649;473;520;419;436;257;262;174;184;86;110;24;38;7;10;1;3;260004;2601;26006
2602308;Bonito (PE);540;638;395;449;354;356;247;242;140;170;79;75;20;39;10;11;2;6;260009;2602;26003
2602407;Brejão (PE);119;166;100;109;74;79;62;71;35;47;17;21;8;13;0;1;2;2;260010;2602;26004
2602506;Brejinho (PE);133;136;84;91;76;70;60;47;34;34;17;20;3;7;2;1;2;0;260014;2603;26001
2602605;Brejo da Madre de Deus (PE);462;535;360;405;353;353;236;256;160;155;90;82;27;24;6;15;1;4;260009;2602;26003
2602704;Buenos Aires (PE);162;167;123;114;89;96;74;66;35;39;17;18;12;13;2;6;1;0;260006;2601;26006
2602803;Buíque (PE);545;695;412;499;362;385;292;278;164;158;86;108;23;24;9;10;2;1;260011;2602;26002
2602902;Cabo de Santo Agostinho (PE);1621;1829;1071;1285;882;960;545;630;325;342;151;219;44;59;19;24;8;10;260001;2601;26010
2603009;Cabrobó (PE);284;339;219;256;181;212;115;162;81;130;45;52;11;31;4;7;2;5;260017;2604;26009
2603108;Cachoeirinha (PE);311;361;220;283;192;220;152;165;79;86;39;56;5;21;5;2;1;3;260009;2602;26003
2603207;Caetés (PE);324;387;265;311;235;262;176;208;97;126;59;48;14;19;4;4;2;3;260010;2602;26004
2603306;Calçado (PE);192;252;132;146;98;121;75;96;47;62;23;39;12;12;2;3;0;1;260010;2602;26004
2603405;Calumbi (PE);98;111;73;86;56;70;47;60;27;38;16;18;3;4;0;1;0;0;260013;2603;26012
2603454;Camaragibe (PE);1575;1826;1022;1236;697;929;436;554;227;416;113;179;41;70;12;25;4;11;260001;2601;26010
2603504;Camocim de São Félix (PE);187;298;192;237;158;187;119;134;58;79;18;40;11;12;3;6;1;1;260009;2602;26003
2603603;Camutanga (PE);135;153;88;91;83;84;55;39;31;37;18;21;4;5;1;0;1;3;260002;2601;26005
2603702;Canhotinho (PE);341;424;284;345;232;293;180;182;100;131;60;76;22;22;2;6;1;3;260010;2602;26004
2603801;Capoeiras (PE);249;281;209;245;174;187;148;163;94;83;37;48;16;11;4;3;1;2;260010;2602;26004
2603900;Carnaíba (PE);247;295;169;218;169;170;122;132;72;72;40;40;13;9;1;1;1;2;260014;2603;26001
2603926;Carnaubeira da Penha (PE);123;134;71;113;94;84;70;66;52;59;28;31;8;3;2;1;1;4;260013;2603;26012
2604007;Carpina (PE);762;952;585;778;454;545;295;366;209;250;81;109;43;45;10;20;2;5;260006;2601;26006
2604106;Caruaru (PE);3202;4122;2291;3093;1883;2468;1413;1766;837;1038;360;562;110;174;44;96;21;21;260009;2602;26003
2604155;Casinhas (PE);187;224;161;192;142;156;106;91;69;77;31;41;17;11;3;9;2;1;260008;2601;26006
2604205;Catende (PE);448;514;349;415;290;310;172;183;112;156;55;53;24;26;1;8;4;0;260003;2601;26008
2604304;Cedro (PE);106;148;87;90;69;76;56;67;36;39;20;16;3;5;3;4;0;0;260017;2604;26011
2604403;Chã de Alegria (PE);121;140;96;101;77;98;52;43;34;40;16;17;9;5;1;4;2;2;260005;2601;26010
2604502;Chã Grande (PE);276;267;205;201;177;150;113;110;72;82;24;38;8;13;1;2;0;1;260009;2602;26010
2604601;Condado (PE);294;353;229;247;161;176;137;120;96;79;50;31;9;11;1;7;2;1;260002;2601;26005
2604700;Correntes (PE);192;264;187;232;156;189;153;120;74;91;44;65;22;12;7;7;1;1;260010;2602;26004
2604809;Cortês (PE);163;134;91;113;79;78;53;49;36;47;23;20;1;9;2;4;1;1;260018;2601;26008
2604908;Cumaru (PE);459;500;330;324;281;276;162;167;116;121;46;62;19;29;3;1;2;4;260009;2602;26006
2605004;Cupira (PE);316;439;284;383;282;297;218;211;129;127;51;54;11;11;3;16;3;0;260009;2602;26003
2605103;Custódia (PE);450;497;347;377;318;345;246;225;156;150;71;71;19;25;8;12;2;3;260011;2602;26002
2605152;Dormentes (PE);166;183;136;129;128;127;98;75;61;49;32;28;12;5;3;3;4;1;260015;2604;26009
2605202;Escada (PE);709;852;535;576;447;435;299;261;161;186;76;85;30;48;7;8;5;8;260018;2601;26008
2605301;Exu (PE);394;491;341;372;262;279;164;204;121;124;74;79;19;27;11;8;1;2;260016;2604;26007
2605400;Feira Nova (PE);255;291;212;246;202;191;129;109;77;84;32;40;7;16;2;6;3;0;260004;2601;26006
2605459;Fernando de Noronha (PE);12;16;10;18;8;6;8;6;1;1;0;1;1;0;0;0;0;0;260001;2601;26010
2605509;Ferreiros (PE);172;185;141;135;101;105;61;74;37;48;20;24;11;10;1;7;1;0;260002;2601;26005
2605608;Flores (PE);313;397;270;301;228;256;188;197;135;129;53;72;21;19;3;8;1;0;260013;2603;26012
2605707;Floresta (PE);304;343;187;256;181;230;164;164;86;112;57;78;17;18;2;8;4;4;260013;2603;26012
2605806;Frei Miguelinho (PE);261;293;216;226;156;204;136;142;96;123;103;67;30;28;6;9;0;1;260008;2601;26003
2605905;Gameleira (PE);312;342;223;202;180;136;105;100;72;45;19;25;12;17;5;5;0;3;260003;2601;26008
2606002;Garanhuns (PE);1409;1919;1025;1497;808;1135;665;827;363;523;221;296;65;137;17;35;13;9;260010;2602;26004
2606101;Glória do Goitá (PE);342;411;270;352;277;259;183;175;111;93;38;59;17;25;8;5;1;5;260005;2601;26010
2606200;Goiana (PE);852;990;670;752;519;612;341;391;200;250;98;128;20;59;13;19;1;5;260002;2601;26005
2606309;Granito (PE);93;91;51;73;55;36;40;39;23;27;12;19;1;5;2;2;1;1;260016;2604;26007
2606408;Gravatá (PE);958;1144;757;951;640;740;447;522;288;353;109;151;33;71;13;23;3;4;260009;2602;26003
2606507;Iati (PE);231;252;160;174;128;134;106;107;93;94;49;58;14;8;3;6;3;5;260010;2602;26004
2606606;Ibimirim (PE);253;335;226;245;183;198;151;152;141;117;48;53;14;12;2;3;1;2;260011;2602;26002
2606705;Ibirajuba (PE);148;158;101;115;105;108;69;78;52;50;23;24;8;8;0;2;1;1;260009;2602;26003
2606804;Igarassu (PE);870;1026;637;730;521;516;343;354;169;186;85;118;40;47;13;26;8;10;260001;2601;26010
2606903;Iguaracy (PE);177;214;134;158;130;136;100;130;68;52;25;33;9;10;1;3;1;0;260014;2603;26001
2607000;Inajá (PE);142;153;112;135;94;99;74;84;48;68;24;23;5;7;4;1;0;1;260011;2602;26002
2607109;Ingazeira (PE);73;72;37;72;35;29;27;31;20;19;12;10;4;1;0;1;0;0;260014;2603;26001
2607208;Ipojuca (PE);668;670;449;503;324;354;198;195;126;108;34;59;17;25;4;14;9;4;260001;2601;26010
2607307;Ipubi (PE);312;366;223;224;159;188;127;126;105;107;44;53;6;14;5;5;2;1;260016;2604;26007
2607406;Itacuruba (PE);42;45;30;28;19;32;12;17;24;17;5;6;2;5;1;1;1;0;260017;2604;26012
2607505;Itaíba (PE);311;359;262;279;185;222;155;180;113;121;74;61;14;15;6;1;0;2;260011;2602;26004
2607604;Ilha de Itamaracá (PE);174;172;109;123;93;99;60;58;27;47;16;19;5;9;1;3;3;0;260001;2601;26010
2607653;Itambé (PE);529;524;375;409;287;278;214;189;144;122;62;61;26;23;5;10;2;3;260002;2601;26005
2607703;Itapetim (PE);235;323;170;233;185;220;159;143;78;83;33;46;12;16;3;2;1;1;260014;2603;26001
2607752;Itapissuma (PE);184;276;125;153;141;155;78;92;51;54;28;26;6;20;6;6;1;4;260001;2601;26010
2607802;Itaquitinga (PE);192;203;149;137;102;97;65;57;46;30;31;18;7;10;2;1;1;0;260002;2601;26005
2607901;Jaboatão dos Guararapes (PE);5734;7479;3830;5413;2862;4024;1805;2483;973;1513;388;774;127;356;51;137;26;50;260001;2601;26010
2607950;Jaqueira (PE);144;159;121;106;82;70;50;51;27;31;14;11;9;6;0;4;1;2;260003;2601;26008
2608008;Jataúba (PE);215;225;154;172;161;171;125;119;67;86;41;50;7;11;2;5;0;0;260009;2602;26003
2608057;Jatobá (PE);165;152;101;112;84;98;76;58;44;38;16;22;8;8;1;4;1;0;260013;2603;26002
2608107;João Alfredo (PE);430;493;351;428;313;339;217;243;125;165;62;56;22;30;5;4;2;4;260004;2601;26006
2608206;Joaquim Nabuco (PE);207;209;136;140;124;90;86;55;43;41;19;39;7;6;0;3;1;1;260003;2601;26008
2608255;Jucati (PE);128;174;110;135;94;90;84;87;36;47;26;20;11;5;1;4;0;1;260010;2602;26004
2608305;Jupi (PE);172;220;126;205;123;133;107;103;72;69;15;40;7;21;5;2;3;0;260010;2602;26004
2608404;Jurema (PE);203;294;185;207;147;170;127;130;79;90;27;43;17;16;1;8;0;1;260010;2602;26003
2608453;Lagoa do Carro (PE);141;184;112;122;90;103;70;67;53;50;22;26;8;10;0;1;1;2;260006;2601;26006
2608503;Lagoa de Itaenga (PE);237;262;162;183;152;157;108;107;58;74;21;32;11;11;0;5;1;2;260006;2601;26006
2608602;Lagoa do Ouro (PE);149;173;87;99;117;104;83;89;51;49;30;27;2;7;1;3;2;3;260010;2602;26004
2608701;Lagoa dos Gatos (PE);252;314;197;246;199;170;133;119;95;112;39;45;10;6;4;7;0;3;260009;2602;26008
2608750;Lagoa Grande (PE);218;205;139;148;119;113;65;87;56;52;21;28;12;12;3;1;0;3;260015;2604;26009
2608800;Lajedo (PE);504;573;388;520;340;353;264;273;122;186;84;107;28;28;5;6;4;5;260010;2602;26004
2608909;Limoeiro (PE);717;990;566;784;538;651;328;392;208;295;117;133;48;65;11;25;4;10;260004;2601;26006
2609006;Macaparana (PE);314;346;233;330;230;223;155;152;105;123;70;97;21;28;2;15;1;5;260002;2601;26005
2609105;Machados (PE);120;181;121;134;100;102;70;71;44;70;17;25;4;6;3;2;1;0;260004;2601;26006
2609154;Manari (PE);142;169;110;132;87;90;80;76;45;41;15;27;3;8;0;0;1;1;260011;2602;26002
2609204;Maraial (PE);162;172;128;113;94;76;69;62;45;44;16;18;5;8;1;4;1;1;260003;2601;26008
2609303;Mirandiba (PE);164;197;120;148;104;129;101;112;53;53;35;27;13;10;2;2;0;3;260013;2603;26011
2609402;Moreno (PE);601;729;449;530;323;477;197;266;137;145;57;97;20;26;6;10;3;10;260001;2601;26010
2609501;Nazaré da Mata (PE);360;453;261;317;194;242;141;162;98;147;31;49;14;26;6;9;0;3;260006;2601;26006
2609600;Olinda (PE);4316;6431;3187;4801;2380;3852;1483;2546;734;1437;341;720;112;312;24;125;11;28;260001;2601;26010
2609709;Orobó (PE);342;418;263;338;263;276;158;156;114;168;61;78;20;14;6;5;1;0;260004;2601;26006
2609808;Orocó (PE);78;111;55;74;54;57;37;53;28;37;18;17;6;9;3;2;1;0;260015;2604;26009
2609907;Ouricuri (PE);703;800;449;545;380;464;290;310;202;208;118;110;29;52;13;9;5;7;260016;2604;26007
2610004;Palmares (PE);708;931;501;591;447;471;279;287;173;204;91;114;24;50;6;12;5;3;260003;2601;26008
2610103;Palmeirina (PE);145;157;109;116;103;108;92;82;45;58;31;31;8;16;1;5;0;0;260010;2602;26004
2610202;Panelas (PE);468;468;315;388;291;281;224;210;128;135;68;70;16;16;4;4;1;1;260009;2602;26003
2610301;Paranatama (PE);145;189;107;162;105;149;91;109;56;59;29;40;11;8;2;3;0;0;260010;2602;26004
2610400;Parnamirim (PE);249;261;159;182;153;141;118;137;91;109;41;51;8;20;7;10;1;2;260017;2604;26007
2610509;Passira (PE);428;480;346;400;307;330;207;210;92;119;74;76;30;19;6;7;3;6;260004;2601;26006
2610608;Paudalho (PE);502;574;355;338;259;275;176;164;109;130;44;45;19;34;4;2;2;2;260001;2601;26006
2610707;Paulista (PE);2547;3472;1655;2446;1217;2001;841;1317;436;808;205;351;55;143;17;51;16;10;260001;2601;26010
2610806;Pedra (PE);260;331;211;247;178;195;126;143;84;90;47;35;10;23;6;5;2;3;260011;2602;26002
2610905;Pesqueira (PE);840;1127;679;854;552;756;476;543;264;324;126;161;21;49;12;19;4;3;260012;2602;26003
2611002;Petrolândia (PE);263;296;192;207;155;187;124;131;85;109;32;50;13;18;3;8;0;4;260013;2603;26002
2611101;Petrolina (PE);2006;2287;1214;1515;896;1183;661;853;407;555;200;333;70;99;21;25;10;16;260015;2604;26009
2611200;Poção (PE);137;213;134;158;97;124;101;107;67;75;32;36;5;12;0;4;1;0;260012;2602;26003
2611309;Pombos (PE);331;336;265;286;235;191;177;153;99;109;42;46;7;13;1;6;0;0;260005;2601;26010
2611408;Primavera (PE);143;155;111;107;83;68;76;47;40;32;11;14;4;8;0;3;0;0;260018;2601;26008
2611507;Quipapá (PE);295;343;243;300;194;189;139;141;80;87;40;30;11;21;5;5;0;0;260010;2602;26008
2611533;Quixaba (PE);80;95;61;80;56;59;42;36;29;27;11;11;3;10;1;0;0;0;260014;2603;26001
2611606;Recife (PE);16103;24803;12056;19636;9499;16555;6393;11021;3268;6631;1483;3334;471;1428;146;550;58;97;260001;2601;26010
2611705;Riacho das Almas (PE);329;345;241;288;196;196;154;138;115;103;52;57;10;14;4;5;2;5;260009;2602;26003
2611804;Ribeirão (PE);575;614;398;408;368;317;191;159;133;135;55;71;15;21;5;9;4;3;260018;2601;26008
2611903;Rio Formoso (PE);242;222;165;190;130;115;103;78;45;36;23;19;7;7;4;5;2;2;260007;2601;26008
2612000;Sairé (PE);253;265;185;188;145;157;102;105;60;54;25;35;7;16;2;3;1;0;260009;2602;26003
2612109;Salgadinho (PE);100;106;92;72;64;70;40;39;23;23;8;11;6;4;0;0;1;0;260004;2601;26006
2612208;Salgueiro (PE);578;736;395;521;360;469;272;336;168;214;83;119;22;43;6;13;5;3;260017;2604;26011
2612307;Saloá (PE);228;299;177;247;156;187;141;175;98;114;44;57;13;10;7;11;2;1;260010;2602;26004
2612406;Sanharó (PE);174;305;198;196;166;199;129;119;71;90;37;45;9;10;5;6;1;1;260012;2602;26003
2612455;Santa Cruz (PE);134;166;107;105;95;96;81;82;53;55;29;45;13;8;0;6;0;0;260016;2604;26007
2612471;Santa Cruz da Baixa Verde (PE);142;204;108;129;99;120;94;83;68;41;20;28;5;6;4;2;1;3;260013;2603;26012
2612505;Santa Cruz do Capibaribe (PE);525;643;367;438;331;392;249;279;176;180;87;99;15;40;8;11;3;4;260009;2602;26003
2612554;Santa Filomena (PE);166;191;100;98;100;80;86;78;44;59;27;38;12;10;1;1;0;0;260016;2604;26007
2612604;Santa Maria da Boa Vista (PE);345;334;259;272;183;181;119;140;81;109;55;55;11;14;8;9;0;1;260015;2604;26009
2612703;Santa Maria do Cambucá (PE);176;201;130;136;133;148;111;104;64;94;39;32;11;15;1;9;2;3;260008;2601;26003
2612802;Santa Terezinha (PE);126;146;114;117;111;103;70;74;62;49;22;33;9;11;2;0;1;3;260014;2603;26001
2612901;São Benedito do Sul (PE);161;174;118;116;89;79;65;81;49;53;22;20;7;11;1;1;3;1;260003;2601;26008
2613008;São Bento do Una (PE);621;710;474;556;419;452;356;340;186;212;99;77;22;33;6;18;2;3;260012;2602;26003
2613107;São Caitano (PE);498;540;390;482;343;377;263;262;158;148;75;98;16;24;10;15;1;6;260009;2602;26003
2613206;São João (PE);250;366;232;251;205;213;159;153;85;92;38;37;12;21;6;10;0;3;260010;2602;26004
2613305;São Joaquim do Monte (PE);297;362;242;305;201;246;142;159;84;111;42;37;14;26;3;3;1;1;260009;2602;26003
2613404;São José da Coroa Grande (PE);185;181;118;152;88;93;62;53;31;28;21;16;10;10;2;4;2;4;260007;2601;26008
2613503;São José do Belmonte (PE);434;509;297;331;267;302;210;213;143;151;64;77;20;17;3;8;2;1;260013;2603;26012
2613602;São José do Egito (PE);442;607;364;421;350;403;272;267;186;158;80;100;18;28;5;6;0;6;260014;2603;26001
2613701;São Lourenço da Mata (PE);1005;1195;700;896;537;651;396;400;206;245;100;116;25;66;7;10;4;9;260001;2601;26010
2613800;São Vicente Férrer (PE);208;250;197;181;132;133;88;89;52;92;50;43;16;19;4;3;0;0;260002;2601;26005
2613909;Serra Talhada (PE);925;1196;640;822;554;704;446;560;287;355;165;193;48;63;9;19;2;5;260013;2603;26012
2614006;Serrita (PE);216;246;138;177;144;169;111;118;72;99;49;54;16;19;3;11;1;0;260017;2604;26011
2614105;Sertânia (PE);472;624;361;460;344;344;278;278;141;162;61;89;21;24;6;11;5;3;260011;2602;26002
2614204;Sirinhaém (PE);369;339;280;286;225;191;126;119;65;59;30;25;6;11;4;3;4;7;260007;2601;26008
2614303;Moreilândia (PE);147;156;96;138;83;91;65;98;54;51;46;45;10;5;2;5;1;2;260016;2604;26007
2614402;Solidão (PE);90;73;48;56;56;59;32;30;25;16;15;14;1;6;1;1;1;2;260014;2603;26001
2614501;Surubim (PE);736;835;536;706;530;608;367;387;238;326;144;141;31;72;8;27;2;4;260008;2601;26006
2614600;Tabira (PE);372;456;282;296;241;244;189;179;110;117;69;73;19;15;2;6;3;1;260014;2603;26001
2614709;Tacaimbó (PE);198;220;153;174;150;143;95;110;61;57;23;28;7;10;0;3;0;1;260012;2602;26003
2614808;Tacaratu (PE);212;254;138;206;125;175;123;145;79;81;51;39;18;14;2;6;2;1;260013;2603;26002
2614857;Tamandaré (PE);199;174;135;137;136;96;50;53;31;31;17;19;8;3;3;3;1;0;260007;2601;26008
2615003;Taquaritinga do Norte (PE);299;309;222;212;186;225;160;152;96;97;34;60;19;16;2;7;2;1;260009;2602;26003
2615102;Terezinha (PE);80;89;71;107;69;76;46;43;25;45;18;23;4;10;0;3;0;0;260010;2602;26004
2615201;Terra Nova (PE);96;97;67;78;64;78;44;43;29;48;15;19;12;11;1;2;0;0;260017;2604;26011
2615300;Timbaúba (PE);715;948;537;751;450;575;315;366;202;317;101;113;29;46;13;21;2;6;260002;2601;26005
2615409;Toritama (PE);220;236;159;215;146;170;106;112;57;67;25;39;10;13;3;6;0;3;260009;2602;26003
2615508;Tracunhaém (PE);175;155;89;102;81;90;56;58;47;41;16;11;6;9;1;0;1;0;260006;2601;26006
2615607;Trindade (PE);275;331;142;193;141;154;102;114;66;77;31;38;6;14;2;4;3;2;260016;2604;26007
2615706;Triunfo (PE);238;308;168;231;167;201;123;168;89;101;43;63;15;15;0;4;1;2;260013;2603;26012
2615805;Tupanatinga (PE);293;289;170;240;168;195;154;129;71;85;43;49;11;10;2;4;2;3;260011;2602;26002
2615904;Tuparetama (PE);117;195;119;121;83;103;69;85;34;55;23;33;9;7;1;3;0;0;260014;2603;26001
2616001;Venturosa (PE);167;207;136;147;100;116;84;111;75;69;38;47;9;7;1;2;0;1;260011;2602;26002
2616100;Verdejante (PE);136;128;74;112;78;89;62;57;44;62;27;25;8;9;3;3;1;1;260017;2604;26011
2616183;Vertente do Lério (PE);127;152;102;134;93;119;79;70;55;53;22;24;6;4;5;4;1;0;260008;2601;26006
2616209;Vertentes (PE);253;266;163;231;173;206;125;172;102;125;45;52;23;18;3;4;1;1;260008;2601;26003
2616308;Vicência (PE);338;373;226;234;197;181;118;131;74;80;33;48;14;15;2;5;0;1;260002;2601;26006
2616407;Vitória de Santo Antão (PE);1482;1815;1110;1297;847;1016;583;648;430;534;161;239;49;94;9;32;15;15;260005;2601;26010
2616506;Xexéu (PE);184;186;141;124;98;82;81;50;49;44;12;19;4;5;2;2;0;1;260003;2601;26008
2700102;Água Branca (AL);228;264;158;212;131;155;116;140;77;70;36;48;13;16;3;5;5;7;270009;2702;27010
2700201;Anadia (AL);225;282;200;187;128;135;89;84;68;64;31;35;11;14;1;2;0;4;270004;2701;27005
2700300;Arapiraca (AL);1939;2394;1466;1930;1035;1232;714;930;430;502;235;283;67;99;30;39;13;16;270007;2702;27007
2700409;Atalaia (AL);450;462;347;345;264;224;141;147;92;93;43;70;18;24;6;7;6;4;270006;2701;27004
2700508;Barra de Santo Antônio (AL);83;130;98;68;76;73;41;42;19;20;13;16;5;5;0;3;1;1;270001;2701;27001
2700607;Barra de São Miguel (AL);52;64;35;34;24;30;16;17;9;6;5;6;0;6;0;2;0;0;270001;2701;27001
2700706;Batalha (AL);163;163;108;161;95;95;70;84;50;49;26;27;6;11;2;3;3;0;270011;2702;27007
2700805;Belém (AL);70;95;53;79;50;46;21;27;39;37;23;24;5;7;1;6;0;0;270008;2702;27008
2700904;Belo Monte (AL);90;75;71;71;43;40;34;27;25;30;13;12;2;5;0;1;1;0;270011;2702;27007
2701001;Boca da Mata (AL);236;247;167;174;112;119;93;77;56;63;24;33;9;11;4;1;0;0;270004;2701;27005
2701100;Branquinha (AL);96;122;79;68;64;43;26;30;30;25;10;13;3;5;2;0;1;0;270005;2701;27003
2701209;Cacimbinhas (AL);134;158;84;117;77;92;68;63;42;48;22;27;4;13;1;1;0;0;270008;2702;27008
2701308;Cajueiro (AL);190;208;165;174;132;123;90;78;61;43;20;36;10;6;3;3;1;1;270006;2701;27004
2701357;Campestre (AL);84;93;70;74;67;40;26;24;27;15;13;7;3;5;0;1;0;1;270002;2701;27003
2701407;Campo Alegre (AL);367;373;234;261;195;143;105;87;73;66;23;36;14;18;3;4;2;2;270004;2701;27005
2701506;Campo Grande (AL);95;124;101;74;47;67;44;61;23;29;25;18;5;2;1;5;1;1;270007;2702;27007
2701605;Canapi (AL);198;225;164;166;118;117;90;101;74;80;46;45;7;13;2;4;2;0;270010;2702;27009
2701704;Capela (AL);205;239;151;174;139;145;87;88;56;58;24;22;6;4;2;2;0;2;270006;2701;27004
2701803;Carneiros (AL);77;94;54;86;49;52;38;30;21;34;15;10;0;6;2;2;0;1;270010;2702;27009
2701902;Chã Preta (AL);85;97;83;62;40;55;36;35;29;28;14;10;3;7;1;2;1;0;270006;2701;27004
2702009;Coité do Nóia (AL);148;145;98;113;73;76;51;49;32;53;20;21;7;11;2;2;1;1;270007;2702;27007
2702108;Colônia Leopoldina (AL);220;231;164;172;146;113;72;79;60;79;39;31;8;13;4;4;0;0;270002;2701;27003
2702207;Coqueiro Seco (AL);62;70;50;61;45;47;31;26;19;22;13;7;3;8;0;1;1;2;270001;2701;27001
2702306;Coruripe (AL);453;495;365;401;251;260;160;161;102;90;44;53;17;20;2;6;1;2;270003;2701;27006
2702355;Craíbas (AL);226;244;172;192;128;139;91;104;61;74;34;45;10;13;2;5;1;1;270007;2702;27007
2702405;Delmiro Gouveia (AL);471;600;355;504;298;372;221;249;151;174;79;95;21;33;8;12;3;2;270009;2702;27010
2702504;Dois Riachos (AL);128;157;108;117;86;95;54;74;48;40;34;29;6;8;2;1;2;1;270010;2702;27009
2702553;Estrela de Alagoas (AL);243;264;165;201;123;175;126;120;84;99;42;38;8;11;3;6;7;2;270008;2702;27008
2702603;Feira Grande (AL);231;271;184;230;135;158;117;99;47;54;27;32;3;10;7;7;0;2;270007;2702;27007
2702702;Feliz Deserto (AL);33;59;39;32;29;26;19;22;17;10;7;6;3;1;0;3;0;0;270003;2701;27006
2702801;Flexeiras (AL);116;115;105;76;82;58;52;37;31;39;22;26;11;6;3;4;1;0;270001;2701;27001
2702900;Girau do Ponciano (AL);318;315;251;276;198;208;111;126;84;94;56;43;14;25;4;7;1;4;270007;2702;27007
2703007;Ibateguara (AL);159;183;164;161;133;107;82;94;75;63;40;41;6;7;3;3;0;2;270005;2701;27003
2703106;Igaci (AL);327;339;231;329;181;202;163;148;114;115;55;53;15;22;3;6;0;3;270008;2702;27008
2703205;Igreja Nova (AL);235;261;218;262;159;212;147;143;78;81;51;53;13;13;4;8;2;0;270003;2701;27006
2703304;Inhapi (AL);183;258;156;197;134;137;81;111;68;66;35;42;8;13;3;10;0;4;270009;2702;27010
2703403;Jacaré dos Homens (AL);48;61;43;53;32;36;20;36;15;13;12;11;0;3;0;2;0;2;270011;2702;27007
2703502;Jacuípe (AL);115;80;62;57;59;34;41;23;32;24;10;14;7;3;8;4;5;2;270002;2701;27002
2703601;Japaratinga (AL);62;68;60;64;36;45;19;23;21;28;15;12;5;5;1;0;1;0;270002;2701;27002
2703700;Jaramataia (AL);61;56;41;48;33;31;20;17;24;17;9;6;4;1;0;1;0;0;270007;2702;27007
2703809;Joaquim Gomes (AL);209;205;182;169;127;83;80;73;85;82;60;42;10;8;4;0;3;1;270001;2701;27003
2703908;Jundiá (AL);68;45;37;32;39;23;21;22;10;9;8;5;1;2;1;0;0;0;270002;2701;27003
2704005;Junqueiro (AL);266;315;178;228;138;152;96;118;80;75;36;54;13;19;2;6;1;1;270007;2702;27005
2704104;Lagoa da Canoa (AL);199;205;158;160;97;136;64;80;52;72;29;25;6;4;2;7;5;1;270007;2702;27007
2704203;Limoeiro de Anadia (AL);278;270;175;225;132;160;79;108;67;58;41;31;8;18;4;2;1;1;270007;2702;27007
2704302;Maceió (AL);7113;9725;4974;7583;3650;5807;2302;3729;1311;2340;672;1223;220;558;98;190;72;53;270001;2701;27001
2704401;Major Isidoro (AL);228;249;208;222;128;141;92;96;73;73;37;51;12;5;3;4;0;3;270008;2702;27007
2704500;Maragogi (AL);221;219;153;114;114;103;70;62;35;59;30;30;21;8;4;2;0;1;270002;2701;27002
2704609;Maravilha (AL);144;121;85;95;76;65;49;57;39;43;16;26;6;10;0;1;0;0;270010;2702;27009
2704708;Marechal Deodoro (AL);338;366;271;279;181;183;105;148;68;99;46;58;6;19;6;9;3;4;270001;2701;27001
2704807;Maribondo (AL);201;243;141;188;114;149;80;76;65;87;29;34;11;12;1;3;1;0;270007;2702;27008
2704906;Mar Vermelho (AL);50;58;50;66;26;30;28;20;8;11;12;4;4;4;0;1;3;2;270006;2701;27004
2705002;Mata Grande (AL);341;327;191;275;171;193;146;156;105;126;76;68;20;29;6;3;4;3;270009;2702;27010
2705101;Matriz de Camaragibe (AL);233;270;251;188;175;147;101;86;55;56;33;33;11;15;6;10;5;2;270002;2701;27002
2705200;Messias (AL);120;139;90;78;82;80;44;29;26;26;22;13;4;9;1;2;0;1;270001;2701;27001
2705309;Minador do Negrão (AL);66;58;42;46;22;30;28;31;14;24;15;13;3;8;0;1;0;0;270008;2702;27008
2705408;Monteirópolis (AL);67;97;82;74;50;55;30;32;25;39;14;21;6;4;1;1;0;0;270011;2702;27009
2705507;Murici (AL);246;311;260;232;183;177;110;77;73;73;35;37;15;9;4;6;1;2;270005;2701;27003
2705606;Novo Lino (AL);132;123;102;84;75;60;48;40;29;28;27;20;6;6;4;1;0;1;270002;2701;27003
2705705;Olho d'Água das Flores (AL);193;239;153;208;132;177;102;134;76;71;44;44;9;21;2;5;2;1;270011;2702;27009
2705804;Olho d'Água do Casado (AL);77;72;59;56;35;44;24;37;24;11;15;8;0;5;2;1;0;4;270009;2702;27010
2705903;Olho d'Água Grande (AL);83;62;35;48;28;28;21;20;2;17;8;5;3;5;0;3;0;0;270007;2702;27007
2706000;Olivença (AL);125;145;107;124;73;71;39;49;55;45;33;33;3;7;1;4;0;2;270010;2702;27009
2706109;Ouro Branco (AL);107;113;78;99;55;77;32;60;48;54;29;27;3;5;1;3;0;0;270010;2702;27009
2706208;Palestina (AL);57;68;35;45;27;34;28;32;21;20;10;6;1;2;0;2;0;1;270011;2702;27009
2706307;Palmeira dos Índios (AL);848;1127;677;931;506;631;411;448;276;327;133;198;48;63;13;27;2;8;270008;2702;27008
2706406;Pão de Açúcar (AL);251;340;218;240;170;219;149;158;92;93;42;47;15;16;4;11;2;1;270011;2702;27009
2706422;Pariconha (AL);143;143;85;105;86;107;65;66;38;46;23;36;2;11;1;3;0;1;270009;2702;27010
2706448;Paripueira (AL);81;86;72;62;47;40;28;33;13;18;15;10;3;3;3;4;2;2;270001;2701;27001
2706505;Passo de Camaragibe (AL);130;138;124;125;114;91;66;60;44;39;19;23;14;10;3;3;0;3;270002;2701;27002
2706604;Paulo Jacinto (AL);82;128;60;92;58;78;48;55;42;59;20;36;10;5;3;2;2;1;270008;2702;27004
2706703;Penedo (AL);613;781;509;633;392;502;253;314;153;216;102;116;26;54;8;13;3;7;270003;2701;27006
2706802;Piaçabuçu (AL);203;230;176;216;123;153;74;77;50;69;28;42;7;14;5;4;0;1;270003;2701;27006
2706901;Pilar (AL);322;355;236;262;175;206;136;145;63;84;45;54;16;17;5;9;5;5;270001;2701;27001
2707008;Pindoba (AL);46;53;29;30;32;17;16;13;11;6;9;7;3;7;0;1;0;0;270006;2701;27004
2707107;Piranhas (AL);158;157;99;129;81;93;60;45;43;40;21;23;4;10;4;5;1;1;270009;2702;27010
2707206;Poço das Trincheiras (AL);139;165;101;111;68;100;59;66;48;48;38;31;10;6;2;5;1;1;270010;2702;27009
2707305;Porto Calvo (AL);288;271;189;188;160;156;97;87;65;44;30;25;10;17;3;5;0;6;270002;2701;27002
2707404;Porto de Pedras (AL);122;113;97;103;75;66;48;44;33;23;26;17;8;11;4;3;5;1;270002;2701;27002
2707503;Porto Real do Colégio (AL);251;266;179;189;124;156;113;122;56;84;48;55;21;24;7;10;2;0;270003;2701;27006
2707602;Quebrangulo (AL);143;173;113;114;112;99;90;93;51;49;27;20;7;10;4;3;0;2;270008;2702;27004
2707701;Rio Largo (AL);624;786;453;579;363;463;248;300;138;172;55;87;25;42;7;10;4;8;270001;2701;27001
2707800;Roteiro (AL);64;54;62;39;30;28;19;25;15;14;8;10;3;3;0;2;0;0;270004;2701;27005
2707909;Santa Luzia do Norte (AL);60;68;48;57;40;45;27;20;11;19;4;11;4;8;2;1;0;1;270001;2701;27001
2708006;Santana do Ipanema (AL);421;505;350;445;238;327;198;211;165;219;104;120;27;35;8;13;5;2;270010;2702;27009
2708105;Santana do Mundaú (AL);116;149;102;121;88;72;58;73;37;52;23;19;9;5;2;2;1;1;270005;2701;27003
2708204;São Brás (AL);68;104;58;68;51;60;35;34;32;38;34;16;4;14;1;0;0;0;270003;2701;27006
2708303;São José da Laje (AL);230;295;172;214;145;164;107;115;87;101;37;40;13;17;5;8;2;2;270005;2701;27003
2708402;São José da Tapera (AL);322;312;226;269;200;177;136;143;74;109;41;57;6;17;4;6;1;1;270011;2702;27009
2708501;São Luís do Quitunde (AL);283;292;227;190;162;145;117;92;88;63;30;43;18;9;5;7;2;3;270002;2701;27002
2708600;São Miguel dos Campos (AL);511;572;353;424;242;284;165;193;100;105;41;47;18;29;4;5;2;4;270004;2701;27005
2708709;São Miguel dos Milagres (AL);62;86;69;78;42;41;27;34;19;25;16;18;4;4;1;1;0;1;270002;2701;27002
2708808;São Sebastião (AL);298;351;231;275;186;196;126;138;76;93;52;52;9;15;3;12;2;0;270007;2702;27007
2708907;Satuba (AL);127;143;79;101;65;60;39;53;22;32;16;17;5;5;0;1;1;0;270001;2701;27001
2708956;Senador Rui Palmeira (AL);134;136;82;97;62;64;41;56;40;63;26;27;5;8;2;2;0;1;270010;2702;27009
2709004;Tanque d'Arca (AL);85;123;66;95;52;54;46;38;22;20;17;16;4;5;2;2;1;1;270007;2702;27008
2709103;Taquarana (AL);186;238;159;186;105;124;80;90;55;69;36;29;6;15;3;9;2;1;270007;2702;27007
2709152;Teotônio Vilela (AL);332;315;237;256;162;158;127;98;68;70;34;28;14;17;3;4;4;2;270007;2702;27005
2709202;Traipu (AL);272;329;226;216;173;184;109;102;65;54;46;37;18;14;0;7;1;3;270007;2702;27007
2709301;União dos Palmares (AL);658;760;516;582;400;400;277;277;229;220;125;147;30;32;11;10;6;4;270005;2701;27003
2709400;Viçosa (AL);263;348;237;319;188;221;165;138;93;96;47;68;18;33;5;16;2;2;270006;2701;27004
2800100;Amparo do São Francisco (SE);27;41;20;24;12;16;10;15;11;12;8;10;0;2;0;0;0;0;280003;2801;28007
2800209;Aquidabã (SE);265;275;181;245;157;188;99;130;82;80;57;55;20;17;6;4;1;0;280003;2801;28007
2800308;Aracaju (SE);4259;5909;2894;4501;2189;3788;1459;2656;851;1638;449;937;177;406;51;137;21;41;280001;2801;28001
2800407;Arauá (SE);109;124;73;99;78;57;39;47;36;23;22;13;4;13;2;0;0;0;280002;2801;28002
2800506;Areia Branca (SE);162;173;134;150;107;111;70;60;34;31;25;26;8;15;5;8;2;0;280004;2802;28003
2800605;Barra dos Coqueiros (SE);172;202;112;147;75;100;54;83;36;40;14;18;9;9;0;7;1;0;280001;2801;28001
2800670;Boquim (SE);250;306;169;246;125;164;95;127;67;85;44;60;18;24;4;8;1;0;280002;2801;28002
2800704;Brejo Grande (SE);81;107;80;92;59;65;26;38;25;26;13;16;4;3;1;1;0;0;280003;2801;28007
2801009;Campo do Brito (SE);195;216;172;194;118;166;108;102;74;71;43;50;13;13;5;0;1;0;280004;2802;28003
2801108;Canhoba (SE);48;54;43;44;23;29;17;13;21;11;7;6;3;4;2;0;0;1;280003;2801;28007
2801207;Canindé de São Francisco (SE);157;156;106;102;71;53;57;43;44;49;31;29;5;7;0;1;1;0;280006;2802;28005
2801306;Capela (SE);287;362;274;320;222;233;133;160;93;86;54;51;17;18;2;6;0;1;280001;2801;28006
2801405;Carira (SE);215;260;177;201;147;169;131;127;82;87;42;46;20;20;5;4;0;3;280004;2802;28003
2801504;Carmópolis (SE);71;104;56;83;44;65;33;22;22;23;7;9;5;3;3;3;0;2;280001;2801;28006
2801603;Cedro de São João (SE);84;89;58;66;45;53;45;37;21;27;21;9;3;7;3;1;0;0;280003;2801;28007
2801702;Cristinápolis (SE);138;138;114;102;71;92;48;49;35;29;13;19;11;5;1;2;2;0;280002;2801;28002
2801900;Cumbe (SE);47;50;38;38;32;36;18;22;17;23;16;14;2;6;1;2;0;1;280001;2801;28006
2802007;Divina Pastora (SE);38;33;26;26;19;28;9;15;5;10;7;7;5;1;1;2;0;0;280001;2801;28001
2802106;Estância (SE);619;749;486;589;339;453;267;338;181;186;87;116;38;63;17;22;6;8;280002;2801;28002
2802205;Feira Nova (SE);51;58;44;55;27;33;31;30;26;28;10;12;7;7;2;1;0;1;280006;2802;28005
2802304;Frei Paulo (SE);120;180;100;120;91;111;72;72;49;46;29;28;14;13;3;6;0;3;280004;2802;28003
2802403;Gararu (SE);149;143;86;109;73;70;56;48;41;37;23;19;5;7;0;1;0;1;280006;2802;28005
2802502;General Maynard (SE);27;33;20;22;16;27;12;16;16;10;8;5;3;7;0;1;0;0;280001;2801;28006
2802601;Graccho Cardoso (SE);74;73;58;48;35;51;45;35;23;25;14;12;5;8;2;4;0;0;280006;2802;28005
2802700;Ilha das Flores (SE);102;136;86;92;66;66;51;48;30;36;20;26;8;8;0;2;0;2;280003;2801;28007
2802809;Indiaroba (SE);150;163;125;121;74;74;62;53;37;39;28;28;14;12;1;4;1;1;280002;2801;28002
2802908;Itabaiana (SE);790;945;586;735;461;587;348;377;203;268;111;154;38;43;13;19;10;7;280004;2802;28003
2803005;Itabaianinha (SE);359;425;280;351;233;253;183;141;102;103;62;59;22;19;15;11;4;11;280002;2801;28002
2803104;Itabi (SE);61;72;44;57;52;58;37;36;19;21;19;10;9;9;0;2;2;1;280006;2802;28005
2803203;Itaporanga d'Ajuda (SE);262;260;204;235;158;175;107;112;78;70;48;51;28;23;9;6;0;1;280001;2801;28001
2803302;Japaratuba (SE);150;166;133;158;99;122;84;97;53;46;28;27;15;17;5;3;2;1;280001;2801;28006
2803401;Japoatã (SE);165;145;110;114;87;100;53;70;42;44;40;31;10;12;3;7;1;1;280003;2801;28007
2803500;Lagarto (SE);960;1146;754;912;645;726;434;469;312;299;155;167;46;79;14;23;11;5;280005;2802;28004
2803609;Laranjeiras (SE);175;226;120;161;112;129;84;69;53;40;18;25;15;14;6;4;0;5;280001;2801;28001
2803708;Macambira (SE);53;62;47;86;54;71;46;46;40;33;25;25;6;13;1;1;2;0;280004;2802;28003
2803807;Malhada dos Bois (SE);39;44;31;35;24;20;13;12;9;6;4;7;3;4;1;1;1;0;280003;2801;28007
2803906;Malhador (SE);109;142;94;122;79;81;69;52;38;44;29;20;11;19;3;0;3;0;280004;2802;28003
2804003;Maruim (SE);151;173;108;137;70;96;75;75;36;46;19;27;8;11;3;4;2;2;280001;2801;28006
2804102;Moita Bonita (SE);125;165;106;144;107;122;65;79;41;55;36;31;8;17;2;3;0;2;280004;2802;28003
2804201;Monte Alegre de Sergipe (SE);101;105;98;91;58;69;50;42;34;37;29;18;3;4;1;4;1;0;280006;2802;28005
2804300;Muribeca (SE);88;102;72;80;41;43;38;39;28;24;16;12;7;8;1;3;1;0;280003;2801;28007
2804409;Neópolis (SE);210;273;183;202;127;176;80;91;50;76;30;41;13;21;1;9;1;3;280003;2801;28007
2804458;Nossa Senhora Aparecida (SE);91;110;75;62;52;74;42;46;43;40;30;22;5;5;7;7;1;1;280004;2802;28003
2804508;Nossa Senhora da Glória (SE);282;307;223;237;164;188;121;144;94;80;63;51;18;27;8;10;1;5;280006;2802;28005
2804607;Nossa Senhora das Dores (SE);230;300;197;278;142;162;113;136;74;100;34;47;22;22;5;6;1;3;280001;2801;28006
2804706;Nossa Senhora de Lourdes (SE);71;75;67;54;31;39;22;25;15;17;14;14;7;2;3;0;0;0;280003;2801;28007
2804805;Nossa Senhora do Socorro (SE);712;848;491;611;300;441;179;264;116;154;52;77;26;54;4;8;2;9;280001;2801;28006
2804904;Pacatuba (SE);157;170;106;110;93;81;59;61;38;38;16;18;6;8;2;5;1;5;280003;2801;28007
2805000;Pedra Mole (SE);42;35;24;21;13;26;19;15;13;12;13;7;4;5;1;0;0;0;280004;2802;28003
2805109;Pedrinhas (SE);75;89;67;79;35;54;37;47;29;29;18;16;6;7;0;2;0;1;280002;2801;28002
2805208;Pinhão (SE);52;68;34;55;41;36;35;45;25;36;15;16;8;7;1;1;1;0;280004;2802;28003
2805307;Pirambu (SE);92;74;66;61;45;47;36;30;15;24;5;9;1;6;0;0;2;1;280001;2801;28006
2805406;Poço Redondo (SE);228;213;158;182;110;97;102;103;96;95;58;57;18;12;4;7;3;1;280006;2802;28005
2805505;Poço Verde (SE);234;300;194;253;175;200;138;150;90;93;48;40;14;14;1;2;0;1;280005;2802;28004
2805604;Porto da Folha (SE);262;300;212;244;170;173;159;130;94;87;55;56;20;19;3;7;3;2;280006;2802;28005
2805703;Propriá (SE);317;451;237;353;187;255;122;185;87;123;42;75;16;28;6;7;1;1;280003;2801;28007
2805802;Riachão do Dantas (SE);243;274;177;211;115;155;109;103;89;89;52;39;19;26;7;3;0;0;280005;2802;28004
2805901;Riachuelo (SE);76;90;43;70;36;48;33;35;20;22;13;13;11;13;3;1;1;0;280001;2801;28001
2806008;Ribeirópolis (SE);197;241;168;188;143;165;91;129;86;78;46;43;22;21;5;8;3;4;280004;2802;28003
2806107;Rosário do Catete (SE);63;62;47;56;49;43;26;27;14;27;11;19;4;8;3;2;1;1;280001;2801;28006
2806206;Salgado (SE);227;219;156;168;104;120;82;69;57;71;37;28;14;18;3;5;0;1;280005;2802;28004
2806305;Santa Luzia do Itanhy (SE);155;141;108;93;86;60;68;54;32;26;10;25;8;7;1;4;1;2;280002;2801;28002
2806404;Santana do São Francisco (SE);59;77;57;70;30;51;22;30;21;24;15;13;6;7;0;4;0;1;280003;2801;28007
2806503;Santa Rosa de Lima (SE);36;54;40;40;30;22;33;14;13;15;9;4;3;6;3;4;2;0;280001;2801;28001
2806602;Santo Amaro das Brotas (SE);112;144;98;103;76;97;35;46;35;32;26;26;13;11;3;2;2;2;280001;2801;28006
2806701;São Cristóvão (SE);498;659;396;500;291;390;179;239;115;181;56;90;35;48;6;16;7;5;280001;2801;28001
2806800;São Domingos (SE);98;114;86;99;75;74;59;63;35;47;19;19;9;9;1;3;0;1;280004;2802;28003
2806909;São Francisco (SE);35;33;18;23;22;25;20;17;3;8;4;2;3;3;1;0;0;0;280003;2801;28007
2807006;São Miguel do Aleixo (SE);31;54;40;34;20;33;17;16;16;14;6;9;2;3;1;3;0;0;280004;2802;28003
2807105;Simão Dias (SE);457;605;393;520;326;393;267;295;164;193;79;119;27;38;4;16;1;4;280005;2802;28004
2807204;Siriri (SE);74;84;65;68;53;57;48;37;38;16;8;7;7;9;2;2;3;1;280001;2801;28006
2807303;Telha (SE);27;36;21;20;18;13;14;18;9;16;4;7;2;3;0;1;0;0;280003;2801;28007
2807402;Tobias Barreto (SE);514;653;425;528;304;389;231;307;132;158;63;86;25;50;6;12;2;2;280005;2802;28004
2807501;Tomar do Geru (SE);141;167;109;131;90;89;61;44;32;33;20;20;7;10;2;5;0;0;280002;2801;28002
2807600;Umbaúba (SE);172;205;139;171;110;133;82;84;43;63;29;36;5;13;6;7;1;1;280002;2801;28002
2900108;Abaíra (BA);161;179;128;184;126;139;92;110;52;78;31;57;15;25;6;12;2;0;290013;2904;29023
2900207;Abaré (BA);157;183;97;128;76;114;76;94;46;82;38;49;15;15;1;4;4;3;290024;2909;29017
2900306;Acajutiba (BA);188;195;167;206;161;144;109;112;83;92;29;34;15;19;4;7;2;2;290002;2901;29001
2900355;Adustina (BA);173;220;132;122;126;121;76;89;60;61;37;18;5;4;3;5;2;3;290027;2909;29019
2900405;Água Fria (BA);187;231;138;201;139;157;111;125;73;87;46;55;18;23;3;8;1;3;290029;2910;29025
2900504;Érico Cardoso (BA);200;211;158;172;127;134;76;89;47;77;33;39;8;17;1;5;1;2;290013;2904;29003
2900603;Aiquara (BA);67;91;72;74;71;61;36;38;30;20;9;11;3;2;1;4;0;0;290012;2904;29015
2900702;Alagoinhas (BA);1403;1902;1112;1462;883;1134;570;741;386;588;261;508;85;172;32;56;8;11;290002;2901;29001
2900801;Alcobaça (BA);273;226;231;176;170;144;96;87;57;46;21;35;8;9;6;2;2;4;290008;2903;29026
2900900;Almadina (BA);123;127;105;86;90;74;55;36;26;33;15;24;17;6;2;3;0;1;290007;2903;29012
2901007;Amargosa (BA);371;592;430;500;351;429;258;315;153;180;115;126;41;55;8;21;7;10;290003;2902;29022
2901106;Amélia Rodrigues (BA);242;329;226;267;176;198;127;136;64;93;30;47;10;21;2;2;2;2;290029;2910;29006
2901155;América Dourada (BA);213;215;133;143;105;99;48;76;46;61;22;34;5;8;4;5;1;2;290020;2907;29010
2901205;Anagé (BA);554;476;353;350;325;270;218;187;143;119;53;64;18;29;6;4;4;7;290011;2904;29028
2901304;Andaraí (BA);162;156;116;134;104;112;68;81;62;85;37;46;7;8;1;9;0;2;290031;2910;29011
2901353;Andorinha (BA);270;239;162;170;117;135;121;119;72;98;50;58;15;26;7;18;3;1;290023;2908;29024
2901403;Angical (BA);218;195;169;175;137;114;101;80;44;41;21;22;5;7;1;4;1;3;290018;2906;29002
2901502;Anguera (BA);128;161;94;140;82;112;55;76;46;77;27;35;6;14;2;7;1;3;290029;2910;29006
2901601;Antas (BA);259;227;162;188;139;132;110;123;84;81;54;49;23;11;4;7;2;1;290027;2909;29019
2901700;Antônio Cardoso (BA);154;200;132;154;115;109;70;92;58;80;30;42;8;21;4;5;2;5;290029;2910;29006
2901809;Antônio Gonçalves (BA);147;124;83;111;79;94;61;65;45;48;25;29;7;6;1;6;1;0;290023;2908;29024
2901908;Aporá (BA);227;274;164;225;158;186;130;144;91;123;64;54;12;25;1;5;3;3;290002;2901;29001
2901957;Apuarema (BA);86;88;88;97;72;53;53;48;30;27;10;12;8;7;1;1;1;2;290012;2904;29015
2902005;Aracatu (BA);259;270;194;204;144;138;90;106;70;80;50;46;10;16;2;6;0;5;290013;2904;29003
2902054;Araçás (BA);118;93;89;72;65;49;47;38;43;48;36;62;8;7;2;5;1;0;290002;2901;29001
2902104;Araci (BA);525;594;413;410;350;343;289;244;177;160;80;99;35;36;12;21;8;12;290033;2910;29025
2902203;Aramari (BA);105;121;76;121;74;81;50;62;42;48;37;32;12;19;1;2;2;1;290002;2901;29001
2902252;Arataca (BA);220;137;147;94;110;63;57;56;35;27;21;14;5;6;0;2;0;1;290010;2903;29009
2902302;Aratuípe (BA);108;97;90;78;71;73;40;56;19;29;10;15;10;7;0;2;1;1;290006;2902;29022
2902401;Aurelino Leal (BA);243;205;173;174;145;135;93;78;50;41;35;30;10;15;7;5;4;0;290007;2903;29012
2902500;Baianópolis (BA);167;193;118;119;72;110;65;60;58;47;26;33;9;12;3;4;2;1;290018;2906;29002
2902609;Baixa Grande (BA);265;255;190;303;192;207;139;170;101;104;77;70;20;28;11;11;2;3;290029;2910;29006
2902658;Banzaê (BA);174;174;118;117;94;103;78;73;45;63;15;40;10;7;1;14;2;1;290025;2909;29019
2902708;Barra (BA);477;544;341;404;301;351;189;215;123;137;65;78;16;27;5;16;2;6;290021;2907;29008
2902807;Barra da Estiva (BA);308;326;232;234;153;208;101;107;81;85;38;50;13;14;1;4;1;4;290011;2904;29003
2902906;Barra do Choça (BA);480;453;333;314;250;212;164;111;90;81;44;51;12;17;7;3;2;2;290011;2904;29028
2903003;Barra do Mendes (BA);194;213;131;175;138;176;92;84;60;85;30;40;11;20;4;4;0;2;290020;2907;29010
2903102;Barra do Rocha (BA);127;106;108;81;61;50;51;42;24;12;8;12;6;4;0;1;2;3;290014;2904;29015
2903201;Barreiras (BA);1009;1029;697;780;503;539;306;333;191;220;96;127;34;41;9;9;4;14;290018;2906;29002
2903235;Barro Alto (BA);197;188;110;171;100;128;70;76;55;48;16;24;4;10;3;1;1;2;290020;2907;29010
2903300;Barro Preto (BA);139;117;110;95;84;56;49;29;32;30;12;13;5;4;2;2;0;2;290007;2903;29012
2903409;Belmonte (BA);250;262;221;241;193;170;133;97;73;75;32;35;3;12;2;9;6;1;290009;2903;29018
2903508;Belo Campo (BA);288;278;218;222;158;167;131;92;69;74;47;29;15;16;4;8;3;6;290011;2904;29028
2903607;Biritinga (BA);203;204;163;188;129;133;128;122;76;70;39;41;7;15;3;8;0;1;290033;2910;29025
2903706;Boa Nova (BA);336;323;263;232;211;177;132;123;99;78;45;60;19;26;6;6;3;5;290011;2904;29015
2903805;Boa Vista do Tupim (BA);206;230;164;190;143;158;132;124;75;73;42;43;8;17;2;3;2;4;290031;2910;29011
2903904;Bom Jesus da Lapa (BA);633;691;460;515;345;403;232;249;135;188;58;95;17;46;7;14;6;8;290017;2905;29021
2903953;Bom Jesus da Serra (BA);168;154;122;105;89;96;58;65;41;53;34;37;8;9;2;4;0;3;290011;2904;29028
2904001;Boninal (BA);177;252;138;185;131;178;87;109;47;91;31;57;17;19;0;6;1;2;290034;2910;29023
2904050;Bonito (BA);93;106;75;83;46;42;31;31;29;20;10;12;2;3;0;2;1;1;290020;2907;29011
2904100;Boquira (BA);381;402;246;316;188;249;129;172;78;116;57;83;23;43;8;16;1;4;290017;2905;29003
2904209;Botuporã (BA);159;140;131;132;97;101;73;79;52;57;32;31;10;13;3;4;1;4;290016;2905;29003
2904308;Brejões (BA);171;227;154;183;151;146;104;97;60;65;34;41;10;21;10;9;0;2;290003;2902;29015
2904407;Brejolândia (BA);125;118;106;108;78;89;57;57;33;26;19;28;6;5;0;2;1;1;290018;2906;29002
2904506;Brotas de Macaúbas (BA);234;282;168;218;170;226;124;126;74;96;44;49;10;28;2;2;4;3;290021;2907;29008
2904605;Brumado (BA);811;875;577;674;476;533;340;392;203;268;119;189;47;87;16;29;4;7;290013;2904;29003
2904704;Buerarema (BA);285;278;247;226;207;188;128;108;89;64;46;40;9;16;3;6;1;1;290007;2903;29012
2904753;Buritirama (BA);188;177;121;142;90;119;129;74;70;60;19;22;12;9;4;2;1;1;290021;2907;29008
2904803;Caatiba (BA);213;206;152;104;99;88;61;62;44;21;25;24;8;7;1;5;1;2;290011;2904;29013
2904852;Cabaceiras do Paraguaçu (BA);179;227;141;194;101;126;82;119;45;83;32;35;6;17;1;5;4;1;290004;2902;29005
2904902;Cachoeira (BA);364;462;285;357;213;323;161;241;108;183;67;104;20;59;6;21;2;5;290004;2902;29005
2905008;Caculé (BA);299;350;205;259;196;225;118;165;95;127;67;80;24;28;7;10;3;3;290016;2905;29007
2905107;Caém (BA);194;182;128;160;109;112;68;73;56;52;27;31;7;15;4;3;0;1;290030;2910;29014
2905156;Caetanos (BA);181;185;145;124;131;130;87;84;65;58;31;23;11;9;2;3;0;2;290011;2904;29028
2905206;Caetité (BA);568;731;452;567;375;470;296;331;173;241;100;176;39;64;11;29;2;6;290016;2905;29007
2905305;Cafarnaum (BA);184;206;143;171;92;123;54;66;74;67;36;34;11;7;2;4;0;2;290020;2907;29010
2905404;Cairu (BA);113;125;84;90;69;54;38;47;35;24;14;21;8;18;3;2;3;1;290005;2902;29027
2905503;Caldeirão Grande (BA);141;196;91;133;90;107;66;79;59;51;24;30;11;10;1;4;1;3;290030;2910;29014
2905602;Camacan (BA);378;374;384;326;285;226;174;141;96;80;53;59;20;16;4;9;4;3;290010;2903;29012
2905701;Camaçari (BA);1173;1246;786;885;511;644;305;388;163;263;78;147;29;62;14;22;6;17;290001;2901;29004
2905800;Camamu (BA);362;348;326;265;232;205;148;107;73;83;54;46;13;28;10;11;2;4;290005;2902;29027
2905909;Campo Alegre de Lourdes (BA);332;392;225;265;223;205;141;153;79;105;48;45;10;17;4;8;0;2;290022;2908;29016
2906006;Campo Formoso (BA);790;836;465;533;403;439;283;366;200;196;98;89;25;39;10;14;9;5;290023;2908;29024
2906105;Canápolis (BA);129;158;117;88;85;68;56;61;34;48;13;29;7;5;0;1;2;3;290019;2906;29021
2906204;Canarana (BA);257;290;202;215;183;161;94;113;73;66;26;31;18;15;3;7;3;1;290020;2907;29010
2906303;Canavieiras (BA);452;529;432;378;341;304;203;200;116;163;64;82;21;29;14;8;3;5;290010;2903;29009
2906402;Candeal (BA);145;161;95;141;87;100;78;84;54;75;43;49;14;17;4;4;1;2;290029;2910;29006
2906501;Candeias (BA);687;778;468;595;349;384;206;246;96;135;52;77;19;46;2;20;6;6;290001;2901;29020
2906600;Candiba (BA);222;212;142;181;120;124;74;68;52;57;34;42;8;11;2;4;3;2;290016;2905;29007
2906709;Cândido Sales (BA);384;410;316;330;249;207;159;149;85;90;47;47;16;20;6;6;1;6;290011;2904;29028
2906808;Cansanção (BA);430;426;298;338;269;327;248;221;137;163;79;94;18;49;6;9;5;6;290026;2909;29025
2906824;Canudos (BA);177;211;140;155;89;117;75;87;58;75;43;44;11;22;5;6;0;2;290026;2909;29016
2906857;Capela do Alto Alegre (BA);171;203;144;161;133;144;84;89;60;89;43;28;9;15;3;8;0;1;290029;2910;29006
2906873;Capim Grosso (BA);304;341;250;250;188;205;136;124;104;100;55;69;17;19;8;9;1;1;290030;2910;29014
2906899;Caraíbas (BA);272;277;229;195;210;175;124;115;88;89;58;60;10;23;1;4;2;3;290011;2904;29028
2906907;Caravelas (BA);235;251;201;214;170;169;129;121;68;68;30;34;9;20;3;10;1;5;290008;2903;29026
2907004;Cardeal da Silva (BA);81;67;73;68;53;47;26;27;27;35;25;26;6;9;3;2;1;2;290002;2901;29001
2907103;Carinhanha (BA);302;308;227;259;166;176;114;97;82;87;35;49;16;18;4;8;5;3;290016;2905;29007
2907202;Casa Nova (BA);740;741;497;538;399;488;312;319;238;232;116;144;40;51;11;12;6;8;290022;2908;29016
2907301;Castro Alves (BA);311;387;283;354;229;278;154;207;101;152;61;83;14;32;7;12;7;6;290004;2902;29022
2907400;Catolândia (BA);58;62;38;39;21;26;16;12;13;13;5;4;6;4;0;1;0;1;290018;2906;29002
2907509;Catu (BA);477;571;381;443;277;343;178;242;104;155;80;120;19;60;8;17;5;8;290001;2901;29001
2907558;Caturama (BA);113;130;99;104;83;104;50;55;45;59;22;29;9;16;3;5;0;5;290013;2904;29003
2907608;Central (BA);218;233;175;190;125;157;86;87;51;73;29;39;8;11;6;5;2;1;290020;2907;29010
2907707;Chorrochó (BA);138;172;93;127;82;97;72;77;38;69;36;50;15;22;4;7;1;2;290024;2909;29017
2907806;Cícero Dantas (BA);451;560;366;444;322;327;245;256;194;158;68;94;32;35;8;21;5;2;290027;2909;29019
2907905;Cipó (BA);173;199;145;157;97;116;88;86;55;71;31;55;12;16;3;5;5;5;290025;2909;29019
2908002;Coaraci (BA);384;458;382;345;249;267;157;169;102;103;59;71;30;41;5;9;2;6;290007;2903;29012
2908101;Cocos (BA);259;255;186;174;156;139;85;115;87;93;38;39;10;15;3;5;4;10;290019;2906;29021
2908200;Conceição da Feira (BA);213;259;148;246;115;175;67;105;63;97;39;57;18;18;0;8;1;3;290029;2910;29005
2908309;Conceição do Almeida (BA);233;345;218;340;175;246;123;153;82;143;63;76;27;45;11;16;5;8;290004;2902;29022
2908408;Conceição do Coité (BA);777;783;462;564;459;463;349;352;228;225;104;140;38;59;9;18;3;7;290032;2910;29025
2908507;Conceição do Jacuípe (BA);284;391;208;283;175;233;93;146;62;130;34;76;9;39;3;9;1;1;290029;2910;29006
2908606;Conde (BA);222;280;177;239;136;179;121;133;79;104;44;54;14;25;6;13;9;3;290002;2901;29004
2908705;Condeúba (BA);307;311;224;242;167;241;131;156;98;107;41;53;13;33;8;9;1;1;290011;2904;29028
2908804;Contendas do Sincorá (BA);75;86;50;63;43;62;50;46;21;43;12;15;7;6;1;3;0;0;290011;2904;29003
2908903;Coração de Maria (BA);294;365;212;306;152;274;139;176;85;129;37;80;18;34;6;14;1;3;290029;2910;29006
2909000;Cordeiros (BA);141;148;99;104;79;91;61;55;39;46;17;18;4;13;1;4;1;1;290011;2904;29028
2909109;Coribe (BA);215;217;191;160;126;105;72;74;57;64;19;25;9;14;0;4;3;3;290019;2906;29021
2909208;Coronel João Sá (BA);222;204;138;174;133;121;88;82;77;54;26;22;11;12;1;7;6;2;290028;2909;29019
2909307;Correntina (BA);405;458;307;355;255;264;170;191;87;156;54;79;20;34;2;11;0;2;290019;2906;29021
2909406;Cotegipe (BA);184;178;117;138;88;109;81;66;47;42;26;24;7;12;3;2;4;0;290018;2906;29002
2909505;Cravolândia (BA);62;80;56;64;49;33;21;31;18;38;8;12;7;12;0;1;0;1;290012;2904;29015
2909604;Crisópolis (BA);248;262;164;205;175;167;120;115;91;112;51;42;13;15;2;5;2;0;290002;2901;29001
2909703;Cristópolis (BA);194;177;134;130;104;111;61;57;41;46;22;23;9;5;5;3;2;0;290018;2906;29002
2909802;Cruz das Almas (BA);531;818;432;717;366;544;253;319;136;214;100;142;24;85;12;33;8;10;290004;2902;29005
2909901;Curaçá (BA);372;429;275;306;219;289;170;206;116;149;74;87;38;44;10;12;2;4;290022;2908;29016
2910008;Dário Meira (BA);184;188;173;160;111;87;77;57;47;36;25;20;4;9;1;6;2;2;290014;2904;29015
2910057;Dias d'Ávila (BA);322;371;249;284;159;213;111;143;58;80;22;50;9;18;5;9;2;2;290001;2901;29004
2910107;Dom Basílio (BA);153;152;125;111;106;101;51;82;43;73;32;37;3;13;2;1;0;3;290013;2904;29003
2910206;Dom Macedo Costa (BA);56;82;59;56;41;54;21;38;17;28;18;9;9;8;0;1;0;0;290003;2902;29022
2910305;Elísio Medrado (BA);118;162;132;146;96;120;69;75;43;61;27;32;7;16;0;4;1;2;290003;2902;29022
2910404;Encruzilhada (BA);523;445;360;308;244;173;158;123;87;75;42;26;14;13;6;5;1;2;290011;2904;29028
2910503;Entre Rios (BA);358;402;271;349;203;224;148;169;115;133;81;111;39;31;7;16;5;4;290002;2901;29001
2910602;Esplanada (BA);274;350;246;278;169;208;126;175;95;106;50;75;12;41;8;16;8;2;290002;2901;29001
2910701;Euclides da Cunha (BA);725;796;552;631;469;464;378;407;251;262;115;130;52;57;13;25;6;8;290026;2909;29025
2910727;Eunápolis (BA);792;889;662;715;495;501;326;350;195;205;111;126;44;51;24;27;3;8;290009;2903;29018
2910750;Fátima (BA);262;267;186;186;137;135;133;125;62;68;58;46;10;14;3;3;2;0;290027;2909;29019
2910776;Feira da Mata (BA);113;99;57;57;49;40;30;33;19;17;10;4;2;8;1;6;1;1;290016;2905;29007
2910800;Feira de Santana (BA);4494;5841;3331;4603;2488;3441;1577;2254;889;1429;468;845;183;372;61;128;18;39;290029;2910;29006
2910859;Filadélfia (BA);238;225;133;153;168;154;105;109;80;64;41;36;13;24;3;5;5;2;290023;2908;29024
2910909;Firmino Alves (BA);74;84;80;74;75;67;37;41;28;14;15;12;7;7;0;3;0;3;290007;2903;29013
2911006;Floresta Azul (BA);204;184;175;141;133;128;84;97;53;46;27;28;7;15;2;3;1;0;290007;2903;29012
2911105;Formosa do Rio Preto (BA);190;207;119;132;104;115;70;73;32;61;18;25;9;12;3;2;2;0;290018;2906;29002
2911204;Gandu (BA);314;334;255;269;174;174;90;113;62;70;32;46;11;22;5;13;2;5;290014;2904;29027
2911253;Gavião (BA);61;63;54;68;42;48;43;33;26;25;11;11;6;8;1;2;2;2;290029;2910;29006
2911303;Gentio do Ouro (BA);187;193;140;127;114;133;82;79;57;50;27;31;8;14;2;2;1;2;290021;2907;29010
2911402;Glória (BA);143;230;156;180;117;127;73;95;68;80;39;42;15;17;4;3;1;2;290024;2909;29017
2911501;Gongogi (BA);130;136;129;114;121;101;54;41;32;37;21;24;7;8;3;4;0;0;290014;2904;29012
2911600;Governador Mangabeira (BA);182;244;176;201;107;174;90;105;39;72;28;43;11;18;6;7;3;2;290004;2902;29005
2911659;Guajeru (BA);197;222;131;145;117;136;84;97;62;68;37;48;12;18;3;13;4;1;290016;2905;29003
2911709;Guanambi (BA);846;965;668;698;511;580;304;360;215;249;143;162;53;76;13;21;7;11;290016;2905;29007
2911808;Guaratinga (BA);399;319;343;282;204;172;139;83;71;65;45;52;13;16;5;7;2;11;290009;2903;29018
2911857;Heliópolis (BA);192;179;161;150;113;99;92;91;71;66;23;25;10;10;1;2;0;3;290027;2909;29019
2911907;Iaçu (BA);343;409;267;333;243;278;202;225;159;178;73;92;14;49;8;17;2;6;290031;2910;29011
2912004;Ibiassucê (BA);205;231;171;161;142;126;87;83;55;63;31;45;14;19;5;5;2;1;290016;2905;29007
2912103;Ibicaraí (BA);438;482;405;396;319;301;206;172;111;141;69;71;37;29;6;9;0;3;290007;2903;29012
2912202;Ibicoara (BA);152;190;147;116;90;94;50;47;45;47;17;31;6;10;1;3;1;3;290011;2904;29003
2912301;Ibicuí (BA);255;257;194;195;154;137;94;80;64;62;47;47;17;22;3;9;0;2;290007;2903;29013
2912400;Ibipeba (BA);208;193;159;155;128;135;89;75;72;62;22;38;21;16;2;3;0;1;290020;2907;29010
2912509;Ibipitanga (BA);197;223;190;188;136;148;86;102;60;74;35;53;15;23;1;5;1;0;290017;2905;29003
2912608;Ibiquera (BA);56;55;42;66;31;43;35;39;26;24;9;20;2;5;1;2;0;0;290031;2910;29011
2912707;Ibirapitanga (BA);286;280;269;225;179;149;112;76;79;50;22;42;14;21;4;3;4;2;290007;2903;29012
2912806;Ibirapuã (BA);141;135;111;103;81;56;55;41;26;41;25;25;5;9;2;6;0;0;290008;2903;29026
2912905;Ibirataia (BA);325;357;296;270;218;197;134;107;90;95;51;55;17;21;6;9;3;4;290014;2904;29015
2913002;Ibitiara (BA);221;241;136;230;159;207;115;149;90;109;39;57;15;24;2;7;2;0;290034;2910;29023
2913101;Ibititá (BA);257;277;171;192;136;150;102;78;68;80;42;39;8;9;0;2;2;3;290020;2907;29010
2913200;Ibotirama (BA);316;341;265;284;203;195;129;144;72;92;44;51;16;11;6;6;3;1;290021;2907;29008
2913309;Ichu (BA);76;116;57;60;55;61;42;37;31;35;14;12;6;5;0;5;1;0;290029;2910;29006
2913408;Igaporã (BA);223;240;137;153;140;166;97;86;72;82;39;48;22;19;2;13;0;1;290016;2905;29007
2913457;Igrapiúna (BA);158;110;145;84;82;57;45;34;20;20;15;16;7;14;2;5;1;3;290005;2902;29027
2913507;Iguaí (BA);413;392;342;352;264;243;196;141;145;95;68;71;19;21;7;5;0;6;290011;2904;29013
2913606;Ilhéus (BA);2618;2626;2022;2099;1517;1470;866;971;516;602;267;361;116;152;41;50;20;19;290007;2903;29009
2913705;Inhambupe (BA);349;413;277;354;225;276;233;208;122;163;80;117;24;44;8;15;2;5;290002;2901;29001
2913804;Ipecaetá (BA);248;271;218;251;161;145;119;129;69;97;50;62;17;25;6;8;1;1;290029;2910;29006
2913903;Ipiaú (BA);508;704;517;600;438;444;250;296;160;161;100;126;34;59;9;16;1;7;290014;2904;29015
2914000;Ipirá (BA);804;883;661;760;524;532;424;464;282;365;168;189;54;80;26;27;11;11;290029;2910;29006
2914109;Ipupiara (BA);178;161;102;138;110;126;65;73;62;47;31;27;8;14;2;3;1;1;290021;2907;29008
2914208;Irajuba (BA);79;97;90;91;61;85;54;63;30;49;17;28;3;7;3;7;1;1;290012;2904;29015
2914307;Iramaia (BA);209;227;181;195;141;139;105;81;77;65;41;49;13;14;4;2;3;3;290011;2904;29015
2914406;Iraquara (BA);227;308;163;214;142;208;116;111;94;89;33;56;7;18;6;6;0;3;290034;2910;29023
2914505;Irará (BA);315;380;245;341;220;288;153;178;90;119;59;72;18;45;5;10;2;4;290029;2910;29006
2914604;Irecê (BA);544;658;395;401;312;306;173;211;123;151;60;102;25;28;5;3;0;7;290020;2907;29010
2914653;Itabela (BA);270;299;238;226;166;128;103;98;67;58;34;41;13;14;4;3;1;6;290009;2903;29018
2914703;Itaberaba (BA);709;835;523;731;484;579;359;407;215;268;140;167;46;75;15;26;7;13;290031;2910;29011
2914802;Itabuna (BA);2354;2908;1835;2243;1382;1680;840;1070;553;689;297;422;125;187;39;81;15;16;290007;2903;29012
2914901;Itacaré (BA);228;197;166;139;124;97;65;54;51;38;27;32;8;10;1;6;0;2;290007;2903;29009
2915007;Itaeté (BA);166;207;135;190;121;120;101;103;74;69;43;50;13;10;3;7;1;1;290031;2910;29011
2915106;Itagi (BA);199;207;179;201;139;142;106;96;66;85;31;53;6;21;4;8;0;2;290012;2904;29015
2915205;Itagibá (BA);275;230;187;197;143;163;118;60;84;62;35;45;14;28;6;8;2;2;290014;2904;29015
2915304;Itagimirim (BA);111;100;93;99;91;58;34;38;24;35;16;20;4;13;3;1;0;0;290009;2903;29018
2915353;Itaguaçu da Bahia (BA);169;135;97;82;87;71;53;42;43;40;12;17;5;7;2;0;1;0;290020;2907;29010
2915403;Itaju do Colônia (BA);111;94;83;83;64;59;51;44;24;30;18;21;8;10;3;1;0;1;290007;2903;29012
2915502;Itajuípe (BA);320;324;320;291;210;201;116;106;82;81;44;45;13;19;6;11;1;3;290007;2903;29012
2915601;Itamaraju (BA);813;869;623;615;462;425;290;280;166;157;98;109;42;37;9;20;9;9;290008;2903;29026
2915700;Itamari (BA);111;106;83;97;66;60;60;36;31;34;22;18;11;9;1;1;1;1;290014;2904;29015
2915809;Itambé (BA);392;416;310;354;247;220;152;114;100;83;62;62;21;25;5;13;4;5;290011;2904;29013
2915908;Itanagra (BA);76;70;50;64;52;40;37;14;15;21;7;7;7;6;3;2;0;1;290001;2901;29001
2916005;Itanhém (BA);373;362;318;334;213;201;155;161;90;88;52;50;14;24;5;6;3;6;290008;2903;29026
2916104;Itaparica (BA);195;263;177;178;125;153;56;68;33;61;25;36;9;24;4;6;0;2;290006;2902;29020
2916203;Itapé (BA);218;212;153;150;122;121;76;63;49;41;24;23;15;13;6;3;0;1;290007;2903;29012
2916302;Itapebi (BA);116;133;115;74;88;55;62;60;31;39;25;21;8;12;3;3;3;1;290009;2903;29018
2916401;Itapetinga (BA);788;923;560;693;492;540;317;362;192;221;120;151;51;58;14;28;3;9;290015;2904;29013
2916500;Itapicuru (BA);375;400;283;310;237;209;173;153;92;111;61;69;16;29;3;8;1;3;290002;2901;29001
2916609;Itapitanga (BA);141;157;105;121;99;62;59;52;38;27;16;28;10;11;1;6;1;1;290007;2903;29012
2916708;Itaquara (BA);95;129;93;109;80;76;68;55;39;37;31;24;10;16;4;1;1;1;290012;2904;29015
2916807;Itarantim (BA);287;273;214;206;181;130;90;92;71;60;44;45;19;18;4;3;5;2;290015;2904;29013
2916856;Itatim (BA);144;168;127;136;103;112;74;81;53;54;26;44;14;18;2;6;2;0;290004;2902;29022
2916906;Itiruçu (BA);180;251;158;199;122;156;87;110;55;69;28;38;11;26;4;5;0;2;290012;2904;29015
2917003;Itiúba (BA);516;526;323;383;306;326;253;291;179;169;99;117;46;55;9;14;3;3;290023;2908;29024
2917102;Itororó (BA);315;392;272;246;228;195;151;125;87;87;61;66;24;19;7;8;2;6;290015;2904;29013
2917201;Ituaçu (BA);235;273;181;213;128;176;99;132;85;108;35;73;12;28;9;0;0;3;290011;2904;29003
2917300;Ituberá (BA);283;292;224;186;159;158;86;96;48;52;30;40;14;21;6;8;1;6;290005;2902;29027
2917334;Iuiu (BA);138;116;79;75;61;58;35;31;25;28;21;16;4;8;0;0;0;1;290016;2905;29007
2917359;Jaborandi (BA);129;139;110;99;70;77;44;42;34;40;22;20;10;9;3;3;2;1;290019;2906;29021
2917409;Jacaraci (BA);238;262;172;195;162;161;107;109;72;82;46;44;8;5;2;11;2;2;290016;2905;29007
2917508;Jacobina (BA);970;1039;643;823;531;708;433;437;304;340;157;189;46;62;24;27;5;8;290030;2910;29014
2917607;Jaguaquara (BA);570;647;509;561;394;461;272;302;194;220;103;112;32;57;8;15;8;12;290012;2904;29015
2917706;Jaguarari (BA);373;435;268;293;239;276;178;223;130;153;82;95;25;40;7;13;3;3;290023;2908;29024
2917805;Jaguaripe (BA);159;154;138;114;93;109;58;58;47;41;18;35;9;9;6;3;2;1;290006;2902;29022
2917904;Jandaíra (BA);113;126;111;90;82;79;47;42;28;37;21;20;8;12;4;4;1;2;290002;2901;29001
2918001;Jequié (BA);1711;2083;1473;1879;1183;1429;833;988;549;713;308;465;133;206;18;80;16;18;290012;2904;29015
2918100;Jeremoabo (BA);471;477;337;384;276;292;263;259;184;170;90;85;31;34;6;10;4;8;290028;2909;29017
2918209;Jiquiriçá (BA);154;191;153;173;125;127;104;84;50;36;30;28;25;18;7;7;1;3;290003;2902;29022
2918308;Jitaúna (BA);294;264;265;244;220;183;126;108;84;74;32;46;16;17;4;9;3;5;290012;2904;29015
2918357;João Dourado (BA);211;216;144;149;119;114;98;84;47;59;23;30;12;18;3;5;1;5;290020;2907;29010
2918407;Juazeiro (BA);1737;1881;1070;1378;829;1113;565;759;361;504;199;289;69;124;22;33;10;17;290022;2908;29016
2918456;Jucuruçu (BA);178;140;138;116;87;74;69;52;29;36;12;12;5;8;1;2;1;2;290008;2903;29026
2918506;Jussara (BA);209;174;140;146;116;110;92;68;55;53;26;22;6;8;3;2;3;0;290020;2907;29010
2918555;Jussari (BA);106;115;98;94;90;64;57;40;23;13;11;15;6;6;3;2;2;0;290010;2903;29012
2918605;Jussiape (BA);153;184;118;145;98;150;92;93;69;82;22;43;11;27;3;7;2;3;290013;2904;29003
2918704;Lafaiete Coutinho (BA);80;73;50;63;38;51;38;36;22;23;15;15;6;10;0;1;1;0;290012;2904;29015
2918753;Lagoa Real (BA);186;182;112;140;111;110;64;85;62;78;32;34;14;16;2;5;2;4;290016;2905;29007
2918803;Laje (BA);212;251;195;216;158;170;125;104;59;87;44;43;16;28;4;8;4;8;290003;2902;29022
2918902;Lajedão (BA);68;75;52;46;43;38;23;25;15;12;13;9;1;12;0;1;0;2;290008;2903;29026
2919009;Lajedinho (BA);69;60;44;49;38;41;28;19;13;13;12;8;4;7;0;2;0;0;290031;2910;29011
2919058;Lajedo do Tabocal (BA);114;133;90;84;81;75;40;52;21;39;15;18;3;9;2;0;1;1;290012;2904;29015
2919108;Lamarão (BA);114;146;95;104;90;109;86;87;55;70;29;37;6;10;1;7;0;0;290029;2910;29025
2919157;Lapão (BA);293;287;162;204;143;167;108;122;82;83;39;46;15;27;8;7;3;2;290020;2907;29010
2919207;Lauro de Freitas (BA);884;1007;576;736;394;502;216;340;120;212;61;128;29;56;11;14;6;13;290001;2901;29020
2919306;Lençóis (BA);84;103;59;82;61;71;46;45;32;46;17;23;6;10;1;4;0;1;290034;2910;29023
2919405;Licínio de Almeida (BA);213;221;133;160;118;125;86;85;63;72;36;56;14;15;6;7;0;6;290016;2905;29007
2919504;Livramento de Nossa Senhora (BA);544;549;357;418;301;350;208;276;165;208;76;104;15;58;5;17;4;4;290013;2904;29003
2919603;Macajuba (BA);144;178;121;134;86;135;67;80;84;79;36;62;13;16;4;5;0;1;290029;2910;29011
2919702;Macarani (BA);209;262;211;166;112;118;80;81;61;66;37;52;16;16;5;8;3;8;290015;2904;29013
2919801;Macaúbas (BA);576;646;406;526;389;398;281;294;196;246;105;153;37;70;10;17;2;10;290017;2905;29003
2919900;Macururé (BA);123;143;87;93;63;88;59;71;54;60;29;48;15;19;4;5;2;2;290024;2909;29017
2919926;Madre de Deus (BA);109;120;71;98;49;79;36;51;21;37;11;15;4;10;2;1;3;1;290001;2901;29020
2919959;Maetinga (BA);218;202;159;170;132;135;77;95;68;79;42;37;21;19;2;10;2;4;290011;2904;29028
2920007;Maiquinique (BA);117;102;78;87;64;51;43;44;33;30;20;16;11;8;2;5;1;1;290015;2904;29013
2920106;Mairi (BA);239;323;215;261;219;256;158;147;116;120;40;62;20;39;4;10;0;2;290029;2910;29014
2920205;Malhada (BA);165;174;119;115;105;95;49;45;35;39;11;26;9;6;4;4;2;2;290016;2905;29007
2920304;Malhada de Pedras (BA);155;151;95;83;78;74;44;56;39;42;23;34;5;8;0;5;0;0;290013;2904;29003
2920403;Manoel Vitorino (BA);225;239;181;188;139;126;115;92;81;85;49;47;20;23;7;5;4;4;290012;2904;29015
2920452;Mansidão (BA);134;140;91;111;97;87;64;71;34;23;15;22;7;6;0;1;2;2;290018;2906;29002
2920502;Maracás (BA);382;433;334;308;249;266;174;204;127;133;56;75;24;30;4;16;3;8;290012;2904;29015
2920601;Maragogipe (BA);526;664;432;530;354;456;236;306;114;217;76;118;31;39;12;19;6;9;290006;2902;29005
2920700;Maraú (BA);268;186;185;137;147;96;61;39;33;35;24;24;9;9;4;2;0;0;290007;2903;29012
2920809;Marcionílio Souza (BA);128;139;107;109;78;87;78;67;50;65;31;38;9;25;3;4;1;0;290031;2910;29011
2920908;Mascote (BA);228;203;199;168;153;120;112;63;65;52;31;28;9;8;3;6;5;3;290010;2903;29009
2921005;Mata de São João (BA);318;400;318;356;209;245;123;173;80;119;33;61;20;20;6;3;2;6;290001;2901;29004
2921054;Matina (BA);147;154;94;94;95;62;36;68;27;47;16;23;10;3;1;3;1;2;290016;2905;29007
2921104;Medeiros Neto (BA);354;366;290;283;224;211;140;122;87;79;59;73;13;32;5;6;2;2;290008;2903;29026
2921203;Miguel Calmon (BA);376;422;290;365;267;303;168;200;111;148;63;74;19;43;8;18;4;1;290030;2910;29014
2921302;Milagres (BA);132;167;120;161;86;114;80;74;51;60;39;43;12;23;3;5;4;3;290003;2902;29022
2921401;Mirangaba (BA);185;206;135;153;105;112;87;77;63;80;24;22;8;24;1;3;1;0;290030;2910;29014
2921450;Mirante (BA);178;161;111;102;86;79;62;60;53;37;25;21;12;11;2;4;2;5;290011;2904;29028
2921500;Monte Santo (BA);845;795;533;566;518;544;418;386;262;295;147;168;46;43;16;24;6;3;290026;2909;29025
2921609;Morpará (BA);130;160;121;118;92;93;63;70;49;57;28;24;11;9;2;3;0;3;290021;2907;29008
2921708;Morro do Chapéu (BA);415;458;314;335;283;296;162;201;128;134;69;83;13;32;7;12;0;4;290020;2907;29014
2921807;Mortugaba (BA);246;245;173;175;140;146;77;108;56;79;22;31;14;14;2;8;2;4;290016;2905;29007
2921906;Mucugê (BA);156;188;135;180;107;150;83;87;68;58;27;31;10;14;3;3;1;1;290034;2910;29023
2922003;Mucuri (BA);311;255;230;190;160;132;100;79;54;78;41;45;14;9;3;8;6;1;290008;2903;29026
2922052;Mulungu do Morro (BA);132;166;96;118;94;88;49;65;47;48;16;24;4;4;3;5;1;1;290020;2907;29010
2922102;Mundo Novo (BA);273;352;258;295;209;229;125;146;98;124;66;91;19;27;2;11;7;3;290029;2910;29006
2922201;Muniz Ferreira (BA);106;102;69;89;58;55;43;55;27;29;18;15;4;7;1;5;0;0;290003;2902;29022
2922250;Muquém do São Francisco (BA);125;89;84;68;52;37;30;31;23;25;11;8;3;5;2;3;1;0;290021;2907;29008
2922300;Muritiba (BA);322;502;296;405;234;280;170;268;105;189;57;100;25;40;14;20;2;4;290004;2902;29005
2922409;Mutuípe (BA);275;335;240;292;186;181;125;138;79;110;41;52;34;47;4;11;1;3;290003;2902;29022
2922508;Nazaré (BA);319;452;252;363;222;301;129;189;79;113;40;74;17;20;4;17;3;3;290006;2902;29022
2922607;Nilo Peçanha (BA);126;139;103;114;82;81;55;41;25;36;27;18;5;7;2;2;1;1;290005;2902;29027
2922656;Nordestina (BA);161;154;127;137;113;111;83;94;54;51;27;38;8;14;8;4;2;0;290032;2910;29025
2922706;Nova Canaã (BA);274;260;209;223;146;152;107;102;78;71;34;37;7;17;3;6;2;8;290011;2904;29013
2922730;Nova Fátima (BA);109;121;84;62;58;78;49;45;33;37;10;15;5;9;0;2;0;0;290029;2910;29006
2922755;Nova Ibiá (BA);81;86;98;95;60;47;25;27;27;18;14;1;1;3;2;2;4;1;290014;2904;29027
2922805;Nova Itarana (BA);71;101;64;71;63;72;46;45;22;36;20;22;2;9;2;1;0;1;290003;2902;29015
2922854;Nova Redenção (BA);102;91;68;89;75;76;45;46;46;73;19;24;9;8;1;5;1;0;290031;2910;29011
2922904;Nova Soure (BA);282;379;242;288;230;274;198;189;138;121;62;75;17;34;8;11;0;6;290025;2909;29019
2923001;Nova Viçosa (BA);322;374;290;288;221;223;145;125;95;67;34;43;17;26;5;7;3;3;290008;2903;29026
2923035;Novo Horizonte (BA);129;151;102;118;101;125;67;90;52;54;20;42;11;16;6;3;0;1;290034;2910;29023
2923050;Novo Triunfo (BA);206;189;147;122;102;112;86;100;76;51;33;21;4;10;4;1;1;1;290028;2909;29019
2923100;Olindina (BA);291;380;239;257;182;200;140;146;95;102;65;55;19;20;6;8;3;2;290025;2909;29019
2923209;Oliveira dos Brejinhos (BA);349;358;245;341;225;248;172;173;116;140;58;84;28;43;6;5;1;7;290021;2907;29008
2923308;Ouriçangas (BA);102;123;102;106;78;106;51;76;36;42;18;37;12;20;2;5;1;5;290029;2910;29001
2923357;Ourolândia (BA);164;156;107;102;86;77;56;61;37;37;18;11;8;3;1;1;0;2;290030;2910;29014
2923407;Palmas de Monte Alto (BA);257;263;203;191;139;170;93;105;53;71;31;38;7;13;7;7;1;1;290016;2905;29007
2923506;Palmeiras (BA);108;112;74;103;65;96;42;65;43;51;28;28;5;15;3;8;2;1;290034;2910;29023
2923605;Paramirim (BA);269;306;227;254;190;206;151;148;111;127;50;77;16;48;3;10;3;7;290013;2904;29003
2923704;Paratinga (BA);326;321;240;309;217;265;146;193;99;128;48;67;15;23;9;7;1;1;290017;2905;29008
2923803;Paripiranga (BA);392;462;253;350;274;341;207;256;148;161;85;85;19;39;9;9;3;4;290027;2909;29019
2923902;Pau Brasil (BA);198;171;150;123;137;105;74;58;56;34;28;25;8;7;5;3;2;3;290010;2903;29012
2924009;Paulo Afonso (BA);1120;1309;839;977;674;712;444;509;242;267;117;152;38;52;11;17;7;5;290024;2909;29017
2924058;Pé de Serra (BA);208;211;151;145;115;123;92;82;50;51;38;26;15;16;1;4;3;1;290029;2910;29006
2924108;Pedrão (BA);108;110;89;128;81;99;62;74;36;36;21;38;10;21;3;3;1;1;290002;2901;29001
2924207;Pedro Alexandre (BA);163;145;159;130;95;100;82;61;49;44;27;21;7;13;4;6;0;1;290028;2909;29017
2924306;Piatã (BA);286;347;199;289;185;263;133;161;91;149;65;73;20;45;6;8;4;2;290034;2910;29023
2924405;Pilão Arcado (BA);405;382;291;318;220;217;185;166;113;109;57;82;17;43;4;7;8;2;290022;2908;29016
2924504;Pindaí (BA);240;234;140;165;136;169;100;98;49;72;40;53;5;22;2;9;1;1;290016;2905;29007
2924603;Pindobaçu (BA);295;240;127;172;154;139;115;126;90;79;46;55;19;22;3;5;2;0;290023;2908;29024
2924652;Pintadas (BA);149;146;106;123;104;76;67;85;54;58;31;43;11;9;1;5;2;1;290029;2910;29006
2924678;Piraí do Norte (BA);101;121;107;83;85;65;41;35;22;16;15;17;2;3;1;0;1;3;290014;2904;29027
2924702;Piripá (BA);232;252;167;184;150;141;94;93;69;87;45;49;9;13;5;4;2;1;290011;2904;29028
2924801;Piritiba (BA);253;296;187;265;159;195;129;141;103;125;69;66;15;16;7;8;1;5;290030;2910;29014
2924900;Planaltino (BA);98;131;112;115;84;83;58;66;29;49;12;21;7;4;3;3;0;0;290012;2904;29015
2925006;Planalto (BA);323;354;244;246;194;222;123;109;79;72;34;54;9;13;3;10;1;2;290011;2904;29028
2925105;Poções (BA);647;720;512;626;464;455;337;311;216;242;113;150;25;34;7;12;1;0;290011;2904;29028
2925204;Pojuca (BA);280;303;206;252;139;151;70;93;55;72;34;52;15;31;2;7;2;3;290001;2901;29004
2925253;Ponto Novo (BA);207;198;167;185;125;122;88;64;56;53;30;26;1;10;2;1;6;3;290023;2908;29024
2925303;Porto Seguro (BA);707;568;486;418;337;257;179;182;84;95;55;78;27;28;7;14;4;9;290009;2903;29018
2925402;Potiraguá (BA);168;153;158;109;92;68;56;43;38;34;24;24;11;4;1;4;1;3;290015;2904;29013
2925501;Prado (BA);315;282;247;225;172;130;108;101;59;58;28;39;11;15;6;3;1;2;290008;2903;29026
2925600;Presidente Dutra (BA);207;213;127;124;112;118;67;73;45;38;26;29;6;14;1;4;2;1;290020;2907;29010
2925709;Presidente Jânio Quadros (BA);303;325;233;225;165;187;134;118;82;91;43;59;16;15;3;6;0;4;290011;2904;29028
2925758;Presidente Tancredo Neves (BA);219;200;186;166;159;115;93;93;68;56;43;37;16;13;2;4;1;3;290005;2902;29022
2925808;Queimadas (BA);353;334;243;289;232;240;197;192;100;133;55;74;22;30;9;15;1;2;290032;2910;29025
2925907;Quijingue (BA);371;319;240;242;221;217;186;165;125;145;68;68;21;34;11;12;5;4;290026;2909;29025
2925931;Quixabeira (BA);148;139;100;88;83;79;55;74;49;40;23;29;7;6;1;1;2;2;290030;2910;29014
2925956;Rafael Jambeiro (BA);305;356;244;279;214;241;153;174;90;129;64;86;26;25;4;8;2;2;290029;2910;29006
2926004;Remanso (BA);436;549;285;350;262;336;195;240;138;144;83;85;20;31;4;9;2;0;290022;2908;29016
2926103;Retirolândia (BA);159;135;102;103;97;98;82;84;47;40;19;21;8;9;1;3;0;4;290032;2910;29025
2926202;Riachão das Neves (BA);276;285;231;202;188;155;120;95;81;84;36;49;16;19;4;3;1;1;290018;2906;29002
2926301;Riachão do Jacuípe (BA);416;455;282;371;260;334;190;228;144;134;75;90;32;51;5;7;0;8;290029;2910;29006
2926400;Riacho de Santana (BA);454;462;308;320;248;284;180;195;104;128;57;77;31;32;5;9;3;4;290016;2905;29007
2926509;Ribeira do Amparo (BA);229;216;139;154;121;125;93;84;77;84;31;34;12;13;3;5;1;1;290025;2909;29019
2926608;Ribeira do Pombal (BA);653;717;460;545;354;372;295;284;185;249;110;100;41;47;12;14;2;9;290025;2909;29019
2926657;Ribeirão do Largo (BA);235;141;129;94;89;70;48;45;33;34;15;16;10;6;2;2;4;1;290011;2904;29028
2926707;Rio de Contas (BA);196;275;186;204;148;188;100;143;62;86;42;67;18;36;5;7;0;6;290013;2904;29003
2926806;Rio do Antônio (BA);240;235;161;151;149;122;101;82;60;76;35;56;7;20;6;6;2;3;290016;2905;29007
2926905;Rio do Pires (BA);193;212;133;188;148;150;91;99;56;74;26;41;11;24;4;3;4;1;290013;2904;29003
2927002;Rio Real (BA);383;415;321;353;254;239;191;170;109;122;74;40;27;29;3;9;5;9;290002;2901;29001
2927101;Rodelas (BA);63;80;54;69;42;48;30;38;22;40;22;15;4;9;1;1;0;0;290024;2909;29017
2927200;Ruy Barbosa (BA);378;507;292;405;308;368;250;283;124;167;90;111;18;56;9;21;1;6;290031;2910;29011
2927309;Salinas da Margarida (BA);103;147;101;118;81;118;63;83;31;49;23;37;7;15;1;3;0;0;290006;2902;29022
2927408;Salvador (BA);22415;31273;15580;24579;10968;19390;6883;12647;3561;7670;1798;4513;578;1862;212;676;157;274;290001;2901;29020
2927507;Santa Bárbara (BA);231;292;204;255;159;215;123;148;88;103;32;51;16;21;2;9;5;1;290029;2910;29006
2927606;Santa Brígida (BA);240;248;193;175;123;104;86;86;89;67;45;27;9;14;1;9;0;1;290024;2909;29017
2927705;Santa Cruz Cabrália (BA);260;179;176;115;104;66;69;45;32;15;24;15;5;4;2;4;1;3;290009;2903;29018
2927804;Santa Cruz da Vitória (BA);128;119;83;93;54;59;45;45;38;31;16;10;8;6;0;2;0;1;290007;2903;29012
2927903;Santa Inês (BA);123;199;121;150;132;147;94;84;72;100;48;65;23;15;3;12;1;4;290012;2904;29015
2928000;Santaluz (BA);382;404;240;297;253;246;166;185;121;133;57;69;18;29;11;17;2;7;290032;2910;29025
2928059;Santa Luzia (BA);238;162;219;151;167;99;107;67;41;43;20;17;12;8;4;3;0;2;290010;2903;29009
2928109;Santa Maria da Vitória (BA);546;593;434;460;312;331;209;196;125;157;50;77;22;25;2;5;5;5;290019;2906;29021
2928208;Santana (BA);336;398;298;337;209;246;173;151;102;120;66;76;16;27;7;9;3;2;290018;2906;29021
2928307;Santanópolis (BA);135;167;95;144;96;119;79;94;38;69;19;29;10;12;3;5;1;1;290029;2910;29006
2928406;Santa Rita de Cássia (BA);302;365;228;253;185;223;143;154;80;67;35;49;13;25;4;5;4;2;290018;2906;29002
2928505;Santa Terezinha (BA);137;188;113;139;114;131;68;84;50;55;37;34;12;15;2;7;1;3;290004;2902;29022
2928604;Santo Amaro (BA);689;854;469;638;403;579;244;325;163;244;89;150;46;81;9;25;3;4;290001;2901;29020
2928703;Santo Antônio de Jesus (BA);685;1056;629;902;474;686;341;455;232;360;134;201;52;110;25;32;8;11;290003;2902;29022
2928802;Santo Estêvão (BA);457;651;434;525;304;393;216;278;149;227;97;120;22;51;7;10;3;11;290029;2910;29006
2928901;São Desidério (BA);202;226;173;168;135;121;94;76;74;68;37;28;11;8;4;3;3;2;290018;2906;29002
2928950;São Domingos (BA);127;128;75;67;79;74;59;65;49;39;21;22;8;8;5;4;0;1;290032;2910;29025
2929008;São Félix (BA);167;186;116;153;91;141;73;103;40;63;24;32;5;15;3;16;0;1;290004;2902;29005
2929057;São Félix do Coribe (BA);137;152;118;124;89;89;57;40;47;56;19;19;6;5;2;1;3;2;290019;2906;29021
2929107;São Felipe (BA);261;378;281;311;178;275;145;164;110;107;47;64;16;34;6;14;1;6;290004;2902;29022
2929206;São Francisco do Conde (BA);219;296;167;195;132;142;75;86;52;68;27;39;12;23;1;4;0;3;290001;2901;29020
2929255;São Gabriel (BA);226;205;140;141;121;107;65;71;56;45;28;24;13;8;2;4;1;1;290020;2907;29010
2929305;São Gonçalo dos Campos (BA);335;427;310;442;219;268;146;187;83;125;49;84;16;35;5;13;4;4;290029;2910;29006
2929354;São José da Vitória (BA);108;58;83;70;77;61;40;34;30;17;11;15;1;4;0;0;0;0;290007;2903;29012
2929370;São José do Jacuípe (BA);132;133;86;102;88;73;57;59;46;56;20;25;3;7;5;5;0;1;290030;2910;29014
2929404;São Miguel das Matas (BA);147;199;145;134;116;114;66;72;33;55;30;26;11;19;7;3;0;2;290003;2902;29022
2929503;São Sebastião do Passé (BA);426;469;339;344;244;246;152;171;88;116;56;77;27;47;6;13;1;4;290001;2901;29020
2929602;Sapeaçu (BA);201;272;166;235;121;208;104;137;57;92;36;66;18;33;9;14;2;4;290004;2902;29005
2929701;Sátiro Dias (BA);243;252;180;207;148;150;135;137;80;97;45;43;13;13;5;2;1;1;290002;2901;29001
2929750;Saubara (BA);130;180;124;153;82;114;67;65;25;44;16;41;6;14;3;2;0;2;290001;2901;29020
2929800;Saúde (BA);158;193;124;149;124;132;87;115;68;59;29;37;7;17;4;3;0;0;290030;2910;29014
2929909;Seabra (BA);480;570;332;456;335;421;211;262;135;195;82;105;22;34;3;12;1;6;290034;2910;29023
2930006;Sebastião Laranjeiras (BA);134;135;78;94;82;55;29;40;26;28;14;13;7;9;3;4;2;0;290016;2905;29007
2930105;Senhor do Bonfim (BA);932;1031;562;791;498;696;422;502;249;307;125;193;41;77;15;32;3;10;290023;2908;29024
2930154;Serra do Ramalho (BA);475;379;320;296;232;178;123;83;78;62;36;38;7;17;5;8;3;0;290017;2905;29021
2930204;Sento Sé (BA);369;343;257;285;206;218;128;152;79;106;65;53;18;20;8;9;3;4;290022;2908;29016
2930303;Serra Dourada (BA);280;269;199;192;147;171;101;103;66;80;25;38;9;16;3;2;6;4;290018;2906;29021
2930402;Serra Preta (BA);272;317;209;291;192;228;181;172;103;122;57;77;22;30;6;14;2;2;290029;2910;29006
2930501;Serrinha (BA);976;1091;679;849;654;698;447;506;284;328;138;177;47;68;8;21;5;9;290033;2910;29025
2930600;Serrolândia (BA);198;239;126;171;134;147;89;105;49;79;39;43;19;18;3;4;1;2;290030;2910;29014
2930709;Simões Filho (BA);719;859;525;618;330;363;202;238;92;161;38;90;16;37;7;22;5;16;290001;2901;29004
2930758;Sítio do Mato (BA);115;134;94;102;76;80;42;39;32;42;14;24;10;10;1;0;1;1;290017;2905;29021
2930766;Sítio do Quinto (BA);220;208;167;129;102;103;73;62;82;67;33;27;6;9;2;3;0;2;290028;2909;29019
2930774;Sobradinho (BA);244;296;161;177;132;133;90;90;43;57;27;27;9;13;2;5;3;1;290022;2908;29016
2930808;Souto Soares (BA);173;220;116;146;103;116;68;83;48;56;18;29;3;4;3;2;2;2;290034;2910;29023
2930907;Tabocas do Brejo Velho (BA);177;187;158;174;98;109;69;89;53;48;26;36;4;8;1;1;5;7;290018;2906;29002
2931004;Tanhaçu (BA);245;304;237;241;192;186;127;154;108;116;63;67;20;22;6;6;1;1;290011;2904;29003
2931053;Tanque Novo (BA);250;224;138;199;172;148;95;109;57;72;35;43;8;23;5;5;0;3;290016;2905;29007
2931103;Tanquinho (BA);108;94;71;97;62;81;70;72;27;67;28;22;11;13;5;5;2;3;290029;2910;29006
2931202;Taperoá (BA);200;185;158;119;113;90;52;55;42;52;25;33;11;17;12;4;3;1;290005;2902;29027
2931301;Tapiramutá (BA);164;164;145;137;87;99;86;78;37;42;21;20;8;5;5;1;0;0;290030;2910;29014
2931350;Teixeira de Freitas (BA);1144;1214;973;894;655;681;408;385;269;273;169;192;48;79;21;37;7;12;290008;2903;29026
2931400;Teodoro Sampaio (BA);115;156;96;119;87;103;60;62;45;62;31;39;9;13;1;9;0;0;290002;2901;29006
2931509;Teofilândia (BA);227;221;147;161;114;133;109;111;55;63;27;42;12;12;4;7;2;0;290033;2910;29025
2931608;Teolândia (BA);122;124;112;96;87;58;79;39;35;32;21;16;7;12;5;4;2;1;290014;2904;29027
2931707;Terra Nova (BA);155;192;126;186;104;114;71;65;49;49;17;25;4;21;4;5;2;1;290001;2901;29006
2931806;Tremedal (BA);398;404;281;279;230;279;148;161;110;114;52;53;19;26;5;8;3;6;290011;2904;29028
2931905;Tucano (BA);695;745;488;507;424;458;315;330;273;247;123;156;47;67;19;17;2;5;290025;2909;29025
2932002;Uauá (BA);376;420;280;305;232;324;174;212;128;131;100;123;31;40;10;10;5;3;290022;2908;29016
2932101;Ubaíra (BA);264;327;250;269;232;205;143;173;80;81;38;67;30;36;5;14;3;3;290003;2902;29022
2932200;Ubaitaba (BA);299;332;293;232;209;164;145;120;73;77;35;51;15;27;5;13;1;4;290007;2903;29012
2932309;Ubatã (BA);291;395;305;300;240;216;141;124;73;72;49;68;12;25;4;11;0;4;290014;2904;29012
2932408;Uibaí (BA);200;230;146;135;128;131;91;70;51;61;32;34;10;10;1;5;1;1;290020;2907;29010
2932457;Umburanas (BA);196;162;102;95;91;73;40;40;32;32;18;18;6;2;3;2;1;3;290030;2910;29014
2932507;Una (BA);462;267;314;181;217;145;135;87;58;41;34;32;18;14;7;8;2;4;290010;2903;29009
2932606;Urandi (BA);226;229;140;141;121;138;79;98;57;86;41;62;9;17;3;8;0;6;290016;2905;29007
2932705;Uruçuca (BA);313;282;240;182;188;163;117;106;54;58;43;46;15;11;4;5;2;1;290007;2903;29009
2932804;Utinga (BA);175;218;164;179;125;160;91;97;54;53;24;34;7;12;2;7;1;1;290031;2910;29011
2932903;Valença (BA);856;924;725;821;522;554;326;361;204;283;113;179;55;96;16;29;14;21;290005;2902;29027
2933000;Valente (BA);284;287;167;190;172;161;127;124;77;68;37;38;14;17;3;4;0;1;290032;2910;29025
2933059;Várzea da Roça (BA);211;200;145;141;153;156;71;78;73;69;34;38;4;11;2;2;0;0;290029;2910;29014
2933109;Várzea do Poço (BA);106;120;92;105;96;74;60;63;44;49;20;21;7;6;1;2;0;3;290030;2910;29014
2933158;Várzea Nova (BA);183;183;130;125;126;103;59;81;35;43;18;24;5;10;3;4;0;1;290030;2910;29014
2933174;Varzedo (BA);127;183;108;125;90;91;55;55;33;47;28;29;8;15;8;6;1;1;290003;2902;29022
2933208;Vera Cruz (BA);376;378;271;290;220;240;108;112;75;79;33;50;21;19;3;11;1;2;290006;2902;29020
2933257;Vereda (BA);129;112;89;89;90;66;53;27;36;26;15;24;2;5;0;3;1;0;290008;2903;29026
2933307;Vitória da Conquista (BA);3170;3716;2214;2740;1758;2011;1134;1339;685;866;330;549;118;202;36;86;22;39;290011;2904;29028
2933406;Wagner (BA);111;117;95;108;62;77;60;47;30;39;18;28;5;8;3;1;1;3;290031;2910;29011
2933455;Wanderley (BA);169;182;158;126;92;67;47;51;36;37;18;18;3;1;0;3;2;1;290018;2906;29002
2933505;Wenceslau Guimarães (BA);299;249;232;179;144;132;86;61;62;40;27;42;11;19;8;10;2;2;290014;2904;29027
2933604;Xique-Xique (BA);524;631;382;482;311;363;186;198;124;161;64;103;21;34;6;8;4;3;290021;2907;29010
3100104;Abadia dos Dourados (MG);129;97;91;85;57;70;40;43;20;21;9;11;3;3;1;2;2;1;310061;3111;31074
3100203;Abaeté (MG);357;389;273;318;216;228;97;165;78;111;32;52;9;9;0;2;1;4;310070;3113;31024
3100302;Abre Campo (MG);220;226;179;190;148;130;87;98;47;70;26;31;6;11;0;3;0;1;310028;3106;31059
3100401;Acaiaca (MG);52;63;56;55;44;53;33;45;11;21;8;14;3;5;2;1;0;1;310030;3106;31060
3100500;Açucena (MG);211;212;170;199;137;165;90;89;58;56;26;25;4;9;2;6;2;1;310024;3105;31037
3100609;Água Boa (MG);222;226;173;202;143;134;65;109;46;79;28;37;12;9;1;8;0;3;310014;3103;31081
3100708;Água Comprida (MG);45;19;30;23;17;20;17;13;12;15;3;1;0;1;0;1;0;0;310055;3110;31072
3100807;Aguanil (MG);77;58;56;57;43;49;37;28;16;15;9;11;2;0;1;0;0;0;310048;3108;31089
3100906;Águas Formosas (MG);302;302;230;222;159;149;100;114;46;85;36;41;10;19;4;6;0;2;310019;3103;31062
3101003;Águas Vermelhas (MG);154;171;126;103;83;68;58;56;30;38;14;10;3;7;2;4;0;0;310018;3103;31068
3101102;Aimorés (MG);437;501;355;430;280;329;198;219;103;126;63;72;21;29;4;13;4;6;310023;3104;31040
3101201;Aiuruoca (MG);121;113;106;110;89;77;47;41;32;31;23;14;4;4;0;1;1;0;310054;3109;31008
3101300;Alagoa (MG);49;58;49;55;33;34;20;23;18;12;3;4;0;2;0;1;0;0;310053;3109;31008
3101409;Albertina (MG);38;45;40;44;34;31;22;20;11;7;6;8;0;2;1;1;1;0;310050;3109;31006
3101508;Além Paraíba (MG);521;650;490;587;351;435;231;357;126;164;49;108;16;49;5;20;1;2;310036;3106;31041
3101607;Alfenas (MG);901;996;703;804;550;592;341;427;196;302;93;122;25;45;7;9;4;7;310042;3108;31001
3101631;Alfredo Vasconcelos (MG);84;62;32;70;42;30;24;22;11;8;6;6;0;2;1;1;0;0;310037;3107;31013
3101706;Almenara (MG);540;583;436;489;308;308;191;194;130;143;67;94;36;41;8;13;4;12;310015;3103;31094
3101805;Alpercata (MG);108;104;78;90;70;71;54;48;27;37;16;28;6;6;3;2;1;1;310020;3104;31036
3101904;Alpinópolis (MG);240;233;184;218;170;160;96;98;62;65;25;29;4;9;0;5;1;0;310041;3108;31092
3102001;Alterosa (MG);248;203;188;169;132;132;90;84;63;55;32;41;7;6;2;4;5;4;310042;3108;31001
3102050;Alto Caparaó (MG);83;51;49;59;44;38;36;32;5;16;4;6;2;3;1;0;0;1;310028;3106;31059
3102100;Alto Rio Doce (MG);236;262;200;213;162;189;99;130;72;89;32;35;6;8;0;6;1;0;310037;3107;31013
3102209;Alvarenga (MG);90;92;78;89;49;58;34;26;26;27;14;7;1;3;0;3;2;0;310025;3105;31040
3102308;Alvinópolis (MG);257;279;219;269;153;186;127;144;64;100;34;56;11;16;2;4;1;1;310030;3106;31060
3102407;Alvorada de Minas (MG);46;58;29;39;31;38;30;32;24;20;2;3;1;0;0;2;0;0;310016;3103;31095
3102506;Amparo do Serra (MG);99;103;72;94;84;70;40;55;26;33;12;18;5;4;0;2;0;3;310030;3106;31060
3102605;Andradas (MG);555;564;510;510;327;417;206;227;118;139;47;74;6;17;2;10;3;2;310051;3109;31006
3102704;Cachoeira de Pajeú (MG);136;145;113;108;77;77;46;49;27;50;13;16;6;6;1;6;0;0;310018;3103;31068
3102803;Andrelândia (MG);226;244;195;204;137;146;80;111;57;68;18;27;5;11;0;3;2;0;310027;3106;31090
3102852;Angelândia (MG);81;96;58;60;33;34;18;29;15;19;8;5;0;2;0;1;1;2;310014;3103;31099
3102902;Antônio Carlos (MG);152;172;114;126;72;112;51;59;23;48;11;26;4;5;2;1;0;0;310037;3107;31013
3103009;Antônio Dias (MG);165;170;121;122;86;87;42;56;32;32;8;13;8;9;2;3;1;1;310024;3105;31035
3103108;Antônio Prado de Minas (MG);35;35;27;32;34;28;12;13;7;9;4;6;0;1;0;0;0;0;310031;3106;31045
3103207;Araçaí (MG);41;37;15;25;13;20;9;14;9;19;6;6;1;2;0;0;0;0;310002;3101;31024
3103306;Aracitaba (MG);31;40;34;38;29;29;20;25;8;11;6;2;1;1;1;0;0;0;310027;3106;31046
3103405;Araçuaí (MG);516;619;430;465;303;378;225;270;128;196;61;109;30;43;4;19;10;9;310017;3103;31064
3103504;Araguari (MG);1532;1731;1124;1352;792;1064;493;644;266;404;148;232;43;77;6;22;9;7;310059;3111;31075
3103603;Arantina (MG);50;58;44;50;42;33;10;30;7;9;7;7;0;0;0;1;0;0;310027;3106;31090
3103702;Araponga (MG);116;108;86;85;51;54;43;45;9;21;9;14;4;4;1;1;0;0;310033;3106;31061
3103751;Araporã (MG);88;58;58;45;34;25;11;27;11;11;3;6;3;2;0;0;0;0;310059;3111;31075
3103801;Arapuá (MG);54;54;40;38;32;36;18;21;9;11;12;9;2;3;0;0;1;0;310062;3112;31082
3103900;Araújos (MG);106;84;72;80;72;64;27;45;13;21;12;8;3;2;0;2;1;0;310065;3113;31086
3104007;Araxá (MG);1046;1287;805;1008;563;749;392;531;215;335;107;199;30;50;10;19;4;8;310056;3110;31070
3104106;Arceburgo (MG);152;149;137;134;91;116;69;59;31;45;8;16;5;8;2;2;1;0;310044;3108;31002
3104205;Arcos (MG);456;432;317;377;232;274;153;183;71;123;36;42;7;17;0;4;1;3;310066;3113;31087
3104304;Areado (MG);252;215;159;185;134;141;81;106;55;63;22;18;6;10;1;1;0;0;310042;3108;31001
3104403;Argirita (MG);60;60;59;55;43;52;34;39;19;17;8;13;0;7;1;0;0;0;310032;3106;31044
3104452;Aricanduva (MG);61;60;40;45;36;47;21;23;7;19;2;3;1;2;0;1;0;0;310014;3103;31027
3104502;Arinos (MG);269;217;211;174;141;126;92;76;54;36;16;17;8;6;0;2;4;0;310063;3112;31058
3104601;Astolfo Dutra (MG);214;181;167;184;146;142;88;85;49;71;21;33;8;12;3;4;0;1;310032;3106;31044
3104700;Ataléia (MG);279;292;211;226;146;144;120;102;71;94;38;53;2;22;1;3;2;3;310013;3103;31099
3104809;Augusto de Lima (MG);85;83;71;67;48;55;39;36;17;13;11;15;2;4;2;0;0;0;310004;3101;31019
3104908;Baependi (MG);294;272;245;261;196;196;127;127;74;72;37;39;13;17;1;4;1;2;310054;3109;31008
3105004;Baldim (MG);129;159;128;145;85;132;65;76;34;46;11;22;5;13;1;3;1;2;310002;3101;31024
3105103;Bambuí (MG);466;470;318;370;200;300;133;161;72;117;29;50;12;23;4;3;0;3;310066;3113;31030
3105202;Bandeira (MG);80;75;79;73;59;53;29;32;28;23;12;8;2;9;2;2;2;1;310015;3103;31094
3105301;Bandeira do Sul (MG);75;71;69;39;43;39;30;33;19;14;9;6;1;3;0;0;0;0;310051;3109;31001
3105400;Barão de Cocais (MG);240;278;195;275;153;225;99;132;58;63;24;44;5;17;1;2;1;2;310003;3101;31021
3105509;Barão do Monte Alto (MG);111;100;93;121;95;105;65;55;36;36;14;19;4;12;0;4;0;1;310031;3106;31045
3105608;Barbacena (MG);1553;1928;1175;1653;867;1299;506;854;297;520;128;233;30;72;10;21;4;9;310037;3107;31013
3105707;Barra Longa (MG);119;143;123;148;86;130;71;64;46;58;19;24;7;9;2;1;1;0;310030;3106;31060
3105905;Barroso (MG);255;268;201;244;113;156;77;109;43;41;19;22;6;8;1;5;0;0;310037;3107;31015
3106002;Bela Vista de Minas (MG);120;187;134;125;64;91;52;54;13;27;3;18;4;1;2;3;1;0;310026;3105;31023
3106101;Belmiro Braga (MG);79;47;57;39;41;37;31;21;15;23;9;8;1;2;1;1;0;2;310027;3106;31097
3106200;Belo Horizonte (MG);28143;37147;21085;29828;14455;23285;8668;15412;4851;9893;2356;5564;713;2008;198;607;145;215;310001;3101;31016
3106309;Belo Oriente (MG);238;240;193;201;156;148;105;83;58;60;15;29;17;14;3;4;5;1;310024;3105;31037
3106408;Belo Vale (MG);149;147;108;121;94;98;45;53;25;40;15;23;5;5;1;1;1;2;310038;3107;31016
3106507;Berilo (MG);155;191;102;159;68;91;44;72;24;53;12;20;5;6;0;3;0;1;310017;3103;31064
3106606;Bertópolis (MG);77;87;60;45;32;26;21;16;16;13;9;11;2;5;1;1;0;0;310019;3103;31062
3106655;Berizal (MG);46;55;34;41;24;30;27;23;11;13;2;3;2;4;0;0;0;1;310008;3102;31085
3106705;Betim (MG);2503;2859;1797;2221;1162;1504;685;930;343;536;152;283;53;97;20;40;11;18;310001;3101;31017
3106804;Bias Fortes (MG);72;83;66;64;48;48;34;41;19;25;3;13;4;6;0;0;0;0;310027;3106;31090
3106903;Bicas (MG);236;237;189;245;153;202;108;132;51;93;19;43;6;12;2;6;0;0;310035;3106;31047
3107000;Biquinhas (MG);65;58;62;52;33;31;20;23;7;4;3;5;0;2;0;0;0;0;310070;3113;31024
3107109;Boa Esperança (MG);541;532;420;450;322;339;196;284;113;165;66;80;20;22;4;9;4;5;310046;3108;31011
3107208;Bocaina de Minas (MG);100;96;60;70;67;40;21;25;15;16;7;8;2;3;0;1;0;0;310027;3106;31090
3107307;Bocaiúva (MG);522;606;394;404;279;307;161;184;87;121;41;51;12;26;2;16;3;1;310006;3102;31083
3107406;Bom Despacho (MG);606;680;421;473;291;411;182;223;101;159;52;87;13;15;7;8;6;4;310067;3113;31028
3107505;Bom Jardim de Minas (MG);121;139;111;112;69;74;41;57;34;34;25;14;3;5;1;0;0;0;310027;3106;31090
3107604;Bom Jesus da Penha (MG);63;54;33;51;38;44;25;28;13;13;11;6;2;2;0;1;0;1;310041;3108;31092
3107703;Bom Jesus do Amparo (MG);71;89;60;75;45;60;44;38;10;22;12;14;3;4;2;2;0;0;310005;3101;31021
3107802;Bom Jesus do Galho (MG);294;274;270;247;199;171;136;120;73;80;38;47;13;13;2;5;0;1;310025;3105;31034
3107901;Bom Repouso (MG);145;143;113;86;81;76;45;52;27;19;14;7;3;3;0;1;0;0;310050;3109;31007
3108008;Bom Sucesso (MG);277;299;214;260;175;210;101;137;62;97;26;46;8;15;1;3;1;0;310043;3108;31015
3108107;Bonfim (MG);153;128;129;150;79;98;67;68;31;43;18;21;2;1;2;1;0;1;310069;3113;31017
3108206;Bonfinópolis de Minas (MG);88;84;51;68;60;56;36;41;17;24;7;5;5;3;1;0;0;0;310063;3112;31058
3108255;Bonito de Minas (MG);115;116;107;95;51;62;31;43;32;25;13;13;2;8;1;2;0;1;310009;3102;31053
3108305;Borda da Mata (MG);270;271;230;240;178;183;104;121;67;62;30;40;7;11;4;2;0;3;310050;3109;31007
3108404;Botelhos (MG);269;259;215;235;180;182;118;117;53;67;29;42;6;12;1;3;2;0;310051;3109;31001
3108503;Botumirim (MG);86;90;72;60;30;41;17;28;19;23;12;15;2;3;0;1;1;0;310006;3102;31051
3108552;Brasilândia de Minas (MG);135;124;101;97;66;53;38;53;15;33;14;10;7;7;2;2;1;3;310062;3112;31077
3108602;Brasília de Minas (MG);443;477;328;353;230;270;165;163;98;116;50;63;15;24;2;8;1;2;310006;3102;31049
3108701;Brás Pires (MG);102;93;73;92;55;71;32;35;18;21;2;12;2;4;0;0;0;0;310029;3106;31048
3108800;Braúnas (MG);121;138;93;105;62;83;54;62;35;40;16;21;4;6;0;2;2;1;310024;3105;31037
3108909;Brazópolis (MG);250;312;237;220;162;210;132;114;75;66;31;42;12;10;2;2;1;3;310052;3109;31003
3109006;Brumadinho (MG);379;386;310;310;233;252;143;147;65;116;39;40;8;20;2;8;2;1;310001;3101;31017
3109105;Bueno Brandão (MG);183;200;155;134;129;98;87;93;30;44;23;21;2;7;2;1;0;2;310050;3109;31007
3109204;Buenópolis (MG);178;161;153;121;94;141;85;77;32;49;13;23;5;9;2;3;1;0;310004;3101;31019
3109253;Bugre (MG);82;60;74;64;52;47;22;20;10;13;7;8;2;4;1;0;1;1;310024;3105;31037
3109303;Buritis (MG);269;234;210;186;142;129;87;75;44;38;17;32;6;9;0;4;1;1;310063;3112;31058
3109402;Buritizeiro (MG);307;258;231;236;144;144;104;102;59;51;35;44;11;11;3;6;6;3;310010;3102;31055
3109451;Cabeceira Grande (MG);97;87;79;74;48;35;21;11;16;12;4;4;2;2;0;0;0;0;310063;3112;31058
3109501;Cabo Verde (MG);226;214;187;155;116;134;62;87;42;38;24;22;5;10;2;0;1;4;310044;3108;31002
3109600;Cachoeira da Prata (MG);55;77;43;69;42;49;19;36;11;24;6;21;3;3;0;2;0;0;310002;3101;31024
3109709;Cachoeira de Minas (MG);188;176;135;133;107;121;79;65;34;36;19;22;2;4;0;1;0;0;310050;3109;31007
3109808;Cachoeira Dourada (MG);41;48;40;36;37;27;16;16;13;8;5;5;2;4;0;0;1;0;310060;3111;31073
3109907;Caetanópolis (MG);112;143;103;113;89;81;44;57;19;34;7;11;1;6;4;3;0;1;310002;3101;31024
3110004;Caeté (MG);559;616;388;506;280;377;180;255;91;176;39;77;13;31;2;9;1;1;310001;3101;31016
3110103;Caiana (MG);64;59;69;58;43;45;25;24;17;18;11;11;2;1;0;1;0;0;310034;3106;31042
3110202;Cajuri (MG);68;75;57;64;32;40;30;33;11;13;9;8;0;3;0;2;0;1;310033;3106;31061
3110301;Caldas (MG);254;229;212;205;175;167;101;134;56;67;29;24;3;7;1;2;1;0;310051;3109;31006
3110400;Camacho (MG);56;53;43;46;28;40;13;26;14;12;2;9;0;3;0;1;0;0;310065;3113;31089
3110509;Camanducaia (MG);299;281;228;203;170;126;112;101;47;48;19;18;9;11;2;1;3;4;310050;3109;31007
3110608;Cambuí (MG);444;398;324;321;269;252;179;153;85;81;31;27;11;13;3;3;0;2;310050;3109;31007
3110707;Cambuquira (MG);198;249;184;199;163;189;73;103;45;76;25;34;9;15;0;2;0;0;310045;3108;31010
3110806;Campanário (MG);50;58;46;44;26;31;28;20;16;16;5;9;4;1;0;2;0;1;310013;3103;31096
3110905;Campanha (MG);211;258;155;217;130;179;88;114;50;78;24;48;9;16;1;4;0;2;310045;3108;31010
3111002;Campestre (MG);314;290;284;246;197;198;134;125;71;78;32;29;5;10;3;2;0;1;310051;3109;31001
3111101;Campina Verde (MG);380;363;313;272;238;196;165;140;99;101;55;46;17;14;8;10;2;1;310059;3111;31073
3111150;Campo Azul (MG);75;67;57;53;39;34;29;23;4;14;4;3;2;2;0;2;0;0;310006;3102;31049
3111200;Campo Belo (MG);746;868;698;791;525;583;343;430;178;248;90;120;19;36;6;9;2;4;310048;3108;31089
3111309;Campo do Meio (MG);172;158;153;169;110;99;64;68;40;50;28;31;2;2;2;2;0;1;310042;3108;31001
3111408;Campo Florido (MG);127;74;79;52;43;38;26;22;23;12;6;6;3;4;1;2;0;1;310055;3110;31072
3111507;Campos Altos (MG);166;176;131;152;102;108;75;67;34;37;15;17;5;3;1;0;0;0;310056;3110;31070
3111606;Campos Gerais (MG);357;328;291;314;215;215;150;138;71;99;29;52;7;11;1;7;1;1;310042;3108;31001
3111705;Canaã (MG);79;98;73;69;49;45;33;37;21;21;4;6;3;2;2;0;0;0;310033;3106;31061
3111804;Canápolis (MG);163;141;149;118;96;91;75;45;32;33;13;17;5;5;1;3;0;1;310059;3111;31073
3111903;Cana Verde (MG);100;99;97;97;75;77;38;47;20;26;10;17;3;3;0;3;1;0;310043;3108;31089
3112000;Candeias (MG);255;252;242;253;176;194;105;119;48;69;30;41;11;12;3;3;0;0;310048;3108;31089
3112059;Cantagalo (MG);51;61;47;62;36;45;21;24;8;28;7;10;3;3;1;2;0;0;310021;3104;31080
3112109;Caparaó (MG);66;48;31;53;42;34;16;18;8;18;7;5;2;4;0;1;0;0;310028;3106;31042
3112208;Capela Nova (MG);85;90;95;96;66;91;39;47;15;24;11;11;4;0;0;1;0;1;310038;3107;31013
3112307;Capelinha (MG);330;391;217;292;164;193;93;137;63;81;24;54;8;18;4;6;1;4;310014;3103;31027
3112406;Capetinga (MG);125;137;110;89;78;77;53;44;27;33;5;6;1;3;0;0;0;1;310041;3108;31091
3112505;Capim Branco (MG);109;122;101;98;82;73;48;66;18;28;8;19;2;6;1;1;0;0;310002;3101;31024
3112604;Capinópolis (MG);281;237;217;191;144;122;121;93;53;58;25;30;9;11;2;1;5;4;310060;3111;31073
3112653;Capitão Andrade (MG);86;87;80;65;59;69;39;26;16;16;14;7;5;2;2;1;1;0;310020;3104;31036
3112703;Capitão Enéas (MG);170;179;87;94;76;87;58;65;32;44;14;26;6;6;2;2;1;1;310006;3102;31051
3112802;Capitólio (MG);133;114;105;103;75;75;52;53;25;33;13;21;5;7;1;0;0;3;310049;3108;31093
3112901;Caputira (MG);150;107;93;111;77;85;71;51;29;38;8;18;5;5;1;3;2;0;310028;3106;31059
3113008;Caraí (MG);307;304;239;250;231;177;103;111;65;78;32;47;9;29;2;4;1;1;310013;3103;31067
3113107;Caranaíba (MG);62;60;51;46;25;35;18;22;18;8;5;7;2;1;2;0;0;0;310038;3107;31079
3113206;Carandaí (MG);263;280;213;274;151;180;99;147;53;72;28;41;3;8;2;1;1;0;310038;3107;31013
3113305;Carangola (MG);528;570;422;472;340;424;247;302;123;204;63;110;23;39;8;16;4;5;310034;3106;31042
3113404;Caratinga (MG);1163;1298;889;1053;704;787;479;484;228;321;118;163;35;71;15;22;4;6;310025;3105;31034
3113503;Carbonita (MG);138;150;95;109;64;90;58;68;27;43;7;15;2;5;1;1;3;1;310016;3103;31026
3113602;Careaçu (MG);99;98;72;74;65;64;33;34;22;17;7;13;2;3;0;5;0;2;310050;3109;31007
3113701;Carlos Chagas (MG);377;352;287;309;220;233;149;156;92;93;49;68;28;21;10;17;1;4;310013;3103;31066
3113800;Carmésia (MG);36;42;24;29;26;27;16;17;9;11;7;7;4;6;0;1;0;0;310005;3101;31020
3113909;Carmo da Cachoeira (MG);161;161;118;115;96;93;56;58;24;41;11;17;3;6;0;0;2;0;310045;3108;31010
3114006;Carmo da Mata (MG);191;202;145;146;120;159;79;98;30;63;16;38;6;18;0;3;1;2;310065;3113;31088
3114105;Carmo de Minas (MG);146;160;146;138;101;105;62;57;34;45;24;32;7;6;3;3;0;0;310053;3109;31008
3114204;Carmo do Cajuru (MG);260;268;199;192;144;150;94;122;47;57;23;33;4;7;1;5;0;0;310065;3113;31086
3114303;Carmo do Paranaíba (MG);435;450;321;410;245;266;155;202;91;114;43;65;13;19;4;5;3;3;310062;3112;31082
3114402;Carmo do Rio Claro (MG);295;329;259;226;205;202;113;155;59;96;28;49;7;15;3;3;0;2;310041;3108;31092
3114501;Carmópolis de Minas (MG);234;255;225;199;129;141;67;94;57;48;37;37;2;13;1;6;0;2;310069;3113;31088
3114550;Carneirinho (MG);175;110;132;112;107;88;73;55;24;29;7;20;8;5;2;3;1;0;310058;3110;31071
3114600;Carrancas (MG);78;66;64;43;36;41;25;34;12;18;7;10;2;2;1;0;0;0;310043;3108;31004
3114709;Carvalhópolis (MG);59;48;55;49;41;47;42;30;11;10;13;12;3;1;0;0;0;0;310042;3108;31001
3114808;Carvalhos (MG);82;99;72;73;73;60;32;24;34;30;11;7;2;2;0;0;1;0;310054;3109;31008
3114907;Casa Grande (MG);41;45;30;28;25;27;14;25;6;10;6;5;0;4;1;1;0;0;310038;3107;31079
3115003;Cascalho Rico (MG);64;59;45;29;29;27;9;7;10;12;6;4;1;3;1;0;1;0;310059;3111;31075
3115102;Cássia (MG);300;271;204;273;170;162;95;139;56;75;37;57;9;10;2;4;2;0;310041;3108;31091
3115201;Conceição da Barra de Minas (MG);74;55;55;61;45;32;18;26;13;12;5;8;0;4;0;0;0;1;310039;3107;31015
3115300;Cataguases (MG);1020;1152;826;992;616;806;414;530;190;371;95;188;16;55;4;15;1;4;310032;3106;31044
3115359;Catas Altas (MG);56;51;50;43;26;40;20;15;9;14;5;8;1;1;1;1;0;0;310003;3101;31021
3115409;Catas Altas da Noruega (MG);42;51;36;47;17;43;23;25;10;9;11;5;2;3;0;1;0;1;310038;3107;31079
3115458;Catuji (MG);92;107;72;86;63;56;42;39;27;22;9;18;2;5;2;4;1;1;310013;3103;31067
3115474;Catuti (MG);67;77;34;50;28;27;15;19;18;12;3;10;1;3;1;1;1;0;310012;3102;31052
3115508;Caxambu (MG);315;387;288;336;231;264;136;192;69;128;26;59;13;24;0;6;4;4;310054;3109;31008
3115607;Cedro do Abaeté (MG);29;38;18;22;15;9;9;9;4;4;1;2;1;1;0;0;0;0;310070;3113;31024
3115706;Central de Minas (MG);138;149;121;121;87;75;44;55;34;29;15;17;9;9;2;0;0;1;310022;3104;31038
3115805;Centralina (MG);181;177;153;146;109;107;56;54;27;28;19;12;9;9;0;1;2;0;310059;3111;31073
3115904;Chácara (MG);46;43;49;43;37;30;14;16;10;9;7;6;0;2;0;1;0;0;310027;3106;31097
3116001;Chalé (MG);79;85;75;75;74;64;37;42;23;23;10;13;6;6;0;1;0;2;310028;3106;31059
3116100;Chapada do Norte (MG);179;222;102;163;72;104;45;65;25;37;12;20;4;8;1;4;2;0;310014;3103;31027
3116159;Chapada Gaúcha (MG);92;86;68;63;40;49;42;33;14;15;15;12;5;0;1;1;0;1;310011;3102;31058
3116209;Chiador (MG);50;54;51;42;45;35;20;20;6;15;6;13;5;1;1;2;1;0;310027;3106;31097
3116308;Cipotânea (MG);99;117;99;104;68;87;41;49;27;31;14;12;2;3;0;1;0;1;310037;3107;31013
3116407;Claraval (MG);94;72;49;47;38;25;19;17;10;8;6;4;3;2;0;1;0;2;310041;3108;31091
3116506;Claro dos Poções (MG);129;121;97;99;63;63;30;47;16;33;8;12;3;4;1;1;1;0;310006;3102;31084
3116605;Cláudio (MG);301;319;247;258;204;209;106;148;65;89;35;51;14;14;2;6;1;1;310065;3113;31086
3116704;Coimbra (MG);120;102;100;131;82;115;56;49;30;36;10;15;1;4;1;2;0;0;310033;3106;31048
3116803;Coluna (MG);150;144;92;141;77;87;48;56;31;33;13;21;4;8;2;1;0;1;310021;3104;31026
3116902;Comendador Gomes (MG);44;38;47;29;31;19;15;18;4;6;2;3;4;1;2;1;0;0;310057;3110;31071
3117009;Comercinho (MG);161;157;138;138;102;105;66;53;35;34;16;17;3;5;3;3;3;2;310018;3103;31065
3117108;Conceição da Aparecida (MG);161;139;136;129;123;117;69;75;34;49;20;10;3;7;1;1;2;0;310042;3108;31001
3117207;Conceição das Pedras (MG);43;38;35;37;29;31;26;14;15;11;5;3;2;1;0;1;0;0;310052;3109;31003
3117306;Conceição das Alagoas (MG);242;248;173;227;140;132;70;82;53;33;15;22;3;11;3;5;0;2;310055;3110;31072
3117405;Conceição de Ipanema (MG);106;108;78;64;70;53;36;38;23;20;8;10;8;9;0;3;1;0;310028;3106;31059
3117504;Conceição do Mato Dentro (MG);312;350;253;303;168;237;136;189;88;111;35;73;12;24;4;8;5;3;310002;3101;31095
3117603;Conceição do Pará (MG);91;88;66;66;61;58;34;34;20;24;13;11;5;2;0;0;0;2;310065;3113;31032
3117702;Conceição do Rio Verde (MG);196;200;171;149;101;119;72;79;50;64;14;42;11;18;3;2;0;1;310053;3109;31008
3117801;Conceição dos Ouros (MG);131;116;95;114;98;61;65;45;25;36;17;16;6;6;2;1;1;0;310050;3109;31007
3117836;Cônego Marinho (MG);97;97;70;78;56;55;31;40;19;31;7;10;2;2;1;1;1;0;310009;3102;31053
3117876;Confins (MG);58;77;52;42;26;26;23;22;17;21;3;19;3;4;0;0;0;1;310001;3101;31025
3117900;Congonhal (MG);161;123;102;118;73;80;58;55;30;36;17;13;5;7;0;0;0;0;310050;3109;31007
3118007;Congonhas (MG);462;564;397;462;242;325;139;184;66;112;23;72;15;17;3;2;2;1;310038;3107;31078
3118106;Congonhas do Norte (MG);82;103;78;72;48;49;31;38;26;30;14;15;1;3;0;2;0;1;310002;3101;31026
3118205;Conquista (MG);96;94;82;73;76;80;40;49;25;27;7;8;1;2;2;1;3;2;310055;3110;31072
3118304;Conselheiro Lafaiete (MG);1219;1572;944;1340;639;993;402;648;227;387;123;174;30;61;4;24;1;9;310038;3107;31079
3118403;Conselheiro Pena (MG);368;386;306;313;230;286;148;142;98;93;51;48;24;22;3;7;0;2;310020;3104;31040
3118502;Consolação (MG);36;35;26;33;23;14;8;15;11;6;3;3;0;1;0;0;0;0;310050;3109;31003
3118601;Contagem (MG);5704;6573;3891;4996;2423;3245;1286;2119;637;1228;323;618;84;242;22;62;26;28;310001;3101;31018
3118700;Coqueiral (MG);162;163;122;123;87;90;64;80;33;47;15;17;0;6;0;1;0;0;310046;3108;31011
3118809;Coração de Jesus (MG);352;380;251;303;175;222;101;156;82;90;25;47;11;19;3;1;2;4;310006;3102;31050
3118908;Cordisburgo (MG);135;134;123;107;75;96;55;73;31;50;27;25;11;9;0;0;1;2;310002;3101;31024
3119005;Cordislândia (MG);51;61;49;26;30;26;16;20;13;22;5;6;2;4;1;1;0;0;310040;3108;31012
3119104;Corinto (MG);364;437;329;366;232;311;153;186;95;123;34;71;14;12;2;6;1;4;310004;3101;31019
3119203;Coroaci (MG);197;213;177;173;132;141;57;74;40;48;17;18;7;9;0;5;1;2;310020;3104;31036
3119302;Coromandel (MG);411;422;306;311;225;225;134;154;57;71;25;28;8;11;2;6;1;1;310064;3112;31074
3119401;Coronel Fabriciano (MG);1195;1457;892;1070;655;755;353;488;149;260;69;129;12;40;4;20;3;8;310024;3105;31035
3119500;Coronel Murta (MG);162;136;123;123;71;93;68;52;34;57;18;27;5;16;1;3;0;2;310017;3103;31064
3119609;Coronel Pacheco (MG);51;49;52;48;34;39;26;19;9;10;6;3;1;4;0;0;0;0;310027;3106;31097
3119708;Coronel Xavier Chaves (MG);62;65;45;36;27;33;11;12;10;16;5;7;0;0;0;1;0;1;310039;3107;31015
3119807;Córrego Danta (MG);96;61;54;64;50;46;28;22;7;15;4;10;3;1;0;0;1;0;310066;3113;31030
3119906;Córrego do Bom Jesus (MG);96;76;73;72;63;65;39;34;28;20;5;8;1;0;0;2;0;0;310050;3109;31007
3119955;Córrego Fundo (MG);93;83;67;64;39;40;39;38;11;18;8;8;1;2;0;1;0;0;310066;3113;31030
3120003;Córrego Novo (MG);75;64;60;68;48;41;31;23;18;6;5;5;3;7;1;0;0;0;310025;3105;31035
3120102;Couto de Magalhães de Minas (MG);42;64;44;53;24;40;24;22;16;16;11;15;2;8;1;0;0;0;310016;3103;31026
3120151;Crisólita (MG);114;99;76;65;51;42;40;28;16;22;7;3;4;2;1;2;0;0;310019;3103;31062
3120201;Cristais (MG);178;183;137;144;97;105;74;79;45;55;16;21;5;3;0;3;0;0;310048;3108;31089
3120300;Cristália (MG);45;63;38;59;35;32;17;21;7;18;4;7;2;2;0;2;0;1;310006;3102;31051
3120409;Cristiano Otoni (MG);80;94;60;62;25;43;24;32;17;33;19;20;2;0;1;0;0;0;310038;3107;31079
3120508;Cristina (MG);179;168;147;146;93;118;56;61;33;34;23;17;5;1;1;2;0;1;310053;3109;31008
3120607;Crucilândia (MG);88;83;67;74;55;72;40;49;17;22;9;8;1;5;0;0;0;1;310069;3113;31017
3120706;Cruzeiro da Fortaleza (MG);54;53;42;50;39;39;15;23;14;14;2;11;2;2;1;0;1;1;310064;3112;31057
3120805;Cruzília (MG);242;237;209;203;115;131;74;81;42;47;25;22;5;9;2;5;1;0;310054;3109;31008
3120839;Cuparaque (MG);58;77;56;57;50;49;28;34;15;22;9;13;4;6;0;0;0;0;310023;3104;31040
3120870;Curral de Dentro (MG);81;79;58;52;29;42;27;32;23;20;4;8;1;1;0;2;0;0;310008;3102;31085
3120904;Curvelo (MG);950;1029;764;925;493;697;346;482;194;328;89;175;20;58;8;33;4;10;310004;3101;31019
3121001;Datas (MG);66;73;50;89;39;43;25;42;17;28;15;16;1;6;2;2;0;0;310016;3103;31026
3121100;Delfim Moreira (MG);119;127;116;121;103;84;58;43;30;18;6;9;4;7;1;1;0;0;310052;3109;31003
3121209;Delfinópolis (MG);120;116;84;95;79;63;37;45;26;26;13;9;4;2;1;0;0;2;310041;3108;31091
3121258;Delta (MG);60;57;48;35;30;25;23;15;8;13;1;3;0;0;1;0;1;0;310055;3110;31072
3121308;Descoberto (MG);91;80;71;91;62;70;46;31;19;29;10;17;0;4;1;1;0;0;310035;3106;31047
3121407;Desterro de Entre Rios (MG);177;154;122;116;76;87;51;60;25;30;8;7;2;6;1;1;0;0;310038;3107;31078
3121506;Desterro do Melo (MG);56;51;43;60;30;50;34;28;10;17;3;5;2;1;0;0;0;0;310037;3107;31013
3121605;Diamantina (MG);508;678;439;538;305;408;157;257;123;173;72;111;24;39;3;16;3;5;310016;3103;31026
3121704;Diogo de Vasconcelos (MG);70;80;66;73;57;77;41;50;15;34;17;13;5;4;1;2;0;1;310030;3106;31060
3121803;Dionísio (MG);167;173;132;156;114;136;77;75;41;44;24;16;9;8;3;1;0;3;310024;3105;31035
3121902;Divinésia (MG);62;51;53;58;44;40;23;23;14;14;4;8;1;0;1;1;0;0;310029;3106;31048
3122009;Divino (MG);283;280;226;231;191;188;117;111;73;58;37;46;5;20;4;5;2;1;310034;3106;31042
3122108;Divino das Laranjeiras (MG);77;89;66;99;68;60;38;34;20;22;10;12;5;2;1;2;2;0;310020;3104;31038
3122207;Divinolândia de Minas (MG);92;105;70;85;52;78;39;43;23;28;15;7;4;0;1;3;0;0;310021;3104;31036
3122306;Divinópolis (MG);2329;2874;1855;2109;1198;1666;733;1005;405;615;180;310;47;95;14;30;10;13;310065;3113;31086
3122355;Divisa Alegre (MG);48;61;33;30;26;25;17;22;19;18;10;10;3;0;0;0;0;1;310018;3103;31068
3122405;Divisa Nova (MG);95;89;86;82;80;50;46;37;20;30;10;11;1;3;2;3;0;0;310042;3108;31001
3122454;Divisópolis (MG);95;94;66;58;50;53;42;41;26;25;8;8;5;4;1;1;0;2;310018;3103;31068
3122470;Dom Bosco (MG);47;58;40;39;28;28;27;14;10;8;5;7;1;1;0;0;1;1;310063;3112;31058
3122504;Dom Cavati (MG);93;120;93;84;74;64;32;46;27;24;11;12;4;2;0;0;1;0;310024;3105;31037
3122603;Dom Joaquim (MG);77;92;67;77;62;72;37;50;23;32;13;20;6;11;3;2;0;1;310021;3104;31020
3122702;Dom Silvério (MG);97;135;70;110;75;65;43;46;25;40;17;19;4;12;1;1;0;1;310030;3106;31060
3122801;Dom Viçoso (MG);61;65;55;46;41;26;25;23;8;7;5;1;3;3;1;0;0;0;310053;3109;31008
3122900;Dona Euzébia (MG);76;90;82;76;64;55;39;28;17;18;7;11;2;6;0;1;1;0;310032;3106;31044
3123007;Dores de Campos (MG);114;140;99;107;75;73;39;67;19;30;16;19;3;2;0;0;0;0;310037;3107;31015
3123106;Dores de Guanhães (MG);101;125;86;102;49;49;32;40;21;34;12;19;3;9;2;2;2;2;310021;3104;31020
3123205;Dores do Indaiá (MG);281;345;225;299;174;190;110;139;71;84;33;38;1;20;1;10;1;2;310067;3113;31028
3123304;Dores do Turvo (MG);87;74;65;73;41;59;46;35;26;23;12;8;3;4;0;1;0;0;310029;3106;31048
3123403;Doresópolis (MG);16;20;20;12;12;18;8;13;2;5;0;2;0;1;0;0;0;0;310049;3108;31093
3123502;Douradoquara (MG);37;25;33;30;14;13;11;13;6;9;2;2;1;1;0;1;0;0;310061;3111;31074
3123528;Durandé (MG);102;105;64;74;63;48;37;33;27;27;6;8;1;2;2;2;0;0;310028;3106;31059
3123601;Elói Mendes (MG);315;329;246;274;175;195;124;121;65;83;28;34;9;17;1;10;1;3;310040;3108;31012
3123700;Engenheiro Caldas (MG);145;156;135;136;95;104;68;62;32;36;21;23;4;5;2;0;2;2;310020;3104;31036
3123809;Engenheiro Navarro (MG);95;102;66;65;46;61;28;25;11;28;10;2;4;4;0;0;0;2;310006;3102;31083
3123858;Entre Folhas (MG);111;94;73;71;59;61;38;28;27;27;13;16;5;10;2;3;1;0;310025;3105;31034
3123908;Entre Rios de Minas (MG);195;207;166;198;123;140;77;92;40;65;23;45;6;17;1;0;1;1;310038;3107;31078
3124005;Ervália (MG);234;287;208;224;160;173;108;117;47;88;36;32;12;7;1;3;4;1;310033;3106;31048
3124104;Esmeraldas (MG);552;489;406;442;282;267;177;191;81;95;43;60;13;19;6;7;2;3;310001;3101;31017
3124203;Espera Feliz (MG);274;289;229;252;194;182;115;111;53;75;29;38;14;20;3;3;2;1;310034;3106;31042
3124302;Espinosa (MG);383;427;289;342;270;257;129;211;104;129;69;69;20;38;5;13;3;4;310012;3102;31052
3124401;Espírito Santo do Dourado (MG);84;64;61;67;58;45;28;20;14;21;4;9;2;1;1;0;1;1;310050;3109;31007
3124500;Estiva (MG);190;173;151;123;103;105;78;50;38;30;14;14;3;2;1;1;3;1;310050;3109;31007
3124609;Estrela Dalva (MG);40;59;28;44;39;31;14;19;15;30;11;6;3;1;0;1;0;0;310036;3106;31041
3124708;Estrela do Indaiá (MG);75;77;57;67;32;36;28;25;12;10;6;12;2;2;0;1;0;1;310067;3113;31028
3124807;Estrela do Sul (MG);117;125;103;82;79;63;35;31;20;24;11;12;4;4;1;0;1;0;310061;3111;31074
3124906;Eugenópolis (MG);180;162;146;158;131;136;85;87;36;51;27;22;8;8;0;5;1;2;310031;3106;31045
3125002;Ewbank da Câmara (MG);53;45;45;45;30;36;12;19;5;11;3;7;3;2;0;0;0;0;310027;3106;31097
3125101;Extrema (MG);323;335;242;226;200;196;122;112;67;53;21;23;5;5;0;3;4;1;310050;3109;31007
3125200;Fama (MG);44;53;36;36;38;38;18;20;7;12;7;7;0;1;0;0;0;1;310042;3108;31001
3125309;Faria Lemos (MG);73;63;52;65;51;43;30;36;19;25;8;13;6;7;0;1;0;0;310034;3106;31042
3125408;Felício dos Santos (MG);77;111;83;102;58;48;27;41;16;22;7;14;0;7;1;0;0;1;310016;3103;31026
3125507;São Gonçalo do Rio Preto (MG);41;43;25;30;27;21;9;14;12;14;6;7;1;3;0;2;0;0;310016;3103;31026
3125606;Felisburgo (MG);126;113;77;96;44;62;53;42;19;34;13;13;6;5;2;1;1;1;310015;3103;31094
3125705;Felixlândia (MG);190;200;160;152;113;127;73;83;31;49;14;32;4;4;1;3;1;0;310004;3101;31019
3125804;Fernandes Tourinho (MG);51;49;48;53;31;39;11;13;16;18;6;8;4;0;1;0;0;0;310020;3104;31036
3125903;Ferros (MG);242;267;236;218;160;171;104;124;63;96;28;56;10;25;2;6;1;1;310005;3101;31021
3125952;Fervedouro (MG);128;145;115;104;80;72;51;40;28;20;21;25;5;7;1;1;0;1;310031;3106;31042
3126000;Florestal (MG);84;87;79;78;48;56;35;41;20;25;14;9;2;4;2;2;1;0;310001;3101;31017
3126109;Formiga (MG);1029;1117;778;879;561;703;345;498;205;300;81;144;16;32;10;11;4;3;310066;3113;31030
3126208;Formoso (MG);84;102;69;76;48;33;23;24;17;21;5;12;1;6;2;1;0;0;310063;3112;31058
3126307;Fortaleza de Minas (MG);65;59;39;43;37;32;29;22;14;12;8;11;0;1;1;0;1;1;310041;3108;31092
3126406;Fortuna de Minas (MG);40;36;34;25;13;16;15;16;9;7;3;5;1;1;0;0;0;0;310002;3101;31024
3126505;Francisco Badaró (MG);139;175;103;136;89;116;52;85;32;72;16;23;5;6;0;2;0;1;310017;3103;31064
3126604;Francisco Dumont (MG);63;53;52;50;46;29;29;32;18;14;8;9;4;2;1;1;2;0;310006;3102;31083
3126703;Francisco Sá (MG);310;353;263;244;138;190;120;106;95;85;71;67;9;16;4;1;0;2;310006;3102;31051
3126752;Franciscópolis (MG);88;97;86;100;54;47;36;38;29;32;13;18;3;4;0;3;0;1;310013;3103;31099
3126802;Frei Gaspar (MG);96;103;75;87;62;62;46;42;24;28;13;17;3;7;1;5;0;1;310013;3103;31096
3126901;Frei Inocêncio (MG);127;120;85;110;58;60;50;38;23;31;20;15;4;6;1;3;0;1;310020;3104;31036
3126950;Frei Lagonegro (MG);60;60;41;52;34;26;14;15;7;13;6;5;2;2;3;3;1;0;310021;3104;31080
3127008;Fronteira (MG);145;121;104;88;82;72;46;50;25;18;8;8;3;5;1;1;1;1;310057;3110;31071
3127057;Fronteira dos Vales (MG);97;99;70;65;35;56;22;27;16;20;5;17;3;1;0;3;1;0;310019;3103;31062
3127073;Fruta de Leite (MG);107;128;75;68;48;52;32;44;22;23;10;8;3;4;1;4;1;1;310008;3102;31098
3127107;Frutal (MG);756;737;620;606;448;424;268;288;159;180;82;86;24;35;6;7;9;3;310057;3110;31071
3127206;Funilândia (MG);49;51;41;29;31;28;19;12;14;11;4;6;5;0;0;2;0;1;310002;3101;31024
3127305;Galiléia (MG);113;120;68;111;82;76;56;58;28;28;10;20;8;7;1;1;0;1;310020;3104;31036
3127339;Gameleiras (MG);66;59;51;37;24;40;15;27;13;17;8;4;0;0;1;0;1;0;310012;3102;31052
3127354;Glaucilândia (MG);47;47;33;34;16;16;18;14;10;6;4;5;0;3;2;4;0;0;310006;3102;31084
3127370;Goiabeira (MG);54;53;31;43;35;27;16;19;10;19;6;2;2;2;2;0;0;1;310020;3104;31040
3127388;Goianá (MG);59;55;70;54;54;48;37;46;13;13;9;7;2;3;0;2;2;0;310027;3106;31097
3127404;Gonçalves (MG);75;68;57;54;41;42;34;25;20;11;8;3;0;0;0;2;0;0;310052;3109;31003
3127503;Gonzaga (MG);81;79;66;75;44;70;36;39;23;21;7;8;3;2;1;1;0;0;310020;3104;31036
3127602;Gouveia (MG);145;160;113;145;84;132;49;86;33;54;18;30;7;16;0;5;1;1;310016;3103;31026
3127701;Governador Valadares (MG);3110;3920;2565;3086;1698;2095;1043;1372;544;791;309;462;107;189;27;74;14;22;310020;3104;31036
3127800;Grão Mogol (MG);144;189;136;129;105;102;58;85;51;52;17;30;4;10;0;4;3;2;310006;3102;31051
3127909;Grupiara (MG);26;32;28;13;14;17;9;5;7;9;6;3;1;1;1;1;0;0;310061;3111;31074
3128006;Guanhães (MG);350;425;296;349;217;256;119;194;88;138;32;51;17;26;1;3;4;1;310021;3104;31020
3128105;Guapé (MG);218;184;152;159;135;124;71;68;41;47;20;17;3;5;2;2;1;0;310041;3108;31093
3128204;Guaraciaba (MG);185;197;168;161;132;145;74;96;35;72;26;21;6;5;2;3;1;1;310030;3106;31060
3128253;Guaraciama (MG);61;58;49;43;27;28;17;20;7;11;2;5;3;1;0;0;1;2;310006;3102;31083
3128303;Guaranésia (MG);284;296;226;242;187;215;115;156;60;95;23;36;8;11;5;5;1;1;310044;3108;31002
3128402;Guarani (MG);139;160;129;130;119;123;67;77;39;53;17;39;4;8;2;7;2;1;310029;3106;31048
3128501;Guarará (MG);74;62;55;59;42;46;35;33;12;23;6;14;1;6;0;0;1;0;310035;3106;31047
3128600;Guarda-Mor (MG);93;94;58;54;48;30;20;24;10;17;5;5;3;4;2;1;0;1;310062;3112;31057
3128709;Guaxupé (MG);674;763;541;636;463;512;273;352;127;226;75;110;22;37;5;10;1;3;310044;3108;31002
3128808;Guidoval (MG);116;138;119;134;105;118;79;72;32;20;15;16;6;11;1;2;0;0;310029;3106;31048
3128907;Guimarânia (MG);114;86;73;67;43;68;36;53;11;24;13;12;3;2;2;1;0;0;310064;3112;31057
3129004;Guiricema (MG);186;182;174;174;118;135;69;100;49;61;26;11;6;10;0;6;0;1;310029;3106;31048
3129103;Gurinhatã (MG);174;134;148;82;85;69;43;33;30;27;11;16;6;7;3;3;1;0;310060;3111;31073
3129202;Heliodora (MG);86;86;77;80;63;64;43;40;28;20;9;11;2;2;2;0;0;1;310050;3109;31007
3129301;Iapu (MG);153;176;150;154;113;97;68;71;38;44;15;16;4;8;2;1;1;0;310024;3105;31037
3129400;Ibertioga (MG);77;72;71;61;48;53;28;23;22;25;7;13;5;2;0;0;0;0;310037;3107;31013
3129509;Ibiá (MG);297;350;263;285;164;191;125;110;51;58;32;43;11;9;3;7;2;2;310056;3110;31070
3129608;Ibiaí (MG);91;107;70;66;58;59;27;38;14;25;16;8;6;4;0;3;1;0;310010;3102;31055
3129657;Ibiracatu (MG);102;96;90;85;57;61;39;35;24;27;19;23;7;7;1;0;1;1;310006;3102;31049
3129707;Ibiraci (MG);158;140;114;120;68;65;29;41;31;38;12;17;3;4;1;1;0;1;310041;3108;31091
3129806;Ibirité (MG);1021;1222;705;859;429;597;235;355;95;203;47;97;15;23;1;11;7;8;310001;3101;31018
3129905;Ibitiúra de Minas (MG);65;57;47;38;39;45;25;23;11;13;8;7;3;2;1;2;0;0;310051;3109;31006
3130002;Ibituruna (MG);38;55;31;35;26;25;27;19;8;11;6;7;2;1;1;0;0;0;310043;3108;31015
3130051;Icaraí de Minas (MG);120;107;94;86;59;85;42;42;14;22;12;13;5;1;0;2;0;0;310011;3102;31049
3130101;Igarapé (MG);314;282;219;221;165;176;82;84;47;55;21;25;5;8;2;3;0;2;310001;3101;31017
3130200;Igaratinga (MG);101;89;89;71;61;65;26;40;23;16;13;6;1;2;0;0;2;1;310068;3113;31032
3130309;Iguatama (MG);111;121;108;107;68;78;45;58;31;19;7;12;1;9;2;0;1;0;310066;3113;31030
3130408;Ijaci (MG);72;63;57;67;57;36;29;34;17;10;7;8;4;3;0;1;0;0;310043;3108;31004
3130507;Ilicínea (MG);152;153;139;108;90;112;69;56;39;46;29;21;2;7;1;1;1;0;310046;3108;31011
3130556;Imbé de Minas (MG);92;84;53;65;54;49;31;27;16;22;8;4;2;1;1;4;0;0;310025;3105;31034
3130606;Inconfidentes (MG);110;89;107;86;60;68;39;38;27;15;3;4;5;2;0;2;0;1;310050;3109;31007
3130655;Indaiabira (MG);107;119;93;83;61;60;42;37;23;23;7;11;1;2;3;1;1;2;310008;3102;31085
3130705;Indianópolis (MG);74;62;64;54;40;34;28;18;8;18;3;3;2;4;1;0;0;1;310059;3111;31075
3130804;Ingaí (MG);42;39;38;27;27;27;11;11;5;12;2;5;0;0;0;0;0;2;310043;3108;31004
3130903;Inhapim (MG);452;454;369;406;301;280;183;179;104;96;34;47;12;18;2;12;1;7;310025;3105;31034
3131000;Inhaúma (MG);69;79;58;60;49;46;32;22;10;13;8;11;3;3;0;0;1;0;310002;3101;31024
3131109;Inimutaba (MG);91;86;90;75;43;76;50;55;19;32;18;19;6;10;2;4;0;0;310004;3101;31019
3131158;Ipaba (MG);186;162;164;145;95;109;70;71;39;42;8;26;7;4;0;2;0;0;310024;3105;31037
3131208;Ipanema (MG);256;301;238;289;185;224;105;140;80;70;43;57;8;28;5;6;1;1;310028;3106;31059
3131307;Ipatinga (MG);2249;2430;1528;1909;1086;1201;543;744;281;440;141;235;47;81;8;28;12;12;310024;3105;31037
3131406;Ipiaçu (MG);80;65;75;47;41;34;25;21;12;20;9;12;0;2;2;0;1;0;310060;3111;31073
3131505;Ipuiúna (MG);124;134;98;104;85;73;53;38;27;35;12;13;3;2;0;0;0;0;310050;3109;31007
3131604;Iraí de Minas (MG);82;72;69;48;39;27;17;23;11;10;2;4;0;1;0;2;0;0;310061;3111;31074
3131703;Itabira (MG);1169;1365;803;1099;633;845;354;522;177;348;105;167;34;65;4;17;3;8;310005;3101;31021
3131802;Itabirinha (MG);149;195;160;164;96;99;57;59;38;32;27;30;3;7;5;1;1;2;310022;3104;31038
3131901;Itabirito (MG);453;578;368;484;253;423;165;272;79;143;32;55;5;22;2;8;1;1;310003;3101;31022
3132008;Itacambira (MG);76;66;55;54;20;25;15;9;11;15;3;3;1;2;3;1;1;1;310006;3102;31084
3132107;Itacarambi (MG);208;219;141;174;90;112;80;75;51;56;23;32;13;11;2;4;4;2;310009;3102;31053
3132206;Itaguara (MG);172;222;167;170;118;138;80;86;36;56;18;25;5;5;1;3;0;2;310069;3113;31031
3132305;Itaipé (MG);123;156;112;117;75;80;57;57;29;41;15;20;7;2;2;3;2;1;310013;3103;31067
3132404;Itajubá (MG);1165;1417;904;1182;698;1000;470;653;256;335;130;221;29;77;8;19;7;6;310052;3109;31003
3132503;Itamarandiba (MG);353;349;273;341;194;255;119;156;72;118;33;52;7;17;1;7;3;2;310014;3103;31026
3132602;Itamarati de Minas (MG);71;68;64;53;45;49;31;33;25;13;9;20;3;3;1;3;0;0;310032;3106;31044
3132701;Itambacuri (MG);370;401;301;374;226;266;133;148;78;107;59;76;15;24;1;8;0;3;310013;3103;31096
3132800;Itambé do Mato Dentro (MG);43;47;36;55;30;36;20;17;11;13;5;18;4;10;0;1;0;1;310005;3101;31021
3132909;Itamogi (MG);170;176;136;149;119;141;57;68;34;33;12;19;3;10;1;1;1;0;310047;3108;31009
3133006;Itamonte (MG);175;178;157;185;119;136;70;98;50;46;26;29;6;8;0;1;0;1;310053;3109;31008
3133105;Itanhandu (MG);191;213;165;177;112;138;64;91;39;63;15;25;7;4;1;0;0;0;310053;3109;31008
3133204;Itanhomi (MG);198;193;187;184;156;116;84;92;60;50;29;30;7;14;4;8;2;1;310020;3104;31036
3133303;Itaobim (MG);312;345;234;276;176;174;129;145;66;92;42;48;10;24;6;8;3;6;310013;3103;31065
3133402;Itapagipe (MG);261;195;163;152;130;110;62;68;44;37;10;22;11;9;3;2;1;0;310057;3110;31071
3133501;Itapecerica (MG);361;402;323;389;265;280;150;200;81;132;35;65;12;24;4;6;0;3;310065;3113;31086
3133600;Itapeva (MG);132;110;104;85;88;54;44;40;15;21;11;8;5;5;0;0;1;1;310050;3109;31007
3133709;Itatiaiuçu (MG);148;87;104;94;67;62;38;49;23;28;8;11;2;4;1;3;4;3;310065;3113;31031
3133758;Itaú de Minas (MG);228;226;169;166;104;138;61;68;29;45;17;19;2;7;2;1;2;0;310041;3108;31092
3133808;Itaúna (MG);947;1185;824;982;558;766;357;473;160;278;67;151;33;34;6;11;0;5;310065;3113;31031
3133907;Itaverava (MG);84;87;81;105;50;58;43;48;18;27;11;12;6;5;1;1;1;1;310038;3107;31079
3134004;Itinga (MG);224;235;202;189;137;139;78;91;50;70;35;30;16;14;6;3;5;4;310017;3103;31065
3134103;Itueta (MG);101;104;91;83;64;65;49;40;37;26;11;24;4;5;1;0;0;0;310023;3104;31040
3134202;Ituiutaba (MG);1630;1737;1299;1307;970;1038;616;666;362;385;167;237;71;83;17;23;4;9;310060;3111;31073
3134301;Itumirim (MG);87;97;90;82;62;80;33;51;19;24;4;11;1;6;0;1;0;0;310043;3108;31004
3134400;Iturama (MG);393;360;303;317;223;222;144;128;99;71;45;37;12;14;5;4;1;4;310058;3110;31071
3134509;Itutinga (MG);67;57;62;45;34;42;24;31;10;15;5;5;0;2;0;1;0;0;310043;3108;31004
3134608;Jaboticatubas (MG);230;217;186;212;135;167;95;100;60;61;21;43;5;16;2;8;0;2;310001;3101;31016
3134707;Jacinto (MG);205;183;151;170;133;112;66;82;60;68;31;34;18;21;4;6;1;3;310015;3103;31094
3134806;Jacuí (MG);114;115;101;113;87;89;64;55;22;27;9;11;6;3;2;2;0;1;310047;3108;31009
3134905;Jacutinga (MG);285;319;240;251;190;227;134;132;53;81;33;46;6;10;5;2;17;3;310050;3109;31007
3135001;Jaguaraçu (MG);41;38;29;30;22;31;17;16;10;13;5;4;3;3;0;1;0;1;310024;3105;31035
3135050;Jaíba (MG);262;235;197;161;109;92;55;52;28;46;21;22;2;6;0;4;4;2;310007;3102;31052
3135076;Jampruca (MG);81;88;75;82;57;48;31;35;26;29;12;14;3;6;1;0;0;1;310020;3104;31036
3135100;Janaúba (MG);680;772;457;495;320;408;249;245;138;191;65;91;24;43;3;12;2;5;310007;3102;31052
3135209;Januária (MG);825;919;664;794;466;593;352;400;220;277;113;172;41;51;8;12;5;7;310009;3102;31053
3135308;Japaraíba (MG);49;34;29;28;23;29;20;15;10;6;1;3;0;2;1;1;0;1;310065;3113;31087
3135357;Japonvar (MG);120;122;73;76;63;51;38;52;25;31;13;8;4;3;2;1;1;2;310006;3102;31049
3135407;Jeceaba (MG);104;131;83;90;61;72;31;52;31;28;10;16;2;4;1;1;0;0;310038;3107;31078
3135456;Jenipapo de Minas (MG);76;93;57;91;38;59;28;39;12;24;10;18;1;4;0;2;0;0;310017;3103;31064
3135506;Jequeri (MG);222;229;199;235;157;139;100;108;66;68;21;43;8;6;1;5;0;1;310030;3106;31060
3135605;Jequitaí (MG);118;128;100;102;74;65;42;56;18;29;14;14;5;3;4;3;0;1;310006;3102;31050
3135704;Jequitibá (MG);92;102;87;84;40;61;39;31;14;17;8;14;1;2;3;1;0;0;310002;3101;31024
3135803;Jequitinhonha (MG);433;423;349;332;237;262;162;153;104;109;67;78;22;33;5;15;1;4;310015;3103;31094
3135902;Jesuânia (MG);88;67;70;66;50;48;33;33;22;27;10;11;3;2;0;0;2;1;310053;3109;31008
3136009;Joaíma (MG);231;247;185;203;117;126;55;80;52;63;25;43;9;23;7;8;0;2;310015;3103;31094
3136108;Joanésia (MG);125;137;111;119;83;95;58;50;29;20;12;23;2;8;0;2;1;0;310024;3105;31037
3136207;João Monlevade (MG);956;1045;704;841;479;635;296;422;158;232;67;120;12;35;2;13;4;4;310026;3105;31023
3136306;João Pinheiro (MG);540;496;400;387;266;249;174;176;79;107;28;63;14;15;6;1;6;6;310062;3112;31077
3136405;Joaquim Felício (MG);62;54;28;38;44;36;23;27;15;21;5;13;2;2;0;0;1;0;310006;3102;31083
3136504;Jordânia (MG);197;171;128;141;85;79;63;52;36;43;28;27;10;15;2;2;0;5;310015;3103;31094
3136520;José Gonçalves de Minas (MG);50;43;28;46;13;37;12;22;1;8;5;6;0;0;0;0;1;1;310017;3103;31027
3136553;José Raydan (MG);68;83;59;65;35;45;32;30;15;27;8;8;5;8;3;2;3;0;310021;3104;31081
3136579;Josenópolis (MG);41;57;37;47;17;44;18;33;21;18;5;11;2;3;1;1;0;1;310006;3102;31051
3136603;Nova União (MG);82;94;70;74;59;51;25;30;18;22;5;11;3;8;1;1;1;0;310001;3101;31016
3136652;Juatuba (MG);187;185;149;130;90;89;61;65;28;30;11;14;3;6;4;1;0;2;310001;3101;31017
3136702;Juiz de Fora (MG);6377;7999;5124;6865;3776;5844;2352;3785;1315;2288;577;1164;181;402;54;110;20;41;310027;3106;31097
3136801;Juramento (MG);60;47;36;37;37;26;21;21;10;17;6;10;3;5;1;3;0;0;310006;3102;31084
3136900;Juruaia (MG);112;107;86;89;62;57;41;45;29;18;6;10;2;2;0;0;0;1;310044;3108;31002
3136959;Juvenília (MG);94;88;66;73;40;41;33;29;20;21;10;10;2;4;1;2;0;1;310009;3102;31076
3137007;Ladainha (MG);232;252;158;190;140;139;67;98;50;66;23;31;6;5;3;5;0;2;310013;3103;31099
3137106;Lagamar (MG);136;143;99;109;73;52;37;38;17;16;4;17;5;2;0;0;0;1;310062;3112;31057
3137205;Lagoa da Prata (MG);452;562;377;436;252;280;152;215;70;96;35;59;6;17;1;9;0;1;310065;3113;31087
3137304;Lagoa dos Patos (MG);60;55;44;46;34;31;22;13;16;13;5;3;2;5;0;0;0;0;310006;3102;31050
3137403;Lagoa Dourada (MG);168;181;149;134;110;105;61;70;31;27;9;15;3;4;0;1;0;0;310039;3107;31015
3137502;Lagoa Formosa (MG);270;270;224;253;144;165;85;102;50;56;22;28;5;6;2;0;0;0;310062;3112;31057
3137536;Lagoa Grande (MG);93;83;58;57;28;43;31;23;22;16;2;5;2;3;0;0;2;0;310062;3112;31077
3137601;Lagoa Santa (MG);420;513;353;411;251;308;150;206;84;113;42;66;22;30;4;11;1;3;310001;3101;31025
3137700;Lajinha (MG);253;306;218;229;170;192;129;123;57;63;33;37;12;15;4;7;1;4;310028;3106;31059
3137809;Lambari (MG);280;331;262;277;192;231;116;140;72;115;27;56;11;11;3;4;1;4;310053;3109;31008
3137908;Lamim (MG);66;67;53;62;40;46;26;27;12;15;11;11;2;4;2;1;0;2;310038;3107;31079
3138005;Laranjal (MG);122;118;122;85;62;87;59;55;28;35;13;24;4;4;0;1;2;0;310032;3106;31044
3138104;Lassance (MG);109;85;82;73;54;43;38;27;13;17;6;15;3;2;0;0;0;2;310010;3102;31055
3138203;Lavras (MG);1073;1263;892;1026;615;920;416;586;231;367;100;203;33;55;6;17;4;6;310043;3108;31004
3138302;Leandro Ferreira (MG);56;53;55;47;39;41;22;28;12;19;2;11;2;5;0;0;0;1;310065;3113;31032
3138351;Leme do Prado (MG);53;63;34;47;27;33;14;25;14;14;2;5;1;0;1;1;1;0;310014;3103;31027
3138401;Leopoldina (MG);832;938;669;801;484;623;308;477;164;284;74;149;35;57;4;25;1;9;310032;3106;31044
3138500;Liberdade (MG);124;121;81;102;71;50;41;49;26;22;15;10;5;4;1;1;0;3;310027;3106;31090
3138609;Lima Duarte (MG);269;267;259;244;171;183;119;140;75;90;32;34;9;11;0;2;0;1;310027;3106;31090
3138625;Limeira do Oeste (MG);108;91;86;70;68;50;46;23;17;12;7;4;0;0;0;0;0;0;310058;3110;31071
3138658;Lontra (MG);121;122;94;107;65;65;42;55;26;21;12;12;7;7;1;1;1;1;310006;3102;31049
3138674;Luisburgo (MG);86;88;74;58;53;37;36;23;13;25;9;11;2;3;1;1;0;2;310028;3106;31059
3138682;Luislândia (MG);93;91;66;70;34;57;29;32;8;17;9;6;2;4;1;0;1;1;310006;3102;31049
3138708;Luminárias (MG);109;64;69;75;51;55;30;25;24;21;9;9;0;1;0;0;1;0;310043;3108;31004
3138807;Luz (MG);248;256;204;215;151;173;88;89;39;68;21;40;8;16;1;4;1;0;310067;3113;31028
3138906;Machacalis (MG);111;114;76;105;79;61;54;53;29;31;15;22;6;10;0;5;1;2;310019;3103;31062
3139003;Machado (MG);457;498;349;391;293;270;177;227;108;138;47;67;16;25;2;7;2;1;310042;3108;31001
3139102;Madre de Deus de Minas (MG);66;82;62;74;44;44;27;31;15;18;7;7;5;1;0;1;0;0;310039;3107;31015
3139201;Malacacheta (MG);243;297;219;266;146;195;101;142;54;93;41;62;6;20;3;8;1;3;310013;3103;31099
3139250;Mamonas (MG);108;146;75;88;62;55;46;57;30;36;13;20;7;4;0;1;0;0;310012;3102;31052
3139300;Manga (MG);243;276;219;224;139;152;100;97;81;71;32;54;14;14;3;7;1;2;310007;3102;31076
3139409;Manhuaçu (MG);800;898;674;808;511;594;266;378;191;215;90;123;23;39;5;17;5;2;310028;3106;31059
3139508;Manhumirim (MG);298;323;224;301;183;243;111;155;52;88;33;61;4;15;1;1;1;2;310028;3106;31059
3139607;Mantena (MG);402;500;363;433;276;307;174;185;118;114;48;55;15;32;4;9;3;2;310022;3104;31038
3139706;Maravilhas (MG);89;73;69;81;46;55;34;28;24;37;8;15;3;5;2;0;0;0;310068;3113;31024
3139805;Mar de Espanha (MG);198;186;158;191;135;146;89;95;42;57;20;37;4;14;0;2;0;0;310035;3106;31047
3139904;Maria da Fé (MG);194;200;154;157;119;125;80;79;44;51;16;16;4;7;1;2;1;0;310052;3109;31003
3140001;Mariana (MG);464;592;361;472;262;365;145;254;83;147;44;77;14;29;2;11;3;6;310003;3101;31022
3140100;Marilac (MG);62;72;63;83;60;50;30;37;23;24;8;10;3;4;2;2;0;0;310020;3104;31036
3140159;Mário Campos (MG);115;109;78;91;60;76;44;49;18;24;9;8;2;4;0;0;3;0;310001;3101;31017
3140209;Maripá de Minas (MG);44;52;48;40;36;36;22;18;9;22;8;11;2;5;1;1;1;1;310035;3106;31047
3140308;Marliéria (MG);64;72;69;55;49;52;39;33;10;13;7;10;3;1;1;1;0;1;310024;3105;31035
3140407;Marmelópolis (MG);52;53;41;33;25;25;22;11;15;5;1;0;1;1;0;0;0;0;310052;3109;31003
3140506;Martinho Campos (MG);206;195;206;164;124;121;77;84;35;57;22;20;4;7;2;2;0;2;310067;3113;31028
3140530;Martins Soares (MG);78;75;69;75;41;58;29;30;19;8;11;1;3;3;0;0;1;1;310028;3106;31059
3140555;Mata Verde (MG);93;107;93;79;75;50;32;34;25;17;14;13;5;11;1;1;1;2;310015;3103;31094
3140605;Materlândia (MG);85;110;79;83;34;61;30;35;12;23;14;18;5;6;1;4;1;2;310021;3104;31020
3140704;Mateus Leme (MG);311;315;273;273;192;185;88;106;51;84;23;33;8;11;1;1;2;3;310001;3101;31017
3140803;Matias Barbosa (MG);198;225;145;164;113;130;73;86;40;62;14;23;5;6;2;6;1;2;310027;3106;31097
3140852;Matias Cardoso (MG);85;89;100;78;49;50;35;21;22;17;8;18;6;8;2;2;5;5;310007;3102;31052
3140902;Matipó (MG);219;235;167;177;131;146;69;93;36;50;23;28;1;6;1;3;3;4;310028;3106;31059
3141009;Mato Verde (MG);167;185;143;163;102;140;62;70;41;55;17;29;6;7;3;4;0;1;310012;3102;31052
3141108;Matozinhos (MG);394;413;275;284;164;241;117;146;61;91;34;47;1;22;3;4;1;1;310002;3101;31025
3141207;Matutina (MG);98;97;68;54;32;55;34;32;19;10;10;11;2;4;0;3;0;0;310062;3112;31082
3141306;Medeiros (MG);50;46;39;39;25;22;13;6;4;6;1;5;2;1;0;0;0;0;310066;3113;31030
3141405;Medina (MG);374;415;283;293;207;215;146;164;111;111;60;55;15;23;3;9;0;4;310018;3103;31065
3141504;Mendes Pimentel (MG);118;121;84;98;84;77;44;39;29;25;17;16;2;11;2;3;3;1;310022;3104;31038
3141603;Mercês (MG);185;201;149;172;136;133;86;84;54;56;22;33;3;8;2;2;1;3;310029;3106;31048
3141702;Mesquita (MG);87;110;106;99;87;85;51;63;28;31;20;16;3;5;2;4;0;0;310024;3105;31037
3141801;Minas Novas (MG);278;392;204;301;128;192;81;129;41;80;18;31;3;20;5;7;0;4;310014;3103;31027
3141900;Minduri (MG);60;64;38;46;39;47;15;32;12;19;10;9;3;1;0;1;0;0;310054;3109;31008
3142007;Mirabela (MG);158;182;147;137;87;101;76;67;53;46;16;26;9;12;2;7;1;4;310006;3102;31084
3142106;Miradouro (MG);176;160;134;148;123;110;64;73;38;44;14;30;4;7;0;3;0;0;310031;3106;31045
3142205;Miraí (MG);193;205;176;195;130;165;66;103;47;67;17;37;5;12;2;6;0;1;310031;3106;31045
3142254;Miravânia (MG);58;62;46;60;40;35;24;28;15;19;6;8;1;3;0;1;0;0;310007;3102;31076
3142304;Moeda (MG);83;95;91;74;59;67;42;41;32;25;12;15;3;3;0;1;0;0;310001;3101;31016
3142403;Moema (MG);108;91;67;72;69;55;26;35;12;21;8;20;4;0;0;1;0;0;310067;3113;31028
3142502;Monjolos (MG);46;42;25;28;30;25;9;15;7;4;3;3;0;1;1;0;3;0;310004;3101;31019
3142601;Monsenhor Paulo (MG);97;111;88;101;78;72;41;51;18;35;14;11;3;2;0;3;0;0;310040;3108;31012
3142700;Montalvânia (MG);200;259;205;207;127;142;76;81;58;57;38;45;8;16;3;5;1;0;310009;3102;31076
3142809;Monte Alegre de Minas (MG);313;322;279;236;205;173;124;117;66;80;34;35;10;15;5;3;0;4;310059;3111;31075
3142908;Monte Azul (MG);366;363;240;300;227;205;145;160;80;97;47;42;13;18;2;7;3;2;310012;3102;31052
3143005;Monte Belo (MG);262;217;186;188;144;143;82;107;42;48;23;24;5;11;0;4;1;1;310044;3108;31002
3143104;Monte Carmelo (MG);555;599;388;439;264;346;149;179;83;88;34;70;12;15;5;6;4;2;310061;3111;31074
3143153;Monte Formoso (MG);53;60;50;40;33;49;27;22;7;12;5;11;2;2;0;0;0;0;310013;3103;31065
3143203;Monte Santo de Minas (MG);385;373;328;325;243;287;153;159;88;100;29;54;5;24;3;4;0;2;310047;3108;31009
3143302;Montes Claros (MG);3296;3822;2282;2818;1522;1955;903;1254;500;814;242;474;95;175;28;75;11;21;310006;3102;31084
3143401;Monte Sião (MG);242;269;207;226;180;174;89;81;55;46;30;35;8;11;2;1;0;2;310050;3109;31007
3143450;Montezuma (MG);85;94;69;72;35;51;34;38;19;23;5;6;0;8;2;3;0;1;310012;3102;31085
3143500;Morada Nova de Minas (MG);119;123;98;81;56;64;29;40;18;20;7;15;0;3;0;1;2;3;310070;3113;31024
3143609;Morro da Garça (MG);43;50;37;27;31;23;11;13;5;12;2;2;0;3;0;0;0;1;310004;3101;31019
3143708;Morro do Pilar (MG);63;75;62;62;49;58;22;42;11;28;6;15;4;8;0;1;1;0;310002;3101;31021
3143807;Munhoz (MG);91;62;83;72;63;41;24;30;19;16;9;3;4;2;1;1;2;1;310050;3109;31007
3143906;Muriaé (MG);1357;1487;1138;1291;827;1008;559;661;312;421;145;253;41;83;18;34;12;13;310031;3106;31045
3144003;Mutum (MG);426;420;354;339;260;248;162;194;84;106;58;43;11;29;4;6;1;4;310028;3106;31059
3144102;Muzambinho (MG);337;361;260;304;216;243;146;158;60;99;42;55;7;15;3;5;0;0;310044;3108;31002
3144201;Nacip Raydan (MG);66;74;52;48;30;28;26;24;10;15;7;8;2;8;2;0;0;1;310020;3104;31036
3144300;Nanuque (MG);651;722;510;560;365;396;252;242;147;192;87;133;30;55;8;18;1;4;310013;3103;31066
3144359;Naque (MG);68;82;65;65;50;51;23;36;17;18;9;8;2;6;1;1;0;1;310024;3105;31037
3144375;Natalândia (MG);49;56;38;21;26;14;12;9;11;8;0;1;0;0;1;0;0;0;310063;3112;31058
3144409;Natércia (MG);68;104;82;73;68;61;42;45;17;24;4;9;3;4;2;1;2;1;310050;3109;31007
3144508;Nazareno (MG);117;108;83;93;53;66;35;49;24;18;11;9;3;8;0;1;0;0;310039;3107;31015
3144607;Nepomuceno (MG);358;355;291;359;240;281;155;165;68;104;48;47;6;12;4;5;0;2;310043;3108;31004
3144656;Ninheira (MG);129;127;128;99;82;96;43;45;35;31;10;15;3;12;2;7;0;1;310008;3102;31085
3144672;Nova Belém (MG);54;50;41;28;23;25;20;9;6;10;1;4;2;0;0;0;0;0;310022;3104;31038
3144706;Nova Era (MG);198;267;174;231;140;158;76;128;30;60;23;41;6;23;5;7;1;3;310026;3105;31023
3144805;Nova Lima (MG);782;897;510;734;335;575;212;440;136;257;71;153;22;50;5;17;0;6;310001;3101;31016
3144904;Nova Módica (MG);78;67;63;65;31;39;28;23;10;19;12;15;1;3;2;3;0;1;310013;3103;31096
3145000;Nova Ponte (MG);127;135;95;78;67;67;29;40;16;24;7;12;1;6;2;0;0;2;310055;3110;31075
3145059;Nova Porteirinha (MG);83;74;55;45;28;40;17;22;15;12;9;11;1;2;1;1;0;0;310007;3102;31052
3145109;Nova Resende (MG);207;181;162;160;107;140;80;87;45;42;19;29;2;10;0;2;0;0;310044;3108;31092
3145208;Nova Serrana (MG);352;327;230;225;135;123;82;104;38;46;16;28;5;7;1;5;5;7;310065;3113;31032
3145307;Novo Cruzeiro (MG);399;447;315;387;240;279;148;185;73;120;27;69;9;32;2;16;2;3;310013;3103;31099
3145356;Novo Oriente de Minas (MG);184;174;130;138;101;97;72;78;41;40;24;29;5;4;5;7;2;3;310013;3103;31099
3145372;Novorizonte (MG);85;89;64;83;46;57;24;41;19;17;10;9;4;5;3;1;0;1;310008;3102;31098
3145406;Olaria (MG);52;39;47;30;23;15;22;17;7;9;4;2;4;1;1;1;1;0;310027;3106;31090
3145455;Olhos-d'Água (MG);57;65;42;29;21;32;12;18;11;11;3;0;0;0;1;2;0;1;310006;3102;31083
3145505;Olímpio Noronha (MG);41;38;34;33;22;18;17;15;16;15;12;9;3;3;0;1;0;0;310053;3109;31008
3145604;Oliveira (MG);559;596;443;531;339;421;210;286;133;163;71;117;17;32;2;7;0;0;310069;3113;31088
3145703;Oliveira Fortes (MG);40;29;28;36;17;22;18;23;5;16;2;5;0;1;0;1;0;0;310027;3106;31046
3145802;Onça de Pitangui (MG);59;40;50;28;29;32;21;22;13;8;5;1;2;5;0;2;0;0;310068;3113;31032
3145851;Oratórios (MG);53;61;51;54;39;64;37;32;20;19;3;4;1;2;0;1;0;0;310030;3106;31060
3145877;Orizânia (MG);88;79;55;68;59;53;46;25;19;19;8;12;3;0;2;1;0;0;310034;3106;31042
3145901;Ouro Branco (MG);254;290;161;204;137;169;79;103;29;33;10;18;1;10;1;2;1;0;310038;3107;31078
3146008;Ouro Fino (MG);463;523;399;455;330;336;200;235;99;157;48;88;24;21;4;6;1;0;310050;3109;31007
3146107;Ouro Preto (MG);827;1001;643;812;417;618;242;429;144;251;66;133;15;38;2;17;6;6;310003;3101;31022
3146206;Ouro Verde de Minas (MG);101;119;82;104;60;47;45;47;33;41;21;26;5;7;2;2;1;1;310013;3103;31099
3146255;Padre Carvalho (MG);48;55;38;59;26;35;32;32;12;19;3;12;1;2;0;1;0;0;310008;3102;31098
3146305;Padre Paraíso (MG);266;273;204;244;168;154;110;105;71;54;28;40;12;18;5;12;5;5;310013;3103;31067
3146404;Paineiras (MG);91;108;66;63;49;51;31;46;19;24;9;14;0;0;0;0;0;0;310070;3113;31024
3146503;Pains (MG);124;146;97;117;72;81;51;71;26;33;6;13;5;3;0;4;0;0;310066;3113;31030
3146552;Pai Pedro (MG);73;97;49;48;39;48;36;21;9;17;10;7;5;2;1;3;0;0;310007;3102;31052
3146602;Paiva (MG);30;24;29;36;22;26;14;16;10;8;4;2;2;1;0;1;0;0;310027;3106;31013
3146701;Palma (MG);126;128;114;111;83;103;56;72;33;38;14;27;4;10;1;3;1;0;310032;3106;31044
3146750;Palmópolis (MG);121;128;103;111;77;76;43;40;27;18;15;15;7;13;1;3;0;0;310015;3103;31094
3146909;Papagaios (MG);126;153;97;138;85;77;41;45;41;44;35;42;4;10;3;1;2;0;310068;3113;31024
3147006;Paracatu (MG);788;824;579;587;396;460;265;305;165;216;96;136;27;50;6;15;5;6;310062;3112;31058
3147105;Pará de Minas (MG);906;1016;680;862;466;623;284;432;178;263;69;160;28;42;4;8;9;7;310068;3113;31032
3147204;Paraguaçu (MG);287;308;260;244;186;218;124;157;73;87;37;47;7;23;4;6;1;2;310042;3108;31001
3147303;Paraisópolis (MG);280;327;252;263;157;204;125;108;68;83;26;35;7;18;1;3;0;1;310052;3109;31003
3147402;Paraopeba (MG);215;245;169;199;112;153;75;99;31;61;19;27;9;7;1;3;2;2;310002;3101;31024
3147501;Passabém (MG);39;46;30;32;22;35;17;15;14;19;8;13;2;4;0;3;0;0;310005;3101;31021
3147600;Passa Quatro (MG);209;218;170;210;134;176;86;100;55;66;19;31;7;5;1;1;1;0;310053;3109;31008
3147709;Passa Tempo (MG);158;169;144;159;86;126;63;55;41;48;20;26;3;7;3;1;1;0;310069;3113;31088
3147808;Passa Vinte (MG);37;35;37;31;23;23;14;14;8;8;4;8;1;1;0;0;0;0;310027;3106;31090
3147907;Passos (MG);1439;1522;1092;1174;722;912;531;622;265;422;135;193;33;59;5;27;7;6;310041;3108;31092
3147956;Patis (MG);65;70;60;56;34;44;17;25;9;13;6;7;2;3;1;0;2;3;310006;3102;31049
3148004;Patos de Minas (MG);1634;1934;1163;1424;874;1070;512;686;265;431;139;224;47;67;6;24;5;13;310062;3112;31057
3148103;Patrocínio (MG);965;988;649;736;436;578;286;347;147;171;79;85;11;34;6;8;8;8;310064;3112;31074
3148202;Patrocínio do Muriaé (MG);77;95;86;75;61;85;42;50;26;29;17;21;0;11;1;3;0;1;310031;3106;31045
3148301;Paula Cândido (MG);128;167;136;137;78;120;64;53;41;45;18;16;6;6;0;1;0;0;310033;3106;31061
3148400;Paulistas (MG);80;107;72;100;56;81;29;53;21;37;6;15;3;8;0;2;1;0;310021;3104;31080
3148509;Pavão (MG);149;170;137;127;84;89;60;73;39;46;12;19;14;9;4;4;2;1;310013;3103;31062
3148608;Peçanha (MG);267;343;237;263;150;159;83;117;56;81;47;58;16;25;2;9;2;2;310021;3104;31080
3148707;Pedra Azul (MG);336;362;239;258;184;214;110;124;53;73;31;65;14;29;4;7;0;2;310018;3103;31068
3148756;Pedra Bonita (MG);69;54;55;59;45;37;30;29;23;20;13;6;1;4;1;0;0;0;310034;3106;31042
3148806;Pedra do Anta (MG);73;86;72;64;39;47;36;34;18;24;8;9;2;4;2;3;0;0;310033;3106;31061
3148905;Pedra do Indaiá (MG);82;69;83;50;40;38;24;27;13;15;5;4;2;1;0;1;2;0;310065;3113;31087
3149002;Pedra Dourada (MG);27;28;24;23;17;17;9;10;3;13;2;6;0;2;0;0;0;0;310034;3106;31042
3149101;Pedralva (MG);169;180;165;150;109;133;65;61;33;35;17;27;3;10;1;1;2;0;310052;3109;31003
3149150;Pedras de Maria da Cruz (MG);106;119;87;84;64;57;37;38;22;27;7;11;6;5;3;2;1;1;310009;3102;31053
3149200;Pedrinópolis (MG);65;65;47;46;40;37;10;19;15;6;3;10;2;3;1;0;1;0;310056;3110;31070
3149309;Pedro Leopoldo (MG);643;725;488;628;345;447;239;326;139;201;55;105;18;34;5;14;4;3;310001;3101;31025
3149408;Pedro Teixeira (MG);33;25;32;20;16;12;14;7;6;2;3;2;3;1;0;0;0;0;310027;3106;31090
3149507;Pequeri (MG);48;55;37;51;25;51;16;22;18;21;6;13;0;1;0;0;0;0;310035;3106;31047
3149606;Pequi (MG);68;77;61;57;47;47;33;30;17;21;3;8;0;1;0;0;0;0;310068;3113;31024
3149705;Perdigão (MG);102;94;78;63;60;51;35;33;29;30;11;13;3;3;0;0;0;0;310065;3113;31086
3149804;Perdizes (MG);179;158;145;91;86;75;49;38;16;35;10;11;6;4;0;1;0;2;310056;3110;31070
3149903;Perdões (MG);277;286;276;278;171;225;88;140;64;90;27;56;6;14;3;5;0;5;310043;3108;31004
3149952;Periquito (MG);108;136;115;100;65;54;31;47;24;22;15;13;5;6;1;3;1;1;310024;3105;31037
3150000;Pescador (MG);75;85;58;54;37;38;27;31;14;21;7;11;2;8;1;3;1;0;310013;3103;31096
3150109;Piau (MG);71;62;46;44;37;34;28;27;11;10;5;6;3;2;1;2;2;0;310027;3106;31097
3150158;Piedade de Caratinga (MG);72;66;66;65;47;33;20;30;15;13;6;8;1;4;0;2;0;0;310025;3105;31034
3150208;Piedade de Ponte Nova (MG);58;71;45;51;48;41;20;31;13;16;12;12;4;3;0;1;0;1;310030;3106;31060
3150307;Piedade do Rio Grande (MG);101;87;90;77;50;75;31;38;24;22;7;15;3;5;3;1;1;0;310039;3107;31015
3150406;Piedade dos Gerais (MG);99;71;66;70;35;68;36;40;18;13;7;9;2;1;0;0;2;0;310069;3113;31017
3150505;Pimenta (MG);120;117;79;81;64;73;47;51;23;27;12;17;1;4;1;2;0;0;310066;3113;31093
3150539;Pingo-d'Água (MG);62;47;44;42;38;29;21;14;6;10;2;8;1;2;0;0;0;0;310024;3105;31035
3150570;Pintópolis (MG);106;86;78;70;55;45;45;32;17;15;8;6;3;6;0;1;0;1;310011;3102;31049
3150604;Piracema (MG);113;116;121;113;89;98;56;59;27;32;9;15;6;2;0;1;0;0;310069;3113;31031
3150703;Pirajuba (MG);40;56;46;45;32;36;22;31;15;13;6;3;3;2;0;1;0;0;310057;3110;31071
3150802;Piranga (MG);248;285;211;279;192;192;114;153;71;64;24;48;9;16;1;3;0;3;310038;3107;31079
3150901;Piranguçu (MG);75;76;67;74;60;67;58;23;26;25;7;8;3;3;0;0;0;0;310052;3109;31003
3151008;Piranguinho (MG);140;122;97;91;73;80;38;32;19;26;9;18;5;3;0;1;0;0;310052;3109;31003
3151107;Pirapetinga (MG);156;135;124;145;83;111;73;80;23;45;18;27;1;12;2;1;0;0;310036;3106;31041
3151206;Pirapora (MG);477;566;354;515;304;396;183;249;100;192;58;92;13;35;3;16;8;9;310010;3102;31055
3151305;Piraúba (MG);226;205;168;167;143;137;75;84;38;56;12;25;3;7;0;3;1;0;310029;3106;31048
3151404;Pitangui (MG);274;338;261;280;163;236;130;179;70;106;37;50;13;26;2;6;1;3;310065;3113;31032
3151503;Piumhi (MG);409;487;387;410;248;341;185;191;83;148;46;55;18;19;3;0;3;5;310049;3108;31093
3151602;Planura (MG);137;118;80;90;62;43;30;35;25;16;7;5;4;5;0;0;2;2;310057;3110;31071
3151701;Poço Fundo (MG);256;217;222;189;155;163;128;112;56;62;25;26;7;10;2;2;1;2;310042;3108;31001
3151800;Poços de Caldas (MG);2065;2297;1578;1877;1141;1494;708;975;413;590;172;315;51;115;13;31;3;7;310051;3109;31006
3151909;Pocrane (MG);217;173;171;179;125;142;85;80;43;69;21;32;9;8;2;3;0;1;310028;3106;31059
3152006;Pompéu (MG);359;359;273;297;183;207;109;118;56;77;22;43;10;6;1;3;0;2;310067;3113;31024
3152105;Ponte Nova (MG);726;877;576;810;476;670;318;440;149;295;75;152;27;45;6;17;3;6;310030;3106;31060
3152131;Ponto Chique (MG);51;44;32;27;28;24;17;17;7;14;7;4;0;1;0;1;1;0;310010;3102;31055
3152170;Ponto dos Volantes (MG);208;193;141;123;86;88;48;56;41;50;24;25;7;11;1;5;1;1;310013;3103;31065
3152204;Porteirinha (MG);494;513;329;359;281;324;205;212;129;150;66;71;14;31;3;7;4;9;310007;3102;31052
3152303;Porto Firme (MG);141;187;153;155;111;116;68;84;35;36;10;19;5;6;1;3;0;0;310033;3106;31061
3152402;Poté (MG);218;280;218;238;169;187;100;136;75;72;36;38;4;15;2;5;2;5;310013;3103;31099
3152501;Pouso Alegre (MG);1365;1551;1016;1246;760;929;514;601;233;364;115;158;30;58;4;20;7;7;310050;3109;31007
3152600;Pouso Alto (MG);128;127;104;114;80;71;44;38;23;25;16;15;1;6;1;0;0;0;310053;3109;31008
3152709;Prados (MG);141;126;103;105;70;91;42;55;30;36;11;8;5;7;0;2;0;0;310039;3107;31015
3152808;Prata (MG);344;331;266;248;202;212;151;139;94;89;31;49;14;18;5;6;2;1;310059;3111;31075
3152907;Pratápolis (MG);175;196;147;158;106;130;69;83;35;51;12;21;5;4;3;2;1;0;310041;3108;31009
3153004;Pratinha (MG);60;59;39;40;31;27;25;21;13;9;2;5;2;0;0;1;0;0;310056;3110;31070
3153103;Presidente Bernardes (MG);107;116;101;113;81;88;44;43;30;33;10;16;4;3;0;0;0;0;310033;3106;31048
3153202;Presidente Juscelino (MG);85;57;51;59;29;30;22;17;17;16;10;14;2;2;0;2;0;1;310004;3101;31019
3153301;Presidente Kubitschek (MG);50;37;33;43;21;24;17;20;8;11;4;7;0;3;0;1;0;0;310016;3103;31026
3153400;Presidente Olegário (MG);266;279;236;208;136;160;79;86;42;53;13;25;4;13;2;2;1;0;310062;3112;31057
3153509;Alto Jequitibá (MG);123;113;125;118;76;98;63;61;35;36;16;21;6;9;1;2;0;0;310028;3106;31059
3153608;Prudente de Morais (MG);104;108;70;97;47;56;39;39;19;27;11;13;2;0;1;2;3;1;310002;3101;31024
3153707;Quartel Geral (MG);66;59;47;56;44;32;29;22;13;12;8;10;3;6;0;0;0;0;310067;3113;31024
3153806;Queluzito (MG);38;32;28;27;20;22;13;14;9;9;3;4;0;1;0;0;0;0;310038;3107;31079
3153905;Raposos (MG);112;186;102;144;68;142;39;84;23;53;11;21;2;8;2;1;1;1;310001;3101;31016
3154002;Raul Soares (MG);430;535;395;395;313;374;204;208;132;144;54;73;9;17;4;9;3;7;310025;3105;31060
3154101;Recreio (MG);195;217;185;209;133;162;102;111;44;59;26;44;6;12;2;2;1;2;310032;3106;31044
3154150;Reduto (MG);82;79;75;61;58;47;27;31;21;22;11;14;3;3;0;0;0;1;310028;3106;31059
3154200;Resende Costa (MG);171;195;159;164;105;128;76;79;43;54;18;22;3;11;1;1;0;2;310039;3107;31015
3154309;Resplendor (MG);294;348;253;281;181;223;125;148;85;83;47;45;13;21;5;5;1;3;310023;3104;31040
3154408;Ressaquinha (MG);73;64;43;75;47;57;30;24;12;17;3;12;1;3;1;0;0;0;310037;3107;31013
3154457;Riachinho (MG);118;107;77;66;64;53;37;29;13;15;5;6;2;2;0;0;1;0;310063;3112;31058
3154507;Riacho dos Machados (MG);108;134;66;92;76;59;33;35;29;37;13;26;3;6;1;3;0;1;310007;3102;31052
3154606;Ribeirão das Neves (MG);1943;2142;1326;1678;872;1106;493;709;252;389;109;206;23;64;11;21;8;12;310001;3101;31016
3154705;Ribeirão Vermelho (MG);67;74;61;87;35;55;39;43;7;20;15;18;2;2;0;1;0;0;310043;3108;31004
3154804;Rio Acima (MG);104;135;54;88;44;63;38;42;31;25;11;16;2;3;0;2;0;0;310001;3101;31016
3154903;Rio Casca (MG);207;260;221;226;146;199;101;121;70;73;31;34;12;10;1;2;0;1;310030;3106;31060
3155009;Rio Doce (MG);41;54;35;37;31;41;21;34;18;12;7;9;2;4;0;3;0;0;310030;3106;31060
3155108;Rio do Prado (MG);93;80;86;79;52;51;23;30;19;29;15;16;1;4;0;1;0;4;310015;3103;31094
3155207;Rio Espera (MG);137;144;121;111;68;89;51;67;38;42;15;16;6;7;1;4;0;1;310038;3107;31079
3155306;Rio Manso (MG);93;67;67;64;47;50;32;39;20;21;5;9;1;0;0;1;0;0;310069;3113;31017
3155405;Rio Novo (MG);131;172;127;124;102;114;55;77;34;53;12;32;7;15;2;3;1;0;310027;3106;31097
3155504;Rio Paranaíba (MG);169;167;143;112;105;96;45;52;35;45;16;20;5;9;0;1;0;2;310062;3112;31082
3155603;Rio Pardo de Minas (MG);334;327;224;261;180;215;102;115;42;71;16;39;3;12;5;7;4;9;310008;3102;31085
3155702;Rio Piracicaba (MG);201;226;160;215;120;141;67;114;42;63;17;33;9;6;3;7;2;0;310026;3105;31023
3155801;Rio Pomba (MG);318;292;252;276;210;246;129;153;77;109;30;58;10;17;4;9;0;2;310029;3106;31048
3155900;Rio Preto (MG);97;94;66;88;61;63;40;45;19;28;6;17;6;7;0;2;0;1;310027;3106;31090
3156007;Rio Vermelho (MG);247;276;176;234;140;145;100;107;34;61;22;26;4;8;1;4;1;1;310021;3104;31020
3156106;Ritápolis (MG);100;88;89;81;46;80;45;32;21;22;3;16;1;1;0;0;0;0;310039;3107;31015
3156205;Rochedo de Minas (MG);28;31;27;26;19;27;23;15;9;11;3;7;2;1;0;0;0;1;310035;3106;31047
3156304;Rodeiro (MG);84;83;65;76;51;40;27;23;13;20;4;10;2;1;0;3;1;0;310029;3106;31048
3156403;Romaria (MG);48;57;46;31;35;21;16;14;13;14;9;6;0;2;0;0;0;0;310061;3111;31074
3156452;Rosário da Limeira (MG);52;58;50;44;34;32;19;20;13;14;3;3;0;2;1;0;0;0;310031;3106;31045
3156502;Rubelita (MG);173;167;120;117;79;93;55;62;38;44;21;24;5;8;0;2;2;0;310008;3102;31098
3156601;Rubim (MG);193;174;141;154;107;107;63;57;42;64;20;40;12;10;5;3;1;2;310015;3103;31094
3156700;Sabará (MG);1228;1520;877;1147;552;833;329;541;175;329;77;145;29;58;12;19;13;11;310001;3101;31016
3156809;Sabinópolis (MG);238;276;210;270;141;182;111;147;72;88;31;62;11;18;7;1;2;3;310021;3104;31020
3156908;Sacramento (MG);323;350;261;309;190;221;122;131;82;94;40;55;15;17;5;5;1;1;310055;3110;31072
3157005;Salinas (MG);549;613;424;493;321;372;209;245;144;171;64;89;22;33;6;19;1;5;310008;3102;31098
3157104;Salto da Divisa (MG);106;114;91;94;58;71;34;49;30;32;14;25;9;6;1;5;2;3;310015;3103;31094
3157203;Santa Bárbara (MG);250;340;194;280;164;182;98;125;45;90;24;49;8;17;1;3;3;1;310003;3101;31021
3157252;Santa Bárbara do Leste (MG);96;102;82;87;63;57;40;32;11;12;12;14;4;3;1;3;0;0;310025;3105;31034
3157278;Santa Bárbara do Monte Verde (MG);64;44;45;35;19;23;17;18;9;9;5;4;1;3;0;1;0;1;310027;3106;31090
3157302;Santa Bárbara do Tugúrio (MG);87;78;69;70;42;56;31;28;24;17;9;6;4;2;0;1;0;0;310037;3107;31013
3157336;Santa Cruz de Minas (MG);82;90;65;64;43;47;28;29;15;28;8;17;2;1;0;1;0;1;310039;3107;31015
3157377;Santa Cruz de Salinas (MG);96;91;65;66;43;45;25;30;18;29;9;14;1;6;0;1;2;1;310008;3102;31098
3157401;Santa Cruz do Escalvado (MG);119;117;89;100;77;83;59;58;26;36;10;11;1;5;0;5;1;3;310030;3106;31060
3157500;Santa Efigênia de Minas (MG);70;70;44;67;41;38;19;18;18;24;5;10;1;4;1;2;0;0;310020;3104;31036
3157609;Santa Fé de Minas (MG);63;57;55;42;38;30;34;16;13;6;3;5;0;6;0;0;1;1;310010;3102;31055
3157658;Santa Helena de Minas (MG);97;90;66;57;55;58;39;31;25;30;10;15;4;4;0;5;0;1;310019;3103;31062
3157708;Santa Juliana (MG);104;120;73;92;52;62;35;48;29;25;15;16;3;1;0;0;0;1;310055;3110;31070
3157807;Santa Luzia (MG);1698;1989;1164;1559;698;1089;427;621;217;387;98;228;30;63;12;20;10;8;310001;3101;31016
3157906;Santa Margarida (MG);169;169;166;152;110;103;74;83;40;43;34;25;7;15;0;4;0;0;310028;3106;31059
3158003;Santa Maria de Itabira (MG);118;183;141;148;128;127;74;97;34;56;13;29;8;12;2;3;0;1;310005;3101;31021
3158102;Santa Maria do Salto (MG);83;83;75;80;47;38;43;41;33;33;18;13;6;7;0;2;2;1;310015;3103;31094
3158201;Santa Maria do Suaçuí (MG);205;248;156;222;130;132;89;96;44;85;32;32;6;18;3;7;1;0;310021;3104;31081
3158300;Santana da Vargem (MG);106;78;71;75;53;60;26;44;23;15;10;11;2;0;0;0;0;2;310046;3108;31011
3158409;Santana de Cataguases (MG);68;66;63;52;49;48;32;26;9;16;7;11;5;4;3;1;1;0;310032;3106;31044
3158508;Santana de Pirapama (MG);190;170;135;137;116;103;70;69;40;46;22;16;3;5;2;5;0;3;310002;3101;31024
3158607;Santana do Deserto (MG);69;59;46;51;37;44;26;27;11;20;8;3;2;3;2;4;0;1;310027;3106;31097
3158706;Santana do Garambéu (MG);27;30;27;25;20;25;19;13;5;7;2;2;1;0;0;0;1;0;310037;3107;31013
3158805;Santana do Jacaré (MG);75;93;65;81;55;53;43;40;18;25;10;9;4;5;1;2;1;0;310048;3108;31089
3158904;Santana do Manhuaçu (MG);122;113;130;91;76;67;57;46;27;25;11;13;4;6;1;0;0;2;310028;3106;31059
3158953;Santana do Paraíso (MG);204;182;158;168;117;116;53;77;45;47;12;25;6;6;0;6;1;1;310024;3105;31037
3159001;Santana do Riacho (MG);65;62;48;64;41;47;33;32;16;8;7;4;2;6;1;1;0;0;310002;3101;31025
3159100;Santana dos Montes (MG);52;55;44;67;43;43;27;32;18;17;5;8;5;4;1;1;0;0;310038;3107;31079
3159209;Santa Rita de Caldas (MG);157;146;152;149;118;115;80;67;48;37;18;19;6;11;3;1;0;1;310051;3109;31006
3159308;Santa Rita de Jacutinga (MG);107;116;97;89;74;72;44;49;34;39;12;12;4;6;1;1;1;0;310027;3106;31090
3159357;Santa Rita de Minas (MG);71;88;59;70;50;52;26;28;17;12;8;13;5;2;0;3;1;1;310025;3105;31034
3159407;Santa Rita de Ibitipoca (MG);81;56;45;61;42;33;29;19;5;14;9;9;3;0;1;2;0;0;310037;3107;31013
3159506;Santa Rita do Itueto (MG);91;75;67;78;58;54;55;22;13;18;10;9;3;3;2;1;0;0;310023;3104;31040
3159605;Santa Rita do Sapucaí (MG);402;445;343;425;283;310;199;237;92;138;57;65;15;21;5;5;2;2;310050;3109;31007
3159704;Santa Rosa da Serra (MG);45;47;42;30;18;37;27;18;15;13;1;7;0;0;1;1;0;0;310056;3110;31082
3159803;Santa Vitória (MG);358;243;213;216;202;130;140;97;63;47;51;27;15;9;3;5;2;0;310060;3111;31073
3159902;Santo Antônio do Amparo (MG);211;236;190;176;126;165;73;103;35;52;21;27;4;9;3;4;0;1;310043;3108;31088
3160009;Santo Antônio do Aventureiro (MG);72;67;61;66;49;42;37;25;19;21;3;7;4;2;1;0;1;0;310036;3106;31041
3160108;Santo Antônio do Grama (MG);78;81;59;76;53;50;29;36;28;26;7;20;0;5;0;1;0;0;310030;3106;31060
3160207;Santo Antônio do Itambé (MG);65;73;53;68;37;43;30;24;11;16;4;9;2;4;3;0;0;0;310016;3103;31095
3160306;Santo Antônio do Jacinto (MG);185;173;149;143;110;112;75;60;58;49;20;23;10;16;2;4;0;3;310015;3103;31094
3160405;Santo Antônio do Monte (MG);346;342;273;309;181;221;132;127;64;85;33;40;10;17;3;0;0;1;310065;3113;31087
3160454;Santo Antônio do Retiro (MG);82;104;76;72;38;48;17;33;9;16;7;10;1;2;0;2;1;0;310012;3102;31085
3160504;Santo Antônio do Rio Abaixo (MG);26;36;29;29;13;29;14;14;5;12;4;5;2;0;0;1;0;0;310005;3101;31021
3160603;Santo Hipólito (MG);62;66;51;59;37;30;29;23;7;13;5;9;2;1;2;1;1;0;310004;3101;31019
3160702;Santos Dumont (MG);663;813;541;712;390;527;230;359;138;246;65;112;18;45;7;13;1;2;310027;3106;31046
3160801;São Bento Abade (MG);51;43;35;35;24;24;17;10;7;10;7;0;1;5;0;0;0;1;310045;3108;31010
3160900;São Brás do Suaçuí (MG);57;64;67;45;41;44;32;29;14;20;8;13;2;3;0;0;0;0;310038;3107;31078
3160959;São Domingos das Dores (MG);63;67;34;40;29;24;39;18;13;12;5;6;1;2;0;0;0;0;310025;3105;31034
3161007;São Domingos do Prata (MG);321;352;244;290;240;271;130;173;92;126;41;53;8;16;2;7;0;0;310026;3105;31023
3161056;São Félix de Minas (MG);77;68;52;54;34;24;26;24;16;12;12;8;2;1;0;0;2;0;310022;3104;31038
3161106;São Francisco (MG);622;708;476;557;359;386;213;197;118;127;48;75;21;29;6;11;2;6;310011;3102;31049
3161205;São Francisco de Paula (MG);80;87;99;83;81;72;36;41;17;24;6;10;6;3;0;0;1;1;310069;3113;31088
3161304;São Francisco de Sales (MG);98;67;77;70;52;37;28;20;18;13;9;7;3;1;3;2;1;1;310058;3110;31071
3161403;São Francisco do Glória (MG);92;85;87;93;63;73;42;43;33;25;13;16;2;5;4;0;1;1;310031;3106;31045
3161502;São Geraldo (MG);159;160;116;143;115;118;74;80;30;37;18;23;8;11;1;5;0;2;310029;3106;31048
3161601;São Geraldo da Piedade (MG);75;87;70;64;41;37;31;29;18;21;8;14;1;5;2;1;2;1;310020;3104;31036
3161650;São Geraldo do Baixio (MG);59;53;45;50;25;24;16;16;8;8;3;5;1;1;0;1;0;0;310020;3104;31036
3161700;São Gonçalo do Abaeté (MG);88;80;70;79;63;33;31;23;15;11;8;14;1;2;0;0;1;0;310062;3112;31057
3161809;São Gonçalo do Pará (MG);158;169;114;128;81;90;39;62;32;45;11;17;6;5;1;2;0;1;310065;3113;31086
3161908;São Gonçalo do Rio Abaixo (MG);120;124;75;115;65;82;47;58;26;36;14;24;4;7;1;1;0;1;310026;3105;31021
3162005;São Gonçalo do Sapucaí (MG);326;295;263;316;194;262;110;139;66;79;43;53;4;17;1;7;0;2;310040;3108;31012
3162104;São Gotardo (MG);371;363;267;299;186;212;111;137;76;93;41;51;11;14;6;11;1;2;310062;3112;31082
3162203;São João Batista do Glória (MG);76;98;71;60;47;52;42;36;23;28;9;12;4;4;0;2;1;0;310041;3108;31092
3162252;São João da Lagoa (MG);71;66;45;58;46;28;19;28;14;13;4;7;0;3;0;0;2;0;310006;3102;31050
3162302;São João da Mata (MG);40;39;45;34;32;21;11;15;9;11;5;2;0;1;0;0;0;0;310050;3109;31007
3162401;São João da Ponte (MG);315;357;283;289;197;191;125;109;76;60;28;40;14;13;6;7;3;6;310006;3102;31049
3162450;São João das Missões (MG);135;124;76;82;56;54;40;46;22;33;15;15;4;7;0;1;1;1;310009;3102;31076
3162500;São João del Rei (MG);1178;1451;928;1307;618;1004;411;683;240;411;97;215;26;70;9;18;4;9;310039;3107;31015
3162559;São João do Manhuaçu (MG);100;110;85;77;68;56;32;37;21;23;12;16;6;2;1;3;1;1;310028;3106;31059
3162575;São João do Manteninha (MG);83;89;80;111;70;47;32;38;21;26;9;12;4;3;2;0;1;1;310022;3104;31038
3162609;São João do Oriente (MG);156;146;121;110;96;108;63;53;26;41;18;16;4;6;0;1;4;1;310024;3105;31037
3162658;São João do Pacuí (MG);63;54;47;44;26;35;17;15;10;11;6;9;1;2;1;3;1;0;310006;3102;31050
3162708;São João do Paraíso (MG);295;301;184;229;162;177;90;108;55;86;27;39;7;13;2;4;2;3;310008;3102;31085
3162807;São João Evangelista (MG);256;282;198;235;155;193;88;128;46;92;19;45;7;10;2;6;3;1;310021;3104;31080
3162906;São João Nepomuceno (MG);366;428;356;407;307;358;199;238;79;127;62;105;16;31;7;6;2;3;310035;3106;31047
3162922;São Joaquim de Bicas (MG);206;207;161;188;118;110;75;71;28;43;9;19;2;3;1;2;0;1;310001;3101;31017
3162948;São José da Barra (MG);88;66;57;56;43;38;37;28;14;10;4;6;3;3;0;1;0;0;310041;3108;31092
3162955;São José da Lapa (MG);151;170;121;121;80;95;57;77;19;41;15;29;1;9;3;2;0;0;310001;3101;31025
3163003;São José da Safira (MG);55;47;46;55;25;25;20;18;7;4;5;9;0;3;1;0;0;0;310020;3104;31036
3163102;São José da Varginha (MG);47;35;46;47;37;21;16;16;8;9;1;6;2;2;0;0;1;0;310068;3113;31032
3163201;São José do Alegre (MG);67;77;66;48;36;43;30;28;13;14;8;9;0;2;0;0;0;0;310052;3109;31003
3163300;São José do Divino (MG);58;70;41;55;25;33;24;33;11;8;5;5;2;2;0;1;1;1;310013;3103;31096
3163409;São José do Goiabal (MG);91;113;78;97;64;72;39;49;36;28;10;12;1;7;1;1;2;1;310024;3105;31060
3163508;São José do Jacuri (MG);108;124;111;98;54;73;46;44;23;35;15;14;5;13;2;1;0;0;310021;3104;31080
3163607;São José do Mantimento (MG);52;40;27;33;27;25;24;17;10;13;4;3;2;1;0;0;0;0;310028;3106;31059
3163706;São Lourenço (MG);534;649;443;559;373;486;228;357;148;226;68;128;21;30;3;5;1;2;310053;3109;31008
3163805;São Miguel do Anta (MG);107;119;115;118;87;92;50;44;31;42;11;25;5;9;4;3;0;0;310033;3106;31061
3163904;São Pedro da União (MG);102;91;86;66;53;72;53;40;21;25;9;10;3;3;0;0;0;1;310044;3108;31002
3164001;São Pedro dos Ferros (MG);133;163;162;139;89;111;80;75;42;43;19;23;7;5;3;2;0;2;310030;3106;31060
3164100;São Pedro do Suaçuí (MG);108;101;91;120;80;60;31;59;22;44;13;26;5;7;2;2;0;1;310021;3104;31080
3164209;São Romão (MG);96;102;91;71;48;64;37;30;14;24;11;15;7;2;0;1;0;0;310011;3102;31049
3164308;São Roque de Minas (MG);127;106;86;94;58;54;45;37;23;26;10;6;4;4;0;1;0;0;310049;3108;31093
3164407;São Sebastião da Bela Vista (MG);64;61;62;49;39;43;26;22;11;14;11;5;3;1;0;0;0;0;310050;3109;31007
3164431;São Sebastião da Vargem Alegre (MG);38;37;33;26;19;28;16;14;5;7;2;4;1;1;1;0;1;0;310031;3106;31045
3164472;São Sebastião do Anta (MG);47;50;51;48;33;31;16;33;8;15;6;4;2;4;0;0;0;1;310025;3105;31034
3164506;São Sebastião do Maranhão (MG);169;189;145;174;102;130;69;87;37;43;13;20;4;7;1;6;2;0;310021;3104;31081
3164605;São Sebastião do Oeste (MG);97;81;80;85;63;41;38;28;20;26;19;14;1;4;1;0;0;0;310065;3113;31086
3164704;São Sebastião do Paraíso (MG);924;947;716;871;588;634;324;414;174;256;72;116;28;41;7;12;0;2;310047;3108;31009
3164803;São Sebastião do Rio Preto (MG);29;55;29;32;20;24;14;19;2;7;2;4;2;5;1;1;0;1;310005;3101;31021
3164902;São Sebastião do Rio Verde (MG);35;46;38;29;25;33;16;25;6;5;7;4;2;2;0;1;0;1;310053;3109;31008
3165008;São Tiago (MG);202;190;135;154;115;156;67;76;40;44;12;27;8;7;1;2;1;1;310039;3107;31015
3165107;São Tomás de Aquino (MG);134;126;111;99;68;87;49;61;32;24;15;16;0;8;5;1;0;1;310047;3108;31009
3165206;São Tomé das Letras (MG);95;73;67;60;37;41;19;18;20;9;4;6;0;2;1;1;0;0;310045;3108;31010
3165305;São Vicente de Minas (MG);76;110;81;91;64;64;51;62;12;28;3;12;2;8;0;2;0;0;310039;3107;31015
3165404;Sapucaí-Mirim (MG);74;78;70;51;70;48;31;26;15;11;3;8;4;3;1;0;0;1;310052;3109;31003
3165503;Sardoá (MG);74;74;51;49;31;39;23;24;7;18;8;9;0;8;0;1;0;0;310020;3104;31036
3165537;Sarzedo (MG);148;156;103;128;70;96;54;53;14;24;7;15;3;7;0;1;0;0;310001;3101;31018
3165552;Setubinha (MG);103;107;75;102;47;59;42;55;32;31;12;17;6;7;1;2;0;2;310013;3103;31099
3165560;Sem-Peixe (MG);77;86;65;53;49;38;22;23;16;22;7;5;4;6;1;1;2;1;310030;3106;31060
3165578;Senador Amaral (MG);66;53;58;45;34;18;19;14;11;5;3;5;0;0;0;0;0;0;310050;3109;31007
3165602;Senador Cortes (MG);41;33;35;31;27;25;16;16;12;11;5;5;1;4;1;1;0;0;310035;3106;31047
3165701;Senador Firmino (MG);121;131;111;122;81;103;49;58;35;33;5;13;4;5;3;1;1;1;310029;3106;31048
3165800;Senador José Bento (MG);52;55;53;36;29;28;25;17;15;8;7;6;3;2;0;0;0;0;310050;3109;31007
3165909;Senador Modestino Gonçalves (MG);81;79;55;63;36;50;24;33;14;23;9;17;1;6;1;2;0;0;310016;3103;31026
3166006;Senhora de Oliveira (MG);96;102;84;102;70;64;37;39;18;27;11;12;1;8;1;1;0;0;310038;3107;31079
3166105;Senhora do Porto (MG);76;103;66;84;53;40;31;26;19;23;9;21;7;4;0;1;0;1;310021;3104;31020
3166204;Senhora dos Remédios (MG);136;160;110;121;101;109;67;66;43;56;24;27;4;9;0;1;0;0;310037;3107;31013
3166303;Sericita (MG);102;101;75;83;51;55;31;35;19;17;7;14;0;1;0;0;0;2;310030;3106;31060
3166402;Seritinga (MG);25;28;23;27;26;21;10;15;4;7;4;4;1;1;0;0;0;0;310054;3109;31008
3166501;Serra Azul de Minas (MG);44;70;45;47;36;22;32;25;9;11;11;16;2;2;0;0;0;2;310016;3103;31095
3166600;Serra da Saudade (MG);12;11;11;14;13;7;7;6;2;2;0;1;2;0;0;0;0;0;310067;3113;31028
3166709;Serra dos Aimorés (MG);129;165;102;136;82;79;63;65;38;48;30;32;8;12;3;13;2;2;310013;3103;31066
3166808;Serra do Salitre (MG);126;104;78;89;59;59;40;36;21;22;9;9;3;8;2;1;0;0;310064;3112;31057
3166907;Serrania (MG);112;98;102;81;74;87;63;49;18;33;15;14;2;5;0;0;0;1;310042;3108;31001
3166956;Serranópolis de Minas (MG);54;82;41;37;42;40;19;29;12;16;8;9;3;6;0;1;1;0;310007;3102;31052
3167004;Serranos (MG);47;44;29;33;24;21;15;14;12;10;2;3;1;3;0;0;0;0;310054;3109;31008
3167103;Serro (MG);238;301;224;315;202;211;112;148;71;85;35;47;6;25;4;7;1;1;310016;3103;31095
3167202;Sete Lagoas (MG);2054;2593;1508;1945;1080;1455;596;960;343;594;190;343;49;96;18;33;6;10;310002;3101;31024
3167301;Silveirânia (MG);42;48;46;40;26;17;11;17;12;7;2;3;2;3;1;0;0;0;310029;3106;31048
3167400;Silvianópolis (MG);121;116;95;91;71;72;37;53;26;35;12;26;2;11;4;3;0;0;310050;3109;31007
3167509;Simão Pereira (MG);40;51;36;34;20;27;21;13;8;11;5;8;0;0;0;3;0;0;310027;3106;31097
3167608;Simonésia (MG);259;235;178;176;123;112;80;97;53;64;37;42;6;5;1;1;1;2;310028;3106;31059
3167707;Sobrália (MG);114;115;98;116;84;78;58;43;25;26;15;18;5;4;1;2;0;2;310020;3104;31036
3167806;Soledade de Minas (MG);95;105;70;71;63;53;29;47;18;26;16;7;1;6;0;1;1;0;310053;3109;31008
3167905;Tabuleiro (MG);93;78;73;97;69;66;26;41;24;25;11;8;2;6;0;1;1;0;310029;3106;31048
3168002;Taiobeiras (MG);337;416;270;326;199;237;134;141;77;99;42;63;18;25;3;11;5;3;310008;3102;31085
3168051;Taparuba (MG);72;66;62;46;45;30;26;27;18;18;8;16;3;7;0;1;0;0;310028;3106;31059
3168101;Tapira (MG);48;50;36;46;29;25;16;22;19;15;5;9;2;2;0;1;0;1;310056;3110;31070
3168200;Tapiraí (MG);44;39;27;25;23;18;12;5;6;4;4;3;2;0;0;0;0;0;310066;3113;31030
3168309;Taquaraçu de Minas (MG);64;45;44;45;25;35;36;24;19;15;4;12;0;3;1;0;1;2;310001;3101;31016
3168408;Tarumirim (MG);290;293;231;281;199;203;118;125;75;68;34;43;13;20;5;6;3;1;310020;3104;31036
3168507;Teixeiras (MG);172;207;188;166;126;143;86;106;39;59;21;35;9;11;1;3;2;0;310033;3106;31061
3168606;Teófilo Otoni (MG);1819;2181;1527;1836;1066;1354;637;895;386;627;200;421;68;170;18;59;10;23;310013;3103;31099
3168705;Timóteo (MG);894;986;690;777;470;538;268;300;111;178;62;99;8;31;4;11;1;6;310024;3105;31035
3168804;Tiradentes (MG);75;82;55;72;49;50;28;27;9;16;5;5;1;5;0;2;0;0;310039;3107;31015
3168903;Tiros (MG);140;138;121;112;103;94;64;65;37;31;21;22;4;7;2;1;0;0;310062;3112;31082
3169000;Tocantins (MG);251;256;241;219;150;151;98;109;58;63;27;46;10;10;0;1;1;2;310029;3106;31048
3169059;Tocos do Moji (MG);62;72;60;38;38;32;25;23;11;12;3;8;3;4;1;1;0;1;310050;3109;31007
3169109;Toledo (MG);106;80;88;67;61;60;31;34;22;18;7;4;4;3;0;2;1;1;310050;3109;31007
3169208;Tombos (MG);216;237;167;186;149;148;104;108;65;68;25;38;6;19;1;3;0;2;310034;3106;31042
3169307;Três Corações (MG);823;936;671;740;460;562;276;383;159;229;73;118;18;46;8;13;7;6;310045;3108;31010
3169356;Três Marias (MG);252;270;164;195;118;163;89;103;43;60;12;28;1;14;0;2;0;1;310004;3101;31019
3169406;Três Pontas (MG);620;690;564;636;426;460;232;299;133;182;61;100;15;25;4;11;6;6;310046;3108;31011
3169505;Tumiritinga (MG);103;100;89;64;64;56;42;43;22;22;18;19;5;7;0;1;2;1;310020;3104;31036
3169604;Tupaciguara (MG);453;445;365;348;265;304;205;184;104;115;42;59;20;15;4;10;4;2;310059;3111;31075
3169703;Turmalina (MG);188;211;159;197;86;111;64;82;38;67;16;32;7;11;2;4;0;1;310014;3103;31027
3169802;Turvolândia (MG);81;63;61;55;42;33;23;25;4;17;5;6;2;3;0;0;0;0;310050;3109;31007
3169901;Ubá (MG);1125;1258;884;1091;689;856;414;561;210;322;100;193;26;74;15;13;6;6;310029;3106;31048
3170008;Ubaí (MG);143;156;103;96;75;77;44;52;32;41;6;17;5;8;0;2;0;2;310011;3102;31049
3170057;Ubaporanga (MG);165;185;151;135;113;90;81;60;34;45;14;13;4;5;2;6;2;1;310025;3105;31034
3170107;Uberaba (MG);3757;4494;2922;3681;2014;2755;1264;1745;700;1089;342;582;145;243;40;71;18;19;310055;3110;31072
3170206;Uberlândia (MG);5892;7012;4319;5089;2918;3888;1886;2452;985;1355;434;748;139;258;51;86;27;33;310059;3111;31075
3170305;Umburatiba (MG);47;49;30;36;32;23;19;17;11;13;8;4;7;1;1;1;1;0;310019;3103;31062
3170404;Unaí (MG);902;826;608;652;417;438;275;246;129;145;65;70;16;29;3;10;4;3;310063;3112;31058
3170438;União de Minas (MG);90;46;56;46;46;41;23;18;15;10;4;3;1;1;1;0;0;0;310058;3110;31071
3170479;Uruana de Minas (MG);59;57;41;35;27;14;11;20;12;5;1;2;2;0;1;2;0;0;310063;3112;31058
3170503;Urucânia (MG);144;152;106;126;68;86;49;55;16;36;13;27;3;7;2;3;3;0;310030;3106;31060
3170529;Urucuia (MG);134;115;105;67;68;58;39;26;24;32;11;13;4;6;0;1;3;1;310063;3112;31049
3170578;Vargem Alegre (MG);107;109;97;82;69;77;41;41;19;31;13;9;1;1;1;2;2;0;310025;3105;31034
3170602;Vargem Bonita (MG);39;42;36;23;17;18;14;12;9;10;11;2;3;1;0;0;0;0;310049;3108;31093
3170651;Vargem Grande do Rio Pardo (MG);54;62;43;48;33;40;22;24;10;14;6;4;2;0;1;1;1;0;310008;3102;31085
3170701;Varginha (MG);1320;1496;1032;1183;713;989;412;632;244;327;95;196;31;71;6;18;4;7;310040;3108;31012
3170750;Varjão de Minas (MG);50;51;40;53;20;24;14;12;9;7;6;4;1;6;0;0;1;0;310062;3112;31057
3170800;Várzea da Palma (MG);347;345;259;261;168;187;101;122;60;60;24;32;16;14;4;6;0;5;310010;3102;31055
3170909;Varzelândia (MG);260;259;211;233;146;153;80;100;50;82;29;29;9;7;4;8;1;2;310006;3102;31049
3171006;Vazante (MG);248;242;153;168;92;103;65;79;31;47;10;20;2;7;5;2;0;1;310062;3112;31057
3171030;Verdelândia (MG);80;69;60;52;40;34;22;16;11;9;3;13;1;4;1;1;0;1;310007;3102;31052
3171071;Veredinha (MG);71;72;52;57;36;46;23;27;10;17;5;12;1;1;1;0;0;2;310014;3103;31027
3171105;Veríssimo (MG);61;47;50;35;31;26;25;10;12;8;6;3;1;2;0;1;0;0;310055;3110;31072
3171154;Vermelho Novo (MG);75;57;54;65;37;46;25;35;14;17;15;9;5;3;1;0;0;1;310025;3105;31034
3171204;Vespasiano (MG);682;748;457;606;288;377;172;243;83;157;50;77;10;30;6;9;7;7;310001;3101;31025
3171303;Viçosa (MG);750;894;628;692;421;573;293;389;145;204;77;125;32;39;6;19;4;5;310033;3106;31061
3171402;Vieiras (MG);55;71;57;59;42;39;37;23;10;12;8;10;4;1;2;3;0;0;310031;3106;31045
3171501;Mathias Lobato (MG);30;50;28;46;27;21;18;25;14;13;12;3;3;1;0;1;0;2;310020;3104;31036
3171600;Virgem da Lapa (MG);196;253;165;195;92;155;58;106;42;56;21;38;10;16;1;8;0;0;310017;3103;31064
3171709;Virgínia (MG);131;117;124;144;97;90;61;64;30;27;19;13;4;4;1;3;2;0;310053;3109;31008
3171808;Virginópolis (MG);164;196;116;159;116;116;65;105;36;59;20;32;3;7;0;2;1;1;310021;3104;31020
3171907;Virgolândia (MG);131;149;86;118;72;89;51;55;36;34;16;17;3;5;2;1;0;2;310020;3104;31036
3172004;Visconde do Rio Branco (MG);460;568;417;486;289;397;220;239;81;175;49;91;8;30;4;7;0;2;310029;3106;31048
3172103;Volta Grande (MG);81;72;74;85;55;67;37;45;21;33;8;7;2;7;0;1;0;1;310036;3106;31041
3172202;Wenceslau Braz (MG);49;46;44;36;27;25;16;20;11;5;3;3;2;3;0;0;1;0;310052;3109;31003
3200102;Afonso Cláudio (ES);458;484;375;409;291;322;202;209;93;109;47;59;11;26;6;7;2;2;320002;3201;32002
3200136;Águia Branca (ES);159;134;115;97;98;67;38;39;21;30;14;13;4;9;1;5;0;1;320005;3203;32005
3200169;Água Doce do Norte (ES);198;187;161;166;114;116;74;73;43;39;22;19;8;5;0;4;1;3;320006;3203;32005
3200201;Alegre (ES);495;508;480;456;356;380;230;248;133;154;66;100;18;39;8;11;2;4;320008;3204;32004
3200300;Alfredo Chaves (ES);229;188;172;154;149;140;91;84;54;76;36;30;3;15;5;2;1;3;320001;3201;32004
3200359;Alto Rio Novo (ES);100;107;101;83;67;49;42;23;17;13;6;11;1;1;0;2;0;0;320005;3203;32005
3200409;Anchieta (ES);238;261;221;199;167;158;108;99;48;68;22;45;5;19;2;2;2;2;320001;3201;32004
3200508;Apiacá (ES);140;134;123;132;98;85;53;53;33;25;15;22;6;12;1;1;0;0;320008;3204;32004
3200607;Aracruz (ES);631;673;530;571;394;404;256;277;138;177;67;98;15;31;5;18;2;3;320004;3202;32002
3200706;Atílio Vivácqua (ES);101;118;110;112;91;83;50;67;22;35;14;21;3;3;1;2;0;2;320007;3204;32004
3200805;Baixo Guandu (ES);429;488;361;395;249;276;161;206;92;120;63;77;18;29;3;13;2;0;320005;3203;32005
3200904;Barra de São Francisco (ES);555;628;473;499;361;312;207;200;135;130;64;78;24;32;6;19;5;5;320006;3203;32005
3201001;Boa Esperança (ES);162;181;160;158;113;97;91;70;27;32;23;17;6;4;3;4;0;1;320003;3202;32005
3201100;Bom Jesus do Norte (ES);138;168;123;144;110;119;55;76;38;58;23;28;8;17;1;3;0;1;320008;3204;32004
3201159;Brejetuba (ES);129;89;81;80;64;53;25;27;19;19;5;6;1;6;1;1;0;0;320002;3201;32002
3201209;Cachoeiro de Itapemirim (ES);2182;2556;1721;2117;1336;1545;770;1022;398;632;216;360;79;125;21;48;6;15;320007;3204;32004
3201308;Cariacica (ES);3248;3992;2509;3102;1785;2381;1011;1411;560;808;254;456;97;169;24;68;25;24;320001;3201;32002
3201407;Castelo (ES);526;523;414;426;321;334;193;222;114;145;55;81;18;26;5;9;1;1;320007;3204;32004
3201506;Colatina (ES);1529;1777;1195;1485;957;993;522;697;316;457;143;245;69;91;18;30;5;10;320005;3203;32005
3201605;Conceição da Barra (ES);327;331;253;245;176;166;96;96;64;79;34;43;16;15;5;7;4;3;320003;3202;32005
3201704;Conceição do Castelo (ES);151;152;129;134;108;106;54;57;43;39;11;16;8;4;1;1;0;0;320002;3201;32002
3201803;Divino de São Lourenço (ES);49;45;59;41;38;32;29;26;18;12;12;8;4;3;1;1;0;0;320008;3204;32004
3201902;Domingos Martins (ES);440;412;321;334;271;314;156;216;86;117;29;54;11;12;3;3;3;0;320002;3201;32002
3202009;Dores do Rio Preto (ES);102;72;71;76;53;59;33;34;17;22;5;8;1;3;0;3;0;1;320008;3204;32004
3202108;Ecoporanga (ES);339;370;307;320;211;208;141;147;98;85;49;60;13;18;8;9;1;5;320006;3203;32005
3202207;Fundão (ES);184;185;125;177;135;152;91;84;36;49;26;27;13;19;1;4;2;4;320001;3201;32002
3202306;Guaçuí (ES);333;380;293;323;237;307;158;186;80;111;32;49;10;36;7;11;3;4;320008;3204;32004
3202405;Guarapari (ES);1065;1175;886;873;622;667;375;403;178;244;74;124;35;45;7;18;5;4;320001;3201;32002
3202454;Ibatiba (ES);236;218;184;233;153;149;96;100;57;54;24;32;7;10;1;3;1;1;320008;3204;32002
3202504;Ibiraçu (ES);126;131;117;108;83;108;61;71;35;33;18;24;8;10;2;1;1;0;320004;3202;32002
3202553;Ibitirama (ES);118;88;86;99;84;65;39;27;17;22;21;11;6;4;0;2;1;0;320008;3204;32004
3202603;Iconha (ES);159;181;133;134;80;95;56;86;36;40;19;25;7;10;1;5;1;1;320007;3204;32004
3202652;Irupi (ES);128;113;120;102;90;64;47;47;24;33;12;11;10;6;3;2;2;0;320008;3204;32004
3202702;Itaguaçu (ES);234;273;238;233;141;181;117;96;48;69;26;39;10;10;2;5;1;1;320005;3203;32002
3202801;Itapemirim (ES);358;350;288;302;192;215;119;138;91;66;55;51;9;20;5;5;4;7;320007;3204;32004
3202900;Itarana (ES);193;179;159;176;123;132;73;82;47;52;18;29;10;6;0;5;0;0;320002;3201;32002
3203007;Iúna (ES);318;340;285;277;204;231;114;133;72;74;39;35;6;14;2;5;0;3;320008;3204;32004
3203056;Jaguaré (ES);208;199;172;164;123;96;76;77;34;51;13;18;7;2;3;2;0;1;320003;3202;32005
3203106;Jerônimo Monteiro (ES);158;172;173;163;118;118;75;92;53;44;29;16;6;13;2;0;1;1;320007;3204;32004
3203130;João Neiva (ES);186;252;203;217;181;166;105;99;59;66;32;45;12;16;3;4;0;2;320004;3202;32002
3203163;Laranja da Terra (ES);186;196;164;151;112;125;65;78;50;58;11;29;10;6;2;3;0;3;320002;3201;32002
3203205;Linhares (ES);1232;1311;965;1086;720;770;458;425;243;296;110;149;37;60;18;25;7;5;320004;3202;32005
3203304;Mantenópolis (ES);204;174;164;158;107;128;72;76;40;45;22;22;8;3;1;3;0;0;320005;3203;32005
3203320;Marataízes (ES);428;402;304;339;241;241;138;147;66;86;35;54;11;14;2;7;0;1;320007;3204;32004
3203346;Marechal Floriano (ES);183;186;160;118;92;118;70;72;38;53;23;37;16;9;4;0;0;0;320002;3201;32002
3203353;Marilândia (ES);171;156;134;140;96;99;73;65;24;38;19;19;8;13;2;0;1;2;320005;3203;32005
3203403;Mimoso do Sul (ES);393;459;322;340;274;277;150;183;87;102;51;80;16;29;4;7;4;2;320007;3204;32004
3203502;Montanha (ES);252;288;204;240;172;158;115;110;66;76;36;50;12;24;4;8;1;1;320003;3202;32005
3203601;Mucurici (ES);92;98;68;62;46;53;28;32;27;20;12;7;5;5;2;1;1;3;320003;3202;32005
3203700;Muniz Freire (ES);270;254;208;224;200;180;124;91;73;64;26;39;10;19;3;2;0;2;320008;3204;32004
3203809;Muqui (ES);225;241;187;221;145;156;91;119;46;75;33;37;8;15;1;3;2;2;320007;3204;32004
3203908;Nova Venécia (ES);561;600;464;448;361;373;232;209;112;126;50;72;18;27;10;11;6;2;320006;3203;32005
3204005;Pancas (ES);289;279;218;245;183;172;80;95;52;61;18;28;8;12;3;3;2;0;320005;3203;32005
3204054;Pedro Canário (ES);240;245;190;200;147;155;94;71;57;55;31;34;6;17;3;9;1;3;320003;3202;32005
3204104;Pinheiros (ES);304;298;269;271;185;182;101;115;67;69;36;50;17;22;5;10;5;3;320003;3202;32005
3204203;Piúma (ES);202;214;154;169;90;106;65;62;36;37;20;26;3;11;3;2;0;2;320001;3201;32004
3204252;Ponto Belo (ES);117;104;87;81;70;55;38;49;24;30;14;13;8;5;1;2;2;3;320003;3202;32005
3204302;Presidente Kennedy (ES);147;135;105;122;90;76;57;45;37;32;19;14;6;8;2;2;0;1;320007;3204;32004
3204351;Rio Bananal (ES);209;198;175;177;146;131;70;77;39;46;26;19;2;9;1;0;2;1;320004;3202;32005
3204401;Rio Novo do Sul (ES);177;161;126;147;109;123;80;90;41;66;26;27;7;8;1;4;2;0;320007;3204;32004
3204500;Santa Leopoldina (ES);188;199;184;183;130;127;58;71;38;58;16;27;5;10;2;2;0;2;320002;3201;32002
3204559;Santa Maria de Jetibá (ES);338;363;279;288;188;215;133;160;53;73;21;35;3;10;0;2;5;2;320002;3201;32002
3204609;Santa Teresa (ES);280;311;292;290;205;225;146;168;99;89;39;49;16;18;3;5;2;3;320002;3201;32002
3204658;São Domingos do Norte (ES);109;117;112;88;80;81;46;52;20;30;11;12;4;6;1;3;1;0;320005;3203;32005
3204708;São Gabriel da Palha (ES);309;388;275;307;198;230;133;154;107;105;37;58;9;13;3;1;1;3;320005;3203;32005
3204807;São José do Calçado (ES);190;200;186;170;136;149;78;115;50;51;24;28;12;13;1;3;2;2;320008;3204;32004
3204906;São Mateus (ES);928;1019;718;725;571;538;307;300;162;193;85;111;26;49;7;14;5;10;320003;3202;32005
3204955;São Roque do Canaã (ES);171;159;142;137;105;109;81;68;31;29;14;12;1;6;3;4;0;0;320005;3203;32005
3205002;Serra (ES);2723;3019;2008;2276;1357;1643;754;975;358;550;187;304;77;100;18;41;23;26;320001;3201;32002
3205010;Sooretama (ES);195;183;134;151;103;103;65;66;40;31;10;20;4;8;1;3;2;3;320004;3202;32005
3205036;Vargem Alta (ES);249;216;187;178;148;152;87;89;46;51;23;24;4;5;1;1;2;1;320007;3204;32004
3205069;Venda Nova do Imigrante (ES);211;203;151;151;125;125;53;76;33;44;19;21;2;7;1;2;0;1;320002;3201;32002
3205101;Viana (ES);527;589;378;441;293;320;156;205;76;128;31;73;15;26;6;12;2;3;320001;3201;32002
3205150;Vila Pavão (ES);126;116;98;91;70;73;47;52;26;21;14;7;3;5;0;1;1;0;320006;3203;32005
3205176;Vila Valério (ES);169;173;149;160;117;104;59;65;32;46;22;19;5;6;3;2;1;2;320005;3203;32005
3205200;Vila Velha (ES);4090;5110;3205;4203;2185;3020;1239;1805;633;1053;269;631;91;229;30;61;16;26;320001;3201;32002
3205309;Vitória (ES);3409;4670;2786;3885;2082;3042;1168;1880;583;1174;268;701;99;268;25;71;13;20;320001;3201;32002
3300100;Angra dos Reis (RJ);1368;1262;914;909;611;646;365;441;192;274;100;149;30;59;9;16;4;7;330002;3301;33001
3300159;Aperibé (RJ);140;127;102;125;102;84;59;78;42;46;14;24;4;4;2;3;0;0;330012;3304;33007
3300209;Araruama (RJ);1321;1329;1012;1168;756;819;496;568;262;332;111;211;34;85;11;31;4;10;330013;3305;33002
3300225;Areal (RJ);126;153;106;117;72;103;51;72;25;32;13;21;5;8;3;4;0;0;330007;3303;33003
3300233;Armação dos Búzios (RJ);205;164;147;154;78;77;53;63;14;32;11;15;5;10;4;2;2;0;330013;3305;33002
3300258;Arraial do Cabo (RJ);410;386;311;289;203;179;92;124;40;51;17;32;7;8;4;6;1;1;330013;3305;33002
3300308;Barra do Piraí (RJ);1252;1561;1011;1336;765;1087;466;685;231;387;143;206;35;108;13;20;6;9;330004;3302;33004
3300407;Barra Mansa (RJ);2390;2785;1801;2162;1226;1572;750;1032;351;538;171;287;41;91;8;29;5;19;330004;3302;33004
3300456;Belford Roxo (RJ);4923;5951;3627;4580;2455;3461;1368;1954;640;1085;345;586;83;166;36;51;28;38;330001;3301;33005
3300506;Bom Jardim (RJ);324;345;269;303;245;249;142;140;81;98;29;51;12;17;1;5;4;1;330008;3303;33009
3300605;Bom Jesus do Itabapoana (RJ);580;607;449;568;363;462;229;287;148;174;61;109;23;42;10;10;3;4;330011;3304;33007
3300704;Cabo Frio (RJ);1752;1691;1282;1258;823;873;434;522;218;286;82;182;53;66;17;26;9;12;330013;3305;33002
3300803;Cachoeiras de Macacu (RJ);705;658;569;573;410;492;270;296;130;153;59;89;18;44;3;11;6;3;330003;3301;33009
3300902;Cambuci (RJ);272;267;222;241;192;213;157;150;70;85;37;56;11;14;6;4;3;5;330012;3304;33007
3300936;Carapebus (RJ);147;107;98;104;72;89;57;61;32;31;15;26;3;10;3;1;0;2;330014;3305;33008
3300951;Comendador Levy Gasparian (RJ);116;137;97;99;81;81;36;48;17;18;10;14;6;4;1;3;1;3;330009;3303;33003
3301009;Campos dos Goytacazes (RJ);5828;6914;4611;5669;3412;4205;1988;2672;1148;1718;592;991;225;399;84;142;34;37;330010;3304;33008
3301108;Cantagalo (RJ);308;310;268;267;197;207;127;148;77;88;33;59;13;16;2;5;1;5;330008;3303;33009
3301157;Cardoso Moreira (RJ);234;235;223;215;156;158;122;103;61;68;33;45;16;14;3;5;4;0;330010;3304;33007
3301207;Carmo (RJ);244;243;239;223;165;173;126;128;58;77;22;50;8;15;3;5;0;1;330008;3303;33009
3301306;Casimiro de Abreu (RJ);309;302;225;266;189;215;133;121;67;91;32;43;17;15;4;6;1;0;330014;3305;33002
3301405;Conceição de Macabu (RJ);274;282;219;226;175;173;87;117;52;69;39;51;18;23;8;9;0;0;330014;3305;33008
3301504;Cordeiro (RJ);270;299;210;270;159;202;93;171;62;103;20;50;9;25;1;3;0;1;330008;3303;33009
3301603;Duas Barras (RJ);133;120;122;144;121;102;72;72;31;35;16;27;3;7;1;2;2;1;330008;3303;33009
3301702;Duque de Caxias (RJ);9615;11336;7054;9039;4865;6647;2695;3933;1252;2110;540;1159;146;334;67;129;51;59;330001;3301;33005
3301801;Engenheiro Paulo de Frontin (RJ);187;232;177;162;133;161;84;117;40;61;22;26;4;18;1;5;0;5;330004;3302;33003
3301850;Guapimirim (RJ);512;529;412;410;291;284;176;198;96;115;43;54;8;27;2;9;2;3;330001;3301;33009
3301876;Iguaba Grande (RJ);279;304;209;244;179;186;87;92;37;56;26;28;5;18;2;9;0;1;330013;3305;33002
3301900;Itaboraí (RJ);2363;2442;1690;1881;1184;1338;716;860;375;507;157;248;56;83;11;44;12;12;330001;3301;33006
3302007;Itaguaí (RJ);1008;1037;751;860;554;590;280;354;128;216;73;126;28;41;8;20;5;12;330001;3301;33005
3302056;Italva (RJ);246;229;186;213;189;200;145;140;80;59;27;36;15;18;1;4;0;1;330010;3304;33007
3302106;Itaocara (RJ);445;474;321;390;298;323;185;218;106;146;62;72;14;25;7;5;3;2;330012;3304;33007
3302205;Itaperuna (RJ);1319;1444;1068;1273;849;989;515;643;302;394;151;210;48;97;15;35;7;15;330011;3304;33007
3302254;Itatiaia (RJ);320;313;216;231;138;194;120;120;46;59;24;31;2;10;3;6;3;1;330005;3302;33004
3302270;Japeri (RJ);929;1013;675;863;500;621;309;452;183;213;89;118;20;40;10;19;4;7;330001;3301;33005
3302304;Laje do Muriaé (RJ);122;118;113;124;85;93;51;72;30;38;14;29;4;8;3;3;0;0;330011;3304;33007
3302403;Macaé (RJ);1464;1633;1049;1269;760;948;475;598;255;341;156;201;50;102;18;24;17;18;330014;3305;33008
3302452;Macuco (RJ);63;63;62;66;37;44;31;45;14;21;12;19;3;8;0;0;3;1;330008;3303;33009
3302502;Magé (RJ);2713;2902;2208;2385;1533;1906;927;1181;455;617;183;310;53;100;11;39;4;12;330001;3301;33005
3302601;Mangaratiba (RJ);442;427;327;310;252;252;125;154;66;83;31;47;13;21;2;5;1;4;330001;3301;33001
3302700;Maricá (RJ);1299;1317;1018;1065;715;767;427;494;175;289;92;138;28;65;14;21;5;10;330001;3301;33006
3302809;Mendes (RJ);285;336;241;302;193;221;106;155;57;85;28;40;6;14;1;10;1;1;330004;3302;33003
3302908;Miguel Pereira (RJ);394;455;349;395;292;324;170;246;87;139;40;69;10;28;3;7;1;3;330006;3302;33003
3303005;Miracema (RJ);419;471;376;438;232;329;147;223;80;131;46;85;5;48;5;20;2;2;330012;3304;33007
3303104;Natividade (RJ);268;297;228;276;199;190;131;137;65;82;25;45;11;16;7;8;1;1;330011;3304;33007
3303203;Nilópolis (RJ);2190;2982;1729;2474;1242;2000;688;1248;371;734;147;340;48;113;12;30;3;10;330001;3301;33005
3303302;Niterói (RJ);7689;10333;6458;8984;4891;7716;2921;5278;1616;3410;778;1828;250;714;65;192;25;51;330001;3301;33006
3303401;Nova Friburgo (RJ);2522;2912;2034;2470;1574;2055;1022;1364;505;864;229;457;69;158;12;35;10;9;330008;3303;33009
3303500;Nova Iguaçu (RJ);11688;13883;8607;11103;5877;8198;3328;4937;1602;2685;760;1454;216;407;85;162;66;87;330001;3301;33005
3303609;Paracambi (RJ);652;720;464;558;310;428;178;265;78;173;39;78;9;27;7;7;1;6;330001;3301;33003
3303708;Paraíba do Sul (RJ);600;636;479;549;365;455;225;300;122;190;64;109;17;38;17;15;3;4;330009;3303;33003
3303807;Paraty (RJ);373;324;297;259;204;195;129;147;67;77;30;32;6;16;1;7;4;3;330002;3301;33001
3303856;Paty do Alferes (RJ);339;386;333;343;231;264;150;137;57;97;41;59;10;19;1;3;1;1;330006;3302;33003
3303906;Petrópolis (RJ);4421;5418;3443;4567;2589;3673;1561;2500;832;1508;354;865;117;255;25;78;17;25;330007;3303;33009
3303955;Pinheiral (RJ);216;276;172;212;171;185;93;102;52;61;19;33;13;19;0;4;2;2;330004;3302;33004
3304003;Piraí (RJ);326;335;240;262;167;220;143;132;72;101;35;47;4;13;2;3;0;2;330004;3302;33004
3304102;Porciúncula (RJ);269;270;221;252;177;182;120;150;62;106;32;54;8;18;3;8;1;0;330011;3304;33007
3304110;Porto Real (RJ);161;151;102;121;75;65;51;43;20;30;7;12;3;2;0;0;0;0;330005;3302;33004
3304128;Quatis (RJ);130;143;132;129;89;87;50;66;25;29;14;18;1;5;3;4;1;1;330005;3302;33004
3304144;Queimados (RJ);1369;1639;978;1303;760;962;442;582;229;338;94;167;34;62;10;19;5;15;330001;3301;33005
3304151;Quissamã (RJ);255;193;144;178;128;131;79;81;43;42;19;24;5;6;3;1;0;0;330014;3305;33008
3304201;Resende (RJ);1310;1478;925;1220;700;907;434;627;231;328;83;177;29;65;6;21;4;10;330005;3302;33004
3304300;Rio Bonito (RJ);688;764;561;624;479;462;275;325;148;204;71;116;26;46;9;21;1;3;330003;3301;33006
3304409;Rio Claro (RJ);260;239;184;207;161;169;99;118;65;79;25;26;5;9;1;5;4;1;330004;3302;33004
3304508;Rio das Flores (RJ);123;124;108;89;78;67;41;44;26;37;8;26;3;7;0;2;2;0;330006;3302;33004
3304524;Rio das Ostras (RJ);563;503;375;401;255;286;157;181;82;112;25;44;7;22;4;7;4;5;330014;3305;33002
3304557;Rio de Janeiro (RJ);92613;124800;76684;110184;58661;92791;35976;62547;18097;37138;8420;20522;2519;7224;686;2044;247;484;330001;3301;33005
3304607;Santa Maria Madalena (RJ);186;161;181;141;137;111;77;96;44;68;30;41;12;9;1;5;1;0;330008;3303;33009
3304706;Santo Antônio de Pádua (RJ);666;673;495;609;407;466;292;328;155;210;82;128;27;39;8;22;4;3;330012;3304;33007
3304755;São Francisco de Itabapoana (RJ);583;587;495;505;437;337;245;244;144;166;103;88;31;32;3;19;9;3;330010;3304;33008
3304805;São Fidélis (RJ);687;773;577;647;508;506;308;331;149;234;82;108;25;47;16;16;3;7;330010;3304;33008
3304904;São Gonçalo (RJ);12577;15365;9104;12072;6514;9115;3497;5352;1680;3154;776;1661;219;564;87;181;42;74;330001;3301;33006
3305000;São João da Barra (RJ);448;502;394;382;296;239;157;177;90;97;54;42;17;14;1;9;2;4;330010;3304;33008
3305109;São João de Meriti (RJ);5816;7274;4359;5990;2934;4507;1665;2732;749;1432;318;693;86;227;32;75;24;21;330001;3301;33005
3305133;São José de Ubá (RJ);116;103;71;61;59;65;41;31;24;27;11;16;7;2;1;5;2;0;330011;3304;33007
3305158;São José do Vale do Rio Preto (RJ);263;247;197;216;147;150;77;97;36;54;19;34;7;8;1;1;1;2;330007;3303;33009
3305208;São Pedro da Aldeia (RJ);909;818;640;649;426;501;249;257;116;180;80;92;26;37;7;15;1;7;330013;3305;33002
3305307;São Sebastião do Alto (RJ);159;137;132;135;98;89;63;70;39;40;25;23;4;10;4;3;0;2;330008;3303;33009
3305406;Sapucaia (RJ);263;286;214;240;194;210;142;141;56;64;37;35;16;16;4;10;3;5;330009;3303;33003
3305505;Saquarema (RJ);860;805;678;688;498;520;306;343;140;193;61;97;23;46;6;12;1;6;330001;3301;33002
3305554;Seropédica (RJ);858;913;625;729;464;554;323;336;149;199;53;94;20;37;6;8;4;6;330001;3301;33005
3305604;Silva Jardim (RJ);282;284;271;244;220;182;126;101;53;101;32;33;14;17;3;6;2;4;330003;3301;33006
3305703;Sumidouro (RJ);185;167;150;159;118;115;65;72;41;26;11;15;8;4;2;1;1;1;330008;3303;33009
3305752;Tanguá (RJ);319;354;313;274;205;204;104;125;53;67;30;48;14;16;5;3;2;4;330001;3301;33006
3305802;Teresópolis (RJ);1965;2280;1583;1941;1203;1504;682;1011;364;553;157;321;46;100;16;30;8;13;330007;3303;33009
3305901;Trajano de Moraes (RJ);176;178;150;145;131;98;78;62;43;42;19;23;6;14;1;2;2;2;330008;3303;33009
3306008;Três Rios (RJ);1036;1279;816;1020;605;776;372;484;182;321;91;193;35;74;8;21;14;10;330009;3303;33003
3306107;Valença (RJ);1076;1236;874;1095;639;870;423;611;227;386;119;212;34;83;9;25;1;6;330006;3302;33004
3306156;Varre-Sai (RJ);123;96;89;86;70;75;43;66;26;34;11;12;5;6;0;2;0;1;330011;3304;33007
3306206;Vassouras (RJ);448;502;407;481;319;405;186;277;92;181;47;93;18;47;6;8;4;2;330006;3302;33003
3306305;Volta Redonda (RJ);3065;3863;2501;3331;1911;2576;1285;1494;580;782;202;339;69;101;20;47;14;12;330004;3302;33004
3500105;Adamantina (SP);671;735;574;685;430;461;260;309;159;170;64;91;16;30;9;3;2;1;350019;3505;35091
3500204;Adolfo (SP);70;61;54;46;41;52;22;31;14;16;10;5;1;4;1;1;0;0;350025;3507;35156
3500303;Aguaí (SP);390;439;353;418;274;309;160;222;93;99;28;52;7;13;2;1;1;1;350044;3510;35142
3500402;Águas da Prata (SP);133;150;124;158;114;144;75;65;38;46;10;24;2;5;1;2;0;2;350044;3510;35142
3500501;Águas de Lindóia (SP);281;313;234;261;189;197;100;146;56;81;28;48;9;9;3;5;0;1;350048;3510;35074
3500550;Águas de Santa Bárbara (SP);85;104;84;80;69;59;36;42;18;21;8;7;2;1;1;1;1;0;350007;3502;35061
3500600;Águas de São Pedro (SP);42;58;38;50;37;48;27;26;11;26;1;13;3;3;1;1;0;1;350040;3510;35103
3500709;Agudos (SP);437;456;311;392;256;310;133;204;77;125;39;63;9;26;3;4;5;4;350009;3503;35062
3500758;Alambari (SP);48;46;50;56;37;29;19;20;14;12;10;4;0;1;0;0;1;0;350006;3502;35161
3500808;Alfredo Marcondes (SP);72;91;69;72;55;59;33;25;24;20;10;8;1;7;1;0;0;2;350018;3505;35112
3500907;Altair (SP);64;41;40;41;21;24;20;19;9;13;4;4;1;2;1;0;0;2;350025;3507;35051
3501004;Altinópolis (SP);251;277;208;219;157;174;118;115;49;60;27;35;6;9;0;4;1;0;350031;3508;35133
3501103;Alto Alegre (SP);91;118;76;69;73;78;38;29;20;25;8;12;2;4;0;0;0;0;350023;3506;35023
3501152;Alumínio (SP);185;186;111;127;85;89;35;49;28;34;6;16;2;5;3;1;0;2;350003;3502;35163
3501202;Álvares Florence (SP);127;99;88;78;62;59;40;34;23;22;7;18;1;4;0;0;0;0;350027;3507;35157
3501301;Álvares Machado (SP);333;368;263;261;204;229;147;154;83;77;30;37;8;13;2;4;3;3;350018;3505;35112
3501400;Álvaro de Carvalho (SP);50;52;38;47;33;29;23;23;11;14;7;10;0;1;1;1;0;1;350013;3504;35093
3501509;Alvinlândia (SP);47;41;40;42;29;31;16;18;5;11;1;11;1;3;0;1;0;0;350013;3504;35093
3501608;Americana (SP);2714;3138;2109;2617;1634;2059;984;1324;518;657;192;350;65;115;23;42;11;4;350038;3510;35072
3501707;Américo Brasiliense (SP);280;294;204;215;145;146;74;101;49;70;22;25;5;8;1;3;3;2;350036;3509;35031
3501806;Américo de Campos (SP);104;127;90;84;81;93;46;43;25;28;9;13;4;1;2;0;0;1;350027;3507;35157
3501905;Amparo (SP);990;1100;806;925;609;737;370;531;221;312;90;179;27;68;11;25;1;4;350048;3510;35074
3502002;Analândia (SP);64;62;44;44;41;32;19;15;13;26;5;9;0;3;1;2;0;0;350046;3510;35104
3502101;Andradina (SP);972;1060;747;834;550;698;373;416;222;282;104;131;26;54;8;15;5;1;350024;3506;35022
3502200;Angatuba (SP);282;283;254;203;198;183;122;114;86;58;34;37;9;10;2;3;2;2;350006;3502;35161
3502309;Anhembi (SP);80;69;63;76;53;51;31;28;18;20;5;6;1;4;1;2;0;0;350011;3503;35063
3502408;Anhumas (SP);60;62;47;40;46;35;21;15;9;15;10;9;1;4;0;0;2;0;350018;3505;35112
3502507;Aparecida (SP);449;584;393;419;268;367;171;240;65;131;39;71;10;22;8;9;0;2;350052;3511;35172
3502606;Aparecida d'Oeste (SP);124;128;65;86;73;54;50;43;26;30;9;10;6;6;1;6;0;2;350028;3507;35153
3502705;Apiaí (SP);348;332;238;273;179;189;124;102;70;52;32;24;7;17;0;5;2;1;350004;3502;35162
3502754;Araçariguama (SP);125;115;93;83;68;60;43;43;20;14;7;6;6;7;6;9;1;3;350003;3502;35163
3502804;Araçatuba (SP);2751;3265;2070;2538;1578;1972;977;1312;519;793;263;420;75;149;16;42;13;12;350022;3506;35021
3502903;Araçoiaba da Serra (SP);339;300;275;281;200;202;126;119;58;60;27;35;2;9;3;4;0;0;350003;3502;35163
3503000;Aramina (SP);110;86;82;63;48;40;31;25;10;21;8;11;2;5;0;0;0;0;350035;3508;35083
3503109;Arandu (SP);92;86;70;66;46;48;22;29;17;21;3;11;1;4;2;1;0;0;350007;3502;35061
3503158;Arapeí (SP);41;54;47;40;31;32;22;24;15;10;6;7;2;1;3;0;0;0;350053;3511;35172
3503208;Araraquara (SP);2785;3417;2392;2804;1800;2392;1131;1544;517;929;245;542;87;188;19;40;5;15;350036;3509;35031
3503307;Araras (SP);1462;1666;1236;1403;925;1062;542;740;235;402;124;211;27;74;9;14;4;3;350045;3510;35101
3503356;Arco-Íris (SP);46;47;43;31;27;25;21;17;8;8;4;5;1;0;1;2;0;0;350016;3504;35095
3503406;Arealva (SP);163;159;129;145;119;83;56;58;52;37;14;25;6;7;3;0;0;0;350009;3503;35062
3503505;Areias (SP);60;59;38;46;33;44;21;24;10;10;11;13;0;3;0;0;0;2;350053;3511;35172
3503604;Areiópolis (SP);120;129;94;103;61;61;37;41;18;15;8;10;2;0;0;1;2;0;350011;3503;35063
3503703;Ariranha (SP);140;120;121;126;94;116;59;67;18;28;10;16;3;9;0;1;1;0;350026;3507;35151
3503802;Artur Nogueira (SP);377;409;319;320;236;278;134;141;61;70;16;30;6;14;2;2;2;1;350038;3510;35072
3503901;Arujá (SP);521;565;398;464;282;349;165;193;99;107;36;52;11;20;10;7;2;3;350001;3501;35011
3503950;Aspásia (SP);43;36;31;39;19;20;18;14;9;9;6;4;3;2;0;2;0;0;350028;3507;35153
3504008;Assis (SP);1364;1661;1120;1454;868;1124;528;769;294;408;148;226;37;93;18;18;6;6;350014;3504;35092
3504107;Atibaia (SP);1466;1659;1277;1420;999;1165;627;750;331;469;136;217;44;65;13;24;8;6;350041;3510;35071
3504206;Auriflama (SP);255;257;208;222;161;147;99;86;34;48;21;24;5;9;4;0;0;2;350022;3506;35021
3504305;Avaí (SP);69;82;58;69;53;48;39;28;21;18;8;5;3;1;0;0;1;1;350009;3503;35062
3504404;Avanhandava (SP);102;149;103;133;81;80;49;49;27;31;9;16;4;2;0;2;2;0;350023;3506;35023
3504503;Avaré (SP);1095;1260;863;1078;691;853;405;562;207;338;101;185;25;41;8;16;3;4;350007;3502;35061
3504602;Bady Bassitt (SP);191;185;139;145;82;110;55;54;39;43;10;17;9;8;3;1;2;0;350025;3507;35155
3504701;Balbinos (SP);29;34;26;24;19;15;11;10;4;5;0;3;1;0;0;0;0;0;350009;3503;35062
3504800;Bálsamo (SP);134;159;128;131;94;100;52;61;24;43;9;22;2;2;0;1;1;0;350025;3507;35155
3504909;Bananal (SP);150;182;128;143;94;101;69;98;40;45;17;32;5;9;1;4;1;1;350053;3511;35172
3505005;Barão de Antonina (SP);65;46;49;40;34;38;20;20;16;10;7;2;0;2;0;1;0;0;350004;3502;35061
3505104;Barbosa (SP);110;115;80;71;57;52;39;37;22;22;6;8;2;5;0;0;0;1;350023;3506;35023
3505203;Bariri (SP);524;544;433;542;377;413;204;278;169;218;73;104;20;26;4;2;0;2;350010;3503;35064
3505302;Barra Bonita (SP);552;579;461;473;320;392;192;229;92;148;57;61;17;19;3;6;1;1;350010;3503;35064
3505351;Barra do Chapéu (SP);88;64;64;52;43;40;36;23;11;12;5;6;1;1;1;0;1;0;350004;3502;35162
3505401;Barra do Turvo (SP);152;113;124;83;75;65;45;31;10;10;13;12;3;3;3;1;0;0;350005;3502;35121
3505500;Barretos (SP);1717;1980;1330;1609;988;1309;605;820;331;504;175;263;48;92;15;32;8;9;350032;3508;35051
3505609;Barrinha (SP);247;267;169;231;131;151;74;81;35;54;21;25;7;5;3;2;0;1;350031;3508;35131
3505708;Barueri (SP);1539;1761;1018;1346;732;1008;436;576;220;323;89;164;45;55;13;25;10;14;350001;3501;35014
3505807;Bastos (SP);321;346;227;250;171;200;105;132;51;84;27;29;9;15;2;1;1;2;350016;3504;35095
3505906;Batatais (SP);798;951;649;780;487;590;310;411;167;291;76;139;21;51;10;16;4;4;350031;3508;35133
3506003;Bauru (SP);4558;5356;3660;4683;2689;3719;1642;2409;902;1452;448;809;119;231;41;76;22;25;350009;3503;35062
3506102;Bebedouro (SP);1113;1264;892;991;711;890;420;611;210;356;109;204;35;70;6;12;5;10;350032;3508;35052
3506201;Bento de Abreu (SP);32;54;33;34;23;26;17;14;13;10;4;7;1;3;2;0;0;0;350022;3506;35021
3506300;Bernardino de Campos (SP);204;229;207;215;147;167;77;105;53;58;29;39;5;10;4;0;2;1;350015;3504;35094
3506359;Bertioga (SP);324;275;245;229;158;155;78;88;42;36;17;24;8;7;3;2;6;3;350002;3501;35041
3506409;Bilac (SP);126;132;107;117;77;72;55;52;25;36;8;22;2;6;0;2;0;0;350023;3506;35021
3506508;Birigui (SP);1354;1536;1066;1181;779;970;475;636;264;350;117;170;31;58;7;15;4;7;350023;3506;35023
3506607;Biritiba Mirim (SP);398;325;300;257;184;176;102;109;46;69;21;30;4;13;1;1;0;1;350001;3501;35011
3506706;Boa Esperança do Sul (SP);170;169;157;159;113;106;51;60;30;37;22;22;5;4;0;2;0;1;350036;3509;35031
3506805;Bocaina (SP);134;177;137;149;105;109;55;103;40;55;10;28;6;9;0;1;0;2;350010;3503;35064
3506904;Bofete (SP);131;127;112;102;83;72;40;38;29;26;7;12;2;7;0;0;0;0;350011;3503;35063
3507001;Boituva (SP);489;472;352;378;270;283;156;185;77;94;32;34;9;10;2;7;1;2;350003;3502;35163
3507100;Bom Jesus dos Perdões (SP);174;179;134;143;110;106;76;73;38;46;16;15;5;11;2;0;0;0;350041;3510;35071
3507159;Bom Sucesso de Itararé (SP);42;35;29;15;18;19;18;18;6;5;3;3;0;1;0;0;0;0;350004;3502;35162
3507209;Borá (SP);12;10;12;16;8;10;7;5;3;3;1;0;1;2;0;2;0;0;350014;3504;35092
3507308;Boracéia (SP);61;64;55;36;41;46;20;24;12;16;6;10;1;1;1;0;1;0;350010;3503;35064
3507407;Borborema (SP);252;235;224;217;180;168;98;116;51;60;19;25;16;11;1;4;3;1;350036;3509;35032
3507456;Borebi (SP);29;23;28;28;19;21;7;15;7;8;2;3;0;0;0;0;0;1;350009;3503;35062
3507506;Botucatu (SP);1532;1893;1367;1650;1044;1377;610;973;395;576;182;298;54;127;16;34;7;6;350011;3503;35063
3507605;Bragança Paulista (SP);1727;1990;1514;1710;1155;1337;667;878;369;534;171;266;40;115;13;24;11;12;350041;3510;35071
3507704;Braúna (SP);113;86;91;84;50;61;35;39;17;24;9;10;2;3;0;2;0;0;350023;3506;35023
3507753;Brejo Alegre (SP);42;37;25;21;25;20;15;18;7;12;4;2;2;0;0;2;0;0;350023;3506;35023
3507803;Brodowski (SP);254;276;245;225;157;199;94;118;55;75;29;33;7;18;2;0;0;1;350031;3508;35133
3507902;Brotas (SP);293;322;300;274;194;211;130;164;65;107;36;35;12;18;4;8;3;2;350010;3503;35064
3508009;Buri (SP);245;225;199;165;137;128;87;79;39;42;28;17;5;6;1;2;3;2;350004;3502;35162
3508108;Buritama (SP);229;249;203;208;128;133;70;109;48;65;22;31;10;11;1;4;0;1;350023;3506;35023
3508207;Buritizal (SP);69;70;51;56;51;47;25;32;19;14;8;7;4;1;0;2;1;0;350035;3508;35083
3508306;Cabrália Paulista (SP);67;70;58;60;43;44;24;22;11;14;4;5;1;1;0;0;0;0;350009;3503;35062
3508405;Cabreúva (SP);346;346;261;264;204;179;107;113;55;70;22;33;7;9;2;4;0;0;350039;3510;35073
3508504;Caçapava (SP);983;1075;690;819;489;664;293;446;177;262;83;130;28;53;8;17;3;4;350049;3511;35171
3508603;Cachoeira Paulista (SP);368;441;291;389;242;293;164;194;83;114;50;62;9;8;1;4;0;4;350053;3511;35172
3508702;Caconde (SP);323;291;265;234;179;207;132;136;71;82;27;45;7;21;2;3;1;3;350047;3510;35143
3508801;Cafelândia (SP);251;325;235;266;211;183;118;162;75;99;18;38;10;14;2;1;0;0;350012;3503;35065
3508900;Caiabu (SP);83;79;54;67;54;52;29;33;17;16;3;10;1;2;0;0;1;0;350018;3505;35112
3509007;Caieiras (SP);618;715;443;592;330;420;198;273;112;161;35;60;12;15;5;1;3;3;350001;3501;35012
3509106;Caiuá (SP);84;74;59;46;42;32;31;24;7;20;10;16;2;4;2;0;1;0;350021;3505;35114
3509205;Cajamar (SP);470;500;346;355;205;243;147;143;61;90;35;39;8;8;2;3;2;4;350001;3501;35012
3509254;Cajati (SP);369;359;301;272;202;188;123;123;73;71;29;23;7;15;4;2;1;5;350005;3502;35121
3509304;Cajobi (SP);174;147;120;141;103;96;60;69;29;36;8;12;3;6;1;1;0;0;350032;3508;35051
3509403;Cajuru (SP);308;345;285;266;236;227;111;145;61;95;25;44;12;21;5;6;2;1;350031;3508;35133
3509452;Campina do Monte Alegre (SP);108;72;61;75;67;45;32;34;24;21;10;6;2;5;0;3;0;1;350006;3502;35161
3509502;Campinas (SP);13527;15661;10224;12766;7494;10383;4470;6835;2361;4029;1113;2192;348;728;98;198;57;72;350038;3510;35072
3509601;Campo Limpo Paulista (SP);704;734;502;563;357;458;223;314;105;140;54;67;9;21;7;8;1;7;350039;3510;35073
3509700;Campos do Jordão (SP);506;520;382;412;263;302;159;172;60;110;39;57;12;17;3;6;2;3;350050;3511;35174
3509809;Campos Novos Paulista (SP);64;74;62;63;52;40;22;34;17;11;10;9;7;3;0;0;2;0;350013;3504;35093
3509908;Cananéia (SP);160;162;147;153;117;115;57;72;37;44;19;28;0;5;1;2;0;2;350005;3502;35121
3509957;Canas (SP);45;51;44;40;29;22;15;21;7;15;8;4;1;2;0;0;0;0;350052;3511;35172
3510005;Cândido Mota (SP);469;504;396;489;298;324;195;221;82;94;50;57;15;17;5;9;3;5;350014;3504;35092
3510104;Cândido Rodrigues (SP);61;69;56;50;33;39;27;28;16;14;6;5;0;1;1;0;0;1;350036;3509;35033
3510153;Canitar (SP);59;53;41;28;22;23;17;23;6;9;3;6;2;3;0;0;0;0;350015;3504;35094
3510203;Capão Bonito (SP);656;633;480;529;356;381;229;234;120;111;58;65;18;20;2;7;2;3;350004;3502;35161
3510302;Capela do Alto (SP);206;199;139;155;116;103;77;62;40;45;16;7;4;5;1;0;1;0;350003;3502;35163
3510401;Capivari (SP);580;577;437;518;348;417;185;312;98;174;43;105;14;28;4;8;2;1;350040;3510;35103
3510500;Caraguatatuba (SP);1091;1042;816;841;545;615;335;415;147;207;69;104;26;37;8;13;0;8;350051;3511;35173
3510609;Carapicuíba (SP);3101;3547;1903;2499;1269;1728;668;1029;310;542;132;250;56;77;17;30;15;16;350001;3501;35014
3510708;Cardoso (SP);255;241;203;185;145;154;96;87;53;61;23;29;4;8;3;2;1;2;350027;3507;35157
3510807;Casa Branca (SP);516;400;432;378;386;355;234;219;108;148;44;67;13;30;6;7;2;4;350044;3510;35143
3510906;Cássia dos Coqueiros (SP);50;51;45;39;39;31;27;14;11;12;3;4;0;2;1;0;0;0;350031;3508;35133
3511003;Castilho (SP);252;251;202;226;159;155;121;92;63;53;30;25;4;9;2;2;1;2;350024;3506;35022
3511102;Catanduva (SP);1805;2135;1486;1775;1152;1477;691;937;346;557;179;341;48;118;11;26;2;4;350026;3507;35151
3511201;Catiguá (SP);107;98;94;95;72;78;47;43;18;31;5;13;2;2;1;1;0;0;350026;3507;35151
3511300;Cedral (SP);137;142;127;132;97;106;60;57;32;38;17;25;5;6;2;2;1;0;350025;3507;35155
3511409;Cerqueira César (SP);237;265;196;231;155;175;88;100;55;72;20;35;8;9;1;5;0;0;350007;3502;35061
3511508;Cerquilho (SP);403;457;322;377;249;299;154;171;72;88;29;45;9;6;1;2;0;3;350003;3502;35161
3511607;Cesário Lange (SP);216;202;148;145;92;110;79;87;50;58;16;17;5;4;2;0;0;2;350008;3502;35161
3511706;Charqueada (SP);202;203;167;180;116;121;71;56;34;42;15;27;10;5;1;1;1;1;350040;3510;35103
3511904;Clementina (SP);85;86;66;70;57;55;34;34;12;14;11;9;2;5;2;0;0;0;350023;3506;35023
3512001;Colina (SP);224;282;232;243;174;164;98;119;60;77;21;42;4;15;1;5;0;0;350032;3508;35051
3512100;Colômbia (SP);106;67;58;54;36;31;27;16;7;16;6;5;2;3;0;1;0;0;350032;3508;35051
3512209;Conchal (SP);308;293;192;248;161;189;92;104;46;64;21;29;7;11;1;3;0;1;350045;3510;35101
3512308;Conchas (SP);239;265;252;232;181;214;137;141;73;75;22;39;8;9;2;5;0;1;350011;3503;35063
3512407;Cordeirópolis (SP);226;280;212;218;144;170;82;122;39;73;15;40;7;9;0;1;1;0;350042;3510;35102
3512506;Coroados (SP);75;74;55;71;43;37;25;25;12;16;6;8;1;3;1;0;0;0;350023;3506;35023
3512605;Coronel Macedo (SP);86;102;66;75;55;40;29;25;15;13;11;4;4;2;0;0;0;1;350007;3502;35061
3512704;Corumbataí (SP);53;52;47;52;52;45;23;28;15;18;9;10;3;5;0;0;0;0;350046;3510;35104
3512803;Cosmópolis (SP);559;566;438;464;321;354;180;235;82;155;46;66;8;12;4;6;3;4;350038;3510;35072
3512902;Cosmorama (SP);213;181;104;133;116;103;72;79;32;37;13;20;3;5;2;0;0;1;350027;3507;35157
3513009;Cotia (SP);1475;1462;1022;1199;697;835;434;521;221;328;97;176;34;69;13;11;17;13;350001;3501;35013
3513108;Cravinhos (SP);401;424;301;367;236;262;120;178;60;96;29;60;15;18;3;2;2;1;350031;3508;35132
3513207;Cristais Paulista (SP);87;92;76;73;63;64;40;38;18;22;9;10;0;1;0;1;0;0;350033;3508;35081
3513306;Cruzália (SP);46;47;33;34;20;34;17;21;14;6;2;5;0;0;0;1;1;0;350014;3504;35092
3513405;Cruzeiro (SP);1030;1173;797;994;535;715;346;497;179;313;77;153;30;58;6;19;6;2;350053;3511;35172
3513504;Cubatão (SP);1150;1208;739;864;508;573;302;355;144;191;60;110;13;35;6;14;4;6;350002;3501;35041
3513603;Cunha (SP);387;332;351;272;241;207;134;111;59;50;19;27;8;7;4;3;0;1;350052;3511;35172
3513702;Descalvado (SP);467;492;363;417;316;355;165;211;84;134;43;75;17;29;3;7;1;1;350037;3509;35034
3513801;Diadema (SP);3167;3652;2136;2628;1322;1866;729;1067;365;603;179;358;64;109;24;38;23;23;350001;3501;35015
3513850;Dirce Reis (SP);50;44;28;24;23;13;9;9;8;13;6;5;0;2;0;0;1;0;350028;3507;35153
3513900;Divinolândia (SP);216;207;188;179;133;136;84;80;40;47;17;20;6;7;3;0;1;1;350047;3510;35143
3514007;Dobrada (SP);83;82;68;55;46;54;37;46;12;22;11;16;2;4;0;0;1;0;350036;3509;35033
3514106;Dois Córregos (SP);372;420;339;382;245;306;152;188;101;158;48;60;18;26;2;5;0;1;350010;3503;35064
3514205;Dolcinópolis (SP);55;44;45;39;28;19;14;12;3;9;4;4;3;4;0;2;1;1;350028;3507;35153
3514304;Dourado (SP);156;178;134;133;124;105;61;78;42;55;15;18;1;13;1;1;1;0;350037;3509;35034
3514403;Dracena (SP);809;958;663;697;496;570;331;365;192;205;97;105;24;34;8;17;1;5;350020;3505;35111
3514502;Duartina (SP);242;237;193;237;171;209;97;120;76;72;21;46;8;14;8;1;1;0;350009;3503;35062
3514601;Dumont (SP);92;83;83;77;54;55;39;35;14;12;9;10;2;1;1;1;0;0;350031;3508;35131
3514700;Echaporã (SP);126;104;98;106;59;78;43;37;24;36;17;21;5;0;1;1;0;0;350013;3504;35093
3514809;Eldorado (SP);219;183;184;150;123;117;87;72;49;48;17;24;7;14;0;5;0;0;350005;3502;35121
3514908;Elias Fausto (SP);187;187;116;157;122;115;61;76;27;42;18;22;3;7;1;2;1;1;350038;3510;35103
3514924;Elisiário (SP);64;53;38;33;29;43;27;22;15;10;2;5;2;1;0;0;0;0;350026;3507;35151
3514957;Embaúba (SP);63;36;36;32;29;36;14;16;8;16;2;3;0;1;0;1;0;1;350026;3507;35151
3515004;Embu das Artes (SP);1613;1740;917;1200;605;768;294;460;140;267;92;140;21;47;16;25;13;19;350001;3501;35013
3515103;Embu-Guaçu (SP);678;644;482;514;375;360;217;231;127;122;48;69;24;27;4;10;5;5;350001;3501;35013
3515129;Emilianópolis (SP);64;58;45;42;35;23;26;13;10;16;11;8;1;1;1;0;0;0;350018;3505;35112
3515152;Engenheiro Coelho (SP);117;119;100;84;71;51;14;28;16;26;6;10;3;5;0;2;1;1;350042;3510;35102
3515186;Espírito Santo do Pinhal (SP);680;751;542;663;481;510;267;332;113;186;56;116;14;22;6;8;6;2;350044;3510;35142
3515194;Espírito Santo do Turvo (SP);53;44;27;34;23;20;10;20;8;8;8;2;1;1;0;0;0;0;350015;3504;35094
3515202;Estrela d'Oeste (SP);184;175;112;113;98;107;56;43;40;33;15;30;5;4;1;2;2;1;350029;3507;35154
3515301;Estrela do Norte (SP);45;39;38;39;34;28;22;16;8;6;8;4;1;1;0;0;0;0;350018;3505;35112
3515350;Euclides da Cunha Paulista (SP);167;140;131;101;81;58;54;37;23;18;11;9;6;10;1;2;0;0;350018;3505;35115
3515400;Fartura (SP);245;279;221;241;156;151;80;115;53;72;20;35;9;10;6;3;1;2;350017;3504;35061
3515509;Fernandópolis (SP);1117;1257;905;991;643;733;401;486;200;292;119;148;28;57;5;12;3;2;350029;3507;35154
3515608;Fernando Prestes (SP);114;127;95;99;93;63;47;52;17;45;7;18;4;4;0;0;0;1;350026;3507;35151
3515657;Fernão (SP);38;30;21;23;16;14;9;2;8;8;2;3;2;2;1;0;0;1;350013;3504;35093
3515707;Ferraz de Vasconcelos (SP);1168;1387;785;921;524;713;271;400;120;250;56;127;25;37;12;16;6;4;350001;3501;35011
3515806;Flora Rica (SP);44;50;45;35;28;30;16;15;15;12;7;4;5;3;0;1;0;1;350020;3505;35111
3515905;Floreal (SP);74;86;56;70;60;65;27;27;13;26;12;9;1;4;0;0;0;0;350027;3507;35157
3516002;Flórida Paulista (SP);216;223;188;196;139;139;102;94;62;60;23;17;6;7;2;3;1;2;350019;3505;35091
3516101;Florínea (SP);47;53;45;42;30;29;10;20;14;25;10;6;0;3;0;1;0;0;350014;3504;35092
3516200;Franca (SP);3769;4340;2786;3346;1913;2548;1194;1523;639;972;261;478;102;171;16;44;10;23;350033;3508;35081
3516309;Francisco Morato (SP);970;1007;627;774;412;492;254;322;106;182;38;70;15;20;5;9;6;8;350001;3501;35012
3516408;Franco da Rocha (SP);1075;1081;717;855;526;639;320;440;146;222;69;112;12;31;7;11;4;9;350001;3501;35012
3516507;Gabriel Monteiro (SP);68;51;41;51;42;37;12;17;15;12;1;11;2;2;2;3;0;0;350023;3506;35023
3516606;Gália (SP);149;122;121;120;93;102;59;74;24;23;14;17;3;9;0;3;0;1;350013;3504;35093
3516705;Garça (SP);743;793;578;734;496;606;289;397;149;205;77;114;21;41;4;6;2;4;350013;3504;35093
3516804;Gastão Vidigal (SP);76;64;42;51;39;46;27;21;13;12;4;9;3;1;0;0;0;0;350022;3506;35157
3516853;Gavião Peixoto (SP);70;49;47;48;36;41;28;20;13;8;3;2;0;3;0;1;0;0;350036;3509;35031
3516903;General Salgado (SP);207;191;172;161;122;120;63;63;42;47;23;19;8;9;0;5;1;1;350022;3506;35157
3517000;Getulina (SP);191;202;134;165;124;129;92;66;40;50;24;19;6;9;2;3;0;1;350013;3504;35065
3517109;Glicério (SP);83;85;74;67;46;47;27;33;14;21;5;9;0;5;0;1;0;2;350023;3506;35023
3517208;Guaiçara (SP);152;149;102;117;93;74;38;37;27;37;11;19;3;4;3;1;0;1;350012;3503;35065
3517307;Guaimbê (SP);77;89;66;74;60;48;36;44;17;15;13;14;8;7;2;4;0;1;350013;3504;35093
3517406;Guaíra (SP);493;524;400;436;284;293;165;205;89;140;39;57;13;21;2;5;1;2;350032;3508;35051
3517505;Guapiaçu (SP);221;255;187;165;130;128;61;86;36;50;23;28;4;8;2;1;0;3;350025;3507;35155
3517604;Guapiara (SP);284;308;232;202;156;146;83;86;52;47;15;17;2;4;3;2;3;4;350004;3502;35162
3517703;Guará (SP);241;278;202;220;135;167;81;109;39;70;24;38;5;12;3;2;1;2;350035;3508;35083
3517802;Guaraçaí (SP);184;189;139;138;96;84;78;63;44;44;28;24;5;5;1;1;1;1;350024;3506;35022
3517901;Guaraci (SP);156;134;121;130;108;93;58;50;20;49;18;20;7;9;0;1;0;0;350032;3508;35051
3518008;Guarani d'Oeste (SP);47;57;44;34;28;27;15;11;2;13;7;4;2;1;0;0;0;0;350029;3507;35154
3518107;Guarantã (SP);98;82;83;82;53;55;24;34;16;23;9;6;3;2;0;4;1;1;350012;3503;35093
3518206;Guararapes (SP);520;523;393;451;290;319;196;231;103;151;53;66;18;21;3;12;3;1;350022;3506;35021
3518305;Guararema (SP);296;263;244;255;191;201;114;120;58;67;32;51;9;21;6;7;0;1;350001;3501;35011
3518404;Guaratinguetá (SP);1454;1673;1113;1444;885;1094;535;717;243;397;110;181;37;73;11;22;15;19;350052;3511;35172
3518503;Guareí (SP);181;161;130;143;109;83;61;44;41;32;21;14;7;5;1;2;1;0;350006;3502;35161
3518602;Guariba (SP);370;437;338;326;203;220;121;141;38;74;29;45;7;12;4;3;1;2;350031;3508;35131
3518701;Guarujá (SP);2821;3248;1954;2412;1381;1807;786;1124;370;576;165;317;42;95;13;37;12;13;350002;3501;35041
3518800;Guarulhos (SP);10472;11821;6796;8694;4655;6502;2614;3853;1185;2056;578;1007;146;332;61;105;64;75;350001;3501;35011
3518859;Guatapará (SP);89;66;57;72;64;67;40;44;20;16;12;9;5;0;1;1;0;0;350031;3508;35132
3518909;Guzolândia (SP);83;73;59;54;42;46;32;26;16;15;6;7;2;0;1;0;0;1;350022;3506;35021
3519006;Herculândia (SP);133;131;114;120;94;91;57;56;31;28;16;12;5;6;1;1;0;1;350016;3504;35095
3519055;Holambra (SP);89;66;67;63;51;46;35;31;7;15;8;13;0;2;0;1;1;1;350038;3510;35072
3519071;Hortolândia (SP);1352;1411;1026;1120;729;809;393;485;192;273;103;123;25;37;12;15;10;13;350038;3510;35072
3519105;Iacanga (SP);140;153;122;126;111;118;54;72;37;53;17;30;5;5;2;3;0;1;350009;3503;35062
3519204;Iacri (SP);111;124;102;119;82;65;47;54;13;29;12;17;2;4;0;1;0;2;350016;3504;35095
3519253;Iaras (SP);51;29;31;26;13;19;12;11;8;5;2;3;1;0;1;0;0;0;350007;3502;35061
3519303;Ibaté (SP);334;363;272;247;171;183;109;114;51;64;16;28;5;8;1;6;2;2;350037;3509;35034
3519402;Ibirá (SP);183;196;159;177;128;164;79;98;40;63;16;37;5;7;2;0;1;0;350025;3507;35155
3519501;Ibirarema (SP);89;118;96;82;49;54;42;55;25;27;19;19;5;3;1;1;0;0;350015;3504;35094
3519600;Ibitinga (SP);763;814;581;705;484;522;285;334;142;218;70;122;30;33;10;10;1;3;350036;3509;35032
3519709;Ibiúna (SP);968;889;751;611;491;413;285;247;122;127;50;75;18;23;4;9;1;3;350003;3502;35163
3519808;Icém (SP);105;113;81;95;69;60;49;51;25;28;14;10;3;3;2;4;0;0;350025;3507;35155
3519907;Iepê (SP);159;143;116;115;93;84;57;82;48;28;16;22;2;9;0;0;0;1;350018;3505;35113
3520004;Igaraçu do Tietê (SP);289;318;225;266;178;166;94;123;29;51;20;28;6;12;0;1;1;0;350010;3503;35064
3520103;Igarapava (SP);419;509;338;388;247;302;142;192;100;123;52;68;14;30;3;6;1;2;350035;3508;35083
3520202;Igaratá (SP);134;113;99;92;78;63;41;38;25;19;8;15;1;1;0;3;0;1;350049;3511;35171
3520301;Iguape (SP);498;496;384;352;288;275;151;173;94;118;43;64;8;18;4;6;2;1;350005;3502;35121
3520400;Ilhabela (SP);228;229;163;170;134;123;60;88;42;37;12;19;4;8;1;3;4;3;350051;3511;35173
3520426;Ilha Comprida (SP);139;116;103;82;67;57;39;20;16;11;2;9;2;6;3;3;1;0;350005;3502;35121
3520442;Ilha Solteira (SP);443;375;284;232;174;172;83;93;40;48;15;33;4;4;0;2;0;0;350024;3506;35022
3520509;Indaiatuba (SP);1928;2098;1425;1582;1112;1259;553;844;321;438;152;241;50;78;10;23;7;9;350038;3510;35072
3520608;Indiana (SP);82;92;80;71;52;57;39;31;24;25;9;8;1;7;0;0;0;0;350018;3505;35112
3520707;Indiaporã (SP);95;76;62;62;52;58;32;30;20;28;14;11;4;5;1;3;0;1;350029;3507;35154
3520806;Inúbia Paulista (SP);64;58;54;54;45;42;29;27;13;15;12;7;4;3;0;0;1;0;350019;3505;35091
3520905;Ipaussu (SP);198;207;172;183;125;153;75;99;39;57;15;31;2;9;1;0;4;2;350015;3504;35094
3521002;Iperó (SP);228;186;140;157;127;150;88;87;45;60;16;24;8;6;4;12;2;1;350003;3502;35163
3521101;Ipeúna (SP);84;66;57;42;43;37;21;29;14;17;6;9;3;0;1;0;0;0;350046;3510;35104
3521150;Ipiguá (SP);58;64;44;42;37;35;22;24;10;15;7;9;1;4;1;1;0;1;350025;3507;35155
3521200;Iporanga (SP);83;63;65;58;38;30;40;17;7;7;5;7;3;2;2;1;1;0;350005;3502;35121
3521309;Ipuã (SP);173;160;126;136;82;106;59;58;22;39;9;19;2;6;1;1;2;0;350034;3508;35082
3521408;Iracemápolis (SP);204;208;152;202;140;146;72;85;38;47;17;27;5;9;1;2;0;2;350042;3510;35102
3521507;Irapuã (SP);109;125;97;107;74;76;60;48;24;30;9;9;3;6;0;0;0;2;350025;3507;35151
3521606;Irapuru (SP);177;175;143;157;129;117;69;55;53;43;18;19;8;8;1;1;0;0;350020;3505;35111
3521705;Itaberá (SP);260;266;248;201;177;168;101;108;59;53;26;24;9;8;0;2;1;2;350004;3502;35162
3521804;Itaí (SP);279;296;249;246;163;154;104;96;53;56;32;29;7;12;3;1;2;3;350007;3502;35061
3521903;Itajobi (SP);264;270;232;229;191;196;115;139;70;60;21;42;10;8;0;4;0;0;350026;3507;35151
3522000;Itaju (SP);49;57;35;35;33;43;32;22;15;13;3;9;1;4;0;0;0;0;350010;3503;35064
3522109;Itanhaém (SP);1169;1219;931;930;653;700;360;447;176;230;69;140;20;26;8;9;4;3;350002;3501;35041
3522158;Itaoca (SP);62;49;54;50;38;37;27;24;17;13;3;9;2;3;0;0;0;0;350004;3502;35162
3522208;Itapecerica da Serra (SP);1088;1126;704;836;469;592;268;365;132;195;48;107;20;43;11;16;13;11;350001;3501;35013
3522307;Itapetininga (SP);1647;1932;1361;1489;986;1246;628;816;385;489;151;218;50;87;21;24;8;9;350006;3502;35161
3522406;Itapeva (SP);1103;1128;887;859;574;664;328;406;186;244;74;101;27;35;9;9;9;5;350004;3502;35162
3522505;Itapevi (SP);1258;1402;848;983;501;695;284;395;157;237;71;88;10;47;13;12;2;15;350001;3501;35014
3522604;Itapira (SP);1065;1119;848;995;676;823;395;537;206;319;120;211;29;58;13;21;2;4;350043;3510;35141
3522653;Itapirapuã Paulista (SP);60;47;47;39;47;17;19;14;11;12;10;6;2;1;1;0;1;1;350004;3502;35162
3522703;Itápolis (SP);715;731;574;590;427;499;247;301;126;202;55;98;19;26;7;6;4;2;350036;3509;35032
3522802;Itaporanga (SP);212;261;203;195;145;141;98;72;48;60;15;25;7;5;0;1;1;1;350004;3502;35061
3522901;Itapuí (SP);182;186;119;168;150;139;76;88;27;38;15;28;5;14;0;3;0;1;350010;3503;35064
3523008;Itapura (SP);71;52;52;49;44;38;30;15;15;17;9;16;6;1;2;2;0;0;350024;3506;35022
3523107;Itaquaquecetuba (SP);1888;2074;1264;1566;797;1118;459;634;216;336;87;183;36;57;14;34;15;23;350001;3501;35011
3523206;Itararé (SP);629;642;522;605;386;490;254;299;146;184;60;98;23;32;2;8;1;3;350004;3502;35162
3523305;Itariri (SP);218;195;177;143;130;101;59;41;26;37;19;27;4;8;0;3;1;1;350002;3501;35121
3523404;Itatiba (SP);1102;1218;946;1035;715;816;395;500;205;288;87;130;23;44;9;10;5;1;350039;3510;35072
3523503;Itatinga (SP);194;193;155;160;108;113;75;92;36;64;18;20;5;9;0;2;0;0;350011;3503;35063
3523602;Itirapina (SP);195;191;143;156;107;126;73;107;29;42;13;28;2;8;0;0;0;0;350037;3509;35104
3523701;Itirapuã (SP);87;74;74;79;48;55;31;35;14;11;6;11;5;4;2;0;0;1;350033;3508;35081
3523800;Itobi (SP);103;122;112;82;74;96;60;41;30;28;6;17;4;7;1;0;1;1;350047;3510;35143
3523909;Itu (SP);1779;1796;1298;1616;1066;1295;579;812;296;459;125;228;49;94;12;20;12;14;350003;3502;35163
3524006;Itupeva (SP);313;304;224;216;172;167;81;91;45;56;19;25;8;11;2;3;1;0;350039;3510;35073
3524105;Ituverava (SP);608;704;489;511;304;401;193;283;118;166;42;70;15;31;7;7;0;2;350035;3508;35083
3524204;Jaborandi (SP);125;131;89;88;55;58;38;45;25;26;6;9;1;2;0;1;1;0;350032;3508;35051
3524303;Jaboticabal (SP);1037;1154;769;974;612;819;402;553;223;339;88;190;28;51;6;19;3;8;350031;3508;35131
3524402;Jacareí (SP);2371;2551;1735;1961;1172;1514;729;1009;387;588;183;279;41;97;25;29;11;15;350049;3511;35171
3524501;Jaci (SP);68;69;55;50;40;34;17;22;13;15;6;6;0;1;0;0;0;0;350025;3507;35156
3524600;Jacupiranga (SP);261;202;222;193;138;136;88;91;57;54;22;35;8;14;1;2;0;1;350005;3502;35121
3524709;Jaguariúna (SP);378;386;316;344;225;237;157;169;58;98;27;34;7;20;3;2;2;2;350038;3510;35072
3524808;Jales (SP);826;856;659;709;463;511;282;338;154;201;72;85;19;22;6;12;2;3;350028;3507;35153
3524907;Jambeiro (SP);66;66;68;46;40;34;23;15;17;9;3;14;0;3;0;0;0;0;350049;3511;35171
3525003;Jandira (SP);656;698;406;528;266;387;167;248;72;120;35;57;10;16;2;9;0;3;350001;3501;35014
3525102;Jardinópolis (SP);444;448;376;385;253;289;160;206;76;108;33;51;7;15;3;10;1;2;350031;3508;35132
3525201;Jarinu (SP);219;202;193;185;143;122;75;82;45;50;17;30;4;11;1;1;0;0;350039;3510;35073
3525300;Jaú (SP);1737;1968;1460;1808;1153;1418;698;909;365;550;167;305;59;94;15;26;4;13;350010;3503;35064
3525409;Jeriquara (SP);62;49;37;36;31;29;21;7;8;5;5;5;1;3;0;0;0;0;350033;3508;35081
3525508;Joanópolis (SP);189;169;157;139;110;125;69;88;35;46;25;22;1;8;0;1;0;1;350041;3510;35071
3525607;João Ramalho (SP);70;64;51;51;31;33;19;18;10;13;7;4;1;1;1;0;0;1;350018;3505;35113
3525706;José Bonifácio (SP);461;484;371;414;270;299;182;202;92;99;44;66;11;18;4;6;1;0;350025;3507;35156
3525805;Júlio Mesquita (SP);73;73;45;65;58;45;32;33;22;17;8;11;2;2;0;1;0;2;350013;3504;35093
3525854;Jumirim (SP);40;41;38;39;32;25;16;19;7;10;0;4;0;2;0;0;0;0;350003;3502;35163
3525904;Jundiaí (SP);5120;5781;3853;4759;2912;3720;1691;2615;877;1578;386;773;145;266;40;76;10;26;350039;3510;35073
3526001;Junqueirópolis (SP);354;384;305;318;289;253;144;150;90;64;30;37;14;12;2;8;0;5;350020;3505;35111
3526100;Juquiá (SP);312;273;246;218;182;193;133;114;81;60;25;29;7;14;3;4;2;0;350005;3502;35121
3526209;Juquitiba (SP);339;311;278;255;186;161;116;100;31;57;20;17;1;9;1;8;1;2;350001;3501;35013
3526308;Lagoinha (SP);94;107;91;78;90;55;43;44;25;22;6;5;2;3;0;1;0;0;350050;3511;35174
3526407;Laranjal Paulista (SP);354;403;316;337;293;300;164;206;80;110;39;48;13;12;3;3;2;0;350040;3510;35063
3526506;Lavínia (SP);101;107;85;81;60;56;41;59;14;25;9;13;4;4;2;2;0;1;350024;3506;35022
3526605;Lavrinhas (SP);84;60;69;59;41;37;26;27;10;12;9;9;1;2;0;0;0;0;350053;3511;35172
3526704;Leme (SP);1087;1148;829;939;608;780;356;467;156;254;69;124;20;40;7;11;7;4;350045;3510;35101
3526803;Lençóis Paulista (SP);705;776;575;591;408;522;250;321;122;194;68;106;15;26;5;8;3;2;350009;3503;35062
3526902;Limeira (SP);3442;3636;2592;3009;1989;2442;1147;1494;586;867;259;428;77;114;17;36;16;15;350042;3510;35102
3527009;Lindóia (SP);99;100;85;76;67;67;26;45;27;26;8;13;2;4;0;3;0;1;350048;3510;35074
3527108;Lins (SP);1071;1335;871;1169;714;967;433;615;243;354;117;200;35;56;14;26;3;4;350012;3503;35065
3527207;Lorena (SP);997;1211;796;1048;577;791;355;547;224;372;110;179;29;48;11;12;5;14;350052;3511;35172
3527256;Lourdes (SP);42;39;25;26;17;24;17;18;8;6;7;4;1;3;0;0;0;0;350023;3506;35023
3527306;Louveira (SP);273;287;210;229;151;205;106;130;43;52;14;37;3;16;2;5;0;1;350039;3510;35073
3527405;Lucélia (SP);307;357;267;295;196;212;133;160;104;96;39;34;8;13;2;3;1;0;350019;3505;35091
3527504;Lucianópolis (SP);32;30;22;29;22;23;11;16;9;16;4;3;1;1;0;0;0;1;350009;3503;35062
3527603;Luís Antônio (SP);81;80;60;49;36;47;19;31;12;12;4;9;3;3;1;0;0;0;350031;3508;35132
3527702;Luiziânia (SP);90;86;70;62;46;64;33;34;15;21;9;11;0;3;0;1;1;1;350023;3506;35023
3527801;Lupércio (SP);65;70;55;57;47;38;21;18;9;17;6;9;0;2;0;1;2;0;350013;3504;35093
3527900;Lutécia (SP);47;44;41;46;41;40;18;23;12;12;9;1;3;4;2;0;0;1;350014;3504;35092
3528007;Macatuba (SP);230;236;159;190;120;149;69;75;41;53;16;27;4;10;2;2;1;0;350009;3503;35062
3528106;Macaubal (SP);150;172;137;132;117;102;62;53;25;34;19;18;6;6;2;3;1;1;350025;3507;35157
3528205;Macedônia (SP);80;73;57;54;44;51;30;20;10;29;11;8;3;1;0;1;0;0;350029;3507;35154
3528304;Magda (SP);89;66;54;48;40;33;27;29;15;12;4;7;4;3;0;1;0;0;350022;3506;35157
3528403;Mairinque (SP);451;465;339;368;230;247;123;180;83;108;28;39;8;18;6;4;3;4;350003;3502;35163
3528502;Mairiporã (SP);751;757;572;592;429;430;222;265;116;144;36;75;17;26;8;8;9;3;350001;3501;35012
3528601;Manduri (SP);144;146;118;130;83;86;55;50;31;31;10;12;5;8;3;0;1;0;350007;3502;35061
3528700;Marabá Paulista (SP);68;65;46;46;45;28;18;16;13;9;5;4;3;2;0;0;1;0;350021;3505;35114
3528809;Maracaí (SP);181;186;162;156;114;126;82;88;52;44;15;21;4;3;1;1;0;1;350014;3504;35092
3528858;Marapoama (SP);39;33;29;36;32;31;12;14;7;15;6;5;0;1;0;0;0;0;350026;3507;35151
3528908;Mariápolis (SP);81;89;74;57;54;53;37;42;26;21;6;9;5;3;1;0;0;1;350019;3505;35091
3529005;Marília (SP);2876;3335;2407;2877;1792;2228;1136;1438;605;878;275;462;95;167;25;46;4;20;350013;3504;35093
3529104;Marinópolis (SP);43;42;34;34;25;17;10;19;7;6;2;1;2;1;1;0;0;0;350028;3507;35153
3529203;Martinópolis (SP);370;419;313;327;238;293;142;153;86;102;36;48;12;14;3;9;0;1;350018;3505;35112
3529302;Matão (SP);934;983;739;819;574;645;333;413;192;243;71;116;15;41;6;7;1;7;350036;3509;35033
3529401;Mauá (SP);3648;3904;2397;2915;1646;2060;874;1167;434;638;210;345;64;102;22;44;13;29;350001;3501;35015
3529500;Mendonça (SP);87;97;68;59;50;44;43;38;22;25;8;14;3;4;2;0;0;0;350025;3507;35156
3529609;Meridiano (SP);99;82;66;54;48;56;32;23;17;10;4;9;2;3;1;1;1;0;350029;3507;35154
3529658;Mesópolis (SP);41;38;30;30;34;23;14;12;9;6;4;3;4;2;0;0;1;0;350028;3507;35153
3529708;Miguelópolis (SP);287;258;211;204;135;178;80;94;38;57;26;33;9;18;1;0;0;0;350035;3508;35083
3529807;Mineiros do Tietê (SP);171;188;139;152;111;145;70;98;28;54;18;20;2;11;2;4;4;0;350010;3503;35064
3529906;Miracatu (SP);342;299;248;191;186;138;102;97;46;47;24;23;5;4;2;3;1;3;350005;3502;35121
3530003;Mira Estrela (SP);54;41;40;34;29;29;32;20;8;6;3;1;2;2;0;2;0;0;350029;3507;35154
3530102;Mirandópolis (SP);465;513;354;390;295;314;185;188;99;128;58;64;20;13;5;7;0;2;350024;3506;35022
3530201;Mirante do Paranapanema (SP);320;303;273;232;204;172;116;98;87;53;27;41;8;10;0;4;4;2;350018;3505;35115
3530300;Mirassol (SP);761;855;659;738;469;589;267;399;166;217;55;125;11;36;4;9;1;2;350025;3507;35155
3530409;Mirassolândia (SP);69;64;52;57;42;41;25;25;14;16;5;7;0;3;1;0;0;0;350025;3507;35155
3530508;Mococa (SP);1042;1053;831;910;610;706;357;464;199;300;97;147;23;50;8;18;1;2;350047;3510;35143
3530607;Mogi das Cruzes (SP);4118;4542;2984;3539;2081;2671;1301;1762;652;949;277;464;74;152;27;37;10;18;350001;3501;35011
3530706;Mogi Guaçu (SP);1748;1796;1327;1357;931;964;589;680;254;393;122;179;32;51;16;9;6;7;350043;3510;35141
3530805;Mogi Mirim (SP);1194;1280;954;1087;735;906;432;580;249;346;93;173;31;56;12;17;3;4;350043;3510;35141
3530904;Mombuca (SP);43;44;34;35;22;29;17;19;12;14;3;7;1;2;0;0;0;0;350040;3510;35103
3531001;Monções (SP);43;53;49;37;24;26;18;20;5;10;3;2;1;2;0;0;0;0;350022;3506;35157
3531100;Mongaguá (SP);576;612;459;434;331;352;212;216;72;109;45;50;6;13;2;2;2;0;350002;3501;35041
3531209;Monte Alegre do Sul (SP);122;137;100;107;84;79;48;58;26;41;9;12;4;7;0;0;0;0;350048;3510;35074
3531308;Monte Alto (SP);731;784;595;668;489;544;290;394;144;207;63;105;23;26;4;6;1;3;350031;3508;35131
3531407;Monte Aprazível (SP);408;410;282;357;247;259;139;164;90;100;21;57;11;21;3;9;1;3;350025;3507;35156
3531506;Monte Azul Paulista (SP);318;326;253;245;163;223;105;130;72;98;25;56;7;11;2;5;1;1;350032;3508;35052
3531605;Monte Castelo (SP);86;87;74;69;62;63;42;39;22;20;8;8;2;3;2;1;0;0;350020;3505;35111
3531704;Monteiro Lobato (SP);64;60;52;44;33;45;27;22;10;15;5;7;0;1;1;0;0;0;350049;3511;35171
3531803;Monte Mor (SP);440;454;303;305;224;250;135;160;62;97;38;52;13;10;0;5;2;3;350038;3510;35072
3531902;Morro Agudo (SP);297;338;250;208;149;199;102;113;49;83;29;39;6;17;2;8;0;2;350034;3508;35082
3532009;Morungaba (SP);137;129;108;97;75;83;52;63;16;24;8;11;4;7;1;1;0;1;350039;3510;35072
3532058;Motuca (SP);54;51;40;40;32;30;9;18;9;13;3;7;1;2;1;2;0;1;350036;3509;35031
3532108;Murutinga do Sul (SP);78;96;74;75;70;59;40;31;20;23;17;17;3;3;0;0;0;0;350024;3506;35022
3532157;Nantes (SP);35;35;28;24;14;12;12;8;7;9;2;3;3;1;0;0;0;0;350018;3505;35113
3532207;Narandiba (SP);60;61;58;48;29;36;28;13;14;10;7;5;1;0;0;1;0;0;350018;3505;35112
3532306;Natividade da Serra (SP);161;119;134;116;90;75;66;49;40;36;23;9;2;6;1;2;1;0;350050;3511;35174
3532405;Nazaré Paulista (SP);322;223;215;197;155;152;101;94;37;57;22;33;9;13;2;3;0;0;350041;3510;35071
3532504;Neves Paulista (SP);187;220;167;161;117;147;66;83;42;55;11;27;9;5;1;2;1;0;350025;3507;35155
3532603;Nhandeara (SP);221;235;160;204;135;152;84;97;63;52;19;23;2;15;4;2;0;0;350027;3507;35157
3532702;Nipoã (SP);48;57;56;47;32;36;17;20;16;20;6;5;4;1;1;1;0;0;350025;3507;35156
3532801;Nova Aliança (SP);108;105;74;85;73;73;46;60;36;23;10;15;3;8;1;3;0;0;350025;3507;35155
3532827;Nova Campina (SP);98;84;61;52;43;39;25;20;15;11;3;3;0;1;0;1;0;0;350004;3502;35162
3532843;Nova Canaã Paulista (SP);64;60;43;39;51;43;28;22;12;11;4;8;3;7;1;0;0;0;350030;3507;35152
3532868;Nova Castilho (SP);25;10;15;18;14;5;9;5;4;2;1;3;2;0;0;1;1;0;350022;3506;35021
3532900;Nova Europa (SP);105;90;91;87;72;67;29;42;27;31;8;11;3;4;0;3;0;0;350036;3509;35032
3533007;Nova Granada (SP);306;303;246;250;163;202;113;130;63;92;24;42;6;16;2;1;3;1;350025;3507;35155
3533106;Nova Guataporanga (SP);49;61;40;47;46;25;24;20;14;7;5;4;3;1;0;0;0;0;350020;3505;35111
3533205;Nova Independência (SP);31;35;37;32;25;22;22;13;15;19;4;4;2;1;0;0;0;1;350024;3506;35022
3533254;Novais (SP);71;58;57;44;35;36;23;24;13;11;7;2;0;2;0;0;0;0;350026;3507;35151
3533304;Nova Luzitânia (SP);55;44;35;37;33;19;29;16;9;12;3;5;3;1;0;1;0;0;350022;3506;35021
3533403;Nova Odessa (SP);564;654;435;461;297;360;154;222;97;120;43;68;8;14;3;6;3;0;350038;3510;35072
3533502;Novo Horizonte (SP);570;642;484;529;368;436;236;275;129;132;47;83;18;32;5;9;2;1;350025;3507;35151
3533601;Nuporanga (SP);98;119;93;101;76;75;31;41;19;30;10;12;5;6;2;4;0;0;350034;3508;35082
3533700;Ocauçu (SP);73;78;66;69;39;40;26;28;18;15;5;6;2;3;0;1;3;1;350013;3504;35093
3533809;Óleo (SP);61;60;46;58;41;35;21;16;15;14;6;12;4;4;1;0;0;0;350007;3502;35094
3533908;Olímpia (SP);737;862;615;704;489;607;328;387;170;262;83;124;24;47;6;6;2;3;350032;3508;35051
3534005;Onda Verde (SP);47;54;42;41;41;26;22;18;11;13;4;0;1;2;0;0;0;0;350025;3507;35155
3534104;Oriente (SP);101;129;98;92;87;82;52;47;25;30;10;17;6;3;2;3;1;0;350013;3504;35093
3534203;Orindiúva (SP);68;54;44;40;37;36;11;12;4;9;1;9;0;2;0;3;0;1;350025;3507;35155
3534302;Orlândia (SP);530;573;354;435;285;331;142;226;91;121;42;71;14;19;4;5;4;2;350034;3508;35082
3534401;Osasco (SP);7102;8646;5179;6469;3474;4770;1977;3024;930;1574;381;790;130;265;51;88;37;62;350001;3501;35014
3534500;Oscar Bressane (SP);53;49;47;37;34;30;25;26;15;17;5;6;3;5;1;1;0;1;350013;3504;35093
3534609;Osvaldo Cruz (SP);566;621;477;539;378;453;265;247;143;165;60;70;36;32;4;3;2;2;350019;3505;35091
3534708;Ourinhos (SP);1310;1567;1071;1304;794;1021;491;653;258;374;134;160;46;61;7;16;3;6;350015;3504;35094
3534757;Ouroeste (SP);130;128;88;81;72;68;42;41;26;21;17;8;6;7;1;0;2;1;350029;3507;35154
3534807;Ouro Verde (SP);114;133;106;112;92;78;70;45;24;24;13;12;5;1;1;2;1;0;350020;3505;35111
3534906;Pacaembu (SP);272;261;235;241;174;177;102;94;55;57;31;35;9;8;5;4;3;0;350019;3505;35091
3535002;Palestina (SP);213;223;150;181;121;143;72;93;56;55;23;28;8;12;1;2;1;1;350025;3507;35155
3535101;Palmares Paulista (SP);114;104;76;76;53;71;23;26;15;20;7;12;2;1;0;2;0;0;350026;3507;35151
3535200;Palmeira d'Oeste (SP);257;238;187;172;141;142;78;63;39;59;25;24;9;7;0;0;0;2;350028;3507;35153
3535309;Palmital (SP);359;407;328;351;239;296;183;177;97;116;37;48;13;19;5;7;1;0;350014;3504;35092
3535408;Panorama (SP);212;189;152;157;128;104;83;71;38;45;11;27;1;10;2;2;1;2;350020;3505;35111
3535507;Paraguaçu Paulista (SP);570;638;502;541;352;458;230;275;115;150;57;88;20;34;3;11;4;6;350014;3504;35092
3535606;Paraibuna (SP);268;222;229;194;168;161;109;101;45;50;26;24;6;7;3;2;0;0;350049;3511;35171
3535705;Paraíso (SP);92;95;71;74;65;57;45;38;16;20;14;8;2;6;2;1;0;0;350026;3507;35151
3535804;Paranapanema (SP);216;192;180;159;133;119;86;64;58;38;15;21;5;4;2;1;0;2;350007;3502;35061
3535903;Paranapuã (SP);70;70;66;59;44;49;24;26;15;12;7;10;2;5;0;2;0;1;350028;3507;35153
3536000;Parapuã (SP);231;247;194;197;174;147;97;100;40;45;15;28;9;8;0;3;0;1;350016;3504;35095
3536109;Pardinho (SP);83;64;53;52;39;37;23;19;21;17;5;7;2;0;1;0;0;1;350011;3503;35063
3536208;Pariquera-Açu (SP);265;273;253;193;148;160;90;115;49;47;24;32;7;24;1;1;3;1;350005;3502;35121
3536257;Parisi (SP);38;34;26;31;25;26;14;16;9;7;6;7;3;0;0;1;0;0;350027;3507;35157
3536307;Patrocínio Paulista (SP);185;155;152;134;100;120;60;63;43;38;14;20;1;10;1;2;0;3;350033;3508;35081
3536406;Paulicéia (SP);95;61;86;59;38;41;28;19;18;16;5;5;5;3;5;0;1;1;350020;3505;35111
3536505;Paulínia (SP);562;574;367;457;298;337;190;226;80;151;52;74;20;21;3;7;1;1;350038;3510;35072
3536570;Paulistânia (SP);36;31;25;26;13;17;10;11;3;5;1;2;1;1;1;0;0;0;350009;3503;35062
3536604;Paulo de Faria (SP);147;144;124;113;90;87;47;60;43;39;13;11;3;8;2;4;3;0;350025;3507;35155
3536703;Pederneiras (SP);513;601;428;480;339;360;199;262;112;142;41;74;15;28;1;2;3;2;350009;3503;35062
3536802;Pedra Bela (SP);109;108;78;81;59;69;49;37;26;25;10;12;4;3;0;0;0;0;350041;3510;35071
3536901;Pedranópolis (SP);51;45;58;61;51;40;23;22;10;14;6;10;0;4;0;0;1;0;350029;3507;35154
3537008;Pedregulho (SP);223;241;180;175;127;122;65;77;40;57;16;21;9;7;1;3;1;2;350033;3508;35081
3537107;Pedreira (SP);495;588;437;479;305;409;175;233;79;128;29;60;16;13;2;5;0;1;350038;3510;35072
3537156;Pedrinhas Paulista (SP);53;43;46;46;24;25;11;15;9;12;3;9;0;2;0;0;0;0;350014;3504;35092
3537206;Pedro de Toledo (SP);163;148;135;100;104;79;54;58;31;26;13;17;2;7;0;1;1;0;350002;3501;35121
3537305;Penápolis (SP);913;996;717;894;545;717;357;504;181;298;82;133;31;50;6;9;2;7;350023;3506;35023
3537404;Pereira Barreto (SP);444;439;313;358;256;278;167;180;89;108;53;56;12;29;1;5;1;2;350024;3506;35022
3537503;Pereiras (SP);113;124;100;114;76;94;53;57;21;42;17;16;2;2;1;2;1;0;350008;3502;35063
3537602;Peruíbe (SP);858;883;682;744;575;549;337;346;176;156;74;89;26;34;11;11;2;4;350002;3501;35041
3537701;Piacatu (SP);93;90;75;77;48;47;21;41;18;22;10;14;1;3;2;1;0;0;350023;3506;35023
3537800;Piedade (SP);768;711;607;629;450;439;275;291;117;142;67;71;20;25;3;6;2;5;350003;3502;35163
3537909;Pilar do Sul (SP);381;318;286;254;218;181;109;90;56;53;17;27;8;11;1;4;3;4;350003;3502;35163
3538006;Pindamonhangaba (SP);1460;1538;1048;1213;759;977;511;692;236;343;118;171;50;67;13;36;14;6;350050;3511;35174
3538105;Pindorama (SP);276;253;222;262;198;164;102;118;47;81;26;41;6;11;3;3;1;0;350026;3507;35151
3538204;Pinhalzinho (SP);214;205;163;163;117;124;87;84;52;39;26;20;4;10;2;1;0;0;350041;3510;35071
3538303;Piquerobi (SP);72;58;57;49;40;30;24;28;17;14;11;9;1;2;0;1;1;0;350021;3505;35114
3538501;Piquete (SP);234;242;178;240;117;202;94;124;51;67;31;33;7;16;6;12;0;2;350052;3511;35172
3538600;Piracaia (SP);375;359;294;287;259;246;148;148;88;87;33;49;17;19;3;3;1;5;350041;3510;35071
3538709;Piracicaba (SP);4473;5352;3644;4325;2767;3719;1664;2386;895;1395;404;744;122;225;26;55;11;15;350040;3510;35103
3538808;Piraju (SP);480;572;397;519;282;355;161;215;83;119;32;79;15;21;5;6;3;2;350017;3504;35061
3538907;Pirajuí (SP);326;375;256;356;244;242;140;200;68;89;35;65;8;9;3;9;2;1;350009;3503;35062
3539004;Pirangi (SP);190;190;165;161;124;135;90;100;34;62;21;28;5;9;1;3;1;0;350026;3507;35151
3539103;Pirapora do Bom Jesus (SP);128;113;84;83;63;80;43;58;27;21;10;9;1;4;4;5;0;0;350001;3501;35014
3539202;Pirapozinho (SP);343;378;258;297;211;225;152;151;62;88;38;39;11;11;3;5;1;4;350018;3505;35112
3539301;Pirassununga (SP);1032;1132;847;918;626;896;429;545;204;341;107;185;21;47;4;9;5;4;350037;3509;35101
3539400;Piratininga (SP);158;189;154;186;121;137;81;96;33;54;16;30;2;8;1;3;1;4;350009;3503;35062
3539509;Pitangueiras (SP);414;452;322;335;223;271;134;180;58;79;19;36;10;14;4;6;2;3;350031;3508;35131
3539608;Planalto (SP);53;70;47;41;51;29;21;26;13;15;8;9;2;0;0;2;2;0;350025;3507;35156
3539707;Platina (SP);55;47;35;45;32;30;21;18;9;12;4;11;0;1;0;0;0;0;350014;3504;35092
3539806;Poá (SP);937;1121;659;858;501;681;269;396;136;220;70;122;25;30;10;15;5;7;350001;3501;35011
3539905;Poloni (SP);112;136;104;98;58;83;50;61;26;41;10;20;3;8;1;1;0;0;350025;3507;35156
3540002;Pompéia (SP);272;283;211;263;165;218;114;135;67;109;42;48;14;15;5;4;2;0;350013;3504;35093
3540101;Pongaí (SP);79;73;71;73;61;48;23;33;12;24;7;7;1;1;2;0;0;1;350012;3503;35065
3540200;Pontal (SP);318;373;248;292;175;213;93;109;46;89;25;34;6;15;2;4;0;1;350031;3508;35131
3540259;Pontalinda (SP);61;60;43;41;41;32;16;20;7;15;4;11;3;4;0;0;1;0;350028;3507;35153
3540309;Pontes Gestal (SP);59;57;47;38;45;20;14;24;9;8;1;8;3;1;0;0;0;0;350027;3507;35157
3540408;Populina (SP);113;93;81;74;60;51;32;31;16;18;7;11;2;4;0;1;1;0;350028;3507;35154
3540507;Porangaba (SP);128;118;112;83;94;70;52;44;27;35;16;16;3;3;0;1;0;2;350008;3502;35063
3540606;Porto Feliz (SP);585;669;523;565;402;447;246;346;144;168;55;74;20;28;1;11;4;5;350003;3502;35163
3540705;Porto Ferreira (SP);701;801;613;663;468;490;225;317;106;183;54;80;15;25;2;8;4;1;350037;3509;35034
3540754;Potim (SP);136;136;124;95;61;86;39;42;20;27;13;10;1;3;0;0;0;0;350052;3511;35172
3540804;Potirendaba (SP);277;313;227;253;201;202;120;120;64;68;35;25;18;11;3;1;2;0;350025;3507;35155
3540853;Pracinha (SP);22;25;22;17;14;23;23;15;8;8;5;6;0;0;0;0;0;0;350019;3505;35091
3540903;Pradópolis (SP);185;156;110;130;91;90;49;59;28;41;6;16;8;4;0;2;0;2;350031;3508;35131
3541000;Praia Grande (SP);2699;3216;2179;2501;1669;2067;973;1192;393;616;200;319;58;97;11;33;10;10;350002;3501;35041
3541059;Pratânia (SP);59;51;44;43;30;39;25;20;3;13;8;5;1;0;0;0;0;0;350011;3503;35063
3541109;Presidente Alves (SP);67;59;64;48;52;70;37;30;22;20;8;9;5;3;0;0;1;0;350009;3503;35062
3541208;Presidente Bernardes (SP);285;264;226;239;181;201;132;114;53;73;26;40;14;12;3;3;0;1;350018;3505;35112
3541307;Presidente Epitácio (SP);568;611;477;491;364;370;223;211;105;134;54;57;12;18;9;6;5;0;350021;3505;35114
3541406;Presidente Prudente (SP);2903;3248;2200;2753;1684;2033;1036;1336;570;755;256;409;90;138;18;38;11;13;350018;3505;35112
3541505;Presidente Venceslau (SP);597;683;514;580;399;433;232;301;129;141;56;89;29;35;9;14;4;1;350021;3505;35114
3541604;Promissão (SP);516;567;429;415;311;309;166;212;99;146;42;70;23;28;4;6;2;1;350012;3503;35065
3541653;Quadra (SP);50;37;43;33;25;24;14;17;13;7;5;5;0;0;1;0;0;0;350008;3502;35161
3541703;Quatá (SP);201;187;147;153;110;128;72;86;26;50;15;32;6;7;0;1;1;1;350018;3505;35113
3541802;Queiroz (SP);33;27;27;26;23;19;21;11;13;7;7;2;1;1;0;2;0;1;350016;3504;35095
3541901;Queluz (SP);119;125;92;127;68;73;49;55;22;48;9;17;4;7;1;0;1;1;350053;3511;35172
3542008;Quintana (SP);95;88;67;68;69;63;41;48;26;25;9;12;6;7;0;3;0;0;350013;3504;35093
3542107;Rafard (SP);134;126;102;118;101;104;47;76;30;21;10;18;2;5;1;0;0;2;350040;3510;35103
3542206;Rancharia (SP);452;512;404;440;286;323;193;182;90;95;34;53;15;33;1;5;1;1;350018;3505;35113
3542305;Redenção da Serra (SP);95;84;65;63;56;47;40;23;22;18;8;5;1;1;0;2;0;0;350050;3511;35174
3542404;Regente Feijó (SP);295;277;236;242;177;197;96;116;53;63;23;30;7;12;1;3;0;1;350018;3505;35112
3542503;Reginópolis (SP);88;88;84;76;64;66;41;45;31;23;12;15;2;1;2;4;1;0;350009;3503;35062
3542602;Registro (SP);730;743;569;567;388;468;269;294;117;177;40;99;18;36;6;7;1;3;350005;3502;35121
3542701;Restinga (SP);90;74;54;44;28;36;33;18;6;16;8;7;2;3;2;0;0;1;350033;3508;35081
3542800;Ribeira (SP);61;70;74;53;44;37;30;19;14;23;7;5;1;2;0;0;0;0;350004;3502;35162
3542909;Ribeirão Bonito (SP);187;172;136;155;117;136;79;84;39;54;15;23;9;4;0;1;0;1;350037;3509;35034
3543006;Ribeirão Branco (SP);253;212;188;139;120;128;81;60;33;39;13;12;6;5;1;0;0;1;350004;3502;35162
3543105;Ribeirão Corrente (SP);63;57;52;54;37;25;19;14;10;7;4;5;1;1;0;0;0;0;350033;3508;35081
3543204;Ribeirão do Sul (SP);67;73;69;66;53;51;27;33;18;19;6;4;1;4;1;1;0;3;350015;3504;35094
3543238;Ribeirão dos Índios (SP);48;52;45;27;29;31;15;15;10;6;15;11;3;1;0;1;0;0;350018;3505;35112
3543253;Ribeirão Grande (SP);126;103;73;73;55;51;40;31;19;10;6;2;2;3;1;0;0;0;350004;3502;35161
3543303;Ribeirão Pires (SP);1197;1343;845;1036;639;831;356;533;191;269;77;162;24;39;7;10;6;4;350001;3501;35015
3543402;Ribeirão Preto (SP);7016;8807;5591;7129;4225;5784;2464;3762;1257;2390;628;1326;161;425;47;114;31;37;350031;3508;35132
3543501;Riversul (SP);145;152;126;109;85;67;57;42;35;26;18;13;5;1;1;4;1;1;350004;3502;35162
3543600;Rifaina (SP);58;54;48;46;34;27;18;24;10;17;6;7;5;4;2;1;0;1;350033;3508;35081
3543709;Rincão (SP);136;159;111;123;89;102;43;66;25;41;15;20;6;5;3;1;1;1;350036;3509;35031
3543808;Rinópolis (SP);231;239;225;187;162;153;95;98;46;70;20;32;8;10;3;3;0;2;350016;3504;35095
3543907;Rio Claro (SP);2527;2905;1984;2600;1700;2263;982;1589;560;891;249;546;61;145;19;44;5;8;350046;3510;35104
3544004;Rio das Pedras (SP);299;296;232;269;173;217;83;112;48;64;15;42;3;8;1;5;1;2;350040;3510;35103
3544103;Rio Grande da Serra (SP);358;388;212;287;157;191;81;109;49;71;25;38;4;11;2;2;1;6;350001;3501;35015
3544202;Riolândia (SP);139;128;94;106;78;76;60;38;21;30;12;11;5;5;0;2;3;0;350027;3507;35157
3544251;Rosana (SP);297;194;187;125;112;66;51;63;31;34;21;16;8;5;2;1;2;0;350018;3505;35115
3544301;Roseira (SP);100;85;75;94;53;72;37;43;16;24;7;8;1;0;3;2;1;0;350052;3511;35172
3544400;Rubiácea (SP);49;44;31;28;23;27;16;16;8;5;4;5;1;3;0;0;0;0;350022;3506;35021
3544509;Rubinéia (SP);73;69;45;45;39;25;24;23;13;15;4;4;4;1;2;1;0;0;350030;3507;35152
3544608;Sabino (SP);112;96;71;94;64;56;36;40;32;28;5;16;2;3;0;0;0;0;350012;3503;35065
3544707;Sagres (SP);43;29;41;30;30;32;19;22;11;10;4;8;1;2;0;0;0;0;350019;3505;35091
3544806;Sales (SP);92;68;65;63;57;52;37;36;15;10;8;6;1;3;1;1;0;1;350025;3507;35151
3544905;Sales Oliveira (SP);148;143;113;127;96;98;59;78;28;37;11;21;7;10;1;0;0;2;350034;3508;35082
3545001;Salesópolis (SP);215;245;193;182;142;148;90;84;51;42;18;22;3;4;3;2;0;1;350001;3501;35011
3545100;Salmourão (SP);78;89;78;55;61;59;30;28;21;21;7;12;3;1;0;3;0;0;350019;3505;35091
3545159;Saltinho (SP);94;90;60;72;48;68;30;37;25;27;7;11;0;2;2;1;0;0;350040;3510;35103
3545209;Salto (SP);1134;1277;926;1072;673;823;389;506;160;266;89;140;22;34;11;9;7;7;350003;3502;35163
3545308;Salto de Pirapora (SP);508;513;395;412;275;289;166;159;77;94;43;50;15;10;4;5;1;1;350003;3502;35163
3545407;Salto Grande (SP);160;160;134;147;120;89;57;70;34;33;18;21;8;8;0;2;0;0;350015;3504;35094
3545506;Sandovalina (SP);44;40;25;34;25;21;20;15;10;10;2;5;2;1;0;0;0;0;350018;3505;35112
3545605;Santa Adélia (SP);218;251;166;211;169;184;88;116;44;68;25;35;3;13;2;4;1;1;350026;3507;35151
3545704;Santa Albertina (SP);140;119;112;119;94;93;66;47;31;36;14;11;4;3;0;1;1;1;350028;3507;35153
3545803;Santa Bárbara d'Oeste (SP);2052;2367;1607;1966;1210;1366;666;800;317;432;144;196;37;60;7;21;5;8;350038;3510;35072
3546009;Santa Branca (SP);206;199;167;135;124;127;63;75;24;46;17;28;3;9;2;7;0;1;350049;3511;35171
3546108;Santa Clara d'Oeste (SP);62;60;41;35;34;23;14;13;13;11;3;6;2;6;1;2;0;0;350030;3507;35152
3546207;Santa Cruz da Conceição (SP);61;60;62;51;47;53;32;37;14;14;3;7;3;2;0;0;0;0;350045;3510;35101
3546256;Santa Cruz da Esperança (SP);31;29;30;21;20;20;13;9;10;8;2;1;1;0;0;0;0;1;350031;3508;35133
3546306;Santa Cruz das Palmeiras (SP);395;376;287;275;204;259;120;145;62;89;31;41;7;11;1;5;1;0;350044;3510;35142
3546405;Santa Cruz do Rio Pardo (SP);693;726;547;612;386;479;252;330;155;224;85;99;27;22;5;10;3;4;350015;3504;35094
3546504;Santa Ernestina (SP);77;67;47;55;41;50;28;26;17;7;2;9;0;2;0;0;0;2;350031;3508;35033
3546603;Santa Fé do Sul (SP);464;546;439;427;298;328;220;200;125;124;54;75;14;14;6;6;0;5;350030;3507;35152
3546702;Santa Gertrudes (SP);213;188;148;162;113;146;63;106;55;55;33;38;1;14;0;2;0;1;350046;3510;35104
3546801;Santa Isabel (SP);572;567;480;437;309;324;167;198;94;110;35;64;12;16;3;5;5;3;350001;3501;35011
3546900;Santa Lúcia (SP);107;114;68;57;58;59;28;29;22;18;8;7;2;3;2;1;0;0;350036;3509;35031
3547007;Santa Maria da Serra (SP);82;63;53;60;44;38;30;36;14;9;2;6;2;3;2;0;1;0;350040;3510;35103
3547106;Santa Mercedes (SP);64;60;54;58;39;24;33;27;12;10;10;3;4;2;0;0;1;0;350020;3505;35111
3547205;Santana da Ponte Pensa (SP);46;42;42;32;29;37;11;15;10;7;3;4;0;0;1;3;0;0;350030;3507;35153
3547304;Santana de Parnaíba (SP);624;622;424;448;297;340;152;187;76;120;36;65;8;25;4;11;7;6;350001;3501;35014
3547403;Santa Rita d'Oeste (SP);62;68;75;49;42;47;25;23;10;15;4;7;1;3;1;0;0;0;350030;3507;35152
3547502;Santa Rita do Passa Quatro (SP);542;598;459;524;357;425;205;303;109;172;62;106;10;24;5;8;1;2;350037;3509;35132
3547601;Santa Rosa de Viterbo (SP);348;380;263;322;237;258;148;161;63;91;24;47;7;16;1;2;0;1;350031;3508;35132
3547650;Santa Salete (SP);34;37;27;29;25;16;16;18;9;5;0;2;0;0;0;0;0;0;350028;3507;35153
3547700;Santo Anastácio (SP);388;405;319;368;245;276;184;198;83;100;34;36;9;19;1;7;0;1;350018;3505;35112
3547809;Santo André (SP);9903;11886;7353;9321;5548;7613;3222;4908;1614;2786;670;1374;207;417;50;121;30;37;350001;3501;35015
3547908;Santo Antônio da Alegria (SP);104;89;82;72;62;70;33;45;16;22;6;10;5;3;2;2;0;0;350031;3508;35133
3548005;Santo Antônio de Posse (SP);269;265;222;225;197;185;107;111;49;62;14;26;4;11;0;3;2;2;350038;3510;35072
3548054;Santo Antônio do Aracanguá (SP);104;100;86;71;61;58;55;39;15;22;12;6;0;4;1;2;0;1;350022;3506;35021
3548104;Santo Antônio do Jardim (SP);98;105;91;91;65;77;56;43;25;27;12;9;6;2;0;1;0;0;350044;3510;35142
3548203;Santo Antônio do Pinhal (SP);94;104;76;85;49;43;35;35;17;19;6;8;0;5;1;1;0;1;350050;3511;35174
3548302;Santo Expedito (SP);51;63;34;39;24;30;23;20;17;11;7;5;0;1;1;0;0;0;350018;3505;35112
3548401;Santópolis do Aguapeí (SP);61;54;56;62;44;46;19;8;16;14;5;10;3;4;3;0;0;1;350023;3506;35023
3548500;Santos (SP);7724;10555;6687;9524;5220;8196;3282;5455;1609;3290;763;1846;216;565;55;163;19;31;350002;3501;35041
3548609;São Bento do Sapucaí (SP);184;191;136;150;122;119;84;84;41;45;17;26;2;3;1;3;1;0;350050;3511;35174
3548708;São Bernardo do Campo (SP);8011;9147;5451;6757;3709;5194;2034;3259;962;1840;453;882;150;329;61;107;40;48;350001;3501;35015
3548807;São Caetano do Sul (SP);2693;3466;2234;3060;1928;2915;1216;1990;647;1079;278;558;73;192;17;63;7;13;350001;3501;35015
3548906;São Carlos (SP);2859;3197;2310;2752;1816;2257;1000;1503;562;955;229;532;89;155;31;61;10;17;350037;3509;35034
3549003;São Francisco (SP);63;69;58;39;45;41;21;19;17;11;8;3;1;2;0;0;0;0;350028;3507;35153
3549102;São João da Boa Vista (SP);1308;1456;1081;1256;820;1123;503;668;255;371;102;196;34;60;10;14;7;5;350044;3510;35142
3549201;São João das Duas Pontes (SP);47;46;54;44;41;28;12;11;4;8;2;4;0;5;1;1;0;0;350029;3507;35154
3549250;São João de Iracema (SP);35;26;29;30;9;20;9;11;7;5;3;2;0;0;0;0;1;0;350029;3507;35154
3549300;São João do Pau d'Alho (SP);59;51;46;47;49;27;20;25;12;7;4;6;0;2;1;0;0;0;350020;3505;35111
3549409;São Joaquim da Barra (SP);579;739;522;508;329;444;220;314;92;177;41;95;15;23;7;17;3;2;350034;3508;35082
3549508;São José da Bela Vista (SP);114;107;73;94;63;69;37;44;24;28;5;17;1;5;1;2;0;0;350033;3508;35081
3549607;São José do Barreiro (SP);74;88;62;66;47;49;33;31;8;18;6;8;0;5;0;1;1;0;350053;3511;35172
3549706;São José do Rio Pardo (SP);773;839;654;715;534;604;314;442;158;269;74;132;25;48;5;4;3;3;350047;3510;35143
3549805;São José do Rio Preto (SP);5647;6606;4357;5167;3236;4199;1849;2584;1005;1656;468;867;120;249;40;74;21;22;350025;3507;35155
3549904;São José dos Campos (SP);5610;6272;3977;4757;2912;3741;1782;2457;907;1477;383;693;135;232;40;71;19;27;350049;3511;35171
3549953;São Lourenço da Serra (SP);168;143;109;121;90;69;43;44;22;32;12;15;1;6;0;1;1;0;350001;3501;35013
3550001;São Luiz do Paraitinga (SP);224;195;156;145;145;117;79;62;40;47;18;19;2;9;1;0;1;1;350050;3511;35174
3550100;São Manuel (SP);589;615;460;508;350;422;189;259;105;182;53;85;14;29;5;6;3;2;350011;3503;35063
3550209;São Miguel Arcanjo (SP);444;395;344;303;209;222;126;135;83;81;40;38;5;9;3;4;3;3;350006;3502;35161
3550308;São Paulo (SP);131589;169830;100545;137889;77589;115950;46718;75527;22899;44220;10480;23523;3175;8113;873;2086;493;700;350001;3501;35016
3550407;São Pedro (SP);468;496;386;413;342;371;198;248;128;145;40;69;14;20;3;3;4;0;350040;3510;35103
3550506;São Pedro do Turvo (SP);98;107;93;95;75;72;47;46;33;20;11;10;2;6;0;2;0;1;350015;3504;35094
3550605;São Roque (SP);937;1012;768;868;579;651;360;438;183;272;106;174;27;33;12;12;4;5;350003;3502;35163
3550704;São Sebastião (SP);620;585;423;477;311;349;172;217;106;135;43;87;10;34;5;8;4;0;350051;3511;35173
3550803;São Sebastião da Grama (SP);218;187;149;165;146;145;74;78;41;50;16;16;2;4;1;1;1;0;350047;3510;35143
3550902;São Simão (SP);208;246;204;208;131;181;90;119;40;76;21;37;10;12;0;7;0;1;350031;3508;35132
3551009;São Vicente (SP);3738;4668;2815;3637;2018;2958;1243;1902;577;1089;277;550;82;187;32;56;18;18;350002;3501;35041
3551108;Sarapuí (SP);135;123;106;109;90;70;59;50;26;20;14;13;2;2;0;1;0;0;350003;3502;35161
3551207;Sarutaiá (SP);63;76;47;50;40;53;25;30;16;14;7;16;1;4;1;1;0;0;350017;3504;35061
3551306;Sebastianópolis do Sul (SP);62;61;37;40;43;36;20;24;5;4;3;3;0;0;0;1;0;0;350027;3507;35157
3551405;Serra Azul (SP);99;100;77;97;59;60;32;40;20;27;6;10;6;3;1;3;2;0;350031;3508;35132
3551504;Serrana (SP);357;353;231;294;185;204;104;132;54;76;24;50;11;6;2;4;1;0;350031;3508;35132
3551603;Serra Negra (SP);407;469;372;429;335;391;181;243;115;152;45;80;14;27;3;11;0;0;350048;3510;35074
3551702;Sertãozinho (SP);1238;1278;887;1036;661;794;377;502;197;265;79;163;21;57;8;13;7;6;350031;3508;35131
3551801;Sete Barras (SP);232;196;165;128;130;109;70;58;28;40;14;19;8;7;1;3;2;4;350005;3502;35121
3551900;Severínia (SP);166;179;137;136;106;115;46;68;34;40;16;19;5;5;1;0;1;0;350032;3508;35051
3552007;Silveiras (SP);97;81;66;75;60;51;38;32;21;21;8;11;2;5;1;2;0;1;350053;3511;35172
3552106;Socorro (SP);651;671;524;544;456;465;266;292;129;189;74;84;23;23;1;6;2;2;350041;3510;35071
3552205;Sorocaba (SP);6230;7289;4722;6088;3567;4840;2163;3176;1067;1813;488;896;145;279;41;77;21;29;350003;3502;35163
3552304;Sud Mennucci (SP);96;97;75;82;55;80;47;41;23;22;11;13;5;3;0;1;1;0;350024;3506;35022
3552403;Sumaré (SP);1946;2049;1390;1699;1067;1156;649;803;316;369;145;183;32;55;17;15;10;17;350038;3510;35072
3552502;Suzano (SP);2303;2538;1625;1882;1164;1410;685;896;303;446;129;226;44;78;23;26;18;14;350001;3501;35011
3552551;Suzanápolis (SP);54;39;42;43;46;42;22;25;15;8;8;7;1;1;0;0;0;0;350028;3507;35022
3552601;Tabapuã (SP);217;215;189;160;126;144;97;95;29;54;22;34;5;9;1;3;3;0;350026;3507;35151
3552700;Tabatinga (SP);206;221;188;172;117;149;78;93;34;47;18;25;2;4;2;4;0;0;350036;3509;35032
3552809;Taboão da Serra (SP);1805;2131;1138;1527;741;1077;380;646;182;346;98;191;29;58;19;21;15;7;350001;3501;35013
3552908;Taciba (SP);101;86;76;73;55;58;30;30;9;16;10;10;3;1;0;0;1;0;350018;3505;35112
3553005;Taguaí (SP);103;129;89;79;58;57;50;59;24;25;13;9;2;3;1;0;0;3;350007;3502;35061
3553104;Taiaçu (SP);104;121;97;86;68;76;25;41;23;16;9;6;3;2;1;0;0;0;350032;3508;35052
3553203;Taiúva (SP);108;119;96;105;71;91;45;51;25;27;8;17;2;4;2;0;0;0;350032;3508;35052
3553302;Tambaú (SP);370;371;297;289;237;241;127;163;71;108;26;43;7;17;3;4;0;0;350044;3510;35142
3553401;Tanabi (SP);411;459;358;374;265;316;155;187;89;108;51;69;9;25;5;6;1;1;350025;3507;35155
3553500;Tapiraí (SP);137;104;108;93;62;64;43;39;17;25;11;6;5;5;0;2;0;1;350003;3502;35163
3553609;Tapiratiba (SP);218;207;175;156;118;126;74;99;34;49;19;24;3;7;0;5;0;0;350047;3510;35143
3553658;Taquaral (SP);41;45;31;48;31;34;16;13;5;8;4;3;0;1;0;0;2;0;350032;3508;35052
3553708;Taquaritinga (SP);788;887;666;720;495;642;327;386;172;254;85;138;15;39;5;8;2;2;350036;3509;35033
3553807;Taquarituba (SP);338;345;251;272;184;208;132;126;48;72;25;29;8;10;1;4;0;1;350007;3502;35061
3553856;Taquarivaí (SP);56;58;32;42;20;15;20;14;11;9;3;3;0;0;0;1;0;0;350004;3502;35162
3553906;Tarabai (SP);89;93;85;79;52;51;43;30;17;17;4;9;3;3;0;0;1;0;350018;3505;35112
3553955;Tarumã (SP);139;141;102;100;56;74;43;58;18;26;7;19;4;0;4;1;0;0;350014;3504;35092
3554003;Tatuí (SP);1380;1384;1023;1207;786;904;498;625;285;373;119;181;38;66;11;12;5;6;350008;3502;35161
3554102;Taubaté (SP);3195;3530;2306;2927;1713;2423;1039;1579;544;964;252;485;69;167;24;42;7;14;350050;3511;35174
3554201;Tejupá (SP);70;70;47;56;39;31;9;22;8;14;8;3;0;1;1;0;1;0;350017;3504;35061
3554300;Teodoro Sampaio (SP);296;238;215;203;168;149;110;78;59;56;28;21;5;14;3;1;1;1;350018;3505;35115
3554409;Terra Roxa (SP);112;133;96;126;91;94;35;56;26;33;11;18;7;6;0;0;0;1;350032;3508;35052
3554508;Tietê (SP);471;567;398;489;297;411;211;268;114;171;45;71;15;31;6;4;0;3;350003;3502;35163
3554607;Timburi (SP);41;51;56;59;34;49;18;19;11;12;4;7;2;1;1;1;0;0;350017;3504;35094
3554656;Torre de Pedra (SP);60;48;32;29;40;28;24;17;13;12;7;6;1;0;0;0;0;0;350008;3502;35063
3554706;Torrinha (SP);170;156;152;154;108;136;72;86;42;47;12;27;4;7;1;2;2;2;350010;3503;35064
3554755;Trabiju (SP);30;20;21;17;16;15;6;6;3;2;3;1;2;2;0;1;0;0;350036;3509;35031
3554805;Tremembé (SP);410;433;318;310;181;321;130;163;64;100;28;50;11;16;4;10;0;2;350050;3511;35174
3554904;Três Fronteiras (SP);117;127;82;94;79;71;49;45;23;20;11;15;6;11;2;1;1;1;350030;3507;35152
3554953;Tuiuti (SP);106;80;93;87;71;55;35;30;16;21;10;13;0;5;0;1;0;0;350041;3510;35071
3555000;Tupã (SP);1203;1392;977;1146;801;895;475;597;260;366;119;199;45;93;17;27;4;6;350016;3504;35095
3555109;Tupi Paulista (SP);276;334;268;301;198;202;146;119;83;91;28;46;10;15;2;3;0;2;350020;3505;35111
3555208;Turiúba (SP);42;50;41;42;20;16;16;19;4;11;1;9;3;1;0;1;2;0;350023;3506;35023
3555307;Turmalina (SP);62;54;41;40;23;18;30;27;12;15;3;4;0;2;1;0;0;1;350028;3507;35154
3555356;Ubarana (SP);64;48;43;43;33;30;30;27;5;6;5;5;2;0;1;1;0;0;350025;3507;35156
3555406;Ubatuba (SP);738;692;525;593;398;376;196;251;105;145;56;72;13;30;4;8;11;7;350051;3511;35173
3555505;Ubirajara (SP);70;90;59;74;53;51;35;38;15;16;9;8;4;1;0;0;0;0;350009;3503;35093
3555604;Uchoa (SP);173;193;152;189;110;133;68;87;37;61;26;38;4;13;3;1;0;1;350025;3507;35155
3555703;União Paulista (SP);27;23;29;28;17;17;15;4;7;10;3;2;0;1;0;0;0;0;350025;3507;35156
3555802;Urânia (SP);186;187;163;149;136;98;56;77;41;43;17;24;8;5;0;4;0;0;350028;3507;35153
3555901;Uru (SP);34;25;27;15;29;25;9;11;5;5;8;1;0;1;1;0;0;0;350012;3503;35065
3556008;Urupês (SP);246;273;221;213;177;192;76;119;55;60;25;28;7;7;1;2;1;1;350025;3507;35151
3556107;Valentim Gentil (SP);138;149;108;133;93;70;46;60;30;27;15;20;4;7;1;1;1;0;350027;3507;35157
3556206;Valinhos (SP);1199;1289;971;1038;725;877;415;539;190;274;101;164;28;38;7;10;0;4;350038;3510;35072
3556305;Valparaíso (SP);273;302;211;232;167;179;119;128;65;85;31;39;14;11;3;2;2;3;350022;3506;35021
3556354;Vargem (SP);115;114;108;105;95;93;47;61;41;25;8;15;2;4;3;2;1;2;350041;3510;35071
3556404;Vargem Grande do Sul (SP);598;606;454;520;376;439;226;268;96;141;50;71;10;11;3;5;3;2;350044;3510;35142
3556453;Vargem Grande Paulista (SP);324;333;242;231;147;171;92;111;44;59;14;30;8;5;2;3;1;2;350001;3501;35013
3556503;Várzea Paulista (SP);849;895;600;709;407;468;203;299;124;177;67;79;15;17;5;21;0;4;350039;3510;35073
3556602;Vera Cruz (SP);180;216;180;186;142;157;92;106;42;66;26;33;6;9;2;6;1;1;350013;3504;35093
3556701;Vinhedo (SP);626;645;502;566;386;437;243;281;108;176;48;108;17;38;1;11;3;2;350038;3510;35072
3556800;Viradouro (SP);247;270;192;210;161;165;78;110;50;69;22;26;5;12;1;1;1;0;350032;3508;35052
3556909;Vista Alegre do Alto (SP);82;107;67;64;63;46;27;25;14;11;2;7;1;3;1;0;0;0;350026;3507;35052
3556958;Vitória Brasil (SP);36;33;28;30;17;11;10;7;4;2;3;5;0;1;0;0;0;0;350028;3507;35153
3557006;Votorantim (SP);1100;1151;774;890;566;723;333;444;168;259;90;110;25;31;11;11;5;9;350003;3502;35163
3557105;Votuporanga (SP);1280;1479;1018;1164;748;884;488;594;247;358;103;184;31;41;8;19;3;9;350027;3507;35157
3557154;Zacarias (SP);43;40;29;31;24;18;12;13;7;8;4;3;1;2;0;0;0;0;350023;3506;35156
3557204;Chavantes (SP);180;208;146;170;117;121;49;92;36;43;14;25;4;4;1;2;1;0;350015;3504;35094
3557303;Estiva Gerbi (SP);125;115;92;95;70;77;53;36;11;14;8;9;1;0;1;1;0;2;350043;3510;35141
4100103;Abatiá (PR);130;150;125;101;79;84;41;52;25;24;10;16;8;5;0;2;2;3;410022;4105;41018
4100202;Adrianópolis (PR);136;129;114;90;75;82;55;51;25;30;19;12;4;4;4;3;0;0;410001;4101;41002
4100301;Agudos do Sul (PR);123;116;91;76;61;66;59;36;17;9;8;10;1;3;1;0;1;2;410001;4101;41002
4100400;Almirante Tamandaré (PR);750;796;550;594;327;400;204;226;83;108;40;42;18;18;3;14;8;6;410001;4101;41002
4100459;Altamira do Paraná (PR);127;92;90;79;52;39;27;28;17;18;6;5;2;2;1;1;0;1;410015;4104;41011
4100509;Altônia (PR);465;390;344;286;292;211;166;109;65;70;34;34;9;15;3;5;0;1;410016;4104;41012
4100608;Alto Paraná (PR);212;204;162;176;144;120;81;86;44;42;15;27;3;8;1;4;1;0;410017;4104;41014
4100707;Alto Piquiri (PR);210;196;169;135;102;111;76;67;36;37;18;8;2;5;2;1;1;2;410016;4104;41012
4100806;Alvorada do Sul (PR);153;150;117;121;101;117;65;68;45;46;17;24;5;2;1;1;0;2;410021;4105;41017
4100905;Amaporã (PR);63;75;59;60;51;33;29;18;12;10;6;7;4;5;3;0;1;1;410017;4104;41014
4101002;Ampére (PR);241;248;201;187;111;122;47;74;34;37;12;14;8;6;1;1;1;2;410009;4103;41008
4101051;Anahy (PR);56;48;45;36;34;31;18;22;12;7;5;3;0;2;0;1;0;0;410006;4103;41010
4101101;Andirá (PR);378;341;268;305;207;224;120;143;65;74;34;52;7;17;5;3;0;1;410022;4105;41018
4101150;Ângulo (PR);53;38;36;38;32;31;22;20;11;14;7;7;1;4;0;1;0;0;410014;4104;41015
4101200;Antonina (PR);362;350;254;259;183;224;107;147;67;78;33;44;4;18;5;7;0;2;410002;4101;41001
4101309;Antônio Olinto (PR);142;136;127;103;58;89;53;44;17;27;8;5;3;4;0;2;0;0;410003;4101;41006
4101408;Apucarana (PR);1601;1744;1188;1353;853;962;517;619;262;369;128;184;40;56;7;20;4;4;410023;4105;41016
4101507;Arapongas (PR);1235;1412;933;1118;702;797;401;510;201;294;89;179;39;45;10;16;4;6;410021;4105;41016
4101606;Arapoti (PR);272;268;221;245;167;144;84;101;48;52;15;25;9;9;3;3;0;2;410027;4106;41003
4101655;Arapuã (PR);79;66;68;46;53;32;12;27;19;15;6;5;1;3;0;2;0;0;410025;4105;41022
4101705;Araruna (PR);202;190;168;151;143;123;89;78;34;38;14;18;4;3;2;3;0;1;410015;4104;41011
4101804;Araucária (PR);887;906;662;721;444;516;233;303;135;162;54;84;12;31;4;6;5;6;410001;4101;41002
4101853;Ariranha do Ivaí (PR);68;41;41;43;33;30;17;9;13;8;4;3;2;0;0;1;0;0;410025;4105;41022
4101903;Assaí (PR);315;308;248;250;157;184;100;120;77;78;34;43;14;17;1;5;1;1;410021;4105;41017
4102000;Assis Chateaubriand (PR);660;604;489;416;346;334;210;241;108;122;58;68;10;19;1;4;1;2;410008;4103;41020
4102109;Astorga (PR);387;399;317;357;213;265;164;162;82;92;33;56;12;18;2;5;0;2;410014;4104;41015
4102208;Atalaia (PR);62;59;64;63;45;37;22;28;12;9;11;7;5;3;3;2;0;1;410014;4104;41015
4102307;Balsa Nova (PR);143;156;95;84;84;87;42;55;19;22;14;9;2;4;0;1;1;0;410001;4101;41002
4102406;Bandeirantes (PR);466;546;404;458;343;349;180;209;102;127;57;61;12;22;3;11;0;5;410024;4105;41018
4102505;Barbosa Ferraz (PR);293;262;249;214;186;130;94;74;60;42;31;32;14;6;1;4;1;4;410015;4104;41011
4102604;Barracão (PR);128;131;91;93;76;74;38;36;28;30;7;9;4;6;1;3;0;1;410009;4103;41008
4102703;Barra do Jacaré (PR);46;51;50;33;28;32;8;17;6;11;3;2;0;2;1;0;0;0;410022;4105;41019
4102752;Bela Vista da Caroba (PR);76;75;52;62;49;44;21;19;12;10;8;10;1;2;0;0;1;0;410009;4103;41008
4102802;Bela Vista do Paraíso (PR);285;296;216;234;171;171;103;106;55;78;33;39;10;15;0;2;1;0;410021;4105;41017
4102901;Bituruna (PR);174;187;157;136;90;85;56;68;20;25;10;20;1;2;0;1;1;3;410003;4101;41006
4103008;Boa Esperança (PR);103;86;63;66;46;43;29;22;23;19;6;7;3;4;0;0;3;0;410015;4104;41011
4103024;Boa Esperança do Iguaçu (PR);43;48;34;43;26;19;12;10;4;6;0;3;0;0;0;0;1;0;410012;4103;41008
4103040;Boa Ventura de São Roque (PR);89;76;58;53;35;34;24;24;10;8;3;8;3;1;2;0;0;0;410005;4102;41005
4103057;Boa Vista da Aparecida (PR);155;112;118;105;81;73;47;45;17;21;6;7;7;4;1;0;0;1;410006;4103;41010
4103107;Bocaiúva do Sul (PR);144;124;127;99;74;89;60;45;33;19;12;13;1;1;0;1;1;2;410001;4101;41002
4103156;Bom Jesus do Sul (PR);76;53;58;55;42;37;16;26;18;12;3;5;2;2;2;3;0;0;410009;4103;41008
4103206;Bom Sucesso (PR);117;116;78;88;47;65;41;45;26;24;11;13;2;0;1;4;0;1;410023;4105;41016
4103222;Bom Sucesso do Sul (PR);41;53;45;41;25;40;22;29;15;13;6;3;1;2;0;0;0;0;410010;4103;41007
4103305;Borrazópolis (PR);188;186;145;144;114;109;74;62;41;39;19;13;4;5;0;1;0;0;410023;4105;41016
4103354;Braganey (PR);112;99;94;81;63;53;37;28;18;22;9;7;6;2;2;0;1;0;410006;4103;41010
4103370;Brasilândia do Sul (PR);86;75;57;53;48;29;18;15;8;12;5;9;1;1;1;1;1;0;410016;4104;41012
4103404;Cafeara (PR);49;53;28;33;35;25;17;16;7;13;8;2;2;1;0;1;0;0;410021;4105;41017
4103453;Cafelândia (PR);109;115;97;91;55;59;33;35;14;20;13;3;3;1;0;2;0;0;410006;4103;41010
4103479;Cafezal do Sul (PR);87;101;98;69;73;59;50;28;21;20;8;10;2;2;1;0;0;1;410016;4104;41012
4103503;Califórnia (PR);151;134;114;98;74;72;34;48;27;22;9;10;2;4;1;1;0;0;410023;4105;41016
4103602;Cambará (PR);387;440;317;362;245;277;135;178;57;95;32;55;11;19;2;9;1;3;410022;4105;41019
4103701;Cambé (PR);1167;1265;867;1071;665;748;403;468;221;268;90;124;28;46;9;6;5;3;410021;4105;41017
4103800;Cambira (PR);101;128;111;82;67;57;43;32;21;30;16;12;3;3;1;1;0;0;410023;4105;41016
4103909;Campina da Lagoa (PR);244;239;224;197;174;156;115;89;65;66;37;32;5;6;1;4;2;4;410015;4104;41011
4103958;Campina do Simão (PR);52;42;45;33;17;22;20;14;6;4;1;5;0;3;0;0;1;0;410004;4102;41005
4104006;Campina Grande do Sul (PR);332;341;261;242;148;170;86;89;35;43;19;19;11;10;1;5;5;3;410001;4101;41002
4104055;Campo Bonito (PR);91;69;53;61;43;30;20;16;10;12;2;4;0;0;1;0;0;0;410006;4103;41010
4104105;Campo do Tenente (PR);80;67;74;62;40;45;28;13;16;16;3;9;4;0;1;1;0;0;410001;4101;41002
4104204;Campo Largo (PR);1161;1190;831;907;504;686;364;429;160;210;72;103;14;21;10;16;7;8;410001;4101;41002
4104253;Campo Magro (PR);228;210;150;159;95;102;70;55;30;37;14;15;2;5;1;2;2;0;410001;4101;41002
4104303;Campo Mourão (PR);1044;1116;813;945;601;670;349;424;169;203;98;133;16;44;5;7;4;8;410015;4104;41011
4104402;Cândido de Abreu (PR);301;242;235;197;163;118;92;77;51;54;12;24;7;12;5;1;1;1;410025;4105;41022
4104428;Candói (PR);161;142;128;105;66;82;45;43;27;25;7;10;1;2;1;2;0;4;410004;4102;41005
4104451;Cantagalo (PR);168;155;116;141;97;74;62;46;22;31;8;14;3;3;2;3;3;2;410004;4102;41005
4104501;Capanema (PR);336;313;233;257;162;198;83;132;49;70;13;40;10;6;3;1;1;0;410009;4103;41008
4104600;Capitão Leônidas Marques (PR);210;192;158;155;106;118;75;88;41;40;17;17;2;9;0;2;0;1;410006;4103;41010
4104659;Carambeí (PR);141;144;121;119;68;65;38;54;36;26;9;28;1;8;2;2;2;0;410027;4106;41003
4104709;Carlópolis (PR);241;236;192;205;155;139;71;82;27;47;29;13;4;10;2;3;0;1;410022;4105;41019
4104808;Cascavel (PR);2490;2853;1859;2189;1330;1519;760;909;351;492;155;215;52;65;11;16;17;19;410006;4103;41010
4104907;Castro (PR);817;789;564;701;370;425;213;295;147;150;74;87;11;41;8;10;4;6;410027;4106;41003
4105003;Catanduvas (PR);173;135;122;102;72;69;44;35;23;24;11;14;5;4;2;1;2;2;410006;4103;41010
4105102;Centenário do Sul (PR);220;190;188;177;131;132;84;76;55;39;18;28;5;4;1;1;0;2;410021;4105;41017
4105201;Cerro Azul (PR);252;216;196;177;146;130;88;68;54;47;20;24;4;11;5;1;0;3;410001;4101;41002
4105300;Céu Azul (PR);172;157;129;144;103;111;56;58;34;34;8;15;2;6;2;1;1;4;410006;4103;41010
4105409;Chopinzinho (PR);306;278;216;215;148;174;85;88;61;62;24;29;6;6;3;2;3;0;410010;4103;41007
4105508;Cianorte (PR);944;932;704;718;551;560;344;351;181;195;60;113;21;21;5;10;2;5;410018;4104;41013
4105607;Cidade Gaúcha (PR);146;162;128;129;99;79;51;42;19;22;14;17;1;8;2;2;0;0;410016;4104;41013
4105706;Clevelândia (PR);283;322;216;219;152;149;68;98;30;59;18;27;3;12;1;8;1;3;410010;4103;41007
4105805;Colombo (PR);1688;1772;1071;1326;763;914;432;520;213;271;90;115;36;37;11;16;9;12;410001;4101;41002
4105904;Colorado (PR);334;351;252;256;221;221;114;116;59;70;21;20;3;15;3;2;0;0;410019;4104;41015
4106001;Congonhinhas (PR);151;160;122;110;125;86;58;52;27;24;14;13;4;5;0;1;1;0;410024;4105;41018
4106100;Conselheiro Mairinck (PR);66;60;53;58;47;34;29;24;14;12;1;4;3;0;0;1;0;0;410026;4105;41019
4106209;Contenda (PR);173;172;133;146;96;113;67;81;28;52;13;25;2;3;1;2;0;0;410001;4101;41002
4106308;Corbélia (PR);257;260;178;207;119;140;77;82;45;53;13;22;3;3;2;1;0;0;410006;4103;41010
4106407;Cornélio Procópio (PR);719;827;550;698;438;532;266;324;168;185;60;79;23;36;10;13;3;3;410024;4105;41018
4106456;Coronel Domingos Soares (PR);100;71;62;38;41;23;16;17;13;7;4;7;2;1;3;1;1;1;410010;4103;41007
4106506;Coronel Vivida (PR);354;402;299;304;187;219;125;160;66;90;33;37;7;9;3;4;1;3;410010;4103;41007
4106555;Corumbataí do Sul (PR);106;79;67;52;66;37;19;13;9;8;8;9;1;1;0;0;0;0;410015;4104;41011
4106571;Cruzeiro do Iguaçu (PR);71;64;62;56;34;39;23;32;9;9;5;5;2;2;1;0;1;0;410012;4103;41008
4106605;Cruzeiro do Oeste (PR);388;362;273;309;245;231;154;144;75;79;44;40;12;6;0;1;2;4;410016;4104;41012
4106704;Cruzeiro do Sul (PR);74;72;60;65;59;45;29;29;12;8;5;5;4;4;1;0;0;0;410019;4104;41014
4106803;Cruz Machado (PR);287;239;203;193;144;158;70;108;44;49;14;26;4;8;1;0;2;0;410003;4101;41006
4106852;Cruzmaltina (PR);69;71;55;45;54;30;26;18;15;5;9;4;2;1;1;0;0;0;410025;4105;41022
4106902;Curitiba (PR);19190;23953;14165;19712;10324;15268;6041;10031;2928;5782;1398;2939;378;972;108;252;75;103;410001;4101;41002
4107009;Curiúva (PR);222;177;161;166;138;107;86;72;47;30;22;18;3;8;1;1;0;0;410028;4106;41021
4107108;Diamante do Norte (PR);116;123;94;78;47;43;38;33;13;15;6;6;1;3;1;0;0;0;410017;4104;41014
4107124;Diamante do Sul (PR);62;57;40;47;40;20;20;8;11;5;6;6;1;0;1;0;0;0;410006;4103;41010
4107157;Diamante D'Oeste (PR);81;58;60;61;61;42;25;19;11;11;11;6;1;5;1;1;2;0;410006;4103;41020
4107207;Dois Vizinhos (PR);406;429;302;333;194;254;123;166;76;86;24;43;7;17;6;3;2;1;410012;4103;41008
4107256;Douradina (PR);115;115;114;88;79;64;49;30;21;19;9;12;5;7;2;2;2;0;410016;4104;41012
4107306;Doutor Camargo (PR);125;136;95;91;83;81;48;44;35;26;13;10;2;5;2;0;0;1;410014;4104;41015
4107405;Enéas Marques (PR);109;113;80;82;59;61;36;31;17;15;8;11;3;2;1;0;0;0;410009;4103;41008
4107504;Engenheiro Beltrão (PR);249;226;164;171;125;131;77;89;47;48;27;28;2;7;1;2;0;3;410015;4104;41011
4107520;Esperança Nova (PR);56;45;43;42;37;26;22;15;14;8;4;7;1;2;0;2;0;0;410016;4104;41012
4107538;Entre Rios do Oeste (PR);43;38;34;44;25;32;9;20;5;14;4;3;0;1;0;0;0;0;410013;4103;41020
4107546;Espigão Alto do Iguaçu (PR);88;67;69;75;42;30;24;37;13;9;5;10;4;3;0;0;0;1;410011;4103;41010
4107553;Farol (PR);58;56;45;54;29;32;24;16;18;14;4;8;2;1;0;3;1;0;410015;4104;41011
4107603;Faxinal (PR);251;279;207;225;159;149;111;102;48;54;34;31;4;9;2;0;2;3;410025;4105;41016
4107652;Fazenda Rio Grande (PR);488;482;346;389;244;242;126;135;49;78;26;30;8;12;1;5;5;3;410001;4101;41002
4107702;Fênix (PR);91;94;68;71;57;57;39;34;15;17;4;9;3;1;1;0;0;0;410015;4104;41011
4107736;Fernandes Pinheiro (PR);75;80;74;65;54;56;19;21;21;9;4;3;2;0;2;2;0;0;410029;4106;41004
4107751;Figueira (PR);165;162;108;107;78;80;66;46;29;24;13;4;2;4;1;1;1;1;410026;4105;41019
4107801;Floraí (PR);120;100;70;98;84;57;48;51;19;23;12;18;3;9;0;0;0;0;410014;4104;41015
4107850;Flor da Serra do Sul (PR);79;83;67;47;34;33;14;24;11;11;2;4;0;2;0;0;0;0;410009;4103;41008
4107900;Floresta (PR);91;78;70;81;39;56;42;34;18;18;6;10;3;1;1;2;0;0;410014;4104;41015
4108007;Florestópolis (PR);192;179;131;144;101;98;60;67;30;27;15;14;4;4;0;1;0;0;410021;4105;41017
4108106;Flórida (PR);38;51;39;34;20;26;13;14;3;6;8;3;1;1;0;0;0;0;410014;4104;41015
4108205;Formosa do Oeste (PR);206;195;145;128;117;99;69;57;35;32;12;12;6;5;0;0;1;0;410008;4103;41010
4108304;Foz do Iguaçu (PR);2307;2251;1591;1548;1023;1044;540;616;272;336;122;158;36;46;22;20;10;22;410007;4103;41009
4108320;Francisco Alves (PR);143;144;106;114;88;80;71;44;28;35;14;11;5;4;0;5;0;1;410016;4104;41012
4108403;Francisco Beltrão (PR);856;890;605;726;460;535;282;332;130;205;48;98;13;28;6;9;2;2;410009;4103;41008
4108452;Foz do Jordão (PR);71;60;63;50;39;34;21;22;8;8;5;8;1;1;0;0;0;0;410004;4102;41005
4108502;General Carneiro (PR);158;144;123;121;90;77;37;38;20;24;12;10;3;2;0;0;0;1;410003;4101;41006
4108551;Godoy Moreira (PR);80;62;65;59;48;29;27;15;17;11;5;4;0;4;0;0;0;2;410025;4105;41022
4108601;Goioerê (PR);469;501;389;381;272;279;173;150;74;103;38;51;15;15;3;3;2;3;410015;4104;41011
4108650;Goioxim (PR);94;63;63;59;47;29;22;23;18;10;2;2;0;1;1;0;1;0;410004;4102;41005
4108700;Grandes Rios (PR);117;106;106;104;73;52;57;38;23;24;9;11;5;2;2;0;0;1;410025;4105;41016
4108809;Guaíra (PR);467;422;341;305;261;258;150;167;85;77;38;36;10;13;2;10;6;3;410008;4103;41020
4108908;Guairaçá (PR);88;91;86;79;50;54;25;27;13;13;4;14;3;4;0;0;0;3;410017;4104;41014
4108957;Guamiranga (PR);104;96;88;77;68;48;33;35;12;18;10;5;2;2;1;0;1;0;410004;4102;41004
4109005;Guapirama (PR);45;58;48;56;43;35;28;21;13;11;3;4;2;1;1;0;0;0;410022;4105;41019
4109104;Guaporema (PR);31;46;40;33;29;22;17;11;7;11;3;4;1;3;0;0;0;0;410018;4104;41013
4109203;Guaraci (PR);103;90;81;77;52;63;27;28;22;26;8;11;3;8;1;1;0;0;410021;4105;41017
4109302;Guaraniaçu (PR);282;267;223;190;149;113;78;76;37;46;27;16;3;5;3;2;4;2;410006;4103;41010
4109401;Guarapuava (PR);1744;1934;1380;1558;868;1037;513;660;258;353;100;187;39;49;12;23;13;9;410004;4102;41005
4109500;Guaraqueçaba (PR);129;104;114;65;61;79;52;64;30;30;7;8;2;4;1;2;0;0;410002;4101;41001
4109609;Guaratuba (PR);378;357;277;244;150;182;123;100;44;54;26;27;7;8;1;0;2;3;410002;4101;41001
4109658;Honório Serpa (PR);86;70;67;46;34;16;12;21;18;9;4;2;2;2;1;0;0;1;410010;4103;41007
4109708;Ibaiti (PR);403;442;366;359;286;257;173;180;101;98;47;46;13;3;2;1;2;2;410026;4105;41019
4109757;Ibema (PR);85;83;56;43;45;38;23;22;10;13;5;3;1;1;0;1;2;0;410006;4103;41010
4109807;Ibiporã (PR);607;634;476;561;359;413;232;261;133;159;60;87;19;28;4;8;1;1;410021;4105;41017
4109906;Icaraíma (PR);192;169;169;136;129;103;61;60;41;49;23;17;6;6;3;3;2;3;410016;4104;41012
4110003;Iguaraçu (PR);74;67;52;44;33;26;17;24;3;10;6;6;5;0;0;1;0;1;410014;4104;41015
4110052;Iguatu (PR);53;40;37;33;19;17;12;12;3;6;4;3;0;1;2;1;0;0;410006;4103;41010
4110078;Imbaú (PR);144;150;119;103;106;75;54;45;36;30;10;10;4;4;8;3;0;2;410028;4106;41021
4110102;Imbituva (PR);307;316;207;250;166;202;109;124;47;57;21;30;4;6;3;1;1;3;410029;4106;41004
4110201;Inácio Martins (PR);136;147;105;98;71;69;39;49;25;18;6;11;0;5;1;0;1;1;410004;4102;41004
4110300;Inajá (PR);58;45;40;37;31;31;19;17;11;3;3;0;2;2;0;2;1;0;410019;4104;41014
4110409;Indianópolis (PR);93;79;76;71;61;55;29;32;17;13;8;8;2;5;0;0;0;0;410018;4104;41013
4110508;Ipiranga (PR);190;154;129;133;102;100;58;71;35;32;13;17;3;5;0;0;2;1;410027;4106;41003
4110607;Iporã (PR);332;305;277;277;244;200;131;151;88;64;37;34;7;12;3;3;0;2;410016;4104;41012
4110656;Iracema do Oeste (PR);65;61;58;38;39;28;21;17;13;9;4;5;1;0;0;1;0;1;410008;4103;41010
4110706;Irati (PR);769;859;568;671;461;521;252;349;112;186;67;83;9;28;3;6;0;1;410029;4106;41004
4110805;Iretama (PR);233;192;164;130;134;103;79;63;49;26;17;16;3;6;3;1;3;0;410015;4104;41011
4110904;Itaguajé (PR);84;78;66;70;49;50;31;28;13;16;6;7;4;1;0;3;1;1;410019;4104;41015
4110953;Itaipulândia (PR);80;74;60;69;41;49;27;26;12;14;6;6;3;2;1;1;0;2;410007;4103;41009
4111001;Itambaracá (PR);107;107;107;89;58;74;54;57;16;22;9;15;2;6;2;1;2;0;410024;4105;41018
4111100;Itambé (PR);104;83;92;92;65;73;44;38;20;22;10;15;2;6;1;1;0;0;410014;4104;41015
4111209;Itapejara d'Oeste (PR);171;160;124;144;83;98;54;65;29;31;10;15;1;5;0;2;1;1;410010;4103;41007
4111258;Itaperuçu (PR);176;160;126;108;82;83;76;61;27;28;7;12;8;8;2;0;2;2;410001;4101;41002
4111308;Itaúna do Sul (PR);83;83;66;53;48;40;36;31;28;16;16;21;2;6;1;1;1;0;410017;4104;41014
4111407;Ivaí (PR);171;189;125;133;111;83;66;80;36;43;21;23;3;5;1;3;0;1;410027;4106;41003
4111506;Ivaiporã (PR);633;585;452;479;376;341;221;218;125;138;55;64;18;30;4;3;3;9;410025;4105;41022
4111555;Ivaté (PR);133;136;114;93;81;51;48;45;21;17;12;15;1;3;1;4;1;1;410016;4104;41012
4111605;Ivatuba (PR);54;45;41;47;37;24;12;16;8;9;6;7;1;2;0;2;0;0;410014;4104;41015
4111704;Jaboti (PR);76;74;77;57;37;47;31;29;18;13;10;10;1;0;1;0;0;0;410026;4105;41019
4111803;Jacarezinho (PR);568;627;384;510;355;437;202;248;111;161;48;107;16;29;4;6;4;4;410022;4105;41019
4111902;Jaguapitã (PR);180;160;155;175;138;112;73;84;38;43;16;25;2;5;2;0;1;0;410021;4105;41017
4112009;Jaguariaíva (PR);367;372;309;302;193;212;108;131;56;72;33;37;9;16;4;5;3;2;410027;4106;41003
4112108;Jandaia do Sul (PR);355;377;282;308;185;214;139;153;65;87;39;43;12;14;2;3;0;0;410023;4105;41016
4112207;Janiópolis (PR);143;142;114;100;83;72;60;57;34;24;13;18;4;3;0;2;0;0;410015;4104;41011
4112306;Japira (PR);81;80;71;61;61;50;27;28;22;9;3;8;1;2;0;1;0;0;410026;4105;41019
4112405;Japurá (PR);149;152;111;128;109;75;60;66;26;26;12;10;1;1;0;1;0;0;410018;4104;41013
4112504;Jardim Alegre (PR);270;248;176;171;139;125;98;81;51;48;16;14;4;10;1;2;0;0;410025;4105;41022
4112603;Jardim Olinda (PR);22;24;23;16;15;17;6;5;6;2;4;2;2;1;0;0;0;1;410019;4104;41014
4112702;Jataizinho (PR);170;173;111;124;86;104;67;64;37;28;13;14;3;8;1;2;0;1;410021;4105;41017
4112751;Jesuítas (PR);266;200;183;153;134;115;75;62;42;27;10;15;6;2;1;0;0;1;410008;4103;41010
4112801;Joaquim Távora (PR);161;187;144;176;135;117;77;83;44;39;13;19;5;7;1;3;0;1;410022;4105;41019
4112900;Jundiaí do Sul (PR);59;58;54;58;47;39;28;36;9;15;11;10;0;2;3;3;0;0;410022;4105;41019
4112959;Juranda (PR);128;107;103;89;64;51;36;23;23;18;11;7;2;2;0;1;0;0;410015;4104;41011
4113007;Jussara (PR);108;92;86;75;52;56;44;42;21;21;9;10;3;3;0;0;0;0;410018;4104;41013
4113106;Kaloré (PR);119;108;101;95;67;61;50;37;25;22;11;11;2;5;1;1;0;0;410023;4105;41016
4113205;Lapa (PR);533;613;441;486;341;386;208;254;107;97;43;60;8;21;4;2;3;1;410001;4101;41002
4113254;Laranjal (PR);99;66;59;46;37;29;25;12;6;9;5;7;4;2;0;3;2;0;410005;4102;41005
4113304;Laranjeiras do Sul (PR);410;437;314;348;219;236;142;156;71;97;31;45;14;15;4;4;4;3;410011;4103;41005
4113403;Leópolis (PR);72;62;51;50;48;55;34;28;13;18;8;3;2;2;1;0;2;1;410024;4105;41018
4113429;Lidianópolis (PR);95;80;82;64;50;49;24;34;20;18;9;5;2;2;0;0;0;0;410025;4105;41022
4113452;Lindoeste (PR);98;77;92;61;64;29;31;25;15;16;10;8;2;5;2;0;1;0;410006;4103;41010
4113502;Loanda (PR);320;307;259;268;206;193;130;119;82;90;40;47;10;16;7;4;0;1;410020;4104;41014
4113601;Lobato (PR);61;67;45;46;46;35;23;19;10;8;2;6;1;1;1;0;0;0;410019;4104;41015
4113700;Londrina (PR);6502;7313;4860;5780;3509;4246;2110;2745;1143;1649;548;801;174;258;43;55;12;32;410021;4105;41017
4113734;Luiziana (PR);111;89;96;76;60;47;30;25;22;19;12;6;1;2;0;0;0;0;410015;4104;41011
4113759;Lunardelli (PR);103;96;107;77;52;42;40;44;27;17;9;5;0;3;0;1;0;1;410025;4105;41022
4113809;Lupionópolis (PR);91;94;54;70;65;58;31;34;21;19;12;11;4;5;2;2;0;0;410021;4105;41017
4113908;Mallet (PR);182;209;170;189;134;155;71;131;46;60;18;17;3;5;0;2;5;2;410029;4106;41004
4114005;Mamborê (PR);217;218;178;153;147;143;73;64;41;46;20;25;7;6;4;1;1;2;410015;4104;41011
4114104;Mandaguaçu (PR);261;267;185;202;159;147;72;95;56;53;16;35;7;3;2;3;2;2;410014;4104;41015
4114203;Mandaguari (PR);514;524;421;427;274;322;175;224;103;111;43;57;10;16;3;6;0;4;410014;4104;41015
4114302;Mandirituba (PR);247;233;214;196;144;152;84;82;37;36;17;17;6;11;0;1;1;1;410001;4101;41002
4114351;Manfrinópolis (PR);63;53;54;37;28;19;7;17;8;6;2;4;1;1;1;1;0;0;410009;4103;41008
4114401;Mangueirinha (PR);212;193;139;123;109;93;61;70;32;31;15;16;3;7;2;4;2;1;410010;4103;41007
4114500;Manoel Ribas (PR);171;171;140;156;113;128;77;73;35;45;16;13;3;3;2;3;1;0;410025;4105;41022
4114609;Marechal Cândido Rondon (PR);678;677;479;544;338;401;194;246;104;154;35;76;25;15;4;5;1;1;410013;4103;41020
4114708;Maria Helena (PR);121;141;107;107;90;66;68;43;26;25;11;12;5;7;1;1;0;0;410016;4104;41012
4114807;Marialva (PR);438;407;305;341;248;279;142;162;89;117;35;37;8;19;3;11;2;0;410014;4104;41015
4114906;Marilândia do Sul (PR);167;145;119;128;82;76;56;55;25;27;12;16;7;4;0;1;2;1;410023;4105;41016
4115002;Marilena (PR);121;102;91;72;70;52;47;29;24;14;5;10;5;3;2;0;2;1;410017;4104;41014
4115101;Mariluz (PR);190;181;173;137;98;92;50;69;26;29;14;16;9;4;3;2;1;0;410016;4104;41012
4115200;Maringá (PR);4153;4466;2980;3510;2171;2668;1333;1699;684;1009;345;508;85;160;27;42;14;22;410014;4104;41015
4115309;Mariópolis (PR);87;80;83;87;58;57;27;33;11;28;6;13;3;1;0;0;0;2;410010;4103;41007
4115358;Maripá (PR);103;110;81;96;66;70;34;41;12;26;12;13;1;5;2;1;1;0;410008;4103;41020
4115408;Marmeleiro (PR);228;215;161;176;107;93;70;73;24;42;12;11;5;5;1;2;0;1;410009;4103;41008
4115457;Marquinho (PR);79;53;44;42;39;25;19;15;12;12;4;3;0;2;0;0;1;0;410011;4103;41005
4115507;Marumbi (PR);82;99;70;57;61;46;40;32;6;19;5;9;3;3;0;0;0;0;410023;4105;41016
4115606;Matelândia (PR);216;223;156;151;97;124;57;75;33;52;12;20;2;10;1;2;0;3;410006;4103;41009
4115705;Matinhos (PR);304;303;227;224;163;152;73;96;33;47;16;18;3;5;3;2;2;2;410002;4101;41001
4115739;Mato Rico (PR);74;63;55;46;33;32;23;19;8;10;7;3;3;1;0;1;2;0;410005;4102;41022
4115754;Mauá da Serra (PR);79;70;58;47;38;35;24;22;13;7;7;8;2;3;0;1;0;0;410023;4105;41016
4115804;Medianeira (PR);457;539;346;386;250;286;128;170;83;73;19;42;4;15;2;1;1;4;410007;4103;41009
4115853;Mercedes (PR);87;90;78;70;43;48;24;29;10;14;6;6;2;1;0;0;0;0;410013;4103;41020
4115903;Mirador (PR);46;41;30;31;29;21;17;7;4;13;2;7;1;1;1;1;1;0;410017;4104;41014
4116000;Miraselva (PR);29;32;29;27;29;24;14;17;6;13;1;6;1;1;0;0;0;0;410021;4105;41017
4116059;Missal (PR);210;161;115;136;72;74;50;67;25;31;9;18;1;2;1;0;1;0;410007;4103;41009
4116109;Moreira Sales (PR);272;245;227;217;174;142;102;90;58;53;20;25;7;7;3;3;2;1;410015;4104;41011
4116208;Morretes (PR);258;239;228;192;144;159;92;88;42;74;18;32;7;8;2;1;1;1;410002;4101;41001
4116307;Munhoz de Melo (PR);73;67;54;53;45;32;21;25;14;16;3;4;2;3;0;1;0;0;410014;4104;41015
4116406;Nossa Senhora das Graças (PR);56;58;59;49;41;44;26;29;16;13;4;9;3;0;1;1;0;0;410019;4104;41015
4116505;Nova Aliança do Ivaí (PR);29;21;11;12;11;14;9;5;4;2;1;2;1;0;0;0;0;0;410017;4104;41014
4116604;Nova América da Colina (PR);65;59;36;29;28;29;25;17;9;15;5;7;1;3;1;0;0;0;410024;4105;41018
4116703;Nova Aurora (PR);247;228;191;162;135;107;83;66;36;27;13;15;7;6;1;1;0;1;410006;4103;41010
4116802;Nova Cantu (PR);142;131;118;100;99;64;54;39;21;28;11;17;6;2;1;0;0;0;410015;4104;41011
4116901;Nova Esperança (PR);394;431;327;392;269;273;178;176;93;99;32;47;15;20;4;3;3;7;410014;4104;41015
4116950;Nova Esperança do Sudoeste (PR);94;90;72;63;30;36;29;22;13;14;9;8;2;1;1;0;0;0;410009;4103;41008
4117008;Nova Fátima (PR);132;128;108;136;79;102;54;43;25;34;20;11;2;9;0;0;1;0;410024;4105;41018
4117057;Nova Laranjeiras (PR);172;184;150;113;81;71;55;56;29;24;18;11;12;6;6;2;3;2;410011;4103;41005
4117107;Nova Londrina (PR);208;203;180;149;126;111;64;68;37;40;16;18;2;8;2;1;0;2;410017;4104;41014
4117206;Nova Olímpia (PR);125;105;92;102;84;64;47;40;26;17;7;9;5;5;0;2;0;0;410016;4104;41012
4117214;Nova Santa Bárbara (PR);84;60;55;46;31;33;24;15;19;19;6;10;2;2;0;1;0;0;410024;4105;41018
4117222;Nova Santa Rosa (PR);127;149;138;121;66;81;48;55;30;32;11;18;1;1;0;0;0;1;410013;4103;41020
4117255;Nova Prata do Iguaçu (PR);153;150;128;122;85;90;56;52;29;36;10;10;7;2;0;2;1;1;410012;4103;41008
4117271;Nova Tebas (PR);165;128;134;130;112;63;47;42;29;25;12;13;4;1;1;2;1;1;410005;4102;41022
4117297;Novo Itacolomi (PR);49;59;59;38;40;29;25;27;8;6;2;2;1;1;0;0;0;0;410023;4105;41016
4117305;Ortigueira (PR);454;345;333;264;238;177;146;91;65;56;40;36;8;9;4;4;1;0;410028;4106;41021
4117404;Ourizona (PR);74;78;58;53;34;34;27;29;15;10;3;8;3;3;0;2;0;0;410014;4104;41015
4117453;Ouro Verde do Oeste (PR);114;82;77;61;49;35;26;24;11;11;8;9;3;4;0;1;0;0;410008;4103;41020
4117503;Paiçandu (PR);407;380;285;308;217;196;131;155;57;60;25;31;3;12;2;6;2;1;410014;4104;41015
4117602;Palmas (PR);351;361;266;341;172;236;120;148;66;74;30;40;6;21;2;1;4;4;410010;4103;41007
4117701;Palmeira (PR);434;454;325;348;222;273;165;168;80;94;42;66;10;19;0;5;2;2;410027;4106;41003
4117800;Palmital (PR);212;193;173;162;128;96;77;67;37;58;14;14;11;9;3;4;1;0;410005;4102;41005
4117909;Palotina (PR);376;361;270;295;168;218;107;134;52;87;36;33;4;13;1;4;4;5;410008;4103;41020
4118006;Paraíso do Norte (PR);188;171;140;132;97;101;74;82;37;40;16;12;4;4;1;3;2;1;410017;4104;41014
4118105;Paranacity (PR);154;151;128;108;78;80;56;44;27;29;15;7;11;6;1;4;1;0;410019;4104;41015
4118204;Paranaguá (PR);1610;1633;1150;1249;737;863;425;565;187;285;100;163;27;59;15;12;6;15;410002;4101;41001
4118303;Paranapoema (PR);29;42;29;15;21;17;22;14;5;6;3;2;2;2;0;0;0;0;410019;4104;41014
4118402;Paranavaí (PR);1277;1338;990;1015;722;816;438;481;225;296;116;135;30;54;13;17;1;4;410017;4104;41014
4118451;Pato Bragado (PR);71;82;52;67;41;61;20;36;11;23;4;4;0;0;0;0;0;0;410013;4103;41020
4118501;Pato Branco (PR);732;802;501;649;370;457;238;281;122;192;56;86;13;30;4;6;2;2;410010;4103;41007
4118600;Paula Freitas (PR);83;94;72;68;46;53;36;37;14;23;7;7;0;2;0;0;0;0;410003;4101;41006
4118709;Paulo Frontin (PR);106;98;74;88;54;79;45;58;19;29;8;17;2;1;1;0;0;4;410003;4101;41006
4118808;Peabiru (PR);223;234;171;193;144;116;79;77;37;49;26;19;7;7;2;3;0;2;410015;4104;41011
4118857;Perobal (PR);97;91;83;91;54;52;36;30;19;21;11;10;3;7;1;0;0;0;410016;4104;41012
4118907;Pérola (PR);185;208;195;167;157;123;92;68;30;46;12;18;6;13;1;3;0;1;410016;4104;41012
4119004;Pérola d'Oeste (PR);124;128;100;82;57;96;46;60;23;26;8;10;2;2;2;2;0;0;410009;4103;41008
4119103;Piên (PR);107;100;82;83;63;75;44;39;26;20;5;9;1;2;0;1;0;1;410001;4101;41002
4119152;Pinhais (PR);1001;1088;737;868;464;582;263;371;141;206;93;115;21;29;8;10;4;8;410001;4101;41002
4119202;Pinhalão (PR);111;92;82;88;68;58;53;41;26;20;7;14;1;2;0;2;1;0;410026;4105;41019
4119251;Pinhal de São Bento (PR);44;31;26;26;23;20;11;10;5;12;5;4;1;1;0;0;0;0;410009;4103;41008
4119301;Pinhão (PR);319;312;242;236;147;111;85;80;49;51;20;21;6;16;5;6;6;7;410004;4102;41005
4119400;Piraí do Sul (PR);328;363;244;279;197;256;122;131;64;60;36;49;6;7;1;2;2;0;410027;4106;41003
4119509;Piraquara (PR);614;619;424;484;310;337;164;186;77;113;33;62;11;23;3;11;6;7;410001;4101;41002
4119608;Pitanga (PR);487;480;372;356;254;247;143;187;69;66;42;37;16;14;4;8;0;4;410005;4102;41005
4119657;Pitangueiras (PR);45;31;31;25;18;22;7;14;6;12;0;3;0;1;1;0;0;0;410021;4105;41017
4119707;Planaltina do Paraná (PR);75;87;83;55;58;29;18;21;15;11;8;8;4;1;0;0;0;0;410017;4104;41014
4119806;Planalto (PR);280;256;197;219;132;148;65;83;30;51;17;23;8;7;2;6;2;1;410009;4103;41008
4119905;Ponta Grossa (PR);3314;4051;2571;3414;1818;2557;1125;1636;540;875;236;446;64;145;28;40;16;9;410027;4106;41003
4119954;Pontal do Paraná (PR);230;216;189;149;94;87;68;44;19;25;12;9;4;6;2;3;1;1;410002;4101;41001
4120002;Porecatu (PR);293;252;210;207;147;118;95;87;33;52;24;27;4;6;1;4;1;1;410021;4105;41017
4120101;Porto Amazonas (PR);52;51;40;37;45;39;29;29;16;17;2;8;1;2;0;1;0;1;410027;4106;41003
4120150;Porto Barreiro (PR);52;46;38;32;31;21;17;18;7;9;4;6;1;2;0;1;0;1;410011;4103;41005
4120200;Porto Rico (PR);49;34;35;30;24;22;17;17;5;12;4;7;1;2;0;0;0;0;410020;4104;41014
4120309;Porto Vitória (PR);58;62;52;59;31;29;15;28;12;12;6;7;3;3;1;0;0;0;410003;4101;41006
4120333;Prado Ferreira (PR);62;36;40;40;31;22;12;14;11;10;4;4;0;3;2;0;1;2;410021;4105;41017
4120358;Pranchita (PR);112;100;81;72;46;57;32;34;11;32;7;15;3;3;0;0;0;2;410009;4103;41008
4120408;Presidente Castelo Branco (PR);61;54;44;58;27;29;24;24;10;18;7;2;2;0;0;0;2;1;410014;4104;41015
4120507;Primeiro de Maio (PR);187;202;161;180;104;144;83;66;44;42;11;27;4;6;4;2;0;2;410021;4105;41017
4120606;Prudentópolis (PR);660;776;516;575;396;458;213;272;79;152;36;67;10;13;4;4;1;1;410004;4102;41005
4120655;Quarto Centenário (PR);87;89;73;60;58;43;36;32;11;15;8;4;1;1;0;1;0;0;410015;4104;41011
4120705;Quatiguá (PR);110;113;85;90;73;83;50;52;28;27;6;11;2;1;0;1;0;1;410022;4105;41019
4120804;Quatro Barras (PR);176;162;130;142;85;83;40;54;20;27;4;14;3;5;1;3;0;0;410001;4101;41002
4120853;Quatro Pontes (PR);68;79;57;72;40;49;17;29;16;21;6;7;1;6;0;1;0;0;410013;4103;41020
4120903;Quedas do Iguaçu (PR);341;316;251;238;168;170;108;99;55;75;26;34;5;11;1;1;1;2;410011;4103;41010
4121000;Querência do Norte (PR);168;132;152;122;100;69;51;47;22;31;11;8;5;9;1;0;4;1;410020;4104;41014
4121109;Quinta do Sol (PR);98;81;77;86;57;51;29;29;16;16;10;6;6;6;1;1;1;2;410015;4104;41011
4121208;Quitandinha (PR);252;235;213;201;134;130;73;79;44;37;15;17;2;8;1;2;0;0;410001;4101;41002
4121257;Ramilândia (PR);64;41;49;34;29;29;15;13;11;8;4;3;1;0;0;0;1;0;410006;4103;41009
4121307;Rancho Alegre (PR);84;77;57;74;42;37;26;35;15;23;9;13;1;3;1;1;0;0;410024;4105;41018
4121356;Rancho Alegre D'Oeste (PR);52;46;38;39;36;16;12;11;7;10;3;8;1;2;0;0;1;0;410015;4104;41011
4121406;Realeza (PR);259;280;189;189;133;160;75;82;40;57;21;41;7;9;1;4;2;1;410009;4103;41008
4121505;Rebouças (PR);185;203;155;192;111;148;82;81;32;32;14;19;4;6;1;1;5;1;410029;4106;41004
4121604;Renascença (PR);105;109;88;86;47;45;37;35;14;23;6;9;1;3;0;0;1;1;410009;4103;41008
4121703;Reserva (PR);377;312;271;258;208;162;132;104;63;63;26;28;4;8;4;2;0;2;410028;4106;41021
4121752;Reserva do Iguaçu (PR);74;48;44;36;35;25;14;9;12;8;5;1;3;5;0;0;0;0;410004;4102;41005
4121802;Ribeirão Claro (PR);194;219;164;161;154;144;83;99;49;62;28;32;8;11;1;2;1;2;410022;4105;41019
4121901;Ribeirão do Pinhal (PR);245;283;207;208;148;164;92;91;36;48;22;35;9;10;1;3;0;1;410022;4105;41018
4122008;Rio Azul (PR);180;171;148;163;139;144;71;98;42;37;17;15;0;5;0;1;3;2;410029;4106;41004
4122107;Rio Bom (PR);58;72;73;63;61;47;34;21;15;16;9;7;2;3;0;0;0;1;410023;4105;41016
4122156;Rio Bonito do Iguaçu (PR);175;88;82;88;65;48;39;37;15;17;10;16;1;4;0;2;0;0;410011;4103;41005
4122172;Rio Branco do Ivaí (PR);60;49;48;41;32;34;25;17;12;5;6;1;3;2;0;0;0;1;410025;4105;41022
4122206;Rio Branco do Sul (PR);354;324;290;232;191;144;118;111;49;57;26;25;12;6;6;3;2;6;410001;4101;41002
4122305;Rio Negro (PR);376;423;277;316;200;299;135;166;61;115;30;49;4;10;0;3;1;2;410001;4101;41002
4122404;Rolândia (PR);770;819;661;664;375;432;224;313;104;181;69;92;24;40;4;6;3;1;410021;4105;41017
4122503;Roncador (PR);219;199;183;156;130;107;88;64;50;32;16;22;5;5;2;4;0;2;410015;4104;41011
4122602;Rondon (PR);137;118;115;104;91;113;62;38;21;27;15;9;4;7;1;1;0;1;410018;4104;41013
4122651;Rosário do Ivaí (PR);136;114;133;104;74;63;53;43;23;17;12;5;1;3;0;1;0;0;410025;4105;41022
4122701;Sabáudia (PR);97;90;74;66;38;48;36;32;16;23;8;6;1;3;0;0;0;0;410021;4105;41016
4122800;Salgado Filho (PR);88;77;69;56;47;51;18;20;10;11;7;2;1;2;0;0;1;1;410009;4103;41008
4122909;Salto do Itararé (PR);112;111;93;100;64;70;40;28;18;10;10;17;6;3;0;0;0;0;410022;4105;41019
4123006;Salto do Lontra (PR);204;229;175;157;110;107;50;56;28;45;19;16;8;4;2;3;2;0;410012;4103;41008
4123105;Santa Amélia (PR);68;59;56;56;50;45;24;28;17;15;6;6;1;4;0;2;1;0;410024;4105;41018
4123204;Santa Cecília do Pavão (PR);66;79;64;60;41;30;31;13;16;18;9;6;2;1;0;2;1;0;410024;4105;41018
4123303;Santa Cruz de Monte Castelo (PR);142;148;119;122;109;109;71;52;22;31;16;18;4;5;0;1;3;0;410020;4104;41014
4123402;Santa Fé (PR);157;167;130;136;100;104;66;58;29;39;13;23;5;4;0;1;0;1;410014;4104;41015
4123501;Santa Helena (PR);315;301;208;231;158;170;91;117;49;54;20;30;3;8;0;3;2;0;410008;4103;41020
4123600;Santa Inês (PR);43;29;31;29;17;11;12;15;9;9;3;8;1;0;0;0;0;0;410019;4104;41015
4123709;Santa Isabel do Ivaí (PR);209;186;163;136;128;113;61;66;35;37;22;19;7;13;1;0;1;2;410020;4104;41014
4123808;Santa Izabel do Oeste (PR);203;227;141;167;94;100;67;68;34;43;19;20;9;3;1;3;1;1;410009;4103;41008
4123824;Santa Lúcia (PR);84;77;65;66;45;34;26;17;14;18;6;9;3;0;0;2;1;1;410006;4103;41010
4123857;Santa Maria do Oeste (PR);193;191;149;123;102;85;51;50;30;33;14;6;5;4;4;5;2;0;410005;4102;41022
4123907;Santa Mariana (PR);254;266;203;215;153;195;129;107;47;74;24;23;8;9;4;5;1;1;410024;4105;41018
4123956;Santa Mônica (PR);64;59;47;36;50;37;13;13;8;13;5;13;3;2;0;0;0;1;410020;4104;41014
4124004;Santana do Itararé (PR);95;99;85;90;68;49;44;27;20;15;8;14;3;2;1;1;0;0;410022;4105;41019
4124020;Santa Tereza do Oeste (PR);138;129;128;105;80;76;26;29;14;16;11;6;1;3;2;3;1;0;410006;4103;41010
4124053;Santa Terezinha de Itaipu (PR);205;187;147;164;107;117;62;53;32;36;8;18;1;6;0;0;2;2;410007;4103;41009
4124103;Santo Antônio da Platina (PR);555;699;480;548;372;398;233;293;123;180;62;75;18;36;5;7;0;4;410022;4105;41019
4124202;Santo Antônio do Caiuá (PR);54;48;47;56;41;27;18;18;10;7;3;4;2;0;0;0;0;2;410017;4104;41014
4124301;Santo Antônio do Paraíso (PR);33;40;34;25;21;27;14;21;16;12;2;3;3;1;0;0;0;0;410024;4105;41018
4124400;Santo Antônio do Sudoeste (PR);268;281;257;246;158;154;82;86;48;55;19;27;5;9;1;5;2;1;410009;4103;41008
4124509;Santo Inácio (PR);84;84;69;74;71;56;37;27;16;16;7;5;2;2;1;2;2;0;410019;4104;41015
4124608;São Carlos do Ivaí (PR);91;86;87;76;64;56;35;45;11;19;5;5;0;3;0;0;0;0;410017;4104;41014
4124707;São Jerônimo da Serra (PR);240;189;158;147;116;90;87;55;34;41;21;24;6;4;1;1;0;0;410024;4105;41018
4124806;São João (PR);190;211;153;159;113;124;61;67;30;40;10;22;6;10;3;0;3;1;410010;4103;41007
4124905;São João do Caiuá (PR);107;121;77;70;62;55;28;56;18;13;7;7;4;6;2;1;1;1;410017;4104;41014
4125001;São João do Ivaí (PR);256;223;203;191;138;140;86;87;56;51;23;29;8;11;4;7;2;2;410025;4105;41022
4125100;São João do Triunfo (PR);152;162;142;136;97;98;44;50;17;24;13;8;5;4;2;2;0;0;410027;4106;41003
4125209;São Jorge d'Oeste (PR);166;168;128;136;109;94;52;70;24;30;12;15;5;5;2;1;0;0;410012;4103;41008
4125308;São Jorge do Ivaí (PR);116;109;82;74;67;51;41;40;15;24;2;8;3;4;1;1;0;1;410014;4104;41015
4125357;São Jorge do Patrocínio (PR);140;111;119;81;73;65;44;42;22;23;9;6;2;0;1;0;0;0;410016;4104;41012
4125407;São José da Boa Vista (PR);138;117;122;88;83;67;73;54;21;26;13;8;3;2;0;0;1;1;410022;4105;41019
4125456;São José das Palmeiras (PR);89;59;55;44;34;30;25;18;10;5;6;10;0;2;0;0;0;0;410008;4103;41020
4125506;São José dos Pinhais (PR);1877;2105;1376;1609;968;1123;573;729;291;340;96;178;43;44;19;22;15;14;410001;4101;41002
4125555;São Manoel do Paraná (PR);44;37;33;30;13;19;19;11;5;3;0;4;0;1;0;0;0;0;410018;4104;41013
4125605;São Mateus do Sul (PR);521;532;377;404;254;295;135;168;62;103;27;49;9;15;1;2;1;1;410003;4101;41006
4125704;São Miguel do Iguaçu (PR);324;299;240;244;171;161;117;110;40;51;27;37;10;10;2;5;1;0;410007;4103;41009
4125753;São Pedro do Iguaçu (PR);131;101;99;80;68;57;44;36;15;16;8;8;2;3;2;0;0;1;410008;4103;41020
4125803;São Pedro do Ivaí (PR);148;129;113;110;103;83;71;61;27;32;15;10;4;7;0;0;0;0;410023;4105;41016
4125902;São Pedro do Paraná (PR);53;38;47;28;26;25;18;12;11;11;5;6;0;1;0;1;0;1;410020;4104;41014
4126009;São Sebastião da Amoreira (PR);132;126;108;117;70;88;51;41;30;19;15;18;3;3;0;1;0;1;410024;4105;41018
4126108;São Tomé (PR);77;65;71;63;54;51;29;30;16;17;8;9;2;4;0;1;1;0;410018;4104;41013
4126207;Sapopema (PR);141;111;95;78;68;61;47;31;26;17;13;13;5;1;1;1;1;0;410024;4105;41018
4126256;Sarandi (PR);839;816;597;653;458;452;292;298;126;177;45;89;16;23;3;6;4;6;410014;4104;41015
4126272;Saudade do Iguaçu (PR);62;55;45;50;34;33;21;25;6;8;4;1;1;2;1;0;0;0;410010;4103;41007
4126306;Sengés (PR);238;210;184;160;146;107;74;67;41;44;13;27;8;7;0;3;2;2;410027;4106;41003
4126355;Serranópolis do Iguaçu (PR);91;99;57;60;34;29;24;36;18;18;3;4;1;2;0;0;2;0;410007;4103;41009
4126405;Sertaneja (PR);133;121;76;99;76;68;46;56;29;28;12;13;1;8;1;1;2;1;410024;4105;41018
4126504;Sertanópolis (PR);253;286;183;206;161;139;89;103;50;71;22;20;7;8;0;4;1;1;410021;4105;41017
4126603;Siqueira Campos (PR);279;292;232;254;162;163;114;115;64;65;25;26;5;3;0;4;0;0;410022;4105;41019
4126652;Sulina (PR);88;75;52;46;30;39;19;27;12;18;7;8;1;2;1;1;1;0;410010;4103;41007
4126678;Tamarana (PR);163;132;112;82;87;67;53;41;28;31;13;23;5;6;2;2;0;4;410021;4105;41017
4126702;Tamboara (PR);73;70;75;78;58;58;39;32;13;19;12;9;1;4;0;0;0;0;410017;4104;41014
4126801;Tapejara (PR);212;202;170;164;123;101;73;66;42;36;20;27;6;5;1;4;0;1;410018;4104;41013
4126900;Tapira (PR);143;147;132;105;102;79;55;50;34;31;12;14;5;9;2;1;0;0;410016;4104;41012
4127007;Teixeira Soares (PR);118;116;87;77;61;72;37;31;13;19;13;14;1;2;1;0;0;0;410029;4106;41004
4127106;Telêmaco Borba (PR);841;933;617;737;416;472;269;320;140;176;62;74;21;18;5;4;4;3;410028;4106;41021
4127205;Terra Boa (PR);281;278;218;220;164;139;104;94;43;53;25;26;4;7;3;0;1;1;410018;4104;41011
4127304;Terra Rica (PR);249;247;195;189;156;158;112;104;70;65;29;38;13;8;5;4;1;0;410017;4104;41014
4127403;Terra Roxa (PR);309;320;263;216;160;159;113;116;53;52;18;33;8;6;1;2;1;0;410008;4103;41020
4127502;Tibagi (PR);249;232;220;179;143;128;107;83;53;48;33;30;10;4;1;3;4;1;410028;4106;41021
4127601;Tijucas do Sul (PR);195;180;152;148;106;106;62;63;42;35;10;13;4;5;0;0;1;0;410001;4101;41002
4127700;Toledo (PR);1227;1298;1009;1102;634;817;368;468;190;235;84;122;23;35;6;10;4;3;410008;4103;41020
4127809;Tomazina (PR);181;186;169;150;134;119;69;67;32;43;24;13;13;9;2;3;0;0;410022;4105;41019
4127858;Três Barras do Paraná (PR);200;173;131;114;85;90;62;53;32;35;9;12;1;7;0;0;1;1;410006;4103;41010
4127882;Tunas do Paraná (PR);47;46;35;47;36;35;27;12;12;7;6;3;1;1;1;0;1;1;410001;4101;41002
4127908;Tuneiras do Oeste (PR);163;154;146;115;92;72;53;36;30;31;19;19;2;0;0;2;0;0;410018;4104;41013
4127957;Tupãssi (PR);147;136;128;85;72;83;49;55;22;25;14;11;3;8;0;0;0;1;410008;4103;41020
4127965;Turvo (PR);177;163;131;124;99;87;61;57;34;39;16;11;2;4;4;0;0;2;410004;4102;41005
4128005;Ubiratã (PR);407;412;329;304;242;227;153;141;79;96;35;55;14;20;2;5;1;3;410015;4104;41011
4128104;Umuarama (PR);1382;1446;1081;1119;824;805;491;498;260;303;118;123;38;51;6;10;3;6;410016;4104;41012
4128203;União da Vitória (PR);615;842;544;626;389;474;215;298;95;168;45;86;16;28;6;5;4;5;410003;4101;41006
4128302;Uniflor (PR);39;35;41;29;24;19;16;12;12;6;5;4;2;5;0;0;0;0;410014;4104;41015
4128401;Uraí (PR);197;226;172;209;130;172;96;103;61;66;27;37;6;9;2;6;0;0;410024;4105;41018
4128500;Wenceslau Braz (PR);315;334;242;284;201;206;132;129;78;85;36;45;10;9;1;2;0;1;410022;4105;41019
4128534;Ventania (PR);130;105;91;77;52;61;47;36;20;18;16;8;3;4;1;1;0;0;410028;4106;41021
4128559;Vera Cruz do Oeste (PR);172;159;126;121;99;111;59;57;32;30;21;23;4;6;1;0;0;2;410006;4103;41010
4128609;Verê (PR);136;132;105;112;81;77;49;58;26;40;6;19;2;6;1;1;0;1;410009;4103;41008
4128625;Alto Paraíso (PR);70;55;56;32;36;25;27;14;10;8;5;8;1;1;2;1;1;0;410016;4104;41012
4128633;Doutor Ulysses (PR);95;78;69;52;45;25;30;21;15;5;2;8;0;1;2;0;1;1;410001;4101;41002
4128658;Virmond (PR);58;52;51;50;31;38;20;14;8;12;4;7;2;0;0;0;0;0;410011;4103;41005
4128708;Vitorino (PR);111;113;95;82;58;59;33;49;16;25;7;15;3;4;0;2;0;0;410010;4103;41007
4128807;Xambrê (PR);155;128;134;107;99;85;58;58;33;28;13;20;5;6;1;2;0;0;410016;4104;41012
4200051;Abdon Batista (SC);50;46;32;26;18;15;13;18;8;13;3;0;1;2;0;0;0;0;420008;4204;42008
4200101;Abelardo Luz (SC);176;172;139;150;73;90;57;50;34;39;15;12;4;11;2;3;2;2;420011;4204;42003
4200200;Agrolândia (SC);130;124;103;96;61;71;36;40;22;34;9;15;1;4;0;0;0;2;420022;4207;42004
4200309;Agronômica (SC);60;61;45;59;38;36;19;32;17;18;3;7;1;0;0;0;0;0;420022;4207;42004
4200408;Água Doce (SC);113;112;81;81;55;56;33;34;17;23;6;8;4;2;1;1;1;1;420008;4204;42008
4200507;Águas de Chapecó (SC);99;88;77;82;47;51;31;39;23;25;8;16;3;6;0;1;0;1;420007;4204;42002
4200556;Águas Frias (SC);37;46;26;22;21;23;13;15;10;5;3;3;0;2;1;0;0;0;420007;4204;42002
4200606;Águas Mornas (SC);85;76;55;73;62;68;36;30;22;21;3;8;1;2;0;1;0;0;420001;4201;42007
4200705;Alfredo Wagner (SC);131;123;91;92;66;67;42;42;28;24;7;11;1;3;0;1;0;0;420001;4201;42007
4200754;Alto Bela Vista (SC);58;40;35;40;27;42;23;17;13;11;1;4;0;1;0;0;0;0;420010;4204;42010
4200804;Anchieta (SC);120;114;93;93;65;62;21;36;16;23;7;10;2;0;0;2;1;0;420009;4204;42001
4200903;Angelina (SC);105;113;96;102;62;82;49;41;22;35;12;8;3;8;0;1;0;0;420001;4201;42007
4201000;Anita Garibaldi (SC);164;199;154;157;117;104;67;61;36;26;10;13;5;5;5;2;0;1;420005;4203;42013
4201109;Anitápolis (SC);69;50;48;51;42;46;34;24;12;11;0;5;0;0;0;0;0;0;420001;4201;42007
4201208;Antônio Carlos (SC);103;102;93;83;61;72;38;43;26;28;13;15;1;8;1;1;1;2;420001;4201;42007
4201257;Apiúna (SC);108;118;90;88;61;83;48;45;23;32;8;13;0;5;0;2;2;0;420019;4207;42006
4201273;Arabutã (SC);72;69;61;64;48;66;28;43;20;32;10;15;1;1;0;0;1;0;420010;4204;42010
4201307;Araquari (SC);237;215;175;198;114;112;62;55;38;52;14;17;1;3;0;3;0;2;420016;4206;42011
4201406;Araranguá (SC);670;757;523;607;358;471;226;291;127;170;44;71;9;23;3;5;4;3;420004;4202;42014
4201505;Armazém (SC);121;129;92;93;61;72;54;67;27;40;17;19;1;2;2;4;0;1;420003;4202;42016
4201604;Arroio Trinta (SC);51;66;38;36;19;25;18;24;9;11;5;5;0;3;0;0;0;1;420015;4205;42009
4201653;Arvoredo (SC);37;26;24;27;19;18;17;13;5;7;2;2;0;0;0;1;0;0;420007;4204;42002
4201703;Ascurra (SC);92;101;68;84;67;76;39;49;20;40;9;10;1;3;0;1;1;1;420019;4207;42006
4201802;Atalanta (SC);57;56;43;49;36;32;16;14;8;14;2;6;0;1;0;0;0;1;420022;4207;42004
4201901;Aurora (SC);92;90;59;65;53;70;36;35;11;20;3;7;2;1;0;1;0;0;420022;4207;42004
4201950;Balneário Arroio do Silva (SC);127;114;98;86;58;63;36;33;22;13;7;3;1;5;1;0;0;1;420004;4202;42014
4202008;Balneário Camboriú (SC);972;1103;696;880;536;668;342;438;138;244;56;122;25;31;4;6;3;3;420020;4207;42005
4202057;Balneário Barra do Sul (SC);127;128;94;74;57;67;40;31;18;16;5;8;2;1;0;0;1;2;420016;4206;42011
4202073;Balneário Gaivota (SC);112;105;96;83;72;55;35;30;14;13;3;8;0;1;0;1;0;0;420004;4202;42014
4202081;Bandeirante (SC);62;61;46;54;36;33;13;22;8;9;4;3;1;2;0;0;0;1;420009;4204;42001
4202099;Barra Bonita (SC);46;30;25;29;23;22;14;13;3;6;3;3;1;3;0;0;0;1;420009;4204;42001
4202107;Barra Velha (SC);259;291;186;229;146;146;95;104;45;43;8;33;5;4;4;4;2;0;420020;4207;42017
4202131;Bela Vista do Toldo (SC);79;71;60;61;37;40;27;37;13;19;3;4;0;1;1;0;0;0;420017;4206;42012
4202156;Belmonte (SC);37;41;32;42;24;19;18;19;2;5;1;2;0;1;0;1;0;0;420009;4204;42001
4202206;Benedito Novo (SC);156;145;128;136;99;102;65;83;38;41;10;20;4;5;2;0;0;0;420019;4207;42006
4202305;Biguaçu (SC);475;542;386;411;254;271;151;218;79;125;42;54;9;18;2;8;2;6;420001;4201;42007
4202404;Blumenau (SC);2855;3393;1991;2735;1474;2209;908;1520;493;870;213;411;63;139;21;39;11;10;420019;4207;42006
4202438;Bocaina do Sul (SC);57;48;42;38;26;30;26;17;15;11;7;6;0;2;1;1;1;0;420005;4203;42013
4202453;Bombinhas (SC);107;106;83;68;52;52;31;46;17;17;3;11;3;0;0;1;0;0;420020;4207;42005
4202503;Bom Jardim da Serra (SC);68;66;48;50;30;28;32;17;7;13;11;6;4;0;1;0;3;4;420005;4203;42013
4202537;Bom Jesus (SC);23;33;19;22;18;16;8;10;14;10;4;3;2;2;0;0;1;1;420011;4204;42003
4202578;Bom Jesus do Oeste (SC);44;50;27;19;23;31;9;16;2;7;4;4;1;0;0;0;0;1;420012;4204;42001
4202602;Bom Retiro (SC);100;127;96;88;65;75;38;43;26;27;5;10;0;4;1;1;0;0;420005;4203;42013
4202701;Botuverá (SC);69;72;50;37;32;46;26;21;17;18;7;6;2;3;0;0;0;0;420021;4207;42006
4202800;Braço do Norte (SC);264;286;191;224;154;167;91;122;54;63;22;34;0;11;1;1;1;2;420003;4202;42016
4202859;Braço do Trombudo (SC);50;65;44;49;44;55;25;21;11;21;4;7;0;2;2;0;0;0;420022;4207;42004
4202875;Brunópolis (SC);42;42;37;39;23;31;28;22;18;8;5;7;1;3;2;2;0;0;420006;4203;42008
4202909;Brusque (SC);889;1064;684;863;518;691;325;505;161;274;66;132;20;37;5;11;1;3;420021;4207;42006
4203006;Caçador (SC);752;848;532;603;372;421;218;284;125;143;48;91;13;33;6;15;3;2;420014;4205;42009
4203105;Caibi (SC);93;90;71;98;72;76;36;45;19;21;2;3;1;6;0;0;0;1;420007;4204;42002
4203154;Calmon (SC);38;40;20;18;16;20;17;6;3;3;3;6;0;0;1;0;1;0;420014;4205;42009
4203204;Camboriú (SC);432;424;286;311;200;233;128;148;75;90;32;48;13;18;8;8;1;6;420020;4207;42005
4203253;Capão Alto (SC);82;57;55;42;39;26;25;23;13;10;4;4;2;2;1;0;0;0;420005;4203;42013
4203303;Campo Alegre (SC);178;184;124;119;86;99;59;73;34;32;12;16;7;4;2;1;0;0;420018;4206;42012
4203402;Campo Belo do Sul (SC);125;146;105;116;78;70;45;35;30;29;13;7;3;3;0;0;3;0;420005;4203;42013
4203501;Campo Erê (SC);129;169;123;105;82;92;47;41;19;23;11;20;2;3;1;1;0;0;420013;4204;42003
4203600;Campos Novos (SC);374;377;295;324;209;232;119;165;72;78;25;42;14;14;4;3;2;2;420008;4204;42008
4203709;Canelinha (SC);129;122;88;95;69;78;39;54;24;38;6;17;1;3;2;3;0;0;420021;4207;42007
4203808;Canoinhas (SC);686;763;485;600;377;452;204;262;98;138;46;65;17;24;3;6;4;2;420017;4206;42012
4203907;Capinzal (SC);232;251;151;198;117;140;66;107;35;47;19;24;5;4;4;2;0;2;420008;4204;42008
4203956;Capivari de Baixo (SC);220;270;161;197;102;151;64;97;27;47;14;23;4;4;0;1;2;0;420003;4202;42016
4204004;Catanduvas (SC);106;109;69;76;39;43;25;42;13;13;5;5;1;1;1;0;3;1;420008;4204;42008
4204103;Caxambu do Sul (SC);94;82;75;66;41;49;34;37;19;30;9;14;1;4;0;0;1;2;420007;4204;42002
4204152;Celso Ramos (SC);46;39;42;40;25;20;16;20;13;7;5;7;1;1;0;1;0;0;420008;4204;42008
4204178;Cerro Negro (SC);86;66;55;48;36;29;18;22;17;17;10;6;0;2;0;1;0;0;420005;4203;42013
4204194;Chapadão do Lageado (SC);28;37;25;33;25;20;9;10;5;3;4;4;0;2;0;0;0;0;420024;4207;42004
4204202;Chapecó (SC);1402;1587;1066;1295;720;946;474;583;245;316;114;176;21;47;6;23;3;6;420007;4204;42002
4204251;Cocal do Sul (SC);127;130;73;112;74;92;42;59;19;40;6;9;2;4;1;1;0;1;420002;4202;42015
4204301;Concórdia (SC);847;932;578;738;398;578;250;370;131;223;44;105;10;31;2;7;1;5;420010;4204;42010
4204350;Cordilheira Alta (SC);43;48;32;27;22;28;13;19;11;15;2;8;3;1;0;0;0;0;420007;4204;42002
4204400;Coronel Freitas (SC);157;144;101;111;83;107;53;62;28;38;7;18;1;0;0;1;0;0;420007;4204;42002
4204459;Coronel Martins (SC);46;33;30;24;11;15;8;6;3;3;1;3;0;0;0;0;0;0;420011;4204;42003
4204509;Corupá (SC);184;210;166;161;112;153;70;112;33;60;13;29;4;9;0;2;0;0;420016;4206;42017
4204558;Correia Pinto (SC);234;205;156;144;112;118;68;53;33;36;20;21;3;2;1;2;2;0;420005;4203;42013
4204608;Criciúma (SC);1860;2077;1296;1640;925;1209;494;810;241;401;91;181;31;59;2;19;4;11;420002;4202;42015
4204707;Cunha Porã (SC);166;198;160;173;100;126;65;104;30;59;14;19;1;10;0;0;0;0;420012;4204;42002
4204756;Cunhataí (SC);38;34;20;24;17;22;12;13;6;8;2;7;1;1;0;0;0;0;420007;4204;42002
4204806;Curitibanos (SC);487;552;380;385;266;286;177;180;90;118;32;45;6;17;0;5;3;2;420006;4203;42009
4204905;Descanso (SC);144;156;124;112;78;102;54;64;27;36;9;16;0;4;0;1;0;0;420009;4204;42001
4205001;Dionísio Cerqueira (SC);176;208;141;153;112;127;64;79;44;54;13;22;2;5;1;5;1;2;420009;4204;42001
4205100;Dona Emma (SC);52;56;43;47;29;31;16;22;5;11;3;4;1;2;1;0;0;0;420023;4207;42004
4205159;Doutor Pedrinho (SC);70;88;44;43;30;26;12;22;13;12;6;5;0;2;0;1;0;0;420019;4207;42006
4205175;Entre Rios (SC);40;36;27;19;20;21;13;15;14;8;5;6;5;6;1;1;1;0;420011;4204;42003
4205191;Ermo (SC);29;26;25;40;19;15;8;16;9;9;2;0;0;0;0;0;0;0;420004;4202;42014
4205209;Erval Velho (SC);87;94;53;61;41;50;22;32;12;21;6;14;2;3;1;0;0;0;420008;4204;42008
4205308;Faxinal dos Guedes (SC);127;118;85;103;59;74;33;52;22;31;8;17;2;4;0;0;0;1;420011;4204;42003
4205357;Flor do Sertão (SC);41;35;17;11;10;12;7;7;1;5;3;2;0;0;0;0;0;0;420009;4204;42001
4205407;Florianópolis (SC);4215;5058;3068;3934;2251;3216;1332;2188;666;1344;302;740;84;253;40;79;21;25;420001;4201;42007
4205431;Formosa do Sul (SC);51;47;39;35;17;14;14;12;5;7;1;5;1;2;0;0;0;0;420007;4204;42002
4205456;Forquilhinha (SC);162;178;133;148;75;81;48;82;29;46;11;14;1;3;0;1;0;0;420002;4202;42015
4205506;Fraiburgo (SC);328;334;256;257;137;140;84;101;45;52;17;22;7;7;2;3;1;8;420015;4205;42009
4205555;Frei Rogério (SC);41;36;27;31;24;17;15;7;10;11;1;3;0;1;1;0;0;1;420006;4203;42009
4205605;Galvão (SC);76;57;46;46;37;41;23;28;11;11;4;3;1;1;0;0;0;2;420013;4204;42003
4205704;Garopaba (SC);206;199;166;164;109;128;75;71;34;33;19;27;5;8;0;2;0;2;420001;4201;42007
4205803;Garuva (SC);124;142;117;107;69;73;47;39;15;21;7;13;4;4;0;0;2;0;420016;4206;42011
4205902;Gaspar (SC);469;568;347;445;271;342;166;246;95;136;29;67;9;14;7;4;3;4;420019;4207;42006
4206009;Governador Celso Ramos (SC);163;146;103;134;84;111;49;57;22;28;15;18;5;5;1;1;1;3;420001;4201;42007
4206108;Grão-Pará (SC);80;86;54;52;44;59;27;28;22;22;8;12;1;3;1;1;0;1;420003;4202;42016
4206207;Gravatal (SC);158;170;110;129;87;129;80;72;35;54;20;20;6;4;0;1;0;0;420003;4202;42016
4206306;Guabiruba (SC);151;165;129;148;97;113;67;69;33;45;17;13;5;4;3;2;0;0;420021;4207;42006
4206405;Guaraciaba (SC);171;191;138;133;111;136;62;89;35;37;11;17;4;2;0;2;0;0;420009;4204;42001
4206504;Guaramirim (SC);241;244;196;210;126;171;107;103;51;67;20;17;3;12;4;1;0;0;420016;4206;42017
4206603;Guarujá do Sul (SC);85;85;82;75;54;57;23;37;9;20;4;9;1;1;1;2;1;0;420009;4204;42001
4206652;Guatambú (SC);77;45;58;49;29;33;19;14;13;13;6;9;1;1;2;2;0;0;420007;4204;42002
4206702;Herval d'Oeste (SC);241;328;211;238;144;173;85;113;38;60;22;38;4;14;2;2;0;2;420008;4204;42008
4206751;Ibiam (SC);36;25;19;23;13;16;5;17;2;5;6;4;1;1;0;0;0;0;420015;4205;42009
4206801;Ibicaré (SC);87;64;60;62;34;36;27;27;8;12;10;13;3;2;0;0;0;0;420008;4204;42008
4206900;Ibirama (SC);243;263;192;232;160;158;114;126;52;66;15;27;4;7;1;2;0;0;420023;4207;42004
4207007;Içara (SC);529;531;396;453;283;342;181;217;94;111;33;46;8;9;2;3;6;7;420002;4202;42015
4207106;Ilhota (SC);143;149;111;123;79;70;56;62;21;39;17;16;0;4;1;3;0;2;420019;4207;42005
4207205;Imaruí (SC);263;285;231;242;171;212;104;128;54;62;27;39;6;14;2;3;1;0;420003;4202;42016
4207304;Imbituba (SC);518;601;407;443;311;409;180;222;84;143;31;83;10;21;2;5;1;1;420001;4201;42016
4207403;Imbuia (SC);59;52;40;58;42;41;28;24;10;14;4;3;0;3;0;0;0;0;420024;4207;42004
4207502;Indaial (SC);501;546;347;456;267;331;175;242;86;118;30;64;8;15;2;3;3;0;420019;4207;42006
4207577;Iomerê (SC);56;56;39;50;35;31;17;26;4;11;4;4;1;1;0;0;0;0;420015;4205;42009
4207601;Ipira (SC);90;101;84;79;45;71;37;46;12;22;1;16;2;4;1;0;0;0;420010;4204;42010
4207650;Iporã do Oeste (SC);138;125;81;111;67;67;47;64;16;28;9;7;2;4;0;0;0;1;420009;4204;42001
4207684;Ipuaçu (SC);76;63;65;60;34;42;30;26;23;38;9;17;2;5;1;2;1;0;420011;4204;42003
4207700;Ipumirim (SC);98;106;96;101;47;64;38;38;12;21;7;13;1;3;0;0;0;0;420010;4204;42010
4207759;Iraceminha (SC);87;87;59;64;41;53;22;17;6;16;6;6;0;2;0;0;0;1;420012;4204;42001
4207809;Irani (SC);98;109;83;84;45;85;40;31;19;20;5;13;1;5;1;1;0;3;420010;4204;42010
4207858;Irati (SC);33;28;23;24;16;21;16;11;4;3;0;3;0;2;0;0;0;0;420007;4204;42002
4207908;Irineópolis (SC);148;121;116;138;86;83;37;51;18;27;10;21;4;5;0;1;1;1;420017;4206;42012
4208005;Itá (SC);90;91;71;71;37;62;33;34;9;19;6;12;1;2;0;0;0;0;420010;4204;42010
4208104;Itaiópolis (SC);285;306;199;240;173;188;116;140;52;69;17;34;4;9;2;4;0;2;420017;4206;42012
4208203;Itajaí (SC);1702;2045;1270;1540;815;1217;542;803;242;461;95;205;28;79;17;18;12;15;420020;4207;42005
4208302;Itapema (SC);314;353;220;237;184;177;103;114;31;63;19;24;7;12;4;4;2;2;420020;4207;42005
4208401;Itapiranga (SC);201;223;136;144;98;111;72;63;25;43;14;21;5;7;0;4;0;3;420009;4204;42001
4208450;Itapoá (SC);153;130;114;97;69;56;35;27;12;12;9;15;0;5;0;5;1;1;420016;4206;42011
4208500;Ituporanga (SC);260;291;210;227;141;174;90;122;41;50;24;31;7;10;1;2;0;3;420024;4207;42004
4208609;Jaborá (SC);77;99;52;54;47;32;20;37;14;14;2;11;2;2;1;0;0;0;420008;4204;42008
4208708;Jacinto Machado (SC);196;163;145;167;102;91;58;69;30;27;17;17;7;7;1;1;1;0;420004;4202;42014
4208807;Jaguaruna (SC);212;207;169;212;150;158;99;120;41;59;13;16;5;2;2;3;0;1;420003;4202;42016
4208906;Jaraguá do Sul (SC);1124;1218;779;1007;616;794;423;531;186;280;85;139;23;45;3;19;5;7;420016;4206;42017
4208955;Jardinópolis (SC);33;37;22;18;12;12;8;4;4;5;0;0;1;1;1;0;0;0;420007;4204;42002
4209003;Joaçaba (SC);359;422;248;340;177;251;94;141;51;89;29;56;8;24;1;1;0;2;420008;4204;42008
4209102;Joinville (SC);4495;5144;3197;3942;2099;3088;1313;1975;612;1137;274;579;73;187;24;45;18;34;420016;4206;42011
4209151;José Boiteux (SC);81;74;53;43;39;58;32;27;16;15;9;7;2;0;0;0;1;0;420023;4207;42004
4209177;Jupiá (SC);47;38;28;31;15;26;13;8;5;5;1;3;2;0;1;0;0;0;420013;4204;42003
4209201;Lacerdópolis (SC);50;51;34;29;14;27;12;17;4;8;1;4;2;2;1;1;0;0;420008;4204;42008
4209300;Lages (SC);1968;2298;1493;1755;1069;1396;665;883;366;492;140;267;48;85;8;24;8;10;420005;4203;42013
4209409;Laguna (SC);778;924;581;695;454;561;278;402;161;251;43;106;13;37;2;13;2;4;420003;4202;42016
4209458;Lajeado Grande (SC);24;23;30;24;15;19;9;15;4;4;0;4;0;0;0;0;0;0;420007;4204;42003
4209508;Laurentino (SC);64;68;50;67;41;56;23;28;13;22;5;5;2;7;0;0;0;1;420022;4207;42004
4209607;Lauro Müller (SC);222;247;138;175;118;106;60;72;27;56;12;15;5;8;0;2;1;0;420002;4202;42015
4209706;Lebon Régis (SC);143;144;122;108;82;82;67;44;32;26;13;15;7;4;3;1;0;0;420014;4205;42009
4209805;Leoberto Leal (SC);58;70;54;32;36;39;14;12;11;10;2;4;2;0;0;2;1;2;420024;4207;42007
4209854;Lindóia do Sul (SC);79;79;52;65;47;46;26;38;12;22;3;9;3;4;0;1;0;0;420010;4204;42010
4209904;Lontras (SC);139;149;118;132;83;102;45;63;31;33;11;14;2;6;0;0;0;0;420022;4207;42004
4210001;Luiz Alves (SC);91;102;69;100;75;96;56;62;30;32;9;15;3;4;0;0;0;2;420020;4207;42005
4210035;Luzerna (SC);100;102;71;102;64;75;35;41;14;28;6;14;0;4;0;2;0;1;420008;4204;42008
4210050;Macieira (SC);30;25;23;31;18;9;11;15;4;6;0;4;0;1;0;0;0;0;420014;4205;42009
4210100;Mafra (SC);619;777;537;623;435;532;231;330;123;168;51;88;15;20;6;7;4;3;420017;4206;42012
4210209;Major Gercino (SC);54;48;59;51;49;53;24;30;17;26;4;7;0;3;0;1;0;0;420021;4207;42007
4210308;Major Vieira (SC);113;115;82;95;43;58;32;49;19;18;5;7;2;2;0;0;0;0;420017;4206;42012
4210407;Maracajá (SC);57;64;55;63;40;47;26;35;15;14;4;10;0;1;2;1;2;0;420004;4202;42014
4210506;Maravilha (SC);288;298;203;255;155;193;78;113;42;54;19;23;4;5;0;1;4;3;420012;4204;42001
4210555;Marema (SC);34;54;35;34;32;33;13;16;7;9;2;4;0;2;0;0;0;0;420007;4204;42003
4210605;Massaranduba (SC);194;202;159;172;128;160;87;124;47;58;22;20;10;16;2;3;0;0;420016;4206;42017
4210704;Matos Costa (SC);46;41;31;30;20;20;12;17;7;3;1;3;1;1;0;0;1;0;420014;4205;42009
4210803;Meleiro (SC);118;107;82;92;64;72;50;54;23;25;10;12;3;4;1;2;0;0;420004;4202;42014
4210852;Mirim Doce (SC);44;48;36;31;27;33;17;18;9;11;2;3;1;1;0;0;0;0;420022;4207;42004
4210902;Modelo (SC);73;66;57;64;31;35;28;23;4;10;3;6;0;0;0;1;0;0;420007;4204;42001
4211009;Mondaí (SC);126;155;108;107;80;112;52;68;29;33;14;14;2;1;0;0;4;2;420007;4204;42001
4211058;Monte Carlo (SC);81;79;62;55;47;41;27;30;4;12;4;5;4;3;0;1;1;1;420015;4205;42008
4211108;Monte Castelo (SC);137;130;89;102;63;76;51;53;15;27;5;10;3;2;0;1;1;0;420017;4206;42012
4211207;Morro da Fumaça (SC);131;151;98;119;72;93;46;65;23;38;6;13;1;6;1;1;1;0;420002;4202;42015
4211256;Morro Grande (SC);30;27;27;29;24;27;21;18;4;12;2;6;0;2;0;0;0;0;420002;4202;42014
4211306;Navegantes (SC);448;550;351;416;197;271;120;172;74;83;22;39;5;10;5;4;4;2;420020;4207;42005
4211405;Nova Erechim (SC);60;59;34;43;38;29;19;30;6;12;3;3;2;5;0;0;0;0;420007;4204;42002
4211454;Nova Itaberaba (SC);65;56;46;39;34;42;23;28;4;16;3;6;2;1;1;1;0;0;420007;4204;42002
4211504;Nova Trento (SC);145;145;115;154;111;132;61;85;43;50;8;20;1;8;0;1;0;0;420021;4207;42007
4211603;Nova Veneza (SC);148;152;107;140;112;99;62;63;35;55;17;19;5;6;3;2;0;0;420002;4202;42015
4211652;Novo Horizonte (SC);56;47;43;35;28;23;14;19;4;7;7;5;1;2;0;0;0;0;420013;4204;42003
4211702;Orleans (SC);272;276;235;242;151;178;89;122;40;59;23;41;1;8;1;3;0;1;420002;4202;42015
4211751;Otacílio Costa (SC);174;177;111;137;101;76;57;61;25;37;6;25;3;5;0;4;1;2;420005;4203;42013
4211801;Ouro (SC);115;125;79;108;69;85;38;53;22;37;11;12;1;4;1;0;1;0;420008;4204;42008
4211850;Ouro Verde (SC);35;33;28;25;21;20;10;9;4;4;0;6;0;2;0;0;1;0;420011;4204;42003
4211876;Paial (SC);34;33;22;19;28;22;8;10;7;5;0;1;0;0;0;0;0;0;420007;4204;42002
4211892;Painel (SC);45;41;40;27;23;20;15;13;9;5;4;1;2;2;0;1;0;0;420005;4203;42013
4211900;Palhoça (SC);960;1011;661;763;480;610;277;396;132;214;60;107;14;37;5;8;4;5;420001;4201;42007
4212007;Palma Sola (SC);110;111;73;70;63;60;26;44;21;15;3;7;3;3;0;0;1;0;420009;4204;42001
4212056;Palmeira (SC);47;32;32;25;27;19;18;9;9;8;3;1;0;0;0;0;0;0;420005;4203;42013
4212106;Palmitos (SC);287;272;188;261;154;189;107;146;47;71;19;39;1;11;2;2;1;1;420007;4204;42002
4212205;Papanduva (SC);230;222;159;184;143;168;89;112;39;51;17;21;6;2;0;1;2;0;420017;4206;42012
4212239;Paraíso (SC);88;83;65;68;44;37;18;20;12;8;2;5;1;2;0;0;0;0;420009;4204;42001
4212254;Passo de Torres (SC);66;56;49;35;28;36;19;25;12;13;6;8;0;0;0;1;1;1;420004;4202;42014
4212270;Passos Maia (SC);53;37;44;44;26;26;20;13;10;14;1;5;1;2;0;0;0;0;420011;4204;42003
4212304;Paulo Lopes (SC);91;83;66;90;52;50;30;39;28;26;15;10;0;5;1;1;0;1;420001;4201;42007
4212403;Pedras Grandes (SC);83;90;68;78;53;53;38;44;15;36;10;12;4;2;1;0;1;0;420003;4202;42016
4212502;Penha (SC);287;288;222;235;124;159;86;99;36;50;21;19;3;4;2;3;0;1;420020;4207;42005
4212601;Peritiba (SC);50;58;52;62;36;35;19;24;12;16;3;9;0;1;0;0;1;2;420010;4204;42010
4212700;Petrolândia (SC);105;130;95;103;69;60;39;43;23;17;4;11;2;6;0;3;0;1;420024;4207;42004
4212809;Balneário Piçarras (SC);182;165;132;149;78;91;49;62;27;36;11;20;4;1;0;3;0;0;420020;4207;42005
4212908;Pinhalzinho (SC);196;184;137;159;91;117;50;64;17;39;7;23;1;3;2;2;1;1;420007;4204;42002
4213005;Pinheiro Preto (SC);46;53;36;32;25;22;9;20;6;6;3;7;1;1;1;0;0;1;420015;4205;42009
4213104;Piratuba (SC);81;88;57;54;40;50;27;31;16;23;8;12;1;4;0;1;0;0;420010;4204;42010
4213153;Planalto Alegre (SC);37;32;28;25;21;23;9;16;8;10;4;1;0;1;1;0;1;1;420007;4204;42002
4213203;Pomerode (SC);391;407;277;334;190;272;112;170;57;92;27;49;5;14;0;4;1;0;420019;4207;42006
4213302;Ponte Alta (SC);68;74;59;64;52;48;34;26;19;20;18;5;1;1;1;0;1;2;420005;4203;42013
4213351;Ponte Alta do Norte (SC);37;30;34;42;21;26;19;20;7;5;5;3;2;1;0;1;0;0;420006;4203;42009
4213401;Ponte Serrada (SC);137;145;105;104;62;79;51;38;24;22;7;8;4;10;2;1;0;1;420011;4204;42003
4213500;Porto Belo (SC);168;149;134;140;79;84;56;47;17;23;8;9;0;6;1;1;1;1;420020;4207;42005
4213609;Porto União (SC);506;541;376;466;251;347;156;225;73;140;33;61;12;20;5;6;1;3;420017;4206;42012
4213708;Pouso Redondo (SC);182;201;149;134;111;114;76;65;30;52;6;18;6;8;1;2;1;1;420022;4207;42004
4213807;Praia Grande (SC);106;124;87;79;51;75;39;54;22;35;7;10;2;0;0;3;4;0;420004;4202;42014
4213906;Presidente Castello Branco (SC);42;34;27;39;16;22;14;17;7;7;4;7;0;1;1;0;0;0;420010;4204;42010
4214003;Presidente Getúlio (SC);211;207;150;171;131;132;70;108;36;56;21;26;2;2;0;1;1;1;420023;4207;42004
4214102;Presidente Nereu (SC);37;45;32;32;24;18;17;22;8;3;2;6;1;0;0;0;0;0;420022;4207;42004
4214151;Princesa (SC);58;44;35;37;18;19;10;20;4;7;1;3;1;2;0;1;0;1;420009;4204;42001
4214201;Quilombo (SC);160;143;105;130;97;85;49;54;22;41;13;15;2;2;0;0;1;1;420007;4204;42002
4214300;Rancho Queimado (SC);40;49;28;33;35;34;13;25;10;13;3;9;4;0;1;1;2;0;420001;4201;42007
4214409;Rio das Antas (SC);114;99;81;88;50;73;28;34;20;28;10;8;2;4;0;1;0;0;420015;4205;42009
4214508;Rio do Campo (SC);110;107;75;74;45;60;31;30;16;18;3;4;2;1;0;2;1;0;420022;4207;42004
4214607;Rio do Oeste (SC);121;104;87;106;60;79;42;57;23;30;7;16;4;0;0;1;0;0;420022;4207;42004
4214706;Rio dos Cedros (SC);165;172;149;144;102;137;65;77;63;58;18;30;5;6;0;2;0;0;420019;4207;42006
4214805;Rio do Sul (SC);703;806;497;630;412;484;248;364;144;219;62;108;13;24;4;7;1;4;420022;4207;42004
4214904;Rio Fortuna (SC);67;74;49;57;48;30;24;33;24;20;10;13;2;2;0;0;0;0;420003;4202;42016
4215000;Rio Negrinho (SC);418;486;283;308;217;263;112;130;50;100;27;35;13;19;5;5;1;3;420018;4206;42012
4215059;Rio Rufino (SC);23;25;20;28;16;17;13;15;9;9;2;2;2;0;1;0;0;0;420005;4203;42013
4215075;Riqueza (SC);77;80;63;62;45;53;28;26;14;19;9;5;2;2;0;0;1;1;420007;4204;42002
4215109;Rodeio (SC);200;172;133;147;90;130;69;85;25;53;19;29;6;6;1;4;0;1;420019;4207;42006
4215208;Romelândia (SC);125;119;76;88;54;74;36;35;14;20;4;7;5;3;0;0;0;0;420009;4204;42001
4215307;Salete (SC);80;90;68;80;37;48;31;28;13;15;8;6;0;2;0;1;0;0;420022;4207;42004
4215356;Saltinho (SC);65;56;42;28;39;30;19;26;6;10;2;3;1;4;0;0;0;1;420012;4204;42001
4215406;Salto Veloso (SC);53;59;37;48;34;25;17;13;12;15;2;5;0;1;2;0;0;0;420015;4205;42009
4215455;Sangão (SC);77;94;57;66;48;50;33;32;22;20;3;9;0;3;1;0;0;0;420003;4202;42016
4215505;Santa Cecília (SC);147;146;119;117;79;75;42;53;28;31;10;19;5;7;1;1;0;2;420006;4203;42009
4215554;Santa Helena (SC);41;39;35;36;21;24;14;19;5;3;2;4;1;0;0;1;0;0;420009;4204;42001
4215604;Santa Rosa de Lima (SC);33;33;24;23;17;16;11;9;7;10;3;4;0;0;0;0;0;0;420003;4202;42016
4215653;Santa Rosa do Sul (SC);119;125;82;97;66;67;49;47;24;29;8;6;1;4;1;1;0;1;420004;4202;42014
4215679;Santa Terezinha (SC);122;134;95;68;57;50;23;32;15;16;9;8;2;1;2;1;2;2;420022;4207;42004
4215687;Santa Terezinha do Progresso (SC);60;54;41;40;30;40;13;20;9;10;5;2;1;0;0;1;1;0;420012;4204;42001
4215695;Santiago do Sul (SC);21;23;24;21;12;11;11;8;4;5;1;1;0;1;0;0;0;0;420007;4204;42002
4215703;Santo Amaro da Imperatriz (SC);186;210;137;162;115;144;77;107;41;57;19;25;3;13;1;1;0;0;420001;4201;42007
4215752;São Bernardino (SC);42;34;30;29;12;16;9;12;5;7;3;3;1;0;0;1;0;1;420013;4204;42003
4215802;São Bento do Sul (SC);610;706;512;605;330;470;190;250;98;146;26;56;6;21;3;4;2;1;420018;4206;42012
4215901;São Bonifácio (SC);54;69;63;77;51;45;25;28;19;19;2;8;1;1;0;0;0;0;420001;4201;42007
4216008;São Carlos (SC);156;159;93;132;83;100;55;83;26;47;9;27;4;8;0;1;1;0;420007;4204;42002
4216057;São Cristóvão do Sul (SC);54;49;40;44;34;24;11;12;7;8;2;2;2;1;1;0;1;0;420006;4203;42009
4216107;São Domingos (SC);160;145;119;121;74;83;30;51;17;24;15;18;2;2;0;1;0;0;420011;4204;42003
4216206;São Francisco do Sul (SC);475;519;348;435;252;319;136;214;82;107;40;61;8;18;2;4;2;3;420016;4206;42011
4216255;São João do Oeste (SC);85;98;66;79;49;53;35;51;25;25;11;14;1;5;1;1;1;0;420009;4204;42001
4216305;São João Batista (SC);200;239;149;165;122;130;67;81;30;72;13;28;2;7;0;1;1;1;420021;4207;42007
4216354;São João do Itaperiú (SC);56;56;49;40;29;32;15;19;10;5;4;7;3;0;0;1;1;0;420016;4206;42017
4216404;São João do Sul (SC);93;111;84;69;65;64;38;44;23;38;7;8;2;4;0;1;0;0;420004;4202;42014
4216503;São Joaquim (SC);369;356;238;260;204;165;109;129;72;90;21;26;7;10;1;4;1;0;420005;4203;42013
4216602;São José (SC);1763;2005;1262;1639;806;1227;504;772;242;464;104;238;26;94;19;27;11;12;420001;4201;42007
4216701;São José do Cedro (SC);218;234;184;170;98;125;61;72;22;55;10;18;3;2;1;0;2;0;420009;4204;42001
4216800;São José do Cerrito (SC);217;201;195;166;117;106;72;56;46;32;24;23;8;8;1;2;0;0;420005;4203;42013
4216909;São Lourenço do Oeste (SC);275;290;203;216;153;171;70;109;48;62;16;28;5;9;2;1;1;1;420013;4204;42003
4217006;São Ludgero (SC);97;106;70;77;49;36;28;35;14;26;4;13;5;3;0;0;0;0;420003;4202;42016
4217105;São Martinho (SC);54;67;65;58;42;42;24;46;20;26;6;10;3;1;0;1;0;0;420003;4202;42016
4217154;São Miguel da Boa Vista (SC);41;40;26;31;13;13;13;12;5;7;2;1;3;0;0;1;0;0;420012;4204;42001
4217204;São Miguel do Oeste (SC);425;484;328;366;247;294;137;191;69;119;26;44;4;5;0;1;1;0;420009;4204;42001
4217253;São Pedro de Alcântara (SC);97;86;65;64;45;55;24;36;23;27;8;14;3;3;0;1;2;0;420001;4201;42007
4217303;Saudades (SC);100;129;87;123;77;78;38;49;15;28;9;14;4;2;2;1;1;0;420007;4204;42001
4217402;Schroeder (SC);117;128;97;88;68;66;49;52;22;24;10;8;5;5;0;0;0;0;420016;4206;42017
4217501;Seara (SC);228;217;182;195;111;146;58;80;32;49;18;17;6;11;1;1;3;1;420010;4204;42010
4217550;Serra Alta (SC);58;58;36;48;28;31;19;20;6;6;3;2;6;1;0;0;0;0;420007;4204;42002
4217600;Siderópolis (SC);131;180;121;152;99;125;59;73;38;33;11;25;3;4;0;0;1;1;420002;4202;42015
4217709;Sombrio (SC);275;322;208;225;138;176;97;98;51;68;28;39;11;6;1;3;1;2;420004;4202;42014
4217758;Sul Brasil (SC);52;46;28;28;27;23;11;14;6;5;4;14;1;1;0;1;1;2;420007;4204;42002
4217808;Taió (SC);273;257;186;197;126;152;107;105;40;61;20;19;3;8;2;1;1;2;420022;4207;42004
4217907;Tangará (SC);154;149;128;114;77;87;56;68;19;35;10;16;4;4;0;1;0;0;420015;4205;42009
4217956;Tigrinhos (SC);37;52;28;23;19;14;7;4;5;7;0;1;0;2;0;0;0;0;420012;4204;42001
4218004;Tijucas (SC);285;328;214;264;173;237;129;142;64;100;22;50;7;14;1;1;1;1;420020;4207;42007
4218103;Timbé do Sul (SC);98;81;58;56;41;51;31;30;13;20;10;10;1;1;1;0;0;0;420004;4202;42014
4218202;Timbó (SC);429;463;295;368;225;292;153;202;86;110;25;57;6;18;2;3;2;1;420019;4207;42006
4218251;Timbó Grande (SC);71;67;59;54;43;41;18;19;10;6;4;2;1;2;1;2;0;1;420014;4205;42009
4218301;Três Barras (SC);194;196;132;140;90;109;50;73;28;46;7;24;7;7;2;1;1;0;420017;4206;42012
4218350;Treviso (SC);47;54;39;42;31;23;17;24;10;25;2;13;0;1;0;0;2;0;420002;4202;42015
4218400;Treze de Maio (SC);90;100;72;76;59;64;38;64;19;20;11;11;0;1;2;1;1;0;420003;4202;42016
4218509;Treze Tílias (SC);68;72;65;51;39;46;26;37;12;24;12;10;0;5;2;1;1;0;420008;4204;42008
4218608;Trombudo Central (SC);86;90;61;75;44;79;33;25;11;21;10;13;3;3;1;3;0;2;420022;4207;42004
4218707;Tubarão (SC);1150;1381;841;1101;681;884;374;612;195;350;86;158;14;36;9;14;5;5;420003;4202;42016
4218756;Tunápolis (SC);76;85;53;48;48;45;18;39;15;11;2;7;1;1;1;1;0;0;420009;4204;42001
4218806;Turvo (SC);148;169;99;126;81;112;48;69;30;44;16;19;6;5;0;3;0;0;420004;4202;42014
4218855;União do Oeste (SC);59;51;32;42;33;41;14;20;8;9;1;4;2;2;1;0;0;0;420007;4204;42002
4218905;Urubici (SC);176;169;131;118;109;83;49;56;30;34;21;28;1;6;2;2;2;0;420005;4203;42013
4218954;Urupema (SC);52;45;27;19;16;20;17;13;13;7;4;7;1;1;0;0;1;0;420005;4203;42013
4219002;Urussanga (SC);301;333;210;245;156;201;105;151;61;107;26;50;7;11;2;5;2;1;420002;4202;42015
4219101;Vargeão (SC);39;39;38;36;26;36;9;17;6;11;3;4;1;3;1;0;1;1;420011;4204;42003
4219150;Vargem (SC);50;49;42;39;25;16;10;14;14;8;7;4;1;2;0;1;1;1;420008;4204;42008
4219176;Vargem Bonita (SC);66;58;44;44;28;32;22;20;8;15;4;5;1;3;1;1;0;0;420008;4204;42008
4219200;Vidal Ramos (SC);80;82;64;65;44;44;27;26;18;12;3;6;0;2;0;0;0;3;420024;4207;42004
4219309;Videira (SC);513;541;370;423;238;328;132;188;65;107;32;63;8;14;4;6;5;7;420015;4205;42009
4219358;Vitor Meireles (SC);77;65;65;52;43;30;30;28;12;15;4;8;4;2;1;0;0;0;420023;4207;42004
4219408;Witmarsum (SC);52;47;53;44;29;38;13;16;6;3;0;6;2;0;0;0;0;0;420023;4207;42004
4219507;Xanxerê (SC);439;529;348;440;238;322;143;206;74;108;30;52;11;15;2;4;1;5;420011;4204;42003
4219606;Xavantina (SC);56;61;56;57;49;46;29;40;17;20;3;9;0;2;0;0;0;2;420011;4204;42010
4219705;Xaxim (SC);261;307;195;248;137;178;75;113;46;57;23;37;11;12;4;2;2;1;420007;4204;42003
4219853;Zortéa (SC);35;37;24;25;14;18;12;8;4;3;0;0;1;0;0;0;2;0;420008;4204;42008
4300059;Água Santa (RS);63;76;47;61;39;44;16;24;15;20;4;7;1;2;0;2;1;0;430032;4306;43018
4300109;Agudo (RS);317;339;268;296;179;217;128;160;57;104;21;54;11;13;0;4;1;1;430011;4303;43001
4300208;Ajuricaba (RS);169;179;122;144;86;112;66;78;22;49;13;20;1;5;0;0;0;3;430018;4305;43013
4300307;Alecrim (RS);169;196;139;153;94;117;76;76;28;45;17;25;5;3;0;1;0;1;430019;4305;43014
4300406;Alegrete (RS);1405;1424;1079;1211;742;975;471;627;263;462;128;263;27;87;7;25;13;7;430015;4304;43003
4300455;Alegria (RS);127;106;87;88;57;64;30;41;14;29;9;15;3;3;0;3;0;2;430023;4305;43014
4300505;Alpestre (RS);174;194;138;141;94;117;53;82;33;46;8;21;1;8;1;2;0;1;430035;4306;43015
4300554;Alto Alegre (RS);38;35;29;42;37;28;14;25;8;15;2;8;0;6;1;0;0;0;430025;4306;43019
4300570;Alto Feliz (RS);72;73;65;60;41;53;23;44;10;24;6;16;4;2;1;1;0;1;430036;4307;43026
4300604;Alvorada (RS);1818;2404;1210;1739;769;1304;392;749;197;407;82;210;31;90;17;30;4;12;430001;4301;43010
4300638;Amaral Ferrador (RS);112;80;90;77;57;73;29;45;24;27;12;16;2;1;0;0;0;0;430005;4301;43021
4300646;Ametista do Sul (RS);93;92;70;86;55;45;36;44;11;16;9;7;4;2;0;1;0;0;430029;4306;43015
4300661;André da Rocha (RS);24;20;21;25;13;12;9;13;7;3;2;2;3;0;0;0;0;0;430038;4307;43018
4300703;Anta Gorda (RS);146;146;101;110;58;108;48;78;32;45;18;22;7;7;0;3;0;0;430043;4308;43029
4300802;Antônio Prado (RS);226;248;190;202;115;142;78;113;45;63;11;22;4;8;0;1;1;0;430036;4307;43026
4300851;Arambaré (RS);86;92;82;64;43;50;24;22;12;16;7;12;0;1;1;1;0;0;430005;4301;43009
4300877;Araricá (RS);65;63;45;40;40;40;14;13;12;15;2;4;2;1;1;1;0;0;430002;4301;43007
4300901;Aratiba (RS);128;149;107;134;82;97;55;59;34;30;13;22;3;5;0;2;0;0;430026;4306;43016
4301008;Arroio do Meio (RS);263;312;230;294;186;196;82;153;65;107;22;38;1;8;0;4;1;0;430041;4308;43029
4301057;Arroio do Sal (RS);97;106;94;81;58;60;32;35;9;19;8;5;6;3;0;1;0;0;430008;4301;43004
4301107;Arroio dos Ratos (RS);212;248;189;209;135;191;80;118;40;71;21;28;8;12;0;2;0;0;430001;4301;43009
4301206;Arroio do Tigre (RS);183;199;152;170;105;132;55;93;22;42;10;22;3;3;1;2;3;2;430042;4308;43027
4301305;Arroio Grande (RS);375;351;289;292;222;245;125;161;64;101;30;64;10;16;1;3;1;1;430009;4302;43021
4301404;Arvorezinha (RS);158;169;132;150;95;117;55;75;31;41;12;26;7;9;0;3;1;1;430031;4306;43019
4301503;Augusto Pestana (RS);175;167;150;140;110;156;78;103;38;64;20;34;4;3;1;1;1;1;430018;4305;43013
4301552;Áurea (RS);65;82;62;77;52;58;26;54;18;15;5;11;1;1;0;3;1;0;430026;4306;43016
4301602;Bagé (RS);1946;2396;1574;2010;1107;1572;671;1049;358;703;186;412;54;156;14;45;5;14;430010;4302;43022
4301636;Balneário Pinhal (RS);151;134;126;130;74;67;42;28;13;23;7;9;0;3;0;2;0;0;430003;4301;43005
4301651;Barão (RS);82;110;86;92;70;62;32;51;16;34;4;13;3;3;0;3;1;0;430037;4307;43008
4301701;Barão de Cotegipe (RS);129;138;110;135;92;136;58;69;28;39;6;19;0;3;1;3;1;2;430026;4306;43016
4301750;Barão do Triunfo (RS);112;101;77;91;60;70;34;47;17;27;12;12;1;5;0;1;0;1;430001;4301;43009
4301800;Barracão (RS);102;114;85;88;73;59;43;38;19;28;5;13;2;4;0;1;2;1;430033;4306;43018
4301859;Barra do Guarita (RS);62;51;45;36;31;33;12;24;9;14;8;5;6;2;1;2;0;0;430021;4305;43015
4301875;Barra do Quaraí (RS);38;40;33;26;23;26;18;8;10;9;1;5;1;1;0;1;0;0;430015;4304;43003
4301909;Barra do Ribeiro (RS);218;224;173;200;131;156;58;114;40;78;16;38;3;10;0;5;0;3;430001;4301;43009
4301925;Barra do Rio Azul (RS);41;34;28;36;30;29;16;30;9;7;4;6;0;1;0;0;0;0;430026;4306;43016
4301958;Barra Funda (RS);31;32;22;33;17;28;13;15;11;7;5;4;1;3;1;0;0;0;430028;4306;43020
4302006;Barros Cassal (RS);164;151;143;142;101;106;54;85;45;39;16;23;7;6;3;1;0;2;430031;4306;43019
4302055;Benjamin Constant do Sul (RS);45;46;25;32;21;25;10;19;9;12;5;9;2;3;0;1;2;0;430026;4306;43016
4302105;Bento Gonçalves (RS);1249;1349;963;1194;641;943;434;656;231;425;89;216;11;56;8;11;4;11;430037;4307;43025
4302154;Boa Vista das Missões (RS);38;38;33;18;27;21;12;9;8;9;4;7;0;1;1;1;0;0;430029;4306;43020
4302204;Boa Vista do Buricá (RS);115;116;77;115;52;66;26;45;25;30;12;14;4;6;0;1;0;0;430023;4305;43014
4302253;Boa Vista do Sul (RS);52;64;53;77;44;42;20;41;7;16;5;8;0;0;0;0;0;0;430037;4307;43025
4302303;Bom Jesus (RS);223;206;162;182;128;136;74;121;45;51;30;23;6;7;2;3;1;3;430039;4307;43024
4302352;Bom Princípio (RS);114;128;108;115;83;116;45;71;23;40;13;27;3;7;1;2;0;0;430002;4301;43026
4302378;Bom Progresso (RS);40;40;31;46;25;29;17;13;8;16;6;4;1;1;0;1;1;0;430021;4305;43015
4302402;Bom Retiro do Sul (RS);175;207;130;176;84;108;67;98;38;61;14;21;0;4;1;3;1;1;430041;4308;43030
4302451;Boqueirão do Leão (RS);118;120;93;110;55;74;38;48;17;12;8;15;5;3;0;1;0;0;430041;4308;43029
4302501;Bossoroca (RS);139;110;100;105;74;84;46;60;22;40;17;16;3;3;0;1;1;0;430022;4305;43011
4302600;Braga (RS);80;75;61;58;46;55;28;40;22;25;10;14;3;2;0;1;0;3;430021;4305;43020
4302659;Brochier (RS);104;110;100;105;69;76;35;57;29;39;7;22;3;6;1;1;0;0;430007;4301;43008
4302709;Butiá (RS);322;364;292;352;202;241;102;170;46;80;27;42;5;17;1;7;2;2;430006;4301;43009
4302808;Caçapava do Sul (RS);679;729;499;606;449;509;255;345;163;205;70;112;20;40;3;8;4;5;430012;4303;43027
4302907;Cacequi (RS);278;296;242;283;162;188;104;117;46;76;20;35;9;16;0;4;3;1;430011;4303;43002
4303004;Cachoeira do Sul (RS);1596;1894;1318;1631;966;1441;595;906;320;610;160;276;46;109;13;30;2;16;430013;4303;43027
4303103;Cachoeirinha (RS);1417;1622;952;1214;545;824;304;493;151;300;73;156;18;57;11;13;4;2;430001;4301;43010
4303202;Cacique Doble (RS);108;89;63;59;57;50;25;33;15;22;8;4;2;3;1;1;0;1;430033;4306;43018
4303301;Caibaté (RS);168;141;106;120;82;78;36;61;31;34;18;22;3;14;5;4;0;0;430022;4305;43011
4303400;Caiçara (RS);89;93;63;93;61;74;38;39;14;19;6;11;1;2;1;1;0;0;430029;4306;43015
4303509;Camaquã (RS);920;1127;811;901;594;670;354;474;172;332;75;151;30;48;5;26;2;6;430005;4301;43009
4303558;Camargo (RS);57;49;38;47;24;32;16;20;8;7;3;7;0;2;0;1;0;1;430030;4306;43017
4303608;Cambará do Sul (RS);84;91;65;71;51;51;37;52;17;27;12;15;3;4;2;2;0;0;430036;4307;43006
4303673;Campestre da Serra (RS);52;81;51;62;44;26;20;19;11;11;8;7;3;2;1;0;0;0;430036;4307;43024
4303707;Campina das Missões (RS);129;146;110;125;85;103;49;73;17;36;8;14;2;3;2;0;0;0;430019;4305;43014
4303806;Campinas do Sul (RS);167;177;132;153;65;100;62;70;19;53;20;28;4;6;0;1;0;2;430026;4306;43016
4303905;Campo Bom (RS);603;746;447;570;288;428;154;269;65;148;33;79;5;30;1;13;3;4;430002;4301;43007
4304002;Campo Novo (RS);102;109;83;93;69;77;46;30;19;26;15;14;4;9;0;5;0;0;430021;4305;43013
4304101;Campos Borges (RS);58;57;56;58;39;50;27;41;29;16;4;8;4;2;0;0;1;0;430025;4306;43019
4304200;Candelária (RS);540;607;409;591;345;497;203;303;100;156;43;83;15;22;5;4;0;4;430040;4308;43028
4304309;Cândido Godói (RS);135;148;119;130;78;106;46;60;33;27;4;13;2;5;1;1;0;1;430019;4305;43014
4304358;Candiota (RS);82;79;57;50;32;36;23;30;8;17;5;10;3;1;0;2;0;0;430010;4302;43022
4304408;Canela (RS);418;489;319;362;235;300;129;188;66;114;27;55;7;25;5;10;5;2;430036;4307;43023
4304507;Canguçu (RS);1051;1101;855;887;656;743;355;524;181;302;89;139;21;59;3;15;1;2;430009;4302;43021
4304606;Canoas (RS);3823;4747;2781;3926;1981;3190;1043;1883;549;1091;266;503;62;161;20;44;20;14;430001;4301;43008
4304630;Capão da Canoa (RS);360;374;269;326;207;231;103;133;57;61;21;26;5;10;1;7;3;0;430003;4301;43004
4304663;Capão do Leão (RS);326;361;282;299;164;228;115;134;39;71;25;42;11;15;4;4;0;2;430009;4302;43021
4304671;Capivari do Sul (RS);40;43;33;28;19;33;14;13;5;10;5;10;1;0;1;0;0;0;430001;4301;43005
4304689;Capela de Santana (RS);129;142;115;115;69;99;57;47;27;30;10;14;3;5;1;3;1;0;430002;4301;43008
4304697;Capitão (RS);40;59;46;55;34;33;17;24;9;18;7;8;0;0;0;0;0;0;430041;4308;43029
4304705;Carazinho (RS);892;1070;740;920;501;734;336;446;187;348;83;172;27;54;6;10;4;6;430028;4306;43017
4304713;Caraá (RS);180;138;144;139;125;103;68;55;32;25;10;15;6;5;2;3;0;1;430001;4301;43005
4304804;Carlos Barbosa (RS);277;336;241;277;157;218;121;155;49;87;22;37;5;11;1;4;1;1;430037;4307;43025
4304853;Carlos Gomes (RS);39;44;30;24;24;32;9;19;9;11;1;4;0;0;0;1;0;0;430026;4306;43016
4304903;Casca (RS);127;174;122;135;72;129;58;90;40;63;12;20;3;4;0;0;0;0;430030;4306;43017
4304952;Caseiros (RS);56;56;36;32;38;30;23;29;14;14;10;10;2;0;0;1;1;0;430033;4306;43018
4305009;Catuípe (RS);215;228;180;184;132;160;70;94;32;60;11;24;5;11;0;0;0;2;430018;4305;43013
4305108;Caxias do Sul (RS);4482;5330;3331;4317;2366;3444;1382;2238;694;1286;294;666;79;175;11;49;17;17;430036;4307;43023
4305116;Centenário (RS);61;68;44;58;41;39;16;32;19;22;0;6;0;2;0;1;0;1;430026;4306;43016
4305124;Cerrito (RS);170;152;136;118;100;106;57;86;25;48;16;18;3;7;1;0;0;0;430009;4302;43021
4305132;Cerro Branco (RS);90;99;76;78;56;57;27;53;16;29;9;15;2;3;1;2;0;1;430013;4303;43027
4305157;Cerro Grande (RS);45;49;44;47;20;22;16;18;7;10;5;7;1;0;1;0;0;1;430034;4306;43020
4305173;Cerro Grande do Sul (RS);132;118;117;128;79;93;49;43;26;53;4;10;5;5;1;1;0;0;430005;4301;43009
4305207;Cerro Largo (RS);200;261;187;243;146;175;92;131;45;100;27;38;6;12;2;4;0;0;430024;4305;43011
4305306;Chapada (RS);192;203;145;188;117;143;60;69;21;41;8;32;3;5;1;2;1;0;430028;4306;43020
4305355;Charqueadas (RS);411;436;303;314;172;247;103;147;56;91;27;52;5;16;5;6;0;2;430006;4301;43009
4305371;Charrua (RS);61;70;49;55;28;45;21;25;12;24;4;15;0;4;1;0;1;1;430032;4306;43016
4305405;Chiapetta (RS);76;61;46;52;40;53;18;35;22;23;8;17;1;1;1;1;1;0;430018;4305;43013
4305439;Chuí (RS);80;81;54;56;37;38;26;19;7;17;4;5;1;1;0;0;0;0;430009;4302;43021
4305447;Chuvisca (RS);84;70;48;54;41;33;15;30;19;17;5;8;1;2;0;1;1;0;430005;4301;43009
4305454;Cidreira (RS);191;205;163;144;102;87;63;53;23;30;11;16;2;5;1;2;1;4;430003;4301;43005
4305504;Ciríaco (RS);99;98;82;71;46;85;34;40;21;27;6;11;3;3;0;1;0;0;430030;4306;43017
4305587;Colinas (RS);75;69;53;68;57;64;29;53;8;25;12;10;1;3;0;1;0;0;430041;4308;43030
4305603;Colorado (RS);82;94;61;72;46;71;25;45;25;28;12;15;2;9;0;3;0;1;430028;4306;43012
4305702;Condor (RS);98;113;89;102;58;69;46;55;23;33;7;17;3;5;0;1;2;1;430018;4305;43013
4305801;Constantina (RS);206;233;153;187;125;135;67;86;36;66;18;36;4;7;3;4;0;0;430028;4306;43020
4305850;Coqueiros do Sul (RS);53;76;58;45;43;44;19;25;8;19;8;12;1;2;0;2;0;1;430028;4306;43017
4305871;Coronel Barros (RS);70;53;41;54;29;46;24;19;14;17;3;9;0;6;0;1;0;0;430018;4305;43013
4305900;Coronel Bicaco (RS);137;145;97;128;64;73;57;53;36;41;11;34;10;6;0;2;0;0;430018;4305;43020
4305959;Cotiporã (RS);91;95;80;91;75;85;55;71;19;30;9;17;1;5;1;5;1;1;430037;4307;43025
4305975;Coxilha (RS);47;38;36;39;20;19;12;24;4;10;3;6;1;2;0;0;0;0;430025;4306;43017
4306007;Crissiumal (RS);285;326;233;254;162;209;84;161;67;119;34;41;5;11;1;0;0;0;430021;4305;43013
4306056;Cristal (RS);140;111;97;116;71;85;37;43;16;37;12;18;4;7;0;1;0;1;430005;4301;43009
4306072;Cristal do Sul (RS);53;56;55;30;23;22;19;22;14;8;4;10;1;1;1;2;0;0;430029;4306;43015
4306106;Cruz Alta (RS);1012;1288;811;1072;611;857;386;651;228;400;100;224;29;66;8;26;2;6;430027;4306;43012
4306205;Cruzeiro do Sul (RS);197;230;172;178;120;146;60;117;35;68;16;51;2;9;0;2;0;0;430041;4308;43029
4306304;David Canabarro (RS);77;82;53;63;49;43;24;44;19;14;7;15;3;2;0;3;0;0;430030;4306;43017
4306320;Derrubadas (RS);55;60;49;67;33;49;21;33;14;18;6;13;0;3;1;1;1;1;430021;4305;43015
4306353;Dezesseis de Novembro (RS);80;65;58;56;50;44;30;18;13;16;6;11;3;3;0;2;0;1;430022;4305;43011
4306379;Dilermando de Aguiar (RS);72;69;72;68;53;40;26;26;12;19;4;8;4;0;0;1;0;0;430011;4303;43001
4306403;Dois Irmãos (RS);211;277;186;207;111;150;68;96;25;65;12;22;6;9;0;2;1;1;430002;4301;43007
4306429;Dois Irmãos das Missões (RS);30;33;28;21;27;19;19;15;8;8;1;4;1;2;0;0;0;1;430034;4306;43020
4306452;Dois Lajeados (RS);65;75;63;69;39;52;25;35;13;26;7;19;2;1;0;1;0;2;430038;4307;43029
4306502;Dom Feliciano (RS);261;217;193;181;132;149;91;109;61;67;22;37;7;6;0;1;0;2;430005;4301;43009
4306551;Dom Pedro de Alcântara (RS);62;60;44;42;39;31;17;19;13;13;2;4;2;1;0;1;0;1;430008;4301;43004
4306601;Dom Pedrito (RS);711;822;570;680;430;549;208;362;171;264;85;160;26;48;6;26;4;5;430010;4302;43022
4306700;Dona Francisca (RS);65;63;49;82;35;64;31;48;15;17;4;15;3;3;1;2;0;0;430011;4303;43001
4306734;Doutor Maurício Cardoso (RS);157;150;116;126;81;75;55;69;19;42;11;10;1;4;2;2;1;0;430023;4305;43014
4306759;Doutor Ricardo (RS);50;63;41;45;29;37;24;24;11;27;5;9;2;0;0;0;1;1;430043;4308;43029
4306767;Eldorado do Sul (RS);307;326;266;249;148;161;89;99;44;68;17;31;5;8;1;4;0;2;430001;4301;43009
4306809;Encantado (RS);294;364;243;313;184;242;117;202;57;132;22;56;7;20;1;3;2;0;430043;4308;43029
4306908;Encruzilhada do Sul (RS);477;456;383;410;294;318;188;240;95;137;43;85;7;28;6;6;1;0;430040;4308;43027
4306924;Engenho Velho (RS);32;36;34;35;25;33;17;20;5;8;3;8;0;0;0;2;0;0;430028;4306;43020
4306932;Entre-Ijuís (RS);192;189;162;135;94;93;72;84;52;51;14;38;6;5;1;1;0;1;430020;4305;43011
4306957;Entre Rios do Sul (RS);88;86;48;49;27;32;14;18;5;15;4;4;0;0;0;1;1;0;430026;4306;43016
4306973;Erebango (RS);50;63;34;36;40;43;20;25;4;14;6;9;0;2;0;1;0;1;430026;4306;43016
4307005;Erechim (RS);1196;1465;1008;1288;746;1053;464;695;223;395;80;196;26;60;9;15;2;7;430026;4306;43016
4307054;Ernestina (RS);78;71;61;60;39;48;26;29;12;28;4;11;1;4;0;0;0;0;430025;4306;43017
4307104;Herval (RS);203;144;127;130;90;108;69;70;42;49;18;31;4;10;1;2;0;1;430009;4302;43021
4307203;Erval Grande (RS);104;104;69;86;56;63;29;43;13;34;8;10;2;2;0;2;0;3;430026;4306;43016
4307302;Erval Seco (RS);167;150;118;136;103;103;56;77;33;37;18;22;4;12;1;3;0;0;430029;4306;43015
4307401;Esmeralda (RS);131;99;116;96;74;89;70;38;25;35;7;13;3;1;4;4;1;2;430039;4307;43024
4307450;Esperança do Sul (RS);98;93;61;87;50;50;31;41;13;21;8;8;3;6;1;0;0;0;430021;4305;43015
4307500;Espumoso (RS);267;305;232;258;170;187;95;141;57;101;25;47;4;14;1;3;0;3;430025;4306;43019
4307559;Estação (RS);117;129;95;111;45;76;34;57;22;25;12;14;2;3;0;2;0;0;430026;4306;43016
4307609;Estância Velha (RS);367;411;257;339;163;260;78;147;59;91;22;33;10;6;1;1;0;1;430002;4301;43007
4307708;Esteio (RS);1001;1187;685;995;473;757;277;495;149;287;63;127;13;47;5;12;4;4;430001;4301;43008
4307807;Estrela (RS);437;505;327;425;259;355;140;282;89;157;31;84;9;27;2;5;0;1;430041;4308;43030
4307815;Estrela Velha (RS);55;37;43;59;35;44;15;33;11;9;4;6;2;0;0;1;0;0;430042;4308;43027
4307831;Eugênio de Castro (RS);68;54;51;50;37;44;27;38;9;23;6;8;4;1;0;0;0;1;430020;4305;43011
4307864;Fagundes Varela (RS);44;59;50;63;47;66;30;40;20;21;8;7;1;2;0;0;0;1;430037;4307;43025
4307906;Farroupilha (RS);696;801;553;653;354;508;215;358;83;187;46;118;10;31;5;5;3;0;430036;4307;43026
4308003;Faxinal do Soturno (RS);122;141;99;125;67;95;45;73;35;50;24;25;4;8;0;2;0;0;430011;4303;43001
4308052;Faxinalzinho (RS);56;50;48;41;19;26;22;31;14;14;7;8;3;0;2;1;0;0;430026;4306;43016
4308078;Fazenda Vilanova (RS);65;48;31;49;32;40;23;28;10;18;0;9;0;3;1;0;0;0;430041;4308;43030
4308102;Feliz (RS);190;203;147;186;110;139;70;101;30;55;11;31;7;14;0;2;0;1;430036;4307;43026
4308201;Flores da Cunha (RS);369;394;270;280;200;225;90;147;40;85;13;28;3;3;0;1;2;2;430036;4307;43026
4308250;Floriano Peixoto (RS);55;50;33;45;23;35;17;16;12;13;1;3;0;2;0;0;0;0;430026;4306;43016
4308300;Fontoura Xavier (RS);187;160;114;122;107;110;51;57;48;42;14;20;5;3;0;2;2;0;430031;4306;43019
4308409;Formigueiro (RS);163;146;142;138;115;100;65;96;37;52;18;33;6;11;1;0;0;0;430011;4303;43001
4308458;Fortaleza dos Valos (RS);69;66;67;75;30;42;23;31;14;18;8;15;1;5;1;0;0;0;430027;4306;43012
4308508;Frederico Westphalen (RS);374;463;295;356;184;275;134;168;61;94;27;62;10;21;2;7;2;1;430029;4306;43015
4308607;Garibaldi (RS);479;510;347;455;257;335;157;262;76;157;29;74;6;23;0;4;1;0;430037;4307;43025
4308656;Garruchos (RS);71;39;42;52;38;26;21;15;13;16;6;8;2;4;0;2;0;0;430022;4305;43011
4308706;Gaurama (RS);137;144;118;132;72;104;47;73;36;41;7;10;1;3;0;0;1;0;430026;4306;43016
4308805;General Câmara (RS);200;179;134;151;124;142;72;80;31;48;14;33;9;7;2;4;0;0;430006;4301;43009
4308854;Gentil (RS);42;42;21;28;26;20;13;18;9;5;5;6;1;2;0;0;0;0;430030;4306;43017
4308904;Getúlio Vargas (RS);259;323;248;281;168;252;92;157;58;94;22;49;3;7;3;2;1;2;430026;4306;43016
4309001;Giruá (RS);321;339;247;295;174;229;101;170;62;111;23;57;9;13;0;7;0;1;430020;4305;43014
4309050;Glorinha (RS);136;118;95;102;78;72;41;42;33;32;12;11;2;9;1;0;0;0;430001;4301;43010
4309100;Gramado (RS);385;442;311;356;223;314;127;193;71;91;29;69;8;17;3;6;1;1;430036;4307;43023
4309126;Gramado dos Loureiros (RS);40;40;29;30;25;22;8;20;4;16;9;11;1;3;0;1;1;0;430035;4306;43020
4309159;Gramado Xavier (RS);59;41;41;42;25;32;19;17;7;10;3;5;3;2;1;2;1;2;430040;4308;43028
4309209;Gravataí (RS);2687;3135;1940;2532;1225;1780;715;1080;367;658;157;313;38;89;14;30;11;15;430001;4301;43010
4309258;Guabiju (RS);32;39;24;24;21;30;17;21;8;12;4;5;2;1;0;1;2;1;430038;4307;43025
4309308;Guaíba (RS);1117;1320;807;1025;577;781;328;581;161;278;63;148;20;52;3;13;3;8;430001;4301;43009
4309407;Guaporé (RS);317;357;233;327;193;271;124;164;62;113;22;68;5;12;0;4;0;1;430038;4307;43025
4309506;Guarani das Missões (RS);156;170;136;169;90;138;43;94;26;48;9;26;6;9;0;2;2;1;430020;4305;43011
4309555;Harmonia (RS);55;79;58;65;43;42;28;32;18;21;6;6;5;2;0;0;0;1;430002;4301;43008
4309571;Herveiras (RS);49;43;38;40;27;27;14;17;6;8;3;4;1;0;0;1;0;0;430040;4308;43028
4309605;Horizontina (RS);274;332;215;268;151;222;93;150;49;96;14;28;3;12;0;3;3;1;430023;4305;43014
4309654;Hulha Negra (RS);94;73;81;62;49;45;29;37;14;15;4;13;1;6;1;1;0;0;430010;4302;43022
4309704;Humaitá (RS);91;97;78;103;57;71;46;58;19;38;10;18;1;3;0;1;0;0;430021;4305;43013
4309753;Ibarama (RS);75;78;48;54;38;53;23;30;14;25;3;8;3;2;0;0;0;0;430042;4308;43027
4309803;Ibiaçá (RS);100;105;77;88;75;78;36;54;21;31;9;5;5;3;2;2;0;0;430032;4306;43018
4309902;Ibiraiaras (RS);101;114;79;84;61;72;43;47;27;36;10;11;1;4;0;0;0;1;430033;4306;43018
4309951;Ibirapuitã (RS);116;93;86;85;60;52;35;27;13;25;3;14;3;2;0;1;0;0;430031;4306;43019
4310009;Ibirubá (RS);347;341;255;328;186;231;123;193;73;108;34;57;11;15;0;2;1;2;430027;4306;43012
4310108;Igrejinha (RS);327;331;231;309;181;229;103;158;45;91;23;36;5;8;0;1;1;2;430004;4301;43006
4310207;Ijuí (RS);1208;1400;981;1239;711;989;450;727;243;415;95;207;26;58;10;21;5;4;430018;4305;43013
4310306;Ilópolis (RS);69;64;63;62;40;51;25;42;18;27;2;17;0;1;0;0;1;0;430043;4308;43029
4310330;Imbé (RS);216;220;195;161;114;112;70;58;28;22;8;18;1;4;0;0;1;1;430003;4301;43005
4310363;Imigrante (RS);103;100;78;110;82;87;34;50;18;43;6;19;3;5;0;0;0;0;430041;4308;43030
4310405;Independência (RS);130;158;112;134;86;116;55;69;32;24;11;20;4;0;2;0;0;0;430023;4305;43014
4310413;Inhacorá (RS);38;41;33;37;17;24;19;18;12;9;7;7;2;6;0;0;0;0;430018;4305;43013
4310439;Ipê (RS);152;129;98;98;74;89;48;55;19;37;7;16;1;4;0;1;0;1;430036;4307;43026
4310462;Ipiranga do Sul (RS);42;43;34;39;27;33;10;24;9;12;6;2;3;0;0;2;0;0;430026;4306;43016
4310504;Iraí (RS);162;179;112;152;94;124;52;71;33;34;19;26;4;8;2;1;0;1;430029;4306;43015
4310538;Itaara (RS);89;72;70;67;44;54;37;34;19;11;5;4;1;2;1;1;2;0;430011;4303;43001
4310553;Itacurubi (RS);82;56;53;48;39;32;28;28;12;33;4;13;3;1;0;1;0;0;430014;4303;43002
4310579;Itapuca (RS);53;47;35;32;35;31;10;18;6;9;7;6;5;2;0;0;0;1;430031;4306;43019
4310603;Itaqui (RS);517;525;375;440;277;325;170;204;96;139;40;81;12;33;3;10;1;3;430017;4304;43003
4310702;Itatiba do Sul (RS);73;105;68;56;49;58;35;49;20;21;8;6;1;4;1;0;0;1;430026;4306;43016
4310751;Ivorá (RS);54;52;29;52;39;32;27;36;9;18;12;9;0;3;1;0;0;0;430011;4303;43001
4310801;Ivoti (RS);163;182;132;154;72;118;64;100;17;59;9;27;5;14;1;3;1;1;430002;4301;43007
4310850;Jaboticaba (RS);72;78;74;73;44;41;33;37;22;16;15;18;5;3;1;2;0;0;430029;4306;43020
4310900;Jacutinga (RS);87;73;49;72;49;52;26;46;16;19;5;13;1;3;0;0;0;0;430026;4306;43016
4311007;Jaguarão (RS);540;627;421;515;320;409;189;273;94;174;45;120;9;44;2;7;0;4;430009;4302;43021
4311106;Jaguari (RS);247;293;231;266;165;209;104;157;57;94;21;54;9;21;4;3;0;0;430011;4303;43002
4311122;Jaquirana (RS);95;72;67;55;54;60;40;21;16;12;6;12;1;2;1;1;1;1;430039;4307;43024
4311130;Jari (RS);73;69;67;45;50;40;23;29;7;14;8;8;1;1;0;0;0;1;430011;4303;43002
4311155;Jóia (RS);138;132;98;95;80;92;47;45;23;39;12;24;1;9;2;3;2;1;430018;4305;43013
4311205;Júlio de Castilhos (RS);302;364;246;302;200;245;108;163;63;80;26;66;9;16;2;8;0;2;430011;4303;43001
4311254;Lagoão (RS);99;102;90;89;68;57;40;50;25;28;11;14;1;3;0;2;1;0;430042;4308;43019
4311270;Lagoa dos Três Cantos (RS);40;49;21;34;22;24;10;20;7;13;3;7;3;0;1;0;0;0;430025;4306;43017
4311304;Lagoa Vermelha (RS);572;547;401;472;301;315;186;228;98;142;36;74;19;21;3;6;1;2;430033;4306;43018
4311403;Lajeado (RS);877;1018;649;867;482;668;263;441;125;250;48;108;9;35;2;4;0;2;430041;4308;43029
4311429;Lajeado do Bugre (RS);59;40;31;37;24;17;16;12;10;8;9;7;0;6;0;1;0;0;430034;4306;43020
4311502;Lavras do Sul (RS);158;184;156;161;77;117;38;74;30;45;10;28;3;12;2;6;1;0;430012;4303;43022
4311601;Liberato Salzano (RS);134;103;66;86;66;81;32;47;18;26;9;9;4;4;1;4;1;0;430029;4306;43015
4311627;Lindolfo Collor (RS);42;44;30;33;23;30;13;22;8;8;1;5;0;0;0;0;0;0;430002;4301;43007
4311643;Linha Nova (RS);41;38;33;32;17;24;25;28;11;14;8;7;2;2;0;1;0;0;430002;4301;43023
4311700;Machadinho (RS);102;116;96;93;62;66;31;44;26;26;5;15;3;4;0;1;0;0;430033;4306;43018
4311718;Maçambará (RS);74;46;48;49;30;40;19;20;11;17;5;7;4;2;0;0;0;2;430017;4304;43003
4311734;Mampituba (RS);46;52;43;40;27;30;24;18;17;9;5;7;1;0;0;1;0;0;430008;4301;43004
4311759;Manoel Viana (RS);132;126;83;92;74;70;29;50;30;26;11;21;8;8;3;0;0;2;430015;4304;43003
4311775;Maquiné (RS);151;148;102;132;96;92;59;68;31;48;15;19;6;8;3;0;0;0;430003;4301;43004
4311791;Maratá (RS);63;56;52;59;39;52;21;34;8;16;5;8;0;4;3;0;0;0;430007;4301;43008
4311809;Marau (RS);389;409;268;340;200;267;121;201;72;90;38;58;5;12;5;3;1;3;430030;4306;43017
4311908;Marcelino Ramos (RS);128;119;110;111;68;100;60;67;17;43;8;21;6;10;0;2;0;1;430026;4306;43016
4311981;Mariana Pimentel (RS);87;77;65;63;41;54;26;24;11;28;5;9;0;0;0;0;1;0;430001;4301;43009
4312005;Mariano Moro (RS);33;48;38;42;28;37;16;18;9;12;1;5;0;1;0;1;0;0;430026;4306;43016
4312054;Marques de Souza (RS);122;114;88;92;77;89;45;55;15;41;9;23;2;4;0;0;0;1;430041;4308;43029
4312104;Mata (RS);106;112;94;100;80;94;50;64;20;33;13;11;4;4;2;2;0;1;430011;4303;43002
4312138;Mato Castelhano (RS);51;44;33;37;33;23;23;13;7;8;11;0;1;2;0;0;0;0;430025;4306;43017
4312153;Mato Leitão (RS);60;76;45;50;25;40;23;31;13;18;5;16;1;1;1;2;1;0;430040;4308;43028
4312203;Maximiliano de Almeida (RS);99;106;80;93;60;76;36;46;18;28;7;9;4;2;1;1;0;0;430032;4306;43018
4312252;Minas do Leão (RS);119;115;90;87;49;75;23;33;11;24;5;13;1;2;0;1;1;0;430006;4301;43009
4312302;Miraguaí (RS);103;124;80;76;67;61;36;51;24;32;6;14;1;7;1;0;0;0;430021;4305;43020
4312351;Montauri (RS);27;41;30;28;15;19;11;19;7;13;0;4;0;2;1;0;0;0;430038;4307;43017
4312377;Monte Alegre dos Campos (RS);64;44;42;62;54;32;30;26;8;14;4;3;6;2;0;0;2;1;430039;4307;43024
4312385;Monte Belo do Sul (RS);74;64;55;73;40;51;30;45;18;29;8;14;3;8;0;1;0;0;430037;4307;43025
4312401;Montenegro (RS);790;975;644;787;417;648;245;446;151;228;75;132;19;35;8;10;6;11;430007;4301;43008
4312427;Mormaço (RS);62;54;50;40;20;36;25;20;10;16;6;6;2;2;1;2;0;0;430031;4306;43019
4312443;Morrinhos do Sul (RS);82;52;46;53;41;47;22;26;7;10;4;6;0;1;0;1;0;0;430008;4301;43004
4312450;Morro Redondo (RS);126;152;133;155;101;120;59;65;30;33;12;15;2;7;0;1;1;0;430009;4302;43021
4312476;Morro Reuter (RS);66;92;78;69;45;52;28;44;12;25;4;7;1;5;0;2;0;1;430002;4301;43007
4312500;Mostardas (RS);192;206;150;175;128;129;75;86;39;65;31;49;13;18;2;9;3;0;430001;4301;43005
4312609;Muçum (RS);120;131;96;87;61;87;39;78;27;38;12;19;4;6;0;0;0;0;430043;4308;43029
4312617;Muitos Capões (RS);49;55;65;41;38;38;29;28;18;12;4;8;1;1;0;0;0;0;430039;4307;43024
4312625;Muliterno (RS);27;22;29;28;13;14;13;20;6;10;1;1;0;0;1;1;0;0;430030;4306;43017
4312658;Não-Me-Toque (RS);222;265;167;207;130;173;69;145;42;89;24;50;4;11;1;3;1;1;430028;4306;43017
4312674;Nicolau Vergueiro (RS);39;43;28;33;24;28;14;26;7;6;3;3;0;0;0;0;0;1;430025;4306;43017
4312708;Nonoai (RS);208;200;150;169;132;136;94;79;43;54;27;25;5;9;2;3;2;4;430035;4306;43016
4312757;Nova Alvorada (RS);47;38;31;38;35;30;14;13;10;13;3;8;3;2;0;0;0;0;430030;4306;43017
4312807;Nova Araçá (RS);64;57;38;52;37;43;20;38;12;15;5;8;1;2;1;1;0;0;430038;4307;43025
4312906;Nova Bassano (RS);138;157;99;137;84;117;49;74;17;40;2;17;1;7;0;1;2;1;430038;4307;43025
4312955;Nova Boa Vista (RS);45;65;43;35;28;53;22;25;10;15;4;8;1;3;0;1;0;0;430028;4306;43020
4313003;Nova Bréscia (RS);109;119;95;110;87;92;46;57;23;32;4;13;1;1;0;0;1;0;430043;4308;43029
4313011;Nova Candelária (RS);56;42;35;40;20;39;21;23;13;23;3;11;1;2;0;0;0;0;430023;4305;43014
4313037;Nova Esperança do Sul (RS);69;67;61;64;38;40;28;25;6;12;2;9;0;1;0;0;0;1;430014;4303;43002
4313060;Nova Hartz (RS);151;168;97;128;64;82;30;60;19;42;9;16;3;4;0;0;0;1;430002;4301;43007
4313086;Nova Pádua (RS);50;51;39;46;32;44;23;22;12;15;2;7;0;4;0;0;0;0;430036;4307;43026
4313102;Nova Palma (RS);110;109;83;99;66;70;44;70;16;32;11;16;0;4;1;2;1;0;430011;4303;43001
4313201;Nova Petrópolis (RS);302;331;255;262;188;239;117;181;67;121;24;59;7;13;5;2;2;0;430036;4307;43023
4313300;Nova Prata (RS);276;318;221;294;157;203;106;165;36;82;19;54;4;14;6;4;1;5;430038;4307;43025
4313334;Nova Ramada (RS);62;55;37;47;37;36;21;21;16;9;0;8;1;6;1;0;0;0;430018;4305;43013
4313359;Nova Roma do Sul (RS);71;80;65;88;44;57;27;34;4;19;2;7;1;0;0;1;0;0;430036;4307;43026
4313375;Nova Santa Rita (RS);201;192;173;171;94;119;67;81;34;36;8;13;7;7;1;5;3;0;430001;4301;43008
4313391;Novo Cabrais (RS);60;74;62;64;45;46;31;37;7;16;3;10;2;3;0;1;0;0;430013;4303;43027
4313409;Novo Hamburgo (RS);2740;3517;2057;2767;1398;2152;796;1343;353;775;163;371;50;144;12;37;9;14;430002;4301;43007
4313425;Novo Machado (RS);101;116;84;85;67;76;30;47;16;26;5;21;2;2;1;0;1;0;430019;4305;43014
4313441;Novo Tiradentes (RS);47;48;39;41;27;35;15;14;2;11;5;4;0;1;2;1;0;1;430029;4306;43015
4313490;Novo Barreiro (RS);85;63;58;75;41;55;25;27;15;15;4;12;1;2;1;2;0;1;430034;4306;43020
4313508;Osório (RS);531;580;397;476;292;358;163;246;92;172;29;67;19;18;1;3;0;4;430003;4301;43005
4313607;Paim Filho (RS);75;94;70;87;39;73;34;28;21;36;7;8;1;1;1;2;0;0;430032;4306;43018
4313656;Palmares do Sul (RS);187;172;172;161;107;106;54;69;36;45;16;21;6;7;0;2;0;4;430001;4301;43005
4313706;Palmeira das Missões (RS);554;645;440;505;295;359;212;255;90;148;56;98;10;27;5;6;5;3;430034;4306;43020
4313805;Palmitinho (RS);121;125;94;92;45;50;28;36;11;32;8;10;1;5;0;1;0;0;430029;4306;43015
4313904;Panambi (RS);442;517;342;396;292;382;143;245;97;149;44;62;12;22;3;4;0;1;430018;4305;43013
4313953;Pantano Grande (RS);204;183;154;148;95;91;54;80;23;42;12;19;5;6;2;0;1;2;430040;4308;43028
4314001;Paraí (RS);79;102;79;93;57;75;23;41;18;26;7;11;0;3;0;0;1;0;430038;4307;43025
4314027;Paraíso do Sul (RS);150;149;119;161;89;126;66;82;29;51;21;21;3;7;1;1;1;1;430013;4303;43001
4314035;Pareci Novo (RS);73;73;58;59;46;54;16;32;13;22;3;11;2;3;0;0;0;0;430007;4301;43008
4314050;Parobé (RS);420;456;313;365;199;253;114;161;55;78;25;32;5;15;2;3;3;3;430004;4301;43006
4314068;Passa Sete (RS);75;78;64;58;40;53;14;19;10;16;2;9;0;2;0;0;0;0;430042;4308;43027
4314076;Passo do Sobrado (RS);107;129;105;110;61;66;38;58;16;43;11;15;3;6;0;0;0;0;430040;4308;43028
4314100;Passo Fundo (RS);2156;2825;1701;2211;1178;1729;701;1126;374;696;180;362;54;103;13;37;12;13;430025;4306;43017
4314159;Paverama (RS);165;144;154;165;102;99;55;89;38;57;8;14;5;6;1;2;1;0;430041;4308;43030
4314209;Pedro Osório (RS);166;163;128;161;89;126;57;88;30;55;29;26;5;9;2;5;0;0;430009;4302;43021
4314308;Pejuçara (RS);83;76;64;67;39;45;23;34;11;20;2;12;2;0;0;1;0;0;430018;4305;43013
4314407;Pelotas (RS);4992;6460;4003;5735;2940;4611;1628;3133;875;1922;380;990;98;337;21;107;16;33;430009;4302;43021
4314423;Picada Café (RS);86;80;55;64;55;55;21;26;16;22;5;13;1;1;0;0;0;0;430036;4307;43023
4314456;Pinhal (RS);38;37;38;38;28;30;18;18;8;8;2;3;1;0;0;0;0;0;430029;4306;43015
4314472;Pinhal Grande (RS);74;71;60;71;53;52;25;26;14;9;2;6;1;0;3;0;0;0;430011;4303;43001
4314498;Pinheirinho do Vale (RS);77;68;44;46;38;49;20;29;10;15;6;13;3;2;1;0;0;0;430029;4306;43015
4314506;Pinheiro Machado (RS);339;321;238;253;184;191;98;144;63;105;25;58;9;14;1;2;2;1;430010;4302;43021
4314555;Pirapó (RS);75;50;55;54;40;43;27;30;10;14;8;1;0;2;0;0;0;0;430022;4305;43011
4314605;Piratini (RS);487;432;338;347;269;286;181;171;89;135;46;52;7;19;5;9;1;2;430009;4302;43021
4314704;Planalto (RS);190;201;169;170;113;134;76;101;28;42;14;26;2;7;2;4;0;1;430035;4306;43015
4314753;Poço das Antas (RS);45;53;45;40;20;37;25;29;4;13;2;8;1;2;1;0;0;0;430041;4308;43030
4314779;Pontão (RS);63;57;34;33;33;27;21;15;7;9;8;7;3;2;0;0;0;1;430025;4306;43017
4314787;Ponte Preta (RS);43;52;45;43;26;28;12;25;10;10;3;7;1;0;0;0;0;0;430026;4306;43016
4314803;Portão (RS);311;321;252;254;154;201;90;130;46;73;17;29;5;17;0;0;2;5;430002;4301;43007
4314902;Porto Alegre (RS);19397;27459;15782;24367;11701;20311;7213;13736;3492;8372;1546;4500;428;1563;116;406;42;110;430001;4301;43010
4315008;Porto Lucena (RS);143;137;120;118;75;107;45;65;23;44;18;24;3;7;1;1;0;1;430019;4305;43014
4315057;Porto Mauá (RS);56;62;48;54;35;34;22;19;5;20;5;9;1;6;0;1;0;1;430019;4305;43014
4315073;Porto Vera Cruz (RS);60;66;46;35;32;36;21;17;13;9;5;4;1;1;0;0;0;0;430019;4305;43014
4315107;Porto Xavier (RS);227;193;150;148;119;113;55;70;17;48;15;23;4;8;0;3;3;6;430024;4305;43011
4315131;Pouso Novo (RS);58;54;35;43;27;31;14;24;8;13;6;2;0;3;0;0;0;0;430041;4308;43029
4315149;Presidente Lucena (RS);31;41;29;41;25;22;16;22;5;10;3;4;0;1;0;0;0;0;430002;4301;43007
4315156;Progresso (RS);133;113;97;104;68;77;33;42;18;26;7;2;2;2;0;0;1;1;430041;4308;43029
4315172;Protásio Alves (RS);54;44;42;34;18;33;13;16;7;10;2;4;0;0;0;0;0;0;430038;4307;43025
4315206;Putinga (RS);86;108;75;90;68;92;38;58;27;41;6;10;0;3;0;0;0;0;430043;4308;43029
4315305;Quaraí (RS);487;484;334;389;253;325;135;216;102;134;51;82;16;32;3;10;1;2;430016;4304;43003
4315321;Quevedos (RS);60;45;37;33;33;16;12;20;7;10;4;3;0;0;0;0;0;0;430011;4303;43001
4315354;Quinze de Novembro (RS);75;82;57;61;53;61;38;40;10;25;6;15;0;5;1;0;0;0;430027;4306;43012
4315404;Redentora (RS);124;123;94;114;88;94;59;59;31;45;20;24;6;11;3;3;0;3;430021;4305;43020
4315453;Relvado (RS);68;82;53;65;41;41;24;49;13;25;7;11;0;2;0;0;0;0;430043;4308;43029
4315503;Restinga Sêca (RS);304;351;261;299;189;246;122;169;54;109;40;40;7;16;4;7;0;0;430011;4303;43001
4315552;Rio dos Índios (RS);97;85;79;59;59;45;28;22;13;19;5;16;3;3;0;1;2;3;430035;4306;43016
4315602;Rio Grande (RS);2717;3328;2213;3092;1616;2540;1026;1638;508;1007;222;549;75;165;16;59;5;18;430009;4302;43021
4315701;Rio Pardo (RS);721;757;523;648;396;550;231;380;95;231;57;111;18;33;4;14;1;3;430040;4308;43028
4315750;Riozinho (RS);86;56;50;58;40;53;24;36;15;17;9;13;1;2;0;2;0;0;430004;4301;43006
4315800;Roca Sales (RS);200;239;160;206;157;185;89;131;54;78;23;36;7;10;0;4;0;0;430043;4308;43029
4315909;Rodeio Bonito (RS);93;112;65;79;56;62;29;42;21;24;6;11;4;5;2;1;0;0;430029;4306;43015
4316006;Rolante (RS);326;311;220;245;153;199;117;147;70;84;27;39;7;8;4;1;0;1;430004;4301;43006
4316105;Ronda Alta (RS);188;216;137;135;110;145;65;84;40;39;11;17;3;6;1;4;0;1;430025;4306;43020
4316204;Rondinha (RS);158;160;106;111;83;88;33;48;20;36;7;24;4;2;0;2;0;1;430028;4306;43020
4316303;Roque Gonzales (RS);155;166;132;119;72;77;47;69;26;33;18;12;4;4;1;3;1;1;430024;4305;43011
4316402;Rosário do Sul (RS);809;873;607;688;450;489;262;378;165;235;76;123;23;46;5;19;5;6;430016;4304;43003
4316428;Sagrada Família (RS);45;47;43;42;32;25;23;20;11;8;4;2;2;1;1;0;0;0;430034;4306;43020
4316436;Saldanha Marinho (RS);63;68;43;45;25;31;25;22;12;15;8;9;4;0;2;0;0;0;430028;4306;43012
4316451;Salto do Jacuí (RS);205;199;135;161;90;101;60;71;29;49;13;14;1;5;0;4;0;0;430027;4306;43012
4316477;Salvador das Missões (RS);60;66;35;50;41;40;19;22;13;12;5;4;1;4;1;0;0;0;430024;4305;43011
4316501;Salvador do Sul (RS);115;124;103;107;75;89;49;69;23;50;17;21;5;6;2;3;0;1;430007;4301;43008
4316600;Sananduva (RS);246;268;182;249;139;172;74;123;55;82;19;34;8;9;4;2;0;1;430032;4306;43018
4316709;Santa Bárbara do Sul (RS);163;157;118;117;85;98;51;44;24;40;16;14;6;3;1;3;0;2;430027;4306;43012
4316758;Santa Clara do Sul (RS);88;96;73;86;38;67;58;53;11;42;9;17;0;3;0;2;0;0;430041;4308;43029
4316808;Santa Cruz do Sul (RS);1550;1898;1176;1645;784;1354;487;853;253;556;101;296;34;96;9;25;5;11;430040;4308;43028
4316907;Santa Maria (RS);3466;4599;2708;3824;1905;3048;1257;2114;678;1334;317;694;101;246;32;61;10;29;430011;4303;43001
4316956;Santa Maria do Herval (RS);93;97;70;81;58;73;33;47;11;30;5;15;1;3;1;0;0;0;430002;4301;43007
4317004;Santana da Boa Vista (RS);210;189;150;160;131;126;80;83;46;49;15;30;4;14;2;3;1;0;430012;4303;43021
4317103;Sant'Ana do Livramento (RS);1580;1777;1193;1507;806;1102;458;806;267;532;177;280;39;120;8;43;1;13;430016;4304;43003
4317202;Santa Rosa (RS);845;996;635;836;495;671;296;424;155;274;47;120;17;40;6;9;3;4;430019;4305;43014
4317251;Santa Tereza (RS);45;60;41;53;49;37;16;28;7;16;6;13;0;3;0;0;0;0;430037;4307;43025
4317301;Santa Vitória do Palmar (RS);589;529;470;492;332;370;205;274;94;164;53;92;10;33;2;8;3;3;430009;4302;43021
4317400;Santiago (RS);922;995;719;857;515;658;327;423;191;308;82;149;37;33;7;10;8;7;430014;4303;43002
4317509;Santo Ângelo (RS);1214;1332;872;1138;643;904;412;643;245;438;100;192;30;60;7;19;4;6;430020;4305;43011
4317558;Santo Antônio do Palma (RS);45;57;44;49;21;27;19;18;3;11;1;3;0;1;2;1;0;0;430030;4306;43017
4317608;Santo Antônio da Patrulha (RS);802;738;529;555;445;471;259;344;156;198;70;94;27;29;7;10;1;3;430001;4301;43005
4317707;Santo Antônio das Missões (RS);231;267;187;170;141;144;89;99;49;50;31;36;3;17;1;8;0;3;430022;4305;43011
4317756;Santo Antônio do Planalto (RS);40;55;30;30;20;23;13;16;6;7;1;4;1;0;0;0;0;0;430028;4306;43017
4317806;Santo Augusto (RS);247;242;153;200;107;129;72;100;33;59;29;40;9;11;1;3;1;1;430018;4305;43013
4317905;Santo Cristo (RS);265;282;212;234;144;183;76;125;47;78;21;23;4;9;2;0;0;0;430019;4305;43014
4317954;Santo Expedito do Sul (RS);66;56;30;28;28;24;11;20;5;13;4;5;1;0;0;0;0;0;430032;4306;43018
4318002;São Borja (RS);999;1118;700;847;494;600;343;454;191;311;99;187;34;43;10;24;6;6;430017;4304;43011
4318051;São Domingos do Sul (RS);42;30;36;42;28;46;19;42;9;23;3;4;2;0;1;1;1;0;430030;4306;43017
4318101;São Francisco de Assis (RS);427;416;326;354;260;299;174;177;72;127;40;70;12;22;2;5;4;0;430011;4303;43002
4318200;São Francisco de Paula (RS);353;343;272;307;184;199;145;157;76;90;34;59;10;24;2;2;0;1;430036;4307;43006
4318309;São Gabriel (RS);1178;1246;890;1003;519;792;369;479;172;342;80;173;31;74;4;21;1;10;430012;4303;43003
4318408;São Jerônimo (RS);326;363;294;315;190;216;123;156;68;95;25;44;12;13;3;2;1;0;430006;4301;43009
4318424;São João da Urtiga (RS);83;80;65;83;56;54;32;47;25;26;5;9;1;3;0;1;0;0;430032;4306;43018
4318432;São João do Polêsine (RS);58;64;51;66;41;60;37;44;11;34;8;20;0;11;0;0;1;1;430011;4303;43001
4318440;São Jorge (RS);58;58;37;38;32;44;16;23;16;15;3;12;3;2;0;1;0;0;430038;4307;43025
4318457;São José das Missões (RS);62;57;45;35;22;44;21;10;12;16;5;7;1;2;0;1;0;0;430034;4306;43020
4318465;São José do Herval (RS);42;35;43;33;22;24;10;17;12;13;8;3;1;2;0;2;0;1;430031;4306;43029
4318481;São José do Hortêncio (RS);58;59;62;47;33;47;23;29;11;26;2;12;1;1;1;1;0;0;430002;4301;43007
4318499;São José do Inhacorá (RS);49;58;34;43;28;34;14;25;9;14;8;8;0;3;0;1;0;1;430023;4305;43014
4318507;São José do Norte (RS);414;416;344;361;220;254;132;166;59;90;20;45;7;18;3;2;1;0;430009;4302;43021
4318606;São José do Ouro (RS);133;151;108;130;78;60;46;63;23;34;15;10;6;6;3;1;2;0;430033;4306;43018
4318622;São José dos Ausentes (RS);53;54;38;34;26;16;13;13;7;11;4;4;0;2;2;1;0;1;430039;4307;43024
4318705;São Leopoldo (RS);2211;2683;1602;2177;1032;1666;625;1080;308;619;128;348;36;117;11;41;14;19;430002;4301;43007
4318804;São Lourenço do Sul (RS);849;879;716;814;544;692;331;470;179;303;67;143;18;45;5;12;2;3;430009;4302;43021
4318903;São Luiz Gonzaga (RS);624;711;505;581;367;478;219;330;157;220;65;123;25;46;6;15;2;4;430022;4305;43011
4319000;São Marcos (RS);301;297;198;284;170;189;79;119;40;64;24;32;7;9;0;2;1;2;430036;4307;43026
4319109;São Martinho (RS);128;134;85;91;57;82;40;67;30;40;12;14;4;6;1;1;1;2;430021;4305;43013
4319125;São Martinho da Serra (RS);87;84;76;71;58;48;36;30;22;22;7;11;3;2;1;0;0;0;430011;4303;43001
4319158;São Miguel das Missões (RS);152;109;99;90;88;69;35;35;21;33;16;15;3;6;2;1;1;0;430020;4305;43011
4319208;São Nicolau (RS);121;106;90;121;88;72;47;43;31;26;13;22;3;12;0;2;0;0;430022;4305;43011
4319307;São Paulo das Missões (RS);140;140;104;137;80;119;50;69;25;37;8;19;2;2;0;1;2;1;430024;4305;43014
4319356;São Pedro da Serra (RS);34;41;30;45;21;30;11;22;5;7;5;3;1;1;1;0;0;0;430007;4301;43008
4319372;São Pedro do Butiá (RS);54;61;46;54;34;46;22;28;9;14;2;9;2;0;0;1;0;1;430024;4305;43011
4319406;São Pedro do Sul (RS);350;403;272;333;222;282;154;184;88;117;31;56;13;23;2;7;0;1;430011;4303;43001
4319505;São Sebastião do Caí (RS);307;361;233;283;170;227;97;132;43;98;21;59;5;22;2;1;0;3;430002;4301;43008
4319604;São Sepé (RS);492;478;380;413;276;352;178;213;91;139;40;83;10;25;4;9;2;4;430011;4303;43001
4319703;São Valentim (RS);86;84;61;84;47;52;29;50;10;22;6;10;0;2;1;1;0;0;430026;4306;43016
4319711;São Valentim do Sul (RS);54;47;45;50;36;39;18;28;10;26;1;8;3;3;0;1;0;0;430037;4307;43029
4319737;São Valério do Sul (RS);45;41;43;34;26;20;16;12;17;13;3;5;1;1;3;0;0;1;430018;4305;43013
4319752;São Vendelino (RS);38;36;26;28;21;29;12;25;6;11;2;5;1;2;0;0;0;0;430002;4301;43026
4319802;São Vicente do Sul (RS);157;131;124;155;90;101;54;66;27;38;14;18;7;11;0;4;0;0;430011;4303;43002
4319901;Sapiranga (RS);683;883;578;649;337;449;186;289;106;179;48;91;9;26;4;10;4;5;430002;4301;43007
4320008;Sapucaia do Sul (RS);1448;1702;955;1269;608;974;350;571;165;318;60;129;20;52;1;19;5;4;430001;4301;43008
4320107;Sarandi (RS);271;328;205;236;143;208;88;145;56;75;22;56;10;17;2;6;1;2;430028;4306;43020
4320206;Seberi (RS);224;206;152;173;117;147;74;101;39;53;16;30;2;6;3;7;0;2;430029;4306;43015
4320230;Sede Nova (RS);60;63;49;46;42;46;25;30;14;11;8;4;1;2;0;0;0;0;430021;4305;43013
4320263;Segredo (RS);132;127;88;90;64;65;30;38;18;30;8;9;0;7;0;3;0;0;430042;4308;43027
4320305;Selbach (RS);84;94;56;93;61;68;34;54;14;29;6;17;1;5;0;0;1;0;430027;4306;43012
4320321;Senador Salgado Filho (RS);40;53;35;53;38;30;25;35;7;19;1;7;1;3;1;0;0;0;430019;4305;43014
4320354;Sentinela do Sul (RS);105;110;84;90;81;57;37;39;18;19;4;12;2;5;2;0;0;1;430005;4301;43009
4320404;Serafina Corrêa (RS);157;191;146;148;95;126;58;81;39;48;13;28;4;9;1;1;0;0;430038;4307;43017
4320453;Sério (RS);58;62;46;60;32;30;23;27;6;13;4;5;0;1;0;0;0;0;430041;4308;43029
4320503;Sertão (RS);136;145;106;133;80;115;60;67;33;44;6;18;2;6;2;2;0;0;430025;4306;43017
4320552;Sertão Santana (RS);98;115;88;86;63;72;43;59;27;36;8;20;5;9;1;1;0;1;430001;4301;43009
4320578;Sete de Setembro (RS);52;55;42;47;31;39;7;21;6;10;4;9;1;4;2;1;0;0;430020;4305;43011
4320602;Severiano de Almeida (RS);77;72;51;65;54;59;22;32;14;22;6;5;3;3;0;0;0;0;430026;4306;43016
4320651;Silveira Martins (RS);64;60;51;51;34;54;34;36;21;29;3;12;0;3;1;0;0;1;430011;4303;43001
4320677;Sinimbu (RS);238;224;182;175;128;159;68;125;46;69;21;34;3;14;4;2;0;1;430040;4308;43028
4320701;Sobradinho (RS);281;283;214;281;135;197;77;118;44;74;18;30;4;16;0;3;0;0;430042;4308;43027
4320800;Soledade (RS);405;456;333;428;267;339;160;226;87;139;51;73;8;25;6;6;2;5;430031;4306;43019
4320859;Tabaí (RS);82;67;58;55;38;55;31;30;12;21;6;14;1;0;0;0;0;0;430041;4308;43008
4320909;Tapejara (RS);226;260;183;229;119;196;70;105;39;63;18;26;7;5;1;0;0;0;430032;4306;43018
4321006;Tapera (RS);180;201;138;162;91;127;61;79;32;63;14;26;5;13;0;1;1;0;430025;4306;43019
4321105;Tapes (RS);271;317;234;250;148;212;114;159;47;76;27;36;11;9;2;4;2;0;430005;4301;43009
4321204;Taquara (RS);826;840;621;723;458;624;286;385;152;261;45;118;21;48;3;17;2;0;430004;4301;43006
4321303;Taquari (RS);398;467;289;352;271;305;120;214;73;137;35;85;13;16;1;9;0;1;430041;4308;43030
4321329;Taquaruçu do Sul (RS);49;59;40;47;34;34;17;20;4;14;5;10;0;3;0;1;0;1;430029;4306;43015
4321352;Tavares (RS);165;108;77;91;62;75;39;36;13;33;8;24;7;6;0;1;0;0;430001;4301;43005
4321402;Tenente Portela (RS);207;257;208;231;139;174;82;128;55;74;27;39;4;6;4;3;1;2;430021;4305;43015
4321436;Terra de Areia (RS);214;214;167;193;130;165;79;89;44;43;23;21;8;9;2;6;2;1;430003;4301;43004
4321451;Teutônia (RS);361;393;264;350;217;271;158;192;71;142;31;71;9;18;1;2;0;5;430041;4308;43030
4321477;Tiradentes do Sul (RS);162;157;126;103;78;113;55;82;34;42;11;18;3;4;0;3;0;1;430021;4305;43015
4321493;Toropi (RS);55;68;77;61;48;57;28;35;20;23;8;7;1;2;0;0;0;0;430011;4303;43001
4321501;Torres (RS);483;454;300;397;250;268;107;175;63;88;32;50;6;12;2;8;1;3;430008;4301;43004
4321600;Tramandaí (RS);447;528;351;380;272;251;128;163;71;106;25;36;10;12;1;6;3;1;430003;4301;43005
4321626;Travesseiro (RS);58;59;53;54;36;46;28;36;10;19;1;8;1;2;0;1;0;0;430041;4308;43029
4321634;Três Arroios (RS);79;63;59;78;42;54;29;32;12;18;5;9;3;2;1;1;0;0;430026;4306;43016
4321667;Três Cachoeiras (RS);140;171;127;136;88;91;49;49;31;38;16;18;0;5;1;1;1;0;430008;4301;43004
4321709;Três Coroas (RS);216;273;190;202;146;161;80;124;34;78;11;42;1;8;0;3;2;0;430004;4301;43006
4321808;Três de Maio (RS);396;500;353;404;256;315;137;243;76;135;36;74;17;20;3;3;0;2;430023;4305;43014
4321832;Três Forquilhas (RS);80;67;49;68;34;33;17;29;17;15;7;6;0;4;0;0;0;0;430008;4301;43004
4321857;Três Palmeiras (RS);86;75;73;78;51;54;21;35;18;23;8;11;6;4;3;0;2;1;430025;4306;43020
4321907;Três Passos (RS);466;476;334;413;261;328;147;207;90;144;37;80;16;25;5;3;0;0;430021;4305;43015
4321956;Trindade do Sul (RS);95;120;79;82;66;68;32;27;17;23;13;12;2;6;2;0;0;1;430035;4306;43020
4322004;Triunfo (RS);378;381;295;336;230;233;109;160;72;84;39;53;17;15;2;8;2;2;430006;4301;43008
4322103;Tucunduva (RS);122;152;107;114;70;90;43;67;22;28;12;9;3;2;1;1;0;0;430019;4305;43014
4322152;Tunas (RS);76;70;55;51;34;38;20;32;16;18;4;8;1;4;0;0;1;1;430042;4308;43019
4322186;Tupanci do Sul (RS);41;38;38;30;15;22;18;12;5;11;7;2;0;1;0;0;0;0;430033;4306;43018
4322202;Tupanciretã (RS);353;392;279;325;212;261;96;165;67;99;28;47;13;25;3;2;1;2;430027;4306;43001
4322251;Tupandi (RS);47;52;48;50;34;36;13;33;19;20;11;9;1;1;0;1;0;0;430002;4301;43008
4322301;Tuparendi (RS);192;210;150;175;112;145;67;97;40;57;16;27;3;5;0;4;0;1;430019;4305;43014
4322327;Turuçu (RS);67;70;39;55;48;45;24;31;15;21;5;5;1;1;0;0;0;0;430009;4302;43021
4322343;Ubiretama (RS);59;52;36;54;32;32;10;26;9;8;4;6;3;0;0;0;0;0;430024;4305;43011
4322350;União da Serra (RS);46;48;32;29;28;37;25;27;6;21;0;8;1;0;0;0;0;0;430038;4307;43025
4322376;Unistalda (RS);66;50;39;43;35;18;19;18;9;10;6;10;1;1;0;1;0;0;430014;4303;43002
4322400;Uruguaiana (RS);1682;1847;1138;1402;877;1094;491;732;256;437;137;256;46;92;9;36;5;12;430015;4304;43003
4322509;Vacaria (RS);920;1002;721;849;487;579;267;408;156;220;66;110;31;32;3;13;3;7;430039;4307;43024
4322525;Vale Verde (RS);74;67;52;50;47;55;22;34;14;16;9;5;3;6;0;1;1;0;430040;4308;43028
4322533;Vale do Sol (RS);186;205;123;172;125;149;63;129;45;94;12;21;4;5;1;2;1;1;430040;4308;43028
4322541;Vale Real (RS);58;57;49;45;28;40;18;33;20;28;6;11;1;3;0;0;0;1;430036;4307;43026
4322558;Vanini (RS);34;29;26;32;14;24;16;26;16;6;2;4;0;1;0;0;0;0;430030;4306;43017
4322608;Venâncio Aires (RS);1034;1176;806;1030;569;790;320;530;188;312;80;142;17;52;3;6;0;5;430040;4308;43028
4322707;Vera Cruz (RS);354;408;247;324;227;265;107;204;68;100;9;36;6;8;1;4;0;2;430040;4308;43028
4322806;Veranópolis (RS);370;370;239;309;194;306;148;188;76;130;30;67;7;21;0;5;0;0;430037;4307;43025
4322855;Vespasiano Corrêa (RS);57;49;53;61;35;37;24;29;12;14;7;12;2;1;0;0;0;1;430043;4308;43029
4322905;Viadutos (RS);116;136;98;145;71;97;52;64;28;41;15;22;3;1;1;0;1;0;430026;4306;43016
4323002;Viamão (RS);2972;3551;2193;2900;1522;2051;789;1188;378;683;158;350;46;125;17;45;16;14;430001;4301;43010
4323101;Vicente Dutra (RS);79;78;84;84;62;74;49;44;17;21;9;12;1;8;1;5;0;0;430029;4306;43015
4323200;Victor Graeff (RS);85;79;64;70;48;49;34;44;13;19;6;10;2;1;2;0;0;0;430025;4306;43017
4323309;Vila Flores (RS);62;70;47;47;40;49;24;28;11;21;6;7;1;4;0;0;0;0;430037;4307;43025
4323358;Vila Lângaro (RS);40;41;38;35;17;24;11;19;10;8;1;5;0;2;0;1;0;0;430032;4306;43018
4323408;Vila Maria (RS);75;73;61;86;40;57;32;47;21;35;9;6;4;2;1;1;0;0;430030;4306;43017
4323457;Vila Nova do Sul (RS);101;92;92;75;59;59;23;37;18;28;13;14;1;5;0;1;1;0;430012;4303;43001
4323507;Vista Alegre (RS);41;45;41;37;29;42;11;19;5;12;3;7;0;1;0;0;0;0;430029;4306;43015
4323606;Vista Alegre do Prata (RS);37;35;27;42;31;28;11;26;12;11;2;7;1;2;0;0;0;0;430038;4307;43025
4323705;Vista Gaúcha (RS);40;54;44;47;35;41;19;24;6;8;5;7;1;3;0;0;0;0;430021;4305;43015
4323754;Vitória das Missões (RS);98;72;65;59;43;38;19;27;13;15;10;8;1;2;0;1;0;1;430020;4305;43011
4323804;Xangri-lá (RS);90;102;75;78;59;64;33;21;10;15;6;4;0;2;0;0;0;0;430003;4301;43004
5000203;Água Clara (MS);92;59;68;46;35;25;24;17;10;11;2;5;3;2;1;0;2;1;500002;5001;50004
5000252;Alcinópolis (MS);58;39;43;20;20;6;11;11;3;1;2;0;1;1;0;0;0;0;500004;5001;50001
5000609;Amambai (MS);391;326;270;266;219;187;153;147;79;100;33;60;19;20;5;7;0;3;500009;5002;50003
5000708;Anastácio (MS);353;284;264;238;187;175;140;110;71;61;40;56;7;9;3;7;4;4;500012;5003;50001
5000807;Anaurilândia (MS);129;76;103;82;75;56;55;24;32;13;7;18;1;7;0;0;0;0;500007;5002;50003
5000856;Angélica (MS);142;117;99;82;84;64;52;38;24;25;8;5;2;4;1;1;0;0;500007;5002;50003
5000906;Antônio João (MS);100;91;77;63;71;59;43;43;22;29;10;8;1;2;1;0;0;3;500008;5002;50003
5001003;Aparecida do Taboado (MS);322;273;251;238;180;168;103;122;80;72;18;49;8;9;1;5;0;0;500003;5001;50004
5001102;Aquidauana (MS);626;596;508;510;371;354;260;269;178;184;85;116;21;31;11;11;3;11;500012;5003;50001
5001243;Aral Moreira (MS);106;82;77;68;62;45;41;30;20;18;16;8;2;4;0;1;1;1;500008;5002;50003
5001508;Bandeirantes (MS);116;89;77;54;68;46;43;26;22;11;8;6;3;2;3;3;1;0;500001;5001;50001
5001904;Bataguassu (MS);210;197;176;129;105;69;64;44;23;26;18;11;4;4;0;3;0;3;500002;5001;50004
5002001;Batayporã (MS);166;149;137;81;86;73;64;60;29;27;20;15;8;8;1;0;0;1;500007;5002;50003
5002100;Bela Vista (MS);285;264;202;235;172;182;89;112;80;82;45;56;5;21;2;8;0;2;500011;5003;50001
5002159;Bodoquena (MS);105;75;77;73;57;33;31;25;19;10;12;6;2;3;0;2;0;1;500012;5003;50001
5002209;Bonito (MS);211;181;179;130;133;92;78;63;31;43;19;13;6;4;0;3;0;2;500011;5003;50001
5002308;Brasilândia (MS);153;112;109;91;80;67;42;26;25;19;5;7;2;2;0;0;2;1;500002;5001;50004
5002407;Caarapó (MS);290;262;257;178;186;144;117;91;56;51;31;24;11;8;5;3;6;1;500005;5002;50003
5002605;Camapuã (MS);298;203;190;133;113;87;72;53;44;33;22;19;7;3;2;4;1;1;500001;5001;50001
5002704;Campo Grande (MS);7583;8646;5558;6484;3842;4721;2494;3057;1461;1818;687;1045;210;355;51;119;37;47;500001;5001;50001
5002803;Caracol (MS);72;61;50;48;49;26;15;14;6;7;6;9;0;3;1;2;1;1;500011;5003;50001
5002902;Cassilândia (MS);340;353;290;233;181;174;126;110;84;67;41;40;14;11;5;3;1;2;500003;5001;50004
5002951;Chapadão do Sul (MS);73;62;69;41;21;22;12;8;7;5;5;3;1;3;1;0;0;1;500003;5001;50001
5003108;Corguinho (MS);80;38;52;32;41;20;22;14;14;6;6;6;1;0;0;1;1;0;500001;5001;50001
5003157;Coronel Sapucaia (MS);158;137;111;79;66;74;46;37;23;21;11;6;6;3;1;4;2;1;500009;5002;50003
5003207;Corumbá (MS);1144;1149;843;877;588;639;415;454;224;270;109;132;37;61;9;20;5;5;500010;5003;50002
5003256;Costa Rica (MS);209;175;151;117;119;71;58;43;40;23;19;14;3;4;4;2;0;0;500004;5001;50001
5003306;Coxim (MS);465;382;324;294;275;195;147;120;65;69;39;51;12;13;5;5;8;1;500004;5001;50001
5003454;Deodápolis (MS);188;163;163;165;138;104;113;77;45;44;25;18;6;10;4;1;0;0;500005;5002;50003
5003488;Dois Irmãos do Buriti (MS);135;113;118;92;81;52;52;36;28;20;10;13;2;5;1;2;0;0;500001;5001;50001
5003504;Douradina (MS);64;68;62;69;49;37;25;28;14;20;8;10;2;4;1;1;2;0;500005;5002;50003
5003702;Dourados (MS);1960;1984;1423;1512;1054;1039;611;719;347;403;151;214;52;71;10;21;10;15;500005;5002;50003
5003751;Eldorado (MS);175;141;124;111;83;75;48;40;26;24;10;12;5;6;0;0;0;2;500006;5002;50003
5003801;Fátima do Sul (MS);322;335;275;243;192;218;156;116;82;73;43;33;13;14;5;4;5;2;500005;5002;50003
5004007;Glória de Dourados (MS);166;177;150;166;122;107;88;66;48;34;18;23;6;5;1;1;1;0;500005;5002;50003
5004106;Guia Lopes da Laguna (MS);178;135;136;137;100;77;65;56;35;35;23;28;10;7;3;7;1;1;500011;5003;50001
5004304;Iguatemi (MS);169;118;119;110;93;67;56;39;36;30;14;15;4;3;1;0;1;1;500006;5002;50003
5004403;Inocência (MS);119;89;75;61;58;39;35;18;19;11;13;2;4;4;0;0;0;1;500003;5001;50004
5004502;Itaporã (MS);262;234;175;188;141;131;97;89;56;64;36;33;9;13;3;1;3;1;500005;5002;50003
5004601;Itaquiraí (MS);234;147;164;100;84;69;45;46;28;18;12;7;5;4;0;2;1;3;500006;5002;50003
5004700;Ivinhema (MS);365;304;287;236;174;148;110;93;62;53;32;31;6;6;0;2;3;1;500007;5002;50003
5004809;Japorã (MS);104;60;60;37;38;26;25;20;23;8;9;8;1;1;0;0;0;0;500006;5002;50003
5004908;Jaraguari (MS);120;71;73;67;62;32;31;19;19;9;6;7;2;0;0;0;0;1;500001;5001;50001
5005004;Jardim (MS);272;287;230;254;177;157;131;112;71;70;40;40;13;21;5;7;1;1;500011;5003;50001
5005103;Jateí (MS);58;52;43;32;40;28;11;17;5;5;3;4;1;1;0;0;0;3;500005;5002;50003
5005152;Juti (MS);104;70;63;59;46;43;31;37;16;9;5;4;4;2;1;2;0;0;500005;5002;50003
5005202;Ladário (MS);187;170;138;132;93;91;54;66;37;32;18;22;8;9;7;5;1;4;500010;5003;50002
5005251;Laguna Carapã (MS);81;60;62;40;50;35;22;12;13;17;4;3;2;0;0;1;0;0;500005;5002;50003
5005400;Maracaju (MS);261;258;221;171;130;143;98;115;40;49;34;34;7;9;4;2;1;4;500005;5002;50001
5005608;Miranda (MS);295;233;214;184;154;125;99;100;69;69;37;56;11;9;5;2;4;3;500012;5003;50001
5005681;Mundo Novo (MS);247;244;182;193;165;129;101;77;58;39;16;18;5;9;2;2;1;0;500006;5002;50003
5005707;Naviraí (MS);436;447;342;305;250;219;131;117;70;75;26;37;8;12;3;5;2;1;500006;5002;50003
5005806;Nioaque (MS);202;140;181;121;97;71;57;53;44;37;20;12;5;11;1;3;1;4;500011;5003;50001
5006002;Nova Alvorada do Sul (MS);97;83;82;58;60;36;25;19;13;14;1;3;3;2;0;2;1;0;500001;5001;50001
5006200;Nova Andradina (MS);498;432;344;349;247;237;139;139;74;70;25;44;10;6;7;3;4;3;500007;5002;50003
5006259;Novo Horizonte do Sul (MS);109;65;58;41;54;28;18;11;11;5;3;1;0;0;0;1;0;0;500007;5002;50003
5006309;Paranaíba (MS);626;581;471;428;334;289;191;176;125;141;88;65;16;26;10;8;3;6;500003;5001;50004
5006358;Paranhos (MS);128;84;89;64;78;68;50;41;25;20;7;19;1;5;1;2;2;2;500009;5002;50003
5006408;Pedro Gomes (MS);141;110;111;88;97;66;52;48;28;14;12;14;8;5;3;1;0;0;500004;5001;50001
5006606;Ponta Porã (MS);654;635;468;509;341;351;231;271;121;177;68;105;22;26;7;17;2;7;500008;5002;50003
5006903;Porto Murtinho (MS);173;153;114;91;88;57;48;47;27;36;21;29;6;4;2;3;2;0;500011;5003;50001
5007109;Ribas do Rio Pardo (MS);186;139;142;98;85;50;51;37;19;17;5;9;3;3;0;1;2;1;500001;5001;50001
5007208;Rio Brilhante (MS);277;186;186;167;136;103;73;66;34;39;20;19;7;7;5;2;1;2;500005;5002;50003
5007307;Rio Negro (MS);100;94;79;55;70;38;38;31;26;24;19;4;7;0;1;0;1;1;500001;5001;50001
5007406;Rio Verde de Mato Grosso (MS);259;235;197;181;156;143;103;78;67;37;31;24;5;12;2;3;1;1;500004;5001;50001
5007505;Rochedo (MS);79;68;57;37;44;28;26;9;10;8;3;3;2;1;0;1;1;0;500001;5001;50001
5007554;Santa Rita do Pardo (MS);96;58;62;33;43;22;20;13;7;7;5;4;3;4;1;0;0;1;500002;5001;50004
5007695;São Gabriel do Oeste (MS);167;142;132;118;79;62;35;46;19;17;5;10;1;1;2;5;1;1;500001;5001;50001
5007703;Sete Quedas (MS);183;153;181;131;124;90;64;34;35;17;4;5;2;2;3;1;2;1;500009;5002;50003
5007802;Selvíria (MS);94;76;90;65;53;36;28;24;16;9;4;8;2;2;0;0;0;2;500002;5001;50004
5007901;Sidrolândia (MS);266;222;196;166;134;104;70;72;45;43;22;22;6;9;4;2;2;4;500001;5001;50001
5007935;Sonora (MS);82;69;68;47;26;25;13;9;6;6;1;1;1;2;0;0;0;0;500004;5001;50001
5007950;Tacuru (MS);122;94;80;63;66;49;38;23;21;17;12;9;2;0;2;2;1;0;500009;5002;50003
5007976;Taquarussu (MS);70;68;61;43;48;26;25;23;11;8;4;4;2;2;2;0;0;0;500007;5002;50003
5008008;Terenos (MS);220;121;147;99;82;61;51;47;27;27;9;15;3;5;1;0;3;1;500001;5001;50001
5008305;Três Lagoas (MS);1124;1237;829;966;642;656;392;419;201;246;96;123;27;48;7;15;4;6;500002;5001;50004
5008404;Vicentina (MS);126;116;123;77;81;71;42;48;37;24;15;19;5;3;1;0;0;0;500005;5002;50003
5100102;Acorizal (MT);108;88;84;61;44;50;33;25;21;17;21;22;10;7;3;2;0;1;510001;5101;51002
5100201;Água Boa (MT);191;134;128;97;85;64;46;40;22;22;14;8;3;2;0;1;2;0;510015;5104;51006
5100250;Alta Floresta (MT);524;431;433;352;269;187;163;103;51;41;16;18;6;7;1;0;2;2;510010;5103;51001
5100300;Alto Araguaia (MT);175;162;135;97;112;84;58;52;26;33;30;15;2;5;0;1;0;1;510016;5105;51013
5100359;Alto Boa Vista (MT);78;38;63;31;32;14;12;8;7;11;5;2;3;0;0;0;0;0;510014;5104;51009
5100409;Alto Garças (MT);115;104;98;91;85;60;42;41;40;22;11;15;3;0;2;3;0;0;510016;5105;51013
5100508;Alto Paraguai (MT);171;103;112;76;94;51;64;41;45;21;15;16;5;4;0;1;2;1;510003;5101;51004
5100607;Alto Taquari (MT);34;29;35;25;16;6;8;1;7;2;2;1;1;0;0;0;0;1;510016;5105;51013
5100805;Apiacás (MT);74;41;40;25;28;12;14;4;3;1;1;1;0;0;0;0;1;0;510010;5103;51001
5101001;Araguaiana (MT);49;38;43;22;21;23;10;8;6;9;4;5;1;3;0;0;0;0;510013;5104;51005
5101209;Araguainha (MT);29;19;25;11;10;13;13;6;7;9;4;1;0;3;1;1;0;0;510016;5105;51013
5101258;Araputanga (MT);158;144;111;97;87;62;35;32;25;21;15;11;5;4;2;5;0;0;510006;5102;51011
5101308;Arenápolis (MT);132;152;109;99;85;70;61;39;32;22;9;15;7;6;2;4;1;0;510003;5101;51007
5101407;Aripuanã (MT);289;156;165;89;111;75;57;28;19;17;8;9;3;3;0;4;2;1;510009;5103;51008
5101605;Barão de Melgaço (MT);124;98;83;76;68;64;31;35;25;21;13;19;5;4;2;3;1;0;510001;5101;51002
5101704;Barra do Bugres (MT);318;259;224;169;153;131;104;71;39;43;21;30;7;10;7;6;8;6;510002;5101;51007
5101803;Barra do Garças (MT);585;594;410;433;302;284;193;149;122;122;51;43;11;13;4;6;1;2;510013;5104;51005
5101902;Brasnorte (MT);129;63;76;43;42;26;24;14;6;5;4;3;2;2;2;0;0;0;510002;5101;51008
5102504;Cáceres (MT);1056;934;757;709;548;427;363;311;193;206;88;92;29;28;5;9;6;6;510004;5102;51011
5102603;Campinápolis (MT);138;101;94;64;66;53;58;63;45;32;33;23;12;3;4;5;4;2;510015;5104;51005
5102637;Campo Novo do Parecis (MT);104;64;76;44;31;28;12;17;5;6;8;2;1;6;2;0;2;3;510002;5101;51007
5102678;Campo Verde (MT);136;131;106;68;50;52;33;31;11;8;3;5;1;1;1;0;1;1;510001;5101;51013
5102686;Campos de Júlio (MT);11;5;5;8;9;1;3;0;3;0;0;0;0;1;0;1;0;0;510005;5102;51012
5102694;Canabrava do Norte (MT);75;41;39;23;27;14;22;6;9;6;6;5;1;4;0;0;4;0;510014;5104;51003
5102702;Canarana (MT);155;136;116;113;63;51;58;47;22;36;13;12;1;2;3;2;0;1;510015;5104;51006
5102793;Carlinda (MT);215;142;164;123;98;57;49;30;20;9;2;6;2;2;1;3;1;2;510010;5103;51001
5102850;Castanheira (MT);119;59;75;57;50;25;14;9;9;5;2;8;0;1;1;0;0;0;510009;5103;51008
5103007;Chapada dos Guimarães (MT);241;145;139;120;107;80;63;54;42;37;16;24;5;6;5;1;1;0;510001;5101;51002
5103056;Cláudia (MT);108;87;67;53;36;29;27;15;8;2;3;4;1;0;1;0;2;0;510007;5103;51014
5103106;Cocalinho (MT);68;37;34;26;33;16;16;10;8;10;5;2;1;3;1;0;0;0;510015;5104;51006
5103205;Colíder (MT);406;362;405;261;238;181;135;101;63;40;29;24;7;6;2;4;2;1;510007;5103;51010
5103304;Comodoro (MT);176;115;127;62;78;39;34;20;7;22;6;7;1;0;4;3;0;2;510005;5102;51012
5103353;Confresa (MT);238;108;152;64;83;40;40;31;17;13;10;6;3;4;0;2;11;7;510014;5104;51003
5103379;Cotriguaçu (MT);97;56;50;20;30;13;9;8;4;3;0;2;0;0;0;0;0;0;510009;5103;51008
5103403;Cuiabá (MT);4507;5164;3238;3746;2212;2581;1311;1543;737;993;339;518;104;211;39;74;25;57;510001;5101;51002
5103452;Denise (MT);74;59;55;40;49;32;13;10;8;12;5;3;3;4;0;0;0;2;510002;5101;51007
5103502;Diamantino (MT);224;180;139;111;75;57;53;34;27;25;18;15;2;4;2;2;0;1;510003;5101;51004
5103601;Dom Aquino (MT);144;143;129;105;72;69;51;49;32;30;13;18;10;7;0;2;1;1;510018;5105;51013
5103700;Feliz Natal (MT);46;24;29;7;12;5;4;2;1;3;0;1;1;0;0;1;1;0;510007;5103;51014
5103809;Figueirópolis D'Oeste (MT);75;51;53;34;28;31;24;21;8;5;4;8;2;0;0;0;2;0;510006;5102;51012
5103858;Gaúcha do Norte (MT);61;41;39;20;21;16;8;9;3;3;2;0;2;0;0;0;1;1;510015;5104;51006
5103908;General Carneiro (MT);51;51;52;31;41;25;19;18;18;9;6;7;4;1;0;0;1;0;510013;5104;51005
5103957;Glória D'Oeste (MT);50;49;44;35;37;27;20;16;16;7;6;5;0;0;0;1;0;0;510006;5102;51011
5104104;Guarantã do Norte (MT);340;244;214;149;136;83;59;40;28;29;4;15;1;3;1;1;7;6;510011;5103;51015
5104203;Guiratinga (MT);210;226;151;165;130;113;87;85;74;51;43;24;13;12;3;4;1;0;510016;5105;51013
5104500;Indiavaí (MT);26;33;21;15;15;10;8;6;4;3;2;2;2;2;0;0;0;0;510006;5102;51011
5104559;Itaúba (MT);102;71;80;49;46;24;18;15;8;6;2;2;1;2;1;0;0;0;510007;5103;51010
5104609;Itiquira (MT);70;54;57;43;38;23;26;19;21;10;7;10;2;3;1;0;1;2;510016;5105;51013
5104807;Jaciara (MT);272;262;191;168;153;126;80;77;45;49;15;17;8;8;0;5;1;7;510018;5105;51013
5104906;Jangada (MT);103;75;79;59;50;52;28;29;14;35;21;12;1;3;0;1;0;1;510001;5101;51002
5105002;Jauru (MT);200;149;108;102;97;59;69;39;32;25;13;17;5;3;1;2;1;5;510006;5102;51012
5105101;Juara (MT);393;292;291;226;214;115;78;65;53;32;20;19;6;5;0;4;1;2;510012;5103;51016
5105150;Juína (MT);460;308;313;217;225;130;111;66;47;30;12;21;3;5;1;4;4;1;510009;5103;51008
5105176;Juruena (MT);64;45;39;23;21;15;3;5;4;2;0;0;2;0;0;0;1;0;510009;5103;51008
5105200;Juscimeira (MT);195;153;171;126;96;78;71;50;35;26;16;16;3;5;0;1;0;2;510018;5105;51013
5105234;Lambari D'Oeste (MT);66;49;54;45;41;24;20;9;10;7;5;2;1;1;0;3;0;0;510004;5102;51011
5105259;Lucas do Rio Verde (MT);143;107;99;65;48;46;27;24;11;21;9;4;0;2;2;1;3;1;510008;5103;51014
5105309;Luciara (MT);25;36;48;28;23;14;14;15;8;11;3;0;0;1;0;0;0;0;510014;5104;51009
5105507;Vila Bela da Santíssima Trindade (MT);143;94;94;60;76;44;43;29;16;12;10;12;5;5;2;3;1;0;510005;5102;51012
5105580;Marcelândia (MT);120;80;99;40;47;25;13;9;7;7;3;2;0;2;0;2;1;0;510007;5103;51010
5105606;Matupá (MT);142;86;77;52;46;31;17;16;5;4;4;4;1;1;0;0;1;1;510011;5103;51015
5105622;Mirassol d'Oeste (MT);308;280;235;199;166;150;100;72;50;48;36;19;5;4;1;2;0;1;510006;5102;51011
5105903;Nobres (MT);223;172;143;123;89;71;69;36;37;29;15;23;5;11;3;3;4;1;510001;5101;51004
5106000;Nortelândia (MT);91;88;79;55;67;44;45;23;35;25;16;16;6;4;4;0;1;0;510003;5101;51004
5106109;Nossa Senhora do Livramento (MT);213;181;196;125;130;97;72;73;40;51;25;21;5;14;4;3;2;3;510001;5101;51002
5106158;Nova Bandeirantes (MT);122;57;70;30;34;20;12;2;4;5;0;1;2;1;0;0;0;0;510010;5103;51001
5106182;Nova Lacerda (MT);54;29;31;15;16;5;7;2;7;4;1;0;3;0;0;0;0;1;510005;5102;51012
5106208;Nova Brasilândia (MT);91;62;64;50;61;33;35;16;9;6;10;6;2;3;2;0;1;1;510001;5101;51002
5106216;Nova Canaã do Norte (MT);195;93;119;103;98;50;54;30;17;12;9;6;4;0;0;1;0;1;510007;5103;51010
5106224;Nova Mutum (MT);106;77;78;54;28;29;16;11;6;12;2;9;1;3;0;0;1;2;510008;5103;51014
5106232;Nova Olímpia (MT);83;77;64;49;48;43;29;15;13;10;6;10;1;6;4;2;0;0;510002;5101;51007
5106240;Nova Ubiratã (MT);56;23;28;13;14;11;3;1;3;1;2;0;0;0;0;0;0;0;510008;5103;51014
5106257;Nova Xavantina (MT);251;188;193;155;132;86;77;57;43;29;23;16;4;4;1;2;1;8;510013;5104;51005
5106265;Novo Mundo (MT);74;29;41;14;13;2;14;10;1;4;2;2;1;0;2;0;4;0;510011;5103;51015
5106273;Novo Horizonte do Norte (MT);78;51;54;37;30;17;12;8;5;10;3;2;2;0;0;2;0;1;510012;5103;51016
5106281;Novo São Joaquim (MT);122;67;81;54;39;30;27;18;15;10;2;2;3;1;0;1;0;0;510013;5104;51005
5106299;Paranaíta (MT);138;101;105;44;42;40;33;24;16;8;2;3;1;1;1;1;2;1;510010;5103;51001
5106307;Paranatinga (MT);231;147;173;104;112;53;53;26;25;22;11;12;3;3;1;0;0;4;510017;5105;51013
5106372;Pedra Preta (MT);197;172;146;116;91;63;62;37;29;22;7;16;2;3;2;1;0;1;510016;5105;51013
5106422;Peixoto de Azevedo (MT);252;174;167;112;114;69;54;29;15;18;6;14;1;2;2;2;6;0;510011;5103;51015
5106455;Planalto da Serra (MT);51;27;42;24;16;17;14;2;6;3;2;2;1;0;0;0;0;0;510001;5101;51002
5106505;Poconé (MT);424;381;348;291;238;212;164;156;92;87;49;59;16;29;6;9;5;4;510001;5101;51002
5106653;Pontal do Araguaia (MT);61;42;34;30;28;15;21;9;3;2;4;1;1;2;1;0;0;0;510013;5104;51005
5106703;Ponte Branca (MT);42;32;34;24;31;14;13;6;7;6;5;2;1;1;1;0;0;0;510013;5104;51005
5106752;Pontes e Lacerda (MT);534;423;369;291;252;181;147;86;77;46;31;19;8;7;1;2;0;2;510005;5102;51012
5106778;Porto Alegre do Norte (MT);103;65;91;42;56;40;32;25;24;12;8;6;2;0;0;1;1;1;510014;5104;51003
5106802;Porto dos Gaúchos (MT);88;46;60;37;24;16;14;11;8;5;5;1;1;0;1;0;0;1;510012;5103;51016
5106828;Porto Esperidião (MT);150;73;71;49;47;37;31;16;12;11;5;10;5;2;0;2;0;0;510006;5102;51011
5106851;Porto Estrela (MT);80;61;58;38;45;25;22;22;17;14;11;10;3;2;0;3;1;1;510002;5101;51007
5107008;Poxoréu (MT);349;275;273;206;204;142;132;72;86;53;30;25;11;8;3;1;0;0;510017;5105;51013
5107040;Primavera do Leste (MT);293;248;150;142;113;110;44;39;26;23;8;21;2;6;0;6;2;3;510017;5105;51013
5107065;Querência (MT);57;31;35;29;28;11;6;4;5;2;1;0;0;1;0;0;1;0;510015;5104;51006
5107107;São José dos Quatro Marcos (MT);273;277;210;195;176;124;94;102;56;40;18;30;5;4;0;2;3;2;510006;5102;51011
5107156;Reserva do Cabaçal (MT);33;37;32;28;26;19;12;14;9;3;3;1;3;0;0;1;1;1;510006;5102;51011
5107180;Ribeirão Cascalheira (MT);139;79;81;56;49;38;31;16;17;10;9;4;1;1;2;0;0;0;510015;5104;51006
5107198;Ribeirãozinho (MT);36;21;29;27;18;11;7;6;10;4;4;3;1;0;0;0;0;0;510013;5104;51005
5107206;Rio Branco (MT);80;70;69;70;52;40;34;24;16;13;7;4;4;1;1;1;0;0;510004;5102;51011
5107248;Santa Carmem (MT);36;28;24;17;16;10;3;7;6;3;2;0;1;1;0;0;0;1;510007;5103;51014
5107263;Santo Afonso (MT);56;33;29;14;17;10;12;8;11;4;5;2;1;2;0;1;0;1;510003;5101;51007
5107297;São José do Povo (MT);56;52;50;45;44;17;18;17;8;7;0;2;1;0;1;0;0;1;510016;5105;51013
5107305;São José do Rio Claro (MT);134;111;102;71;73;43;32;29;21;7;9;7;0;2;1;0;2;0;510003;5101;51004
5107354;São José do Xingu (MT);77;30;47;18;18;19;10;2;6;3;0;2;1;1;0;0;0;0;510014;5104;51003
5107404;São Pedro da Cipa (MT);55;56;41;34;37;12;18;12;8;5;1;6;1;1;0;0;0;0;510018;5105;51013
5107602;Rondonópolis (MT);1731;1690;1282;1192;835;832;547;544;293;266;168;153;47;40;21;15;13;10;510016;5105;51013
5107701;Rosário Oeste (MT);259;239;205;179;151;114;107;89;71;67;39;33;11;12;4;2;0;2;510001;5101;51004
5107750;Salto do Céu (MT);85;54;52;53;48;36;28;24;19;15;7;4;3;0;0;0;0;0;510004;5102;51011
5107776;Santa Terezinha (MT);79;57;57;46;38;32;25;21;17;17;7;6;2;2;2;0;0;2;510014;5104;51003
5107800;Santo Antônio de Leverger (MT);256;236;219;154;157;122;99;53;52;32;16;26;9;9;0;1;1;4;510001;5101;51002
5107859;São Félix do Araguaia (MT);124;110;108;73;76;57;38;35;38;18;9;15;1;6;0;1;1;1;510014;5104;51009
5107875;Sapezal (MT);50;24;18;10;11;12;8;6;4;3;0;1;0;0;2;0;2;0;510002;5101;51007
5107909;Sinop (MT);664;523;458;366;281;240;104;115;55;49;26;28;10;6;2;3;3;1;510007;5103;51014
5107925;Sorriso (MT);270;233;189;199;100;80;41;52;18;18;5;11;1;4;1;0;5;0;510008;5103;51014
5107941;Tabaporã (MT);101;67;64;31;26;12;19;6;6;3;2;1;0;0;1;0;2;0;510012;5103;51016
5107958;Tangará da Serra (MT);700;606;518;419;331;270;195;154;73;84;49;44;7;13;5;6;7;2;510002;5101;51007
5108006;Tapurah (MT);113;65;56;48;39;22;14;8;2;1;1;3;1;1;0;0;1;1;510008;5103;51014
5108055;Terra Nova do Norte (MT);215;158;149;117;94;80;53;39;33;15;9;9;3;1;1;1;1;2;510007;5103;51015
5108105;Tesouro (MT);53;59;34;35;43;19;21;12;10;11;7;6;6;3;0;0;1;1;510016;5105;51013
5108204;Torixoréu (MT);73;87;60;55;56;30;25;17;21;7;12;6;1;3;0;0;0;0;510013;5104;51005
5108303;União do Sul (MT);19;7;10;4;5;4;1;2;1;0;0;0;0;0;0;0;0;0;510007;5103;51014
5108402;Várzea Grande (MT);1967;1994;1357;1353;911;939;544;562;301;352;135;199;55;73;25;26;22;29;510001;5101;51002
5108501;Vera (MT);71;52;50;41;24;17;8;7;11;3;4;2;1;2;0;0;0;1;510008;5103;51014
5108600;Vila Rica (MT);203;136;136;74;64;44;22;17;10;8;4;9;0;0;1;1;0;0;510014;5104;51003
5108808;Nova Guarita (MT);89;61;73;49;40;20;13;10;9;6;3;3;0;0;0;0;0;0;510007;5103;51010
5108857;Nova Marilândia (MT);27;18;30;11;21;11;8;6;5;1;1;1;1;0;2;1;0;1;510003;5101;51007
5108907;Nova Maringá (MT);42;20;28;12;13;6;7;0;1;1;0;2;0;0;0;0;0;1;510003;5101;51004
5108956;Nova Monte Verde (MT);120;61;51;28;29;19;19;12;8;3;3;1;0;1;1;0;2;1;510010;5103;51001
5200050;Abadia de Goiás (GO);59;56;60;39;34;34;19;18;4;10;4;3;2;0;0;0;0;0;520001;5201;52001
5200100;Abadiânia (GO);188;164;162;129;110;73;63;48;30;28;13;18;2;6;2;0;1;1;520002;5201;52011
5200134;Acreúna (GO);236;198;154;145;119;88;67;57;29;25;21;18;3;10;1;2;2;3;520015;5204;52015
5200159;Adelândia (GO);41;35;39;26;32;20;13;8;8;7;1;5;1;0;0;0;0;0;520003;5201;52010
5200175;Água Fria de Goiás (GO);70;46;55;39;27;17;16;12;9;6;2;4;4;2;1;1;0;1;520022;5206;52003
5200209;Água Limpa (GO);45;29;27;22;19;16;15;12;7;7;4;7;1;1;2;0;0;0;520008;5202;52017
5200258;Águas Lindas de Goiás (GO);610;529;355;338;235;190;103;118;52;66;32;31;6;8;3;3;17;12;520020;5206;52004
5200308;Alexânia (GO);291;306;214;202;143;156;108;79;52;44;26;27;7;10;6;4;3;0;520002;5201;52011
5200506;Aloândia (GO);40;45;37;35;33;24;22;18;18;11;6;8;2;2;1;1;0;1;520007;5202;52017
5200555;Alto Horizonte (GO);45;36;25;17;22;18;16;6;4;6;6;6;0;0;1;0;0;0;520017;5205;52014
5200605;Alto Paraíso de Goiás (GO);51;58;46;48;38;24;13;12;9;10;6;7;1;3;0;0;1;0;520022;5206;52003
5200803;Alvorada do Norte (GO);89;99;77;68;53;46;23;23;18;24;9;9;1;4;0;4;1;0;520021;5206;52007
5200829;Amaralina (GO);53;32;42;25;24;16;24;16;5;6;1;1;0;0;0;0;0;1;520017;5205;52014
5200852;Americano do Brasil (GO);80;83;74;73;55;47;29;17;13;20;9;7;1;2;1;0;0;0;520003;5201;52012
5200902;Amorinópolis (GO);64;79;71;66;42;25;31;24;20;10;7;8;3;2;0;0;1;0;520014;5204;52009
5201108;Anápolis (GO);3337;4041;2420;3023;1869;2139;1151;1381;587;735;286;396;77;111;19;58;17;24;520002;5201;52011
5201207;Anhanguera (GO);15;15;14;9;7;9;10;8;0;2;2;2;2;0;1;0;0;0;520004;5201;52005
5201306;Anicuns (GO);287;285;217;196;143;134;99;100;48;49;27;29;6;11;1;6;1;2;520003;5201;52001
5201405;Aparecida de Goiânia (GO);2710;2885;1859;1968;1104;1235;680;772;311;348;151;217;47;78;15;27;18;14;520001;5201;52002
5201454;Aparecida do Rio Doce (GO);43;35;27;15;17;15;18;17;12;8;3;2;1;1;0;0;0;1;520010;5203;52015
5201504;Aporé (GO);63;42;40;30;27;20;16;7;12;5;2;2;1;2;0;1;0;0;520011;5203;52016
5201603;Araçu (GO);78;82;61;66;38;35;21;24;12;11;6;8;2;1;2;1;0;0;520003;5201;52001
5201702;Aragarças (GO);212;185;154;155;118;104;74;47;49;42;30;32;10;10;2;1;0;1;520014;5204;52009
5201801;Aragoiânia (GO);102;85;68;72;65;55;35;26;17;13;10;5;2;3;3;1;0;0;520001;5201;52002
5202155;Araguapaz (GO);113;74;68;62;45;42;28;12;12;15;8;4;5;5;0;1;1;1;520005;5201;52012
5202353;Arenópolis (GO);87;49;62;32;30;31;32;14;13;9;4;3;0;0;1;0;0;0;520014;5204;52009
5202502;Aruanã (GO);60;44;59;31;31;23;22;15;8;7;5;3;6;1;0;1;3;4;520005;5201;52012
5202601;Aurilândia (GO);81;85;55;59;55;47;39;25;21;13;12;8;7;5;0;3;1;1;520013;5204;52010
5202809;Avelinópolis (GO);40;42;38;36;24;17;20;7;4;5;0;1;1;2;0;1;0;0;520003;5201;52001
5203104;Baliza (GO);49;28;50;30;32;13;16;7;6;4;5;2;2;0;0;1;1;1;520014;5204;52009
5203203;Barro Alto (GO);96;112;78;60;58;42;33;32;21;13;8;8;2;3;2;2;1;1;520018;5205;52018
5203302;Bela Vista de Goiás (GO);294;277;253;215;168;163;89;105;60;57;29;36;9;16;2;3;2;1;520001;5201;52002
5203401;Bom Jardim de Goiás (GO);151;116;105;88;102;67;44;35;24;27;13;11;4;5;2;0;1;0;520014;5204;52009
5203500;Bom Jesus de Goiás (GO);239;203;148;157;133;90;75;52;29;32;21;20;2;8;1;3;0;1;520007;5202;52017
5203559;Bonfinópolis (GO);62;59;49;51;44;31;33;20;16;12;6;5;1;1;0;3;1;0;520001;5201;52002
5203575;Bonópolis (GO);32;33;38;20;23;7;14;11;7;4;8;2;0;2;1;0;0;1;520016;5205;52008
5203609;Brazabrantes (GO);35;38;29;27;36;15;19;18;3;6;3;3;5;0;0;0;0;1;520001;5201;52001
5203807;Britânia (GO);66;65;63;53;41;33;30;15;14;15;8;6;2;2;0;0;0;0;520005;5201;52012
5203906;Buriti Alegre (GO);209;199;126;155;106;101;85;88;49;34;15;21;7;9;0;2;0;0;520007;5202;52017
5203939;Buriti de Goiás (GO);44;31;40;29;22;19;14;10;5;9;3;4;4;3;0;0;0;1;520013;5204;52010
5203962;Buritinópolis (GO);52;38;25;23;17;17;17;11;9;7;7;5;0;2;0;1;0;0;520021;5206;52007
5204003;Cabeceiras (GO);77;84;68;37;42;31;26;23;13;16;8;14;2;2;1;1;0;0;520020;5206;52003
5204102;Cachoeira Alta (GO);191;136;115;110;85;68;74;41;36;36;14;19;3;5;2;3;0;1;520010;5203;52015
5204201;Cachoeira de Goiás (GO);21;28;24;19;14;12;7;8;2;5;3;4;1;1;0;0;0;0;520013;5204;52010
5204250;Cachoeira Dourada (GO);130;145;130;95;97;73;50;34;28;22;12;10;3;9;1;1;3;0;520007;5202;52017
5204300;Caçu (GO);210;185;147;116;107;89;73;45;45;34;20;16;4;5;5;3;0;1;520010;5203;52015
5204409;Caiapônia (GO);258;215;144;155;111;114;96;64;43;54;30;22;3;6;3;3;0;2;520011;5203;52016
5204508;Caldas Novas (GO);551;572;388;373;261;243;146;154;84;93;37;42;8;19;5;8;1;5;520008;5202;52005
5204557;Caldazinha (GO);53;35;31;36;31;17;10;11;14;8;2;0;0;0;0;0;0;0;520001;5201;52002
5204607;Campestre de Goiás (GO);55;36;37;26;22;21;9;10;7;8;3;1;2;3;1;1;0;0;520015;5204;52001
5204656;Campinaçu (GO);69;50;56;34;38;23;20;8;4;4;4;2;2;0;0;0;0;0;520016;5205;52008
5204706;Campinorte (GO);143;109;108;107;77;64;55;53;24;23;9;10;2;4;2;1;1;0;520017;5205;52014
5204805;Campo Alegre de Goiás (GO);62;62;73;50;38;29;19;21;11;8;8;7;0;2;0;0;0;0;520004;5201;52005
5204904;Campos Belos (GO);168;199;144;143;114;109;75;76;34;27;18;24;4;8;1;1;0;0;520021;5206;52006
5204953;Campos Verdes (GO);90;69;73;53;49;34;30;23;18;7;3;5;5;2;1;0;2;0;520018;5205;52013
5205000;Carmo do Rio Verde (GO);130;135;98;107;75;81;56;46;19;17;4;11;0;3;0;3;1;0;520018;5205;52013
5205059;Castelândia (GO);82;50;54;38;41;30;32;17;14;6;3;4;1;3;0;1;0;2;520010;5203;52015
5205109;Catalão (GO);882;921;646;723;434;525;282;284;129;164;57;83;22;39;9;22;3;4;520004;5201;52005
5205208;Caturaí (GO);78;66;55;42;38;30;12;13;12;9;1;0;1;3;0;1;0;0;520001;5201;52001
5205307;Cavalcante (GO);153;100;118;95;66;43;38;24;27;27;14;12;7;6;0;2;2;0;520022;5206;52006
5205406;Ceres (GO);347;363;258;270;201;205;135;132;61;64;25;30;11;11;1;4;2;2;520018;5205;52013
5205455;Cezarina (GO);107;94;85;71;44;39;32;33;20;16;6;11;3;2;1;1;0;1;520015;5204;52002
5205471;Chapadão do Céu (GO);22;12;13;13;10;6;5;5;1;4;0;0;0;0;0;0;0;0;520011;5203;52016
5205497;Cidade Ocidental (GO);273;298;190;223;124;145;77;99;32;36;23;27;8;13;5;4;5;4;520019;5206;52004
5205513;Cocalzinho de Goiás (GO);178;170;138;121;98;89;52;49;48;28;22;9;6;4;0;1;1;4;520020;5206;52011
5205521;Colinas do Sul (GO);71;49;43;24;34;16;12;7;13;4;3;6;3;2;3;0;2;0;520017;5205;52014
5205703;Córrego do Ouro (GO);60;47;45;34;19;19;11;7;6;10;5;6;2;1;0;1;0;0;520013;5204;52010
5205802;Corumbá de Goiás (GO);148;149;112;114;75;69;71;54;26;41;15;20;2;9;2;3;0;1;520002;5201;52011
5205901;Corumbaíba (GO);137;107;80;63;61;58;41;41;21;27;17;16;3;3;2;2;0;0;520008;5202;52005
5206206;Cristalina (GO);360;326;257;232;179;170;115;121;59;72;30;48;7;13;2;3;1;3;520019;5206;52004
5206305;Cristianópolis (GO);56;36;37;49;29;30;24;21;9;12;8;9;2;4;2;1;0;2;520009;5202;52002
5206404;Crixás (GO);239;166;179;126;93;77;66;56;35;40;21;19;3;7;1;5;3;2;520018;5205;52013
5206503;Cromínia (GO);90;66;49;60;38;40;19;22;14;14;5;8;6;3;0;0;0;1;520009;5202;52002
5206602;Cumari (GO);67;61;41;49;41;32;22;28;11;17;8;4;5;2;0;2;1;1;520004;5201;52005
5206701;Damianópolis (GO);58;42;30;31;31;24;18;16;5;14;6;6;1;1;0;1;0;0;520021;5206;52007
5206800;Damolândia (GO);36;37;26;33;29;22;15;10;6;11;1;1;0;1;1;1;0;0;520003;5201;52001
5206909;Davinópolis (GO);44;48;39;23;11;16;6;10;5;9;1;2;1;0;0;2;0;0;520004;5201;52005
5207105;Diorama (GO);52;43;36;26;25;26;15;9;5;4;0;8;2;0;0;0;0;1;520014;5204;52009
5207253;Doverlândia (GO);142;101;95;67;61;39;38;26;15;11;8;4;2;5;1;2;1;0;520011;5203;52016
5207352;Edealina (GO);80;73;63;42;48;28;25;15;12;12;7;7;4;3;0;3;0;0;520009;5202;52002
5207402;Edéia (GO);170;137;126;89;66;69;43;44;20;20;15;12;6;4;1;3;1;0;520015;5204;52002
5207501;Estrela do Norte (GO);55;56;46;34;29;28;16;11;8;8;6;6;2;3;2;1;0;1;520016;5205;52008
5207535;Faina (GO);134;98;89;73;73;40;29;34;25;25;9;10;1;3;0;2;2;0;520005;5201;52012
5207600;Fazenda Nova (GO);127;119;95;86;59;47;43;25;23;19;11;9;2;3;1;1;2;1;520013;5204;52009
5207808;Firminópolis (GO);204;190;133;143;99;94;82;63;42;39;16;13;4;9;0;3;1;1;520015;5204;52010
5207907;Flores de Goiás (GO);98;66;60;43;33;24;16;7;5;8;5;3;0;2;0;1;1;0;520022;5206;52003
5208004;Formosa (GO);824;829;562;618;424;437;248;265;130;173;62;93;22;31;9;12;4;8;520020;5206;52003
5208103;Formoso (GO);99;90;69;59;66;48;27;30;20;14;7;13;5;5;1;0;1;0;520016;5205;52008
5208301;Divinópolis de Goiás (GO);74;77;58;35;41;39;21;22;16;16;4;6;0;4;3;1;2;1;520021;5206;52006
5208400;Goianápolis (GO);120;127;101;91;54;49;37;21;24;23;7;12;1;4;2;0;1;0;520002;5201;52011
5208509;Goiandira (GO);81;108;86;85;58;59;39;41;17;26;10;11;1;4;3;1;0;0;520004;5201;52005
5208608;Goianésia (GO);669;663;468;486;370;357;207;215;137;134;61;65;31;24;7;10;5;4;520018;5205;52018
5208707;Goiânia (GO);11884;14464;8282;10863;5769;7945;3555;5045;1867;2926;920;1479;291;462;90;169;79;94;520001;5201;52001
5208806;Goianira (GO);213;208;174;150;99;91;54;55;39;25;17;19;9;7;0;1;0;3;520001;5201;52001
5208905;Goiás (GO);408;438;311;338;218;207;164;165;62;94;45;53;7;14;3;11;1;5;520005;5201;52012
5209101;Goiatuba (GO);510;512;425;404;260;274;178;165;79;91;40;43;16;9;1;7;3;2;520007;5202;52017
5209150;Gouvelândia (GO);71;61;59;30;45;30;19;10;13;7;5;4;1;3;0;0;0;0;520012;5203;52017
5209200;Guapó (GO);189;179;159;149;108;104;52;58;37;29;12;16;5;8;9;4;0;0;520001;5201;52001
5209291;Guaraíta (GO);51;43;39;27;21;20;16;11;6;5;6;5;0;0;0;0;0;0;520005;5201;52012
5209408;Guarani de Goiás (GO);65;54;51;42;39;39;30;20;11;9;6;7;1;0;0;0;0;0;520021;5206;52007
5209457;Guarinos (GO);49;42;31;32;37;13;21;9;2;6;1;8;5;6;0;0;1;0;520018;5205;52013
5209606;Heitoraí (GO);56;70;47;37;38;26;20;19;9;7;6;4;0;1;0;1;0;0;520003;5201;52012
5209705;Hidrolândia (GO);233;169;148;127;108;86;67;57;39;38;22;23;5;6;4;4;0;1;520001;5201;52002
5209804;Hidrolina (GO);75;86;62;64;49;32;26;28;13;19;4;8;1;1;1;1;0;0;520017;5205;52014
5209903;Iaciara (GO);142;135;95;113;72;68;36;38;23;17;13;7;5;2;1;0;1;1;520021;5206;52007
5209937;Inaciolândia (GO);90;57;63;36;49;25;24;16;10;11;4;8;3;2;0;1;0;1;520012;5203;52017
5209952;Indiara (GO);177;124;126;88;90;61;50;36;21;26;8;11;5;8;0;1;1;0;520015;5204;52002
5210000;Inhumas (GO);661;705;491;545;340;330;200;213;94;114;45;68;13;27;1;9;5;6;520003;5201;52001
5210109;Ipameri (GO);373;422;336;336;237;250;147;179;56;94;39;50;9;25;5;9;1;2;520004;5201;52005
5210208;Iporá (GO);455;539;410;439;277;274;177;162;103;88;54;50;19;18;5;6;2;2;520014;5204;52009
5210307;Israelândia (GO);59;50;45;31;22;19;19;9;8;9;5;2;2;2;0;0;0;0;520014;5204;52009
5210406;Itaberaí (GO);392;385;286;288;208;189;110;132;64;82;38;38;13;12;3;3;3;0;520003;5201;52012
5210562;Itaguari (GO);81;73;62;65;47;41;25;26;13;6;4;5;4;3;0;0;0;2;520003;5201;52001
5210604;Itaguaru (GO);84;105;74;78;41;43;36;26;12;7;5;9;2;4;0;0;0;1;520003;5201;52018
5210802;Itajá (GO);117;91;82;66;44;50;35;28;24;20;10;10;5;2;0;3;1;0;520010;5203;52015
5210901;Itapaci (GO);213;172;154;160;118;101;78;63;33;36;20;15;6;3;1;4;1;2;520018;5205;52013
5211008;Itapirapuã (GO);193;178;128;143;115;74;58;47;30;17;10;17;3;6;0;1;1;1;520005;5201;52012
5211206;Itapuranga (GO);394;445;314;354;252;215;167;161;85;70;32;29;10;10;4;3;3;2;520005;5201;52012
5211305;Itarumã (GO);84;51;69;39;39;34;32;18;16;6;7;3;0;0;0;1;0;0;520010;5203;52015
5211404;Itauçu (GO);126;141;95;114;83;98;62;51;26;26;9;12;2;9;0;2;2;1;520003;5201;52001
5211503;Itumbiara (GO);1305;1274;907;991;618;634;379;388;212;220;101;124;23;39;13;15;1;3;520007;5202;52017
5211602;Ivolândia (GO);73;61;52;39;36;14;14;13;15;8;2;2;5;4;1;1;0;0;520013;5204;52009
5211701;Jandaia (GO);138;102;96;70;68;61;38;32;24;23;15;16;4;2;2;1;1;0;520015;5204;52002
5211800;Jaraguá (GO);499;503;365;322;233;227;146;147;87;70;47;43;16;16;2;7;2;3;520002;5201;52018
5211909;Jataí (GO);1004;1050;789;829;505;568;369;362;228;237;126;129;49;28;12;12;6;4;520011;5203;52016
5212006;Jaupaci (GO);60;43;41;45;35;18;16;20;16;4;7;3;3;3;1;3;1;1;520014;5204;52009
5212055;Jesúpolis (GO);43;32;26;16;25;16;10;13;7;11;4;3;2;0;1;0;0;0;520002;5201;52001
5212105;Joviânia (GO);104;114;72;93;75;62;44;35;24;10;13;17;5;2;4;3;0;1;520007;5202;52017
5212204;Jussara (GO);306;269;219;215;127;124;113;83;58;53;20;29;18;11;1;2;0;0;520005;5201;52012
5212303;Leopoldo de Bulhões (GO);104;101;96;89;64;66;28;41;17;12;6;10;2;5;0;0;1;0;520002;5201;52002
5212501;Luziânia (GO);1354;1229;883;934;600;550;381;323;160;196;77;102;29;33;7;11;5;7;520019;5206;52004
5212600;Mairipotaba (GO);42;42;47;27;21;11;14;17;6;6;5;5;0;1;0;0;0;0;520009;5202;52002
5212709;Mambaí (GO);48;46;46;27;31;34;14;20;9;7;5;9;5;6;0;2;1;1;520021;5206;52007
5212808;Mara Rosa (GO);172;168;159;135;102;81;62;47;28;19;14;18;3;5;3;1;1;1;520017;5205;52014
5212907;Marzagão (GO);34;29;27;19;24;20;16;8;5;7;3;7;0;0;0;1;0;0;520008;5202;52005
5212956;Matrinchã (GO);54;57;35;28;26;16;17;17;7;9;4;5;3;0;0;2;0;0;520005;5201;52012
5213004;Maurilândia (GO);131;121;92;81;63;39;42;27;18;21;4;8;2;3;0;0;0;0;520010;5203;52015
5213053;Mimoso de Goiás (GO);55;46;38;28;30;23;15;13;3;6;3;3;0;0;0;0;0;0;520020;5206;52018
5213087;Minaçu (GO);341;306;281;208;182;135;120;97;78;32;24;17;5;14;1;3;2;3;520016;5205;52008
5213103;Mineiros (GO);466;461;406;376;286;285;200;190;139;110;56;68;21;21;4;3;0;0;520011;5203;52016
5213400;Moiporá (GO);44;46;21;20;19;20;7;12;7;10;4;6;1;3;0;0;0;0;520013;5204;52009
5213509;Monte Alegre de Goiás (GO);98;92;88;76;54;41;35;32;24;19;7;13;3;6;1;2;1;1;520021;5206;52006
5213707;Montes Claros de Goiás (GO);146;102;122;87;61;59;43;33;11;23;10;13;6;2;0;0;1;0;520014;5204;52009
5213756;Montividiu (GO);83;56;71;54;33;24;22;18;14;15;9;5;1;1;0;0;0;0;520010;5203;52015
5213772;Montividiu do Norte (GO);58;39;36;18;17;13;23;16;12;10;3;5;1;2;0;0;0;0;520016;5205;52008
5213806;Morrinhos (GO);623;623;490;511;365;361;208;229;124;113;58;78;20;21;6;12;3;5;520008;5202;52017
5213855;Morro Agudo de Goiás (GO);52;42;31;29;14;22;9;16;7;5;3;2;1;0;0;0;0;0;520018;5205;52013
5213905;Mossâmedes (GO);140;108;83;71;48;46;33;22;16;12;8;7;6;6;0;4;1;1;520005;5201;52012
5214002;Mozarlândia (GO);154;132;116;120;78;41;53;38;30;23;30;24;1;6;0;1;1;2;520005;5201;52012
5214051;Mundo Novo (GO);121;107;76;55;66;38;36;22;16;12;5;3;3;8;1;0;1;0;520016;5205;52008
5214101;Mutunópolis (GO);68;60;54;47;28;29;24;28;15;9;6;4;1;1;0;0;1;1;520016;5205;52008
5214408;Nazário (GO);102;107;98;85;59;55;34;35;15;8;11;9;4;1;1;1;1;2;520015;5204;52001
5214507;Nerópolis (GO);232;234;192;204;116;109;64;78;50;34;17;26;6;11;0;4;1;2;520001;5201;52001
5214606;Niquelândia (GO);556;434;407;321;276;228;182;135;87;84;41;29;16;10;3;3;3;5;520017;5205;52014
5214705;Nova América (GO);41;40;32;30;30;26;12;9;7;6;4;2;5;1;1;1;1;3;520018;5205;52013
5214804;Nova Aurora (GO);44;41;34;33;22;22;14;13;5;3;2;4;0;2;0;0;0;0;520004;5201;52005
5214838;Nova Crixás (GO);148;109;102;83;74;30;42;31;16;11;8;8;3;2;0;0;1;1;520005;5201;52012
5214861;Nova Glória (GO);162;154;125;131;132;104;75;71;51;38;20;23;4;12;3;2;1;3;520018;5205;52013
5214879;Nova Iguaçu de Goiás (GO);51;43;35;23;28;19;17;9;12;12;4;6;1;2;0;0;0;0;520017;5205;52014
5214903;Nova Roma (GO);59;52;43;52;38;27;21;15;9;11;4;9;1;4;1;1;0;1;520021;5206;52007
5215009;Nova Veneza (GO);122;109;70;79;65;50;35;42;15;19;11;13;1;3;0;1;0;0;520001;5201;52001
5215207;Novo Brasil (GO);81;74;62;46;33;34;26;27;14;15;11;5;5;4;2;2;0;0;520005;5201;52009
5215231;Novo Gama (GO);560;510;301;345;208;210;121;140;69;71;31;36;10;18;5;12;3;5;520019;5206;52004
5215256;Novo Planalto (GO);53;39;41;25;31;15;16;19;7;9;5;2;2;3;0;0;1;0;520016;5205;52008
5215306;Orizona (GO);273;211;159;166;114;129;89;81;33;37;19;16;6;9;1;2;2;0;520006;5201;52002
5215405;Ouro Verde de Goiás (GO);71;56;55;42;38;29;16;21;14;17;7;4;2;2;2;1;0;0;520002;5201;52001
5215504;Ouvidor (GO);81;63;67;68;44;56;40;28;8;7;3;5;3;3;1;2;0;0;520004;5201;52005
5215603;Padre Bernardo (GO);300;258;222;176;168;92;83;64;38;36;26;24;6;6;1;3;3;2;520020;5206;52018
5215652;Palestina de Goiás (GO);63;32;37;34;36;27;19;11;8;7;1;3;3;1;0;1;0;0;520014;5204;52009
5215702;Palmeiras de Goiás (GO);302;291;247;213;141;141;96;86;62;31;21;22;7;13;1;3;0;0;520015;5204;52010
5215801;Palmelo (GO);41;34;31;45;38;37;25;22;8;16;9;5;5;4;1;1;1;1;520006;5201;52005
5215900;Palminópolis (GO);66;60;49;46;35;24;27;22;17;6;6;6;2;0;0;1;0;0;520015;5204;52010
5216007;Panamá (GO);69;48;45;37;30;16;25;16;11;11;5;3;3;4;0;0;0;0;520007;5202;52017
5216304;Paranaiguara (GO);138;160;123;106;112;85;61;52;36;32;23;19;5;2;0;4;0;1;520012;5203;52015
5216403;Paraúna (GO);138;143;125;110;73;79;41;41;26;25;12;20;6;4;0;1;0;0;520015;5204;52010
5216452;Perolândia (GO);34;23;14;17;16;13;8;15;12;2;0;1;2;1;1;0;1;0;520011;5203;52016
5216809;Petrolina de Goiás (GO);194;183;137;133;102;82;43;54;41;32;12;17;5;6;8;2;1;1;520002;5201;52001
5216908;Pilar de Goiás (GO);67;49;54;31;27;26;19;10;9;9;5;3;2;0;2;1;0;0;520018;5205;52013
5217104;Piracanjuba (GO);452;404;353;325;239;257;154;140;80;80;35;42;14;13;3;2;3;2;520009;5202;52002
5217203;Piranhas (GO);195;183;195;160;112;83;73;63;42;27;24;15;3;4;2;1;0;0;520014;5204;52009
5217302;Pirenópolis (GO);316;310;238;229;190;170;118;119;62;58;32;34;11;12;1;4;2;1;520002;5201;52011
5217401;Pires do Rio (GO);432;477;314;370;238;261;137;169;83;72;36;35;12;22;3;12;2;2;520006;5201;52005
5217609;Planaltina (GO);566;535;415;374;256;226;141;160;71;90;33;34;13;12;5;13;10;8;520020;5206;52003
5217708;Pontalina (GO);328;277;248;243;163;161;103;104;70;67;26;33;9;13;5;3;2;2;520009;5202;52002
5218003;Porangatu (GO);537;546;413;396;332;257;185;171;94;99;53;55;15;22;6;3;2;3;520016;5205;52008
5218052;Porteirão (GO);44;31;20;11;21;13;9;9;6;4;2;1;4;0;0;0;0;1;520010;5203;52015
5218102;Portelândia (GO);49;50;41;43;31;25;18;22;9;8;5;3;0;2;0;0;0;0;520011;5203;52016
5218300;Posse (GO);275;271;184;223;150;151;78;97;57;48;30;28;5;9;5;2;3;0;520021;5206;52007
5218391;Professor Jamil (GO);65;60;41;39;40;21;29;21;12;11;4;1;3;1;0;0;0;0;520009;5202;52002
5218508;Quirinópolis (GO);631;559;496;437;308;290;194;185;111;114;51;70;31;17;2;9;1;1;520012;5203;52015
5218607;Rialma (GO);138;166;94;111;77;76;56;56;29;32;13;15;4;5;0;6;0;1;520018;5205;52013
5218706;Rianápolis (GO);78;74;52;42;36;40;28;20;17;10;3;4;2;5;1;1;0;0;520018;5205;52013
5218789;Rio Quente (GO);21;22;20;12;14;11;7;1;5;3;2;2;0;1;0;0;0;0;520008;5202;52005
5218805;Rio Verde (GO);1423;1384;1007;977;746;726;459;480;218;262;130;125;41;56;9;19;6;10;520010;5203;52015
5218904;Rubiataba (GO);271;305;208;235;162;159;100;98;54;53;20;29;9;14;1;0;0;1;520018;5205;52013
5219001;Sanclerlândia (GO);118;132;100;79;72;49;40;39;23;17;15;10;8;3;0;1;2;2;520013;5204;52010
5219100;Santa Bárbara de Goiás (GO);64;66;46;49;38;35;18;23;15;9;5;3;4;3;0;0;0;0;520015;5204;52001
5219209;Santa Cruz de Goiás (GO);75;64;51;36;39;31;20;21;13;6;4;6;2;1;0;2;0;0;520006;5201;52005
5219258;Santa Fé de Goiás (GO);58;45;43;39;21;16;15;18;10;9;2;3;0;2;0;0;0;0;520005;5201;52012
5219308;Santa Helena de Goiás (GO);500;488;361;327;258;265;162;139;79;80;29;44;10;17;3;6;2;2;520010;5203;52015
5219357;Santa Isabel (GO);61;69;64;51;45;28;19;15;12;10;4;10;1;3;0;0;0;2;520018;5205;52013
5219407;Santa Rita do Araguaia (GO);81;73;56;56;40;40;27;23;19;12;10;9;2;4;1;1;0;2;520011;5203;52016
5219456;Santa Rita do Novo Destino (GO);49;35;33;27;20;18;7;7;12;6;10;3;0;2;0;0;0;0;520018;5205;52018
5219506;Santa Rosa de Goiás (GO);69;65;36;40;32;40;22;18;9;21;8;8;1;0;0;1;0;1;520002;5201;52001
5219605;Santa Tereza de Goiás (GO);66;64;64;56;46;39;23;29;14;11;3;9;3;2;0;2;0;0;520016;5205;52008
5219704;Santa Terezinha de Goiás (GO);162;176;142;107;93;81;72;38;34;21;8;11;0;2;0;0;1;3;520018;5205;52013
5219712;Santo Antônio da Barra (GO);68;42;51;22;33;25;13;13;8;12;4;4;2;3;2;0;0;0;520010;5203;52015
5219738;Santo Antônio de Goiás (GO);24;23;24;28;17;14;5;13;10;5;0;4;0;1;0;0;0;0;520001;5201;52001
5219753;Santo Antônio do Descoberto (GO);459;460;304;276;177;200;133;125;66;53;28;48;8;16;5;2;6;6;520019;5206;52004
5219803;São Domingos (GO);130;114;109;102;61;74;58;45;33;35;14;26;5;9;1;1;0;1;520021;5206;52007
5219902;São Francisco de Goiás (GO);108;79;68;74;59;44;32;29;9;11;5;10;4;3;0;4;2;0;520002;5201;52001
5220009;São João d'Aliança (GO);87;85;71;62;60;39;31;20;15;17;11;14;0;3;1;2;1;2;520022;5206;52003
5220058;São João da Paraúna (GO);33;31;40;29;21;18;8;12;8;8;2;4;1;1;0;0;0;1;520015;5204;52010
5220108;São Luís de Montes Belos (GO);404;464;328;332;237;233;147;145;84;75;39;45;12;13;5;5;0;1;520013;5204;52010
5220157;São Luiz do Norte (GO);57;53;46;42;34;28;28;15;6;7;4;7;1;1;0;0;0;1;520017;5205;52013
5220207;São Miguel do Araguaia (GO);324;287;235;202;154;131;110;88;61;52;31;18;8;5;3;5;0;0;520016;5205;52008
5220264;São Miguel do Passa Quatro (GO);45;35;41;35;29;14;15;11;13;5;4;2;3;1;1;0;0;0;520002;5201;52002
5220280;São Patrício (GO);35;27;24;13;17;13;11;8;2;3;7;7;0;2;0;1;0;0;520018;5205;52013
5220405;São Simão (GO);239;219;196;160;138;139;105;69;42;40;24;24;12;8;2;3;0;2;520012;5203;52015
5220454;Senador Canedo (GO);460;424;313;358;213;208;117;119;61;65;25;30;6;8;0;3;8;2;520001;5201;52002
5220504;Serranópolis (GO);119;95;81;52;66;41;41;33;32;15;12;6;4;5;0;0;0;2;520011;5203;52016
5220603;Silvânia (GO);320;301;261;194;153;151;87;115;58;39;23;34;13;16;1;3;0;2;520002;5201;52002
5220686;Simolândia (GO);65;85;58;46;35;44;25;23;12;12;6;10;1;0;0;0;0;0;520021;5206;52007
5220702;Sítio d'Abadia (GO);35;35;27;24;16;17;11;8;7;5;2;7;3;1;0;0;0;0;520021;5206;52007
5221007;Taquaral de Goiás (GO);65;48;57;51;39;40;25;20;14;15;9;6;4;6;3;2;1;3;520003;5201;52001
5221080;Teresina de Goiás (GO);46;35;40;20;18;12;10;14;8;6;4;8;0;1;0;0;0;0;520022;5206;52006
5221197;Terezópolis de Goiás (GO);65;75;41;30;37;32;23;17;11;10;6;6;2;1;1;0;0;0;520001;5201;52011
5221304;Três Ranchos (GO);59;39;42;31;29;18;17;12;11;7;2;1;2;1;1;1;1;0;520004;5201;52005
5221403;Trindade (GO);917;952;697;776;451;469;287;286;163;165;73;84;27;35;12;11;10;13;520001;5201;52001
5221452;Trombas (GO);66;61;55;32;37;22;26;11;11;9;4;8;2;2;0;0;0;1;520016;5205;52008
5221502;Turvânia (GO);86;92;74;77;51;55;25;34;18;21;5;7;2;2;0;1;0;0;520015;5204;52010
5221551;Turvelândia (GO);48;40;27;18;31;17;6;8;7;3;1;1;0;0;1;1;0;0;520010;5203;52015
5221577;Uirapuru (GO);48;26;37;22;21;15;14;11;11;5;0;5;3;2;2;1;1;0;520018;5205;52013
5221601;Uruaçu (GO);479;465;398;380;295;244;161;172;76;77;52;54;20;18;2;14;2;8;520017;5205;52014
5221700;Uruana (GO);196;211;171;160;99;109;69;73;43;34;16;10;4;10;2;4;2;3;520018;5205;52013
5221809;Urutaí (GO);69;56;38;41;34;27;18;18;9;7;4;4;2;0;1;2;0;0;520006;5201;52005
5221858;Valparaíso de Goiás (GO);668;733;444;465;282;294;155;179;62;117;46;59;8;28;5;7;9;6;520019;5206;52004
5221908;Varjão (GO);73;60;42;59;32;26;22;26;15;9;5;4;0;1;0;1;0;1;520001;5201;52002
5222005;Vianópolis (GO);145;167;131;127;82;90;48;49;25;26;10;15;4;0;2;5;0;0;520002;5201;52002
5222054;Vicentinópolis (GO);77;71;69;46;31;36;14;18;8;11;8;4;0;2;0;0;0;2;520009;5202;52002
5222203;Vila Boa (GO);41;22;28;29;16;7;10;9;6;4;2;6;1;0;0;1;0;0;520022;5206;52003
5222302;Vila Propício (GO);75;43;58;39;38;29;15;14;14;8;2;6;1;1;0;1;1;2;520018;5205;52018
5300108;Brasília (DF);19995;22117;12188;14791;8223;10487;4559;6556;2160;3822;1092;2125;322;691;97;216;80;117;530001;5301;53001
