"cod_rgint";"interp_homem_60_69_2000";"interp_homem_60_69_2001";"interp_homem_60_69_2002";"interp_homem_60_69_2003";"interp_homem_60_69_2004";"interp_homem_60_69_2005";"interp_homem_60_69_2006";"interp_homem_60_69_2007";"interp_homem_60_69_2008";"interp_homem_60_69_2009";"interp_homem_60_69_2010";"interp_homem_60_69_2011";"interp_homem_60_69_2012";"interp_homem_60_69_2013";"interp_homem_60_69_2014";"interp_homem_60_69_2015";"interp_homem_60_69_2016";"interp_homem_60_69_2017";"interp_homem_60_69_2018";"interp_homem_60_69_2019";"interp_homem_60_69_2020";"interp_homem_60_69_2021";"interp_homem_60_69_2022";"interp_homem_60_69_2023";"interp_homem_60_60_2024";"interp_mulher_60_69_2000";"interp_mulher_60_69_2001";"interp_mulher_60_69_2002";"interp_mulher_60_69_2003";"interp_mulher_60_69_2004";"interp_mulher_60_69_2005";"interp_mulher_60_69_2006";"interp_mulher_60_69_2007";"interp_mulher_60_69_2008";"interp_mulher_60_69_2009";"interp_mulher_60_69_2010";"interp_mulher_60_69_2011";"interp_mulher_60_69_2012";"interp_mulher_60_69_2013";"interp_mulher_60_69_2014";"interp_mulher_60_69_2015";"interp_mulher_60_69_2016";"interp_mulher_60_69_2017";"interp_mulher_60_69_2018";"interp_mulher_60_69_2019";"interp_mulher_60_69_2020";"interp_mulher_60_69_2021";"interp_mulher_60_69_2022";"interp_mulher_60_69_2023";"interp_mulher_60_69_2024";"interp_homem_70_79_2000";"interp_homem_70_79_2001";"interp_homem_70_79_2002";"interp_homem_70_79_2003";"interp_homem_70_79_2004";"interp_homem_70_79_2005";"interp_homem_70_79_2006";"interp_homem_70_79_2007";"interp_homem_70_79_2008";"interp_homem_70_79_2009";"interp_homem_70_79_2010";"interp_homem_70_79_2011";"interp_homem_70_79_2012";"interp_homem_70_79_2013";"interp_homem_70_79_2014";"interp_homem_70_79_2015";"interp_homem_70_79_2016";"interp_homem_70_79_2017";"interp_homem_70_79_2018";"interp_homem_70_79_2019";"interp_homem_70_79_2020";"interp_homem_70_79_2021";"interp_homem_70_79_2022";"interp_homem_70_79_2023";"interp_homem_60_60_2024";"interp_mulher_70_79_2000";"interp_mulher_70_79_2001";"interp_mulher_70_79_2002";"interp_mulher_70_79_2003";"interp_mulher_70_79_2004";"interp_mulher_70_79_2005";"interp_mulher_70_79_2006";"interp_mulher_70_79_2007";"interp_mulher_70_79_2008";"interp_mulher_70_79_2009";"interp_mulher_70_79_2010";"interp_mulher_70_79_2011";"interp_mulher_70_79_2012";"interp_mulher_70_79_2013";"interp_mulher_70_79_2014";"interp_mulher_70_79_2015";"interp_mulher_70_79_2016";"interp_mulher_70_79_2017";"interp_mulher_70_79_2018";"interp_mulher_70_79_2019";"interp_mulher_70_79_2020";"interp_mulher_70_79_2021";"interp_mulher_70_79_2022";"interp_mulher_70_79_2023";"interp_mulher_70_79_2024";"interp_homem_80_mais_2000";"interp_homem_80_mais_2001";"interp_homem_80_mais_2002";"interp_homem_80_mais_2003";"interp_homem_80_mais_2004";"interp_homem_80_mais_2005";"interp_homem_80_mais_2006";"interp_homem_80_mais_2007";"interp_homem_80_mais_2008";"interp_homem_80_mais_2009";"interp_homem_80_mais_2010";"interp_homem_80_mais_2011";"interp_homem_80_mais_2012";"interp_homem_80_mais_2013";"interp_homem_80_mais_2014";"interp_homem_80_mais_2015";"interp_homem_80_mais_2016";"interp_homem_80_mais_2017";"interp_homem_80_mais_2018";"interp_homem_80_mais_2019";"interp_homem_80_mais_2020";"interp_homem_80_mais_2021";"interp_homem_80_mais_2022";"interp_homem_80_mais_2023";"interp_homem_60_60_2024";"interp_mulher_80_mais_2000";"interp_mulher_80_mais_2001";"interp_mulher_80_mais_2002";"interp_mulher_80_mais_2003";"interp_mulher_80_mais_2004";"interp_mulher_80_mais_2005";"interp_mulher_80_mais_2006";"interp_mulher_80_mais_2007";"interp_mulher_80_mais_2008";"interp_mulher_80_mais_2009";"interp_mulher_80_mais_2010";"interp_mulher_80_mais_2011";"interp_mulher_80_mais_2012";"interp_mulher_80_mais_2013";"interp_mulher_80_mais_2014";"interp_mulher_80_mais_2015";"interp_mulher_80_mais_2016";"interp_mulher_80_mais_2017";"interp_mulher_80_mais_2018";"interp_mulher_80_mais_2019";"interp_mulher_80_mais_2020";"interp_mulher_80_mais_2021";"interp_mulher_80_mais_2022";"interp_mulher_80_mais_2023";"interp_mulher_80_mais_2024"
1101;10732;11240;11773;12331;12915;13527;14167;14839;15542;16278;17049;17848;18685;19561;20478;21438;22444;23496;24597;25751;26958;28222;29545;30930;32380;8814;9296;9804;10341;10906;11502;12132;12795;13495;14233;15011;15877;16793;17761;18786;19869;21015;22227;23509;24865;26300;27817;29421;31118;32913;4847;5082;5328;5586;5856;6140;6437;6749;7075;7418;7777;8128;8495;8878;9279;9698;10136;10593;11071;11571;12094;12639;13210;13806;14429;3829;4071;4329;4603;4894;5204;5533;5883;6255;6651;7072;7451;7849;8270;8712;9179;9670;10188;10733;11308;11913;12551;13223;13931;14677;1442;1540;1646;1758;1878;2007;2144;2290;2446;2613;2792;2927;3068;3215;3370;3533;3703;3881;4068;4264;4470;4685;4911;5148;5396;1401;1497;1600;1710;1827;1952;2086;2229;2382;2545;2720;2880;3050;3229;3419;3620;3834;4059;4298;4551;4819;5103;5403;5721;6058
1102;14466;14811;15164;15525;15896;16274;16662;17060;17466;17883;18309;19055;19832;20640;21482;22357;23269;24217;25204;26232;27301;28414;29572;30777;32032;11716;12162;12624;13104;13603;14120;14657;15214;15793;16394;17017;17814;18648;19521;20435;21392;22394;23442;24540;25689;26892;28151;29469;30849;32293;6709;6964;7229;7503;7789;8084;8392;8711;9042;9385;9742;10059;10385;10723;11071;11431;11803;12186;12582;12991;13413;13849;14299;14764;15243;4824;5118;5429;5759;6110;6482;6876;7295;7738;8209;8709;9089;9486;9900;10332;10783;11254;11745;12258;12793;13351;13934;14542;15177;15839;1821;1942;2072;2209;2357;2513;2681;2859;3049;3252;3469;3641;3822;4011;4211;4419;4639;4869;5111;5364;5630;5910;6203;6511;6834;1461;1571;1689;1816;1953;2100;2258;2428;2610;2807;3018;3207;3407;3620;3846;4087;4342;4614;4902;5209;5534;5880;6248;6639;7054
1201;6512;6808;7117;7440;7778;8131;8500;8886;9290;9712;10153;10606;11080;11575;12092;12632;13196;13785;14400;15043;15715;16417;17150;17916;18716;5942;6270;6617;6983;7369;7776;8206;8659;9138;9643;10176;10680;11208;11763;12345;12956;13597;14270;14977;15718;16496;17312;18169;19068;20012;3829;3946;4067;4191;4319;4451;4588;4728;4872;5021;5175;5388;5610;5842;6082;6333;6594;6866;7149;7443;7750;8069;8402;8748;9109;3256;3404;3559;3721;3891;4068;4253;4447;4649;4861;5082;5324;5577;5843;6121;6412;6717;7037;7371;7722;8090;8475;8878;9300;9743;1453;1529;1610;1694;1783;1877;1976;2080;2189;2304;2425;2493;2562;2634;2707;2783;2861;2941;3023;3107;3194;3283;3375;3469;3566;1439;1517;1599;1685;1776;1872;1973;2080;2192;2310;2435;2539;2648;2761;2880;3003;3131;3265;3405;3551;3703;3862;4027;4199;4379
1202;2413;2491;2572;2655;2741;2829;2921;3015;3112;3213;3317;3444;3575;3711;3853;4000;4152;4311;4475;4646;4823;5007;5198;5396;5602;2075;2167;2262;2362;2466;2575;2688;2807;2931;3060;3195;3318;3445;3577;3715;3857;4005;4159;4319;4484;4657;4835;5021;5214;5414;1283;1322;1361;1402;1445;1488;1533;1579;1627;1676;1726;1792;1861;1933;2008;2085;2165;2248;2335;2425;2518;2615;2716;2821;2929;1084;1128;1173;1221;1270;1321;1374;1430;1488;1548;1610;1684;1760;1841;1925;2013;2105;2201;2302;2407;2517;2632;2752;2878;3009;606;625;646;666;688;710;732;756;780;805;831;863;896;931;966;1004;1042;1082;1124;1167;1212;1259;1307;1357;1409;512;535;560;586;612;640;670;700;732;766;801;840;881;924;970;1017;1067;1119;1174;1231;1292;1355;1421;1491;1563
1301;25323;26565;27869;29236;30671;32176;33755;35411;37148;38971;40883;43009;45245;47597;50072;52676;55414;58296;61327;64515;67870;71399;75111;79016;83125;27950;29277;30667;32124;33649;35247;36921;38674;40510;42434;44449;46870;49422;52114;54952;57944;61100;64428;67936;71636;75537;79651;83989;88563;93386;12606;13141;13699;14280;14886;15517;16176;16862;17578;18323;19101;19927;20788;21686;22623;23601;24621;25685;26796;27954;29162;30422;31737;33109;34540;14564;15234;15936;16669;17437;18240;19079;19958;20877;21838;22843;23890;24985;26130;27328;28580;29890;31260;32693;34191;35758;37397;39111;40904;42778;4365;4610;4868;5142;5430;5735;6056;6396;6755;7134;7534;7780;8033;8295;8565;8844;9132;9430;9737;10055;10382;10721;11070;11431;11803;6316;6694;7094;7518;7967;8444;8948;9483;10050;10651;11288;11716;12160;12621;13099;13596;14111;14646;15202;15778;16376;16997;17641;18310;19004
1302;5611;5754;5900;6050;6204;6362;6524;6689;6860;7034;7213;7445;7685;7932;8187;8451;8723;9004;9294;9593;9901;10220;10549;10889;11239;4837;4974;5114;5258;5407;5560;5717;5878;6044;6215;6390;6596;6808;7028;7254;7488;7729;7978;8235;8501;8774;9057;9349;9650;9961;2762;2844;2928;3015;3105;3197;3292;3389;3490;3593;3700;3811;3925;4042;4164;4288;4417;4549;4685;4825;4970;5119;5272;5430;5592;2103;2198;2298;2403;2512;2626;2745;2869;3000;3136;3278;3386;3497;3612;3730;3853;3979;4110;4245;4384;4528;4676;4830;4989;5152;1058;1110;1165;1223;1284;1347;1414;1484;1558;1635;1716;1771;1828;1887;1948;2010;2075;2142;2211;2282;2355;2431;2509;2590;2673;949;992;1037;1084;1134;1185;1239;1295;1354;1416;1480;1556;1636;1720;1809;1902;1999;2102;2210;2324;2443;2569;2701;2840;2986
1303;3327;3468;3614;3767;3926;4092;4264;4445;4632;4828;5032;5227;5431;5642;5861;6088;6325;6571;6826;7091;7367;7653;7950;8259;8580;2778;2877;2980;3086;3196;3310;3428;3550;3677;3808;3944;4112;4287;4470;4661;4859;5066;5282;5507;5742;5987;6242;6508;6785;7075;1618;1687;1759;1834;1912;1993;2078;2167;2259;2356;2456;2549;2645;2746;2850;2957;3069;3186;3306;3431;3561;3696;3836;3981;4132;1272;1334;1399;1467;1538;1613;1692;1774;1860;1951;2046;2124;2205;2289;2377;2468;2562;2660;2761;2867;2976;3090;3208;3331;3458;574;600;626;654;683;714;745;778;813;849;887;931;977;1025;1075;1128;1184;1242;1303;1368;1435;1506;1580;1658;1740;585;612;640;669;700;732;765;800;837;875;915;960;1006;1055;1107;1161;1217;1277;1339;1404;1473;1545;1620;1699;1782
1304;5448;5594;5744;5898;6056;6219;6386;6557;6733;6914;7099;7410;7735;8074;8428;8797;9183;9585;10005;10444;10901;11379;11878;12399;12942;4909;5030;5153;5280;5410;5543;5679;5819;5962;6109;6259;6530;6812;7107;7415;7735;8070;8419;8783;9163;9560;9973;10405;10855;11325;3022;3120;3220;3324;3432;3543;3657;3775;3897;4023;4153;4256;4361;4469;4580;4693;4810;4929;5051;5176;5304;5435;5570;5708;5849;2582;2675;2771;2871;2975;3082;3193;3308;3427;3550;3678;3788;3902;4019;4139;4263;4391;4522;4658;4798;4941;5089;5242;5399;5561;1198;1253;1311;1371;1434;1500;1568;1640;1716;1795;1877;1923;1970;2018;2067;2118;2170;2223;2277;2333;2390;2448;2508;2569;2632;1303;1360;1420;1483;1548;1616;1687;1761;1839;1920;2004;2061;2120;2180;2242;2306;2372;2440;2509;2581;2654;2730;2808;2888;2970
1401;3439;3659;3894;4143;4408;4690;4991;5310;5650;6012;6397;6786;7198;7635;8099;8591;9113;9667;10254;10877;11538;12239;12983;13772;14609;3035;3240;3459;3693;3942;4209;4493;4797;5121;5467;5836;6248;6689;7162;7667;8209;8788;9409;10073;10784;11546;12361;13234;14168;15169;1666;1755;1850;1949;2053;2164;2280;2402;2531;2667;2810;2980;3160;3351;3553;3768;3995;4236;4492;4764;5051;5356;5680;6023;6387;1584;1676;1773;1875;1984;2099;2220;2349;2485;2629;2781;2952;3133;3326;3531;3748;3978;4222;4482;4758;5050;5360;5690;6040;6411;573;613;656;702;751;804;860;920;984;1053;1127;1182;1240;1301;1365;1432;1502;1575;1652;1733;1818;1908;2001;2099;2202;629;679;732;790;852;919;992;1070;1154;1245;1343;1409;1478;1551;1627;1707;1791;1879;1972;2069;2170;2277;2389;2506;2630
1402;922;983;1049;1119;1194;1273;1358;1449;1545;1648;1758;1836;1917;2003;2091;2184;2281;2382;2488;2599;2714;2834;2960;3091;3229;542;581;623;668;716;768;823;883;946;1015;1088;1158;1232;1310;1394;1484;1578;1679;1787;1901;2023;2152;2290;2437;2592;327;354;383;415;449;487;527;570;618;669;724;768;814;864;916;971;1030;1093;1159;1229;1303;1382;1466;1555;1649;244;258;272;287;303;320;338;357;377;398;420;449;481;514;550;588;629;673;720;770;824;882;943;1009;1079;94;102;111;121;132;144;157;170;186;202;220;235;250;267;285;303;324;345;368;392;419;446;476;508;541;73;79;86;93;101;109;119;129;139;151;164;175;186;198;211;224;239;254;271;288;307;327;348;371;394
1501;40556;42307;44133;46038;48025;50098;52260;54516;56869;59323;61884;64519;67265;70129;73115;76227;79473;82856;86383;90061;93895;97892;102060;106405;110935;48516;50572;52715;54949;57278;59705;62235;64872;67621;70487;73474;76523;79699;83006;86451;90038;93775;97666;101719;105940;110336;114915;119684;124651;129823;19673;20487;21335;22217;23137;24094;25091;26129;27210;28336;29508;30788;32123;33516;34970;36487;38069;39720;41443;43240;45116;47072;49114;51244;53467;25915;27027;28187;29396;30657;31973;33344;34775;36267;37823;39446;41083;42789;44565;46415;48342;50348;52438;54615;56882;59243;61703;64264;66932;69710;7727;8051;8389;8741;9108;9490;9888;10303;10735;11186;11655;12114;12590;13085;13600;14135;14691;15269;15870;16495;17144;17818;18519;19248;20005;13786;14330;14896;15483;16095;16730;17390;18076;18790;19531;20302;21137;22007;22912;23855;24836;25858;26922;28030;29183;30384;31634;32935;34290;35701
1502;20601;21325;22074;22850;23653;24484;25345;26236;27158;28112;29100;30140;31217;32333;33488;34685;35924;37208;38538;39915;41341;42819;44349;45934;47575;19077;19774;20496;21245;22022;22826;23660;24525;25421;26349;27312;28430;29593;30805;32065;33378;34744;36166;37646;39187;40791;42460;44198;46007;47890;10710;11099;11503;11921;12355;12804;13269;13752;14252;14770;15307;15855;16424;17012;17622;18253;18907;19585;20286;21013;21766;22546;23354;24191;25058;9918;10322;10742;11179;11635;12108;12601;13114;13648;14204;14782;15346;15931;16538;17169;17823;18503;19208;19941;20701;21490;22309;23160;24043;24960;4399;4551;4708;4871;5039;5213;5393;5580;5772;5972;6178;6408;6646;6892;7149;7414;7690;7975;8272;8579;8898;9228;9571;9927;10295;5041;5214;5393;5578;5770;5968;6173;6385;6605;6831;7066;7352;7650;7960;8283;8618;8967;9331;9709;10102;10511;10937;11380;11841;12321
1503;13467;14041;14639;15263;15913;16591;17298;18034;18803;19604;20439;21359;22321;23327;24377;25475;26622;27821;29074;30383;31752;33182;34676;36238;37870;9949;10453;10984;11540;12126;12740;13386;14065;14778;15528;16315;17244;18226;19264;20361;21521;22747;24042;25411;26859;28388;30005;31714;33520;35429;5657;5992;6347;6723;7122;7544;7991;8464;8966;9497;10060;10477;10912;11365;11836;12328;12839;13372;13927;14505;15106;15733;16386;17066;17774;3998;4279;4581;4903;5248;5617;6013;6436;6889;7374;7893;8297;8723;9170;9639;10133;10653;11198;11772;12375;13010;13676;14377;15114;15888;1643;1766;1899;2042;2195;2360;2538;2728;2934;3154;3391;3578;3774;3982;4201;4432;4676;4934;5205;5492;5794;6113;6449;6804;7178;1715;1807;1905;2007;2115;2229;2349;2476;2609;2750;2898;3089;3292;3509;3740;3987;4249;4529;4828;5146;5485;5846;6231;6641;7079
1504;6406;6712;7033;7370;7722;8091;8478;8884;9308;9754;10220;10537;10864;11200;11548;11906;12275;12656;13048;13452;13870;14300;14743;15200;15671;4388;4627;4878;5143;5423;5718;6028;6356;6702;7066;7450;7794;8153;8529;8922;9333;9764;10214;10685;11178;11693;12232;12796;13386;14003;2441;2607;2785;2975;3177;3394;3625;3872;4135;4417;4718;4893;5075;5264;5459;5662;5873;6091;6317;6552;6796;7048;7310;7582;7863;1675;1796;1926;2065;2214;2374;2546;2730;2927;3139;3366;3530;3703;3884;4074;4273;4481;4700;4930;5171;5423;5688;5966;6257;6563;753;801;852;906;964;1025;1090;1159;1233;1312;1395;1481;1572;1669;1772;1881;1997;2120;2251;2389;2537;2693;2859;3035;3222;630;666;703;743;785;829;876;926;978;1034;1092;1164;1240;1321;1408;1501;1599;1704;1816;1935;2062;2198;2342;2496;2660
1505;13825;14266;14721;15190;15675;16175;16691;17223;17772;18339;18924;19688;20482;21308;22168;23063;23993;24961;25968;27016;28106;29240;30420;31647;32924;12381;12754;13138;13534;13942;14362;14794;15240;15699;16172;16659;17428;18233;19076;19957;20879;21843;22852;23907;25012;26167;27376;28640;29963;31347;6869;7118;7376;7644;7921;8208;8506;8814;9134;9465;9808;10176;10558;10954;11365;11792;12234;12694;13170;13664;14177;14709;15261;15834;16428;6404;6646;6896;7156;7426;7706;7997;8298;8611;8936;9273;9630;10001;10387;10787;11202;11634;12082;12548;13031;13533;14055;14596;15158;15742;2360;2466;2577;2692;2813;2940;3072;3210;3354;3505;3662;3820;3985;4157;4337;4524;4719;4923;5136;5358;5589;5830;6082;6345;6619;3045;3145;3248;3354;3464;3578;3695;3816;3941;4071;4204;4390;4583;4786;4997;5218;5448;5688;5940;6202;6476;6761;7060;7372;7697
1506;4287;4432;4582;4738;4898;5064;5236;5413;5596;5786;5982;6273;6578;6898;7234;7586;7955;8342;8748;9174;9620;10088;10579;11094;11634;3225;3360;3501;3647;3800;3959;4125;4297;4477;4665;4860;5106;5364;5636;5921;6221;6535;6866;7213;7578;7962;8365;8788;9233;9700;1855;1942;2034;2129;2230;2335;2444;2559;2680;2806;2938;3069;3206;3349;3499;3655;3819;3989;4167;4353;4548;4751;4963;5185;5416;1372;1445;1522;1603;1688;1778;1873;1972;2077;2188;2304;2414;2530;2651;2778;2911;3051;3197;3350;3510;3678;3854;4039;4232;4435;575;612;650;692;736;783;832;885;941;1001;1065;1120;1177;1238;1302;1368;1439;1513;1591;1672;1758;1849;1944;2044;2149;505;537;572;608;647;689;733;780;830;883;940;996;1055;1118;1184;1254;1329;1408;1492;1580;1674;1774;1879;1991;2109
1507;5928;6149;6378;6616;6863;7119;7384;7660;7945;8242;8549;8852;9165;9490;9826;10174;10534;10908;11294;11694;12108;12537;12981;13441;13917;5583;5762;5947;6137;6334;6537;6747;6963;7187;7417;7655;7933;8222;8521;8831;9152;9484;9829;10187;10557;10941;11339;11751;12178;12621;3288;3388;3491;3598;3707;3820;3937;4057;4180;4308;4439;4600;4767;4940;5119;5305;5497;5696;5903;6117;6339;6569;6807;7054;7310;2861;2975;3093;3216;3344;3477;3615;3759;3908;4063;4225;4348;4475;4605;4739;4878;5020;5166;5317;5472;5631;5795;5964;6138;6317;1662;1697;1732;1768;1805;1843;1882;1921;1961;2002;2044;2100;2159;2218;2279;2342;2407;2474;2542;2612;2685;2759;2835;2913;2994;1896;1937;1980;2023;2067;2112;2158;2205;2253;2302;2352;2420;2489;2561;2635;2710;2788;2869;2951;3036;3124;3214;3306;3401;3499
1601;4908;5174;5454;5749;6060;6388;6734;7098;7482;7887;8314;8758;9226;9719;10238;10785;11361;11968;12607;13280;13990;14737;15524;16353;17227;5112;5397;5699;6017;6353;6708;7082;7477;7895;8336;8801;9291;9808;10354;10931;11539;12181;12859;13575;14331;15129;15971;16860;17799;18789;2165;2304;2452;2610;2778;2957;3147;3349;3565;3794;4038;4218;4406;4602;4807;5021;5244;5478;5722;5977;6243;6521;6811;7114;7431;2371;2534;2707;2893;3091;3303;3530;3772;4030;4307;4602;4809;5026;5252;5488;5735;5993;6263;6545;6839;7147;7469;7805;8156;8523;982;1028;1077;1128;1181;1237;1295;1357;1421;1488;1558;1637;1721;1809;1901;1998;2099;2206;2319;2437;2561;2692;2829;2973;3125;1422;1490;1562;1637;1716;1799;1885;1976;2071;2171;2275;2380;2491;2606;2727;2854;2986;3124;3269;3421;3579;3745;3919;4101;4291
1602;874;937;1006;1079;1157;1241;1331;1428;1531;1643;1762;1835;1911;1990;2072;2157;2246;2339;2436;2536;2641;2750;2864;2982;3106;643;681;722;764;810;858;909;962;1019;1080;1144;1209;1279;1352;1429;1511;1598;1689;1786;1888;1996;2110;2231;2359;2494;374;400;428;458;490;524;560;600;641;686;734;770;808;848;889;933;979;1027;1078;1131;1186;1245;1306;1370;1438;274;293;313;335;358;383;409;437;467;500;534;560;587;615;644;675;708;742;777;815;854;895;938;983;1030;170;177;184;192;200;208;217;226;235;245;255;267;279;292;306;320;335;351;367;385;403;421;441;462;483;148;157;166;175;185;196;207;219;232;245;259;268;277;287;296;307;317;328;339;351;363;375;388;401;415
1701;7273;7615;7973;8348;8740;9151;9581;10032;10503;10997;11514;12044;12599;13179;13786;14421;15085;15780;16507;17267;18062;18894;19764;20674;21626;6265;6577;6905;7249;7610;7990;8388;8806;9245;9705;10189;10765;11374;12018;12698;13416;14175;14977;15824;16720;17666;18665;19721;20837;22015;3686;3871;4065;4269;4483;4708;4944;5192;5452;5726;6013;6288;6575;6876;7190;7519;7863;8222;8598;8991;9403;9832;10282;10752;11244;3163;3343;3532;3733;3945;4169;4405;4655;4920;5199;5494;5765;6050;6349;6663;6992;7337;7700;8080;8479;8898;9338;9799;10283;10791;1484;1569;1659;1754;1855;1961;2073;2192;2318;2451;2591;2721;2857;3000;3150;3307;3473;3647;3829;4021;4222;4433;4655;4888;5132;1476;1557;1642;1732;1827;1927;2032;2143;2261;2384;2515;2655;2802;2958;3122;3295;3478;3671;3875;4090;4317;4557;4810;5077;5359
1702;11412;11749;12096;12454;12822;13200;13590;13992;14405;14831;15269;15723;16190;16672;17167;17678;18204;18745;19302;19876;20467;21075;21702;22347;23012;10290;10608;10935;11273;11621;11980;12350;12731;13124;13529;13947;14486;15046;15628;16232;16860;17512;18189;18892;19623;20381;21169;21988;22838;23721;5850;6100;6361;6633;6917;7213;7522;7844;8179;8529;8894;9163;9440;9726;10020;10324;10636;10958;11289;11631;11983;12345;12719;13104;13500;5014;5266;5532;5810;6103;6410;6732;7071;7427;7801;8194;8469;8753;9046;9350;9664;9988;10323;10669;11027;11397;11779;12174;12582;13004;2185;2301;2423;2551;2687;2829;2979;3137;3303;3479;3663;3815;3973;4138;4309;4488;4674;4867;5069;5279;5498;5726;5963;6210;6467;2307;2405;2506;2612;2723;2838;2958;3084;3214;3350;3492;3661;3839;4025;4220;4425;4639;4864;5100;5348;5607;5879;6164;6463;6776
1703;5438;5608;5783;5963;6149;6341;6539;6744;6954;7171;7395;7635;7884;8140;8404;8677;8960;9251;9551;9862;10182;10513;10855;11208;11572;4834;5009;5190;5378;5573;5775;5984;6200;6425;6657;6898;7136;7381;7636;7899;8171;8452;8743;9044;9356;9678;10011;10356;10713;11082;2882;2993;3108;3228;3352;3481;3615;3754;3898;4048;4204;4343;4486;4634;4787;4945;5108;5277;5451;5631;5817;6009;6207;6412;6623;2520;2617;2717;2821;2930;3042;3159;3280;3406;3536;3672;3819;3972;4131;4296;4468;4646;4832;5025;5226;5435;5653;5879;6114;6359;1169;1220;1273;1329;1387;1447;1511;1576;1645;1717;1792;1866;1943;2023;2106;2193;2284;2378;2476;2578;2684;2795;2910;3030;3155;1164;1217;1273;1331;1391;1455;1521;1590;1663;1739;1818;1894;1973;2056;2142;2231;2325;2422;2523;2629;2739;2854;2973;3097;3227
2101;45949;47449;48999;50599;52251;53957;55719;57538;59417;61357;63360;65644;68010;70461;73001;75632;78358;81182;84108;87140;90281;93535;96906;100399;104018;49056;50694;52386;54136;55943;57811;59741;61736;63797;65927;68128;70944;73876;76929;80108;83419;86866;90456;94194;98087;102141;106362;110758;115335;120102;23266;24264;25306;26392;27524;28705;29937;31222;32561;33959;35416;36478;37571;38697;39857;41052;42282;43550;44855;46200;47585;49011;50480;51993;53552;25707;26892;28131;29427;30783;32202;33685;35238;36862;38560;40337;41622;42947;44315;45726;47182;48684;50235;51834;53485;55188;56946;58759;60630;62561;10314;10709;11118;11544;11985;12444;12920;13415;13928;14461;15014;15573;16153;16755;17379;18026;18697;19394;20116;20865;21642;22448;23284;24151;25051;14049;14579;15129;15700;16292;16907;17545;18207;18893;19606;20346;21191;22072;22989;23944;24939;25975;27055;28179;29349;30569;31839;33162;34540;35975
2102;23652;24197;24754;25324;25907;26503;27113;27738;28376;29030;29698;30281;30876;31483;32101;32732;33374;34030;34698;35380;36075;36783;37506;38243;38994;23472;24091;24726;25378;26047;26734;27439;28163;28905;29668;30450;31173;31913;32670;33445;34239;35052;35884;36735;37607;38500;39414;40349;41307;42287;12851;13242;13645;14061;14489;14930;15385;15853;16336;16833;17346;17703;18068;18441;18821;19209;19604;20008;20421;20842;21271;21710;22157;22614;23080;12136;12568;13015;13478;13958;14454;14968;15501;16052;16624;17215;17663;18124;18596;19080;19577;20087;20611;21148;21699;22264;22844;23439;24050;24676;5330;5518;5712;5913;6121;6336;6559;6790;7029;7276;7532;7743;7959;8182;8411;8646;8888;9136;9392;9654;9924;10202;10487;10780;11082;5826;6040;6261;6491;6728;6975;7231;7496;7771;8056;8351;8610;8876;9151;9434;9726;10027;10338;10658;10988;11328;11678;12040;12413;12797
2103;14180;14527;14882;15246;15619;16002;16393;16794;17205;17626;18057;18489;18931;19384;19847;20322;20808;21306;21815;22337;22871;23418;23978;24551;25139;15362;15776;16201;16638;17087;17548;18021;18506;19005;19518;20044;20590;21151;21727;22319;22927;23552;24193;24852;25529;26225;26939;27673;28427;29201;7487;7752;8026;8310;8604;8908;9223;9549;9887;10237;10599;10821;11047;11278;11514;11755;12001;12252;12509;12770;13038;13310;13589;13873;14164;7949;8276;8616;8971;9340;9724;10124;10540;10974;11425;11895;12182;12477;12778;13087;13403;13727;14059;14399;14747;15103;15468;15842;16225;16617;3346;3454;3566;3681;3800;3922;4049;4180;4315;4454;4598;4722;4850;4981;5116;5254;5397;5543;5693;5847;6005;6167;6334;6505;6681;4363;4505;4652;4804;4961;5122;5289;5462;5640;5824;6014;6199;6389;6585;6787;6995;7210;7431;7659;7895;8137;8387;8644;8909;9183
2104;9332;9594;9863;10139;10423;10715;11016;11325;11642;11968;12304;12570;12842;13119;13403;13693;13989;14291;14600;14916;15238;15567;15904;16248;16599;9929;10177;10432;10693;10961;11235;11516;11804;12100;12403;12713;13034;13363;13700;14045;14400;14763;15136;15518;15909;16311;16722;17144;17577;18020;5015;5190;5370;5558;5751;5952;6159;6373;6595;6825;7063;7243;7427;7617;7811;8010;8214;8423;8638;8858;9083;9315;9552;9795;10045;5212;5415;5627;5846;6074;6311;6557;6813;7079;7355;7642;7848;8060;8277;8500;8729;8965;9206;9454;9709;9971;10240;10516;10800;11091;2346;2419;2495;2572;2653;2735;2820;2908;2999;3093;3189;3287;3388;3491;3598;3709;3823;3940;4061;4185;4313;4446;4582;4722;4867;2701;2783;2867;2954;3043;3136;3231;3328;3429;3533;3640;3778;3920;4068;4222;4381;4547;4719;4897;5082;5274;5473;5680;5895;6117
2105;20111;20769;21448;22149;22874;23622;24395;25192;26016;26867;27746;28479;29232;30004;30797;31611;32446;33303;34183;35087;36014;36965;37942;38945;39974;19147;19812;20501;21213;21951;22713;23503;24319;25165;26039;26944;27816;28715;29644;30603;31593;32615;33670;34759;35883;37044;38242;39479;40756;42074;10007;10437;10885;11352;11840;12348;12878;13431;14008;14610;15237;15706;16190;16689;17203;17733;18279;18842;19422;20020;20637;21273;21928;22603;23300;9313;9757;10222;10709;11220;11755;12315;12902;13517;14162;14837;15362;15906;16470;17053;17656;18282;18929;19599;20293;21012;21756;22526;23324;24149;3985;4168;4359;4560;4769;4988;5217;5456;5707;5969;6243;6502;6772;7052;7345;7649;7967;8297;8641;8999;9373;9761;10166;10588;11027;4521;4704;4894;5092;5298;5513;5736;5968;6209;6461;6722;7012;7314;7629;7958;8301;8659;9033;9422;9828;10252;10694;11155;11636;12138
2201;27840;28728;29644;30589;31564;32570;33609;34680;35786;36927;38104;39430;40803;42223;43693;45214;46788;48417;50102;51846;53651;55518;57451;59451;61520;32101;33140;34213;35320;36463;37644;38862;40120;41418;42759;44143;45915;47759;49677;51671;53746;55904;58148;60483;62912;65438;68065;70798;73641;76597;15540;16042;16559;17094;17645;18215;18803;19409;20036;20683;21350;22113;22903;23722;24570;25448;26358;27300;28276;29286;30333;31417;32540;33703;34908;17935;18669;19433;20228;21055;21917;22813;23747;24718;25729;26782;27768;28790;29850;30948;32087;33268;34493;35763;37079;38444;39859;41326;42847;44424;6055;6356;6672;7003;7351;7717;8100;8502;8925;9368;9834;10172;10521;10883;11257;11643;12043;12457;12885;13328;13786;14259;14749;15256;15780;8049;8499;8974;9476;10005;10565;11155;11779;12438;13133;13867;14411;14976;15563;16173;16807;17466;18151;18862;19602;20370;21169;21999;22861;23758
2202;12388;12713;13047;13390;13741;14102;14472;14852;15242;15642;16053;16480;16919;17369;17831;18306;18793;19293;19807;20334;20875;21431;22001;22587;23188;13428;13775;14130;14495;14869;15253;15646;16050;16464;16889;17325;17832;18355;18892;19446;20015;20602;21205;21826;22466;23124;23801;24498;25216;25954;7100;7319;7544;7776;8016;8263;8517;8780;9050;9329;9616;9896;10185;10481;10787;11101;11424;11757;12100;12452;12815;13189;13573;13968;14375;7470;7754;8050;8356;8674;9005;9348;9704;10073;10457;10855;11169;11493;11825;12168;12520;12882;13255;13639;14034;14440;14858;15288;15731;16186;2944;3063;3188;3317;3452;3592;3737;3889;4047;4211;4382;4518;4659;4804;4954;5108;5267;5431;5600;5774;5954;6139;6330;6527;6730;3504;3655;3813;3977;4149;4328;4514;4709;4912;5124;5345;5548;5758;5977;6203;6439;6683;6937;7200;7473;7756;8051;8356;8673;9002
2203;9891;10235;10592;10961;11343;11738;12146;12569;13007;13460;13929;14281;14642;15013;15392;15781;16181;16590;17009;17439;17880;18332;18796;19271;19759;10797;11170;11557;11956;12370;12797;13240;13697;14171;14661;15168;15535;15911;16296;16690;17094;17508;17932;18366;18810;19265;19732;20209;20698;21199;5967;6130;6298;6470;6647;6828;7015;7207;7404;7606;7814;8091;8378;8675;8983;9302;9632;9973;10327;10693;11073;11465;11872;12293;12729;6252;6472;6700;6935;7179;7432;7694;7964;8245;8535;8835;9154;9486;9829;10184;10552;10934;11329;11739;12163;12603;13059;13531;14020;14527;2454;2562;2675;2793;2917;3045;3180;3320;3466;3619;3779;3906;4037;4173;4313;4458;4608;4762;4922;5088;5259;5435;5618;5807;6002;2767;2896;3031;3173;3321;3476;3638;3808;3985;4171;4366;4526;4693;4865;5044;5229;5421;5621;5827;6041;6263;6493;6732;6979;7236
2204;2925;3037;3153;3273;3398;3528;3663;3802;3948;4098;4255;4380;4509;4642;4779;4920;5064;5214;5367;5525;5688;5856;6028;6206;6388;3238;3337;3440;3546;3655;3767;3883;4002;4125;4251;4382;4501;4623;4748;4877;5009;5145;5285;5428;5575;5726;5882;6041;6205;6373;1733;1788;1845;1904;1964;2027;2091;2158;2226;2297;2370;2466;2565;2668;2776;2888;3004;3125;3251;3382;3519;3660;3808;3961;4121;1941;2007;2076;2147;2221;2296;2375;2456;2540;2627;2717;2804;2893;2985;3080;3178;3280;3384;3492;3603;3718;3837;3959;4085;4215;823;849;876;904;933;962;993;1024;1057;1090;1125;1164;1205;1247;1291;1336;1383;1432;1482;1534;1588;1643;1701;1761;1822;971;1009;1048;1089;1132;1176;1222;1269;1319;1371;1424;1478;1534;1593;1653;1716;1782;1849;1920;1993;2069;2147;2229;2314;2402
2205;3352;3457;3564;3676;3790;3908;4030;4156;4286;4419;4557;4727;4903;5086;5275;5472;5676;5887;6107;6334;6570;6815;7069;7332;7606;3707;3796;3887;3980;4075;4173;4273;4376;4481;4588;4698;4847;5000;5158;5321;5490;5663;5842;6027;6218;6415;6618;6827;7043;7266;2002;2053;2105;2159;2213;2270;2327;2386;2447;2509;2573;2672;2774;2880;2991;3105;3225;3348;3476;3610;3748;3892;4041;4196;4357;1981;2057;2137;2219;2304;2393;2485;2581;2680;2784;2891;2990;3093;3200;3310;3424;3542;3664;3790;3920;4055;4195;4339;4488;4643;822;863;905;950;997;1047;1099;1153;1210;1270;1333;1375;1418;1463;1509;1556;1605;1655;1707;1761;1816;1873;1932;1993;2055;957;997;1039;1082;1128;1175;1224;1276;1329;1385;1443;1499;1558;1619;1682;1748;1816;1887;1961;2038;2117;2200;2286;2375;2468
2206;5088;5220;5355;5494;5636;5782;5932;6086;6243;6405;6571;6758;6951;7149;7353;7562;7778;7999;8227;8462;8703;8951;9206;9468;9738;5805;5930;6058;6188;6321;6457;6596;6738;6883;7032;7183;7397;7617;7844;8077;8317;8565;8820;9082;9353;9631;9918;10213;10517;10830;2907;2990;3075;3163;3253;3346;3442;3540;3641;3745;3852;3971;4093;4219;4349;4483;4621;4763;4910;5061;5217;5377;5543;5714;5890;3383;3488;3595;3707;3821;3939;4061;4187;4316;4449;4587;4726;4868;5016;5167;5323;5484;5650;5821;5997;6178;6365;6557;6755;6959;1300;1350;1402;1456;1512;1570;1630;1693;1758;1826;1896;1957;2020;2084;2151;2220;2292;2365;2441;2520;2600;2684;2770;2859;2951;1537;1612;1690;1773;1859;1950;2045;2144;2249;2358;2473;2556;2643;2732;2824;2919;3018;3120;3225;3334;3446;3563;3683;3807;3936
2301;73083;75831;78683;81642;84712;87897;91203;94633;98191;101884;105715;109453;113324;117331;121480;125775;130223;134827;139595;144531;149642;154933;160412;166084;171957;91947;95214;98596;102099;105726;109482;113371;117399;121570;125889;130361;135202;140223;145431;150832;156433;162243;168268;174517;180998;187720;194692;201922;209421;217198;43316;44549;45817;47121;48462;49841;51260;52719;54220;55763;57350;59235;61183;63194;65271;67417;69634;71923;74287;76729;79252;81857;84548;87327;90198;55824;57733;59706;61748;63859;66042;68300;70635;73050;75547;78130;80708;83371;86121;88963;91898;94930;98062;101298;104640;108093;111659;115343;119149;123080;16537;17406;18320;19282;20295;21361;22483;23664;24907;26215;27592;28345;29118;29913;30729;31568;32429;33314;34224;35157;36117;37103;38115;39155;40224;23942;25438;27027;28715;30509;32414;34439;36591;38876;41305;43885;45370;46906;48493;50134;51831;53585;55399;57274;59212;61216;63288;65430;67644;69934
2302;17746;18374;19024;19697;20394;21116;21863;22636;23437;24266;25125;25758;26407;27072;27754;28453;29170;29905;30658;31430;32222;33034;33866;34719;35594;19504;20175;20869;21587;22329;23097;23892;24714;25564;26443;27353;28047;28759;29489;30237;31004;31791;32598;33425;34273;35143;36035;36949;37887;38848;13269;13363;13457;13552;13647;13744;13840;13938;14036;14135;14235;14703;15186;15685;16201;16733;17283;17851;18438;19044;19670;20316;20984;21674;22386;14008;14202;14398;14597;14799;15004;15211;15421;15635;15851;16070;16616;17181;17765;18369;18994;19640;20307;20998;21711;22450;23213;24002;24818;25662;5839;6086;6343;6611;6890;7181;7485;7801;8130;8474;8832;8965;9100;9236;9375;9516;9659;9804;9952;10102;10253;10408;10564;10723;10884;6359;6670;6995;7337;7695;8071;8465;8879;9312;9767;10244;10481;10724;10973;11227;11487;11753;12026;12304;12589;12881;13180;13485;13797;14117
2303;10981;11289;11606;11931;12266;12610;12963;13327;13701;14085;14480;14719;14962;15210;15461;15717;15976;16240;16509;16781;17059;17340;17627;17918;18214;12460;12754;13054;13362;13677;13999;14329;14667;15013;15367;15729;16015;16306;16602;16903;17210;17523;17841;18165;18495;18831;19173;19521;19876;20237;7563;7682;7803;7926;8051;8178;8306;8437;8570;8705;8842;9026;9213;9405;9600;9800;10004;10212;10424;10641;10862;11088;11318;11553;11793;7727;7949;8176;8411;8652;8900;9155;9418;9688;9965;10251;10472;10699;10930;11166;11407;11653;11905;12162;12425;12693;12967;13247;13533;13825;3192;3326;3465;3610;3762;3919;4083;4254;4433;4618;4812;4913;5016;5121;5229;5339;5451;5565;5682;5801;5923;6047;6174;6304;6436;3198;3368;3547;3736;3935;4144;4365;4597;4841;5099;5370;5543;5721;5905;6095;6291;6493;6702;6918;7141;7370;7607;7852;8105;8365
2304;21002;21531;22074;22630;23200;23784;24383;24998;25627;26273;26935;27503;28083;28675;29280;29898;30528;31172;31830;32501;33186;33886;34601;35331;36076;25854;26423;27005;27599;28206;28827;29461;30110;30773;31450;32142;32854;33582;34327;35087;35865;36660;37472;38302;39151;40019;40906;41812;42739;43686;12689;13031;13382;13743;14113;14494;14884;15285;15697;16121;16555;16961;17377;17804;18241;18688;19147;19616;20098;20591;21096;21614;22144;22687;23244;15835;16313;16805;17312;17834;18372;18926;19497;20085;20691;21315;21807;22311;22826;23354;23893;24445;25010;25588;26179;26783;27402;28035;28683;29345;5807;6006;6211;6424;6643;6871;7106;7349;7600;7860;8129;8397;8674;8960;9256;9561;9877;10202;10539;10887;11246;11617;12000;12396;12805;7432;7757;8096;8450;8820;9206;9608;10029;10467;10925;11403;11788;12186;12598;13023;13463;13918;14388;14874;15377;15896;16433;16988;17562;18155
2305;9005;9210;9419;9633;9852;10076;10305;10540;10779;11024;11275;11538;11808;12084;12366;12655;12951;13253;13563;13879;14204;14535;14875;15222;15578;9954;10164;10379;10598;10822;11051;11285;11523;11766;12015;12269;12577;12893;13217;13549;13890;14239;14597;14963;15339;15725;16120;16525;16940;17366;6219;6313;6409;6506;6605;6705;6807;6910;7015;7121;7229;7421;7618;7821;8029;8242;8461;8686;8917;9154;9397;9647;9903;10166;10436;6385;6551;6721;6895;7074;7257;7446;7639;7837;8040;8249;8451;8658;8870;9087;9309;9537;9770;10010;10254;10505;10763;11026;11296;11572;2798;2922;3052;3188;3330;3477;3632;3793;3962;4138;4322;4418;4516;4616;4719;4823;4930;5040;5151;5266;5383;5502;5624;5749;5876;3006;3148;3296;3452;3615;3785;3964;4151;4347;4552;4767;4916;5070;5229;5392;5561;5735;5915;6100;6291;6488;6691;6900;7116;7339
2306;25567;26307;27068;27851;28657;29486;30339;31216;32120;33049;34005;34851;35717;36605;37516;38449;39405;40385;41389;42418;43473;44554;45662;46797;47961;29510;30235;30977;31738;32517;33316;34134;34973;35831;36711;37613;38459;39325;40210;41114;42039;42985;43953;44942;45953;46987;48044;49125;50230;51361;16986;17288;17596;17910;18229;18553;18884;19220;19562;19910;20265;20866;21485;22122;22778;23453;24148;24864;25602;26361;27142;27947;28776;29629;30508;18086;18637;19204;19788;20391;21011;21651;22310;22989;23689;24410;25001;25606;26226;26860;27511;28176;28858;29557;30272;31005;31755;32524;33311;34117;7766;8043;8329;8626;8933;9251;9580;9922;10275;10641;11020;11240;11465;11693;11927;12165;12408;12656;12909;13166;13429;13697;13971;14250;14535;8593;8970;9363;9773;10201;10649;11115;11603;12111;12642;13196;13584;13983;14394;14818;15253;15702;16163;16638;17128;17631;18149;18683;19232;19798
2401;32368;33717;35122;36585;38109;39697;41351;43074;44869;46739;48686;50441;52258;54142;56093;58115;60209;62379;64627;66956;69369;71869;74459;77142;79923;40957;42583;44274;46031;47859;49759;51734;53788;55923;58144;60452;62469;64554;66708;68933;71234;73610;76067;78605;81228;83938;86739;89633;92624;95714;21375;21772;22176;22587;23006;23433;23868;24311;24762;25222;25690;26648;27642;28673;29742;30851;32002;33195;34433;35717;37049;38431;39864;41351;42893;25745;26538;27356;28199;29068;29964;30888;31840;32821;33832;34875;36145;37461;38825;40239;41704;43222;44796;46427;48117;49869;51685;53567;55517;57539;10299;10611;10933;11264;11605;11957;12319;12692;13077;13473;13881;14201;14528;14863;15205;15555;15914;16280;16655;17039;17432;17833;18244;18664;19094;12939;13557;14205;14883;15594;16339;17120;17938;18794;19692;20633;21336;22063;22815;23593;24397;25229;26089;26978;27897;28848;29831;30848;31899;32987
2402;6176;6375;6580;6792;7010;7236;7469;7709;7957;8214;8478;8711;8951;9197;9450;9710;9977;10251;10533;10823;11121;11427;11741;12064;12396;7575;7787;8004;8228;8458;8694;8937;9187;9444;9708;9979;10231;10489;10754;11025;11303;11589;11881;12181;12488;12804;13127;13458;13798;14146;4875;4887;4900;4912;4925;4937;4950;4962;4975;4987;5000;5149;5303;5462;5625;5793;5967;6145;6329;6518;6713;6913;7120;7333;7552;5548;5626;5705;5786;5867;5949;6033;6118;6204;6291;6380;6544;6712;6885;7062;7243;7429;7620;7816;8017;8223;8434;8651;8873;9101;2479;2544;2611;2680;2750;2822;2896;2972;3051;3131;3213;3250;3288;3326;3365;3404;3444;3484;3524;3565;3607;3649;3691;3734;3777;2903;3017;3136;3259;3387;3520;3659;3803;3952;4108;4269;4359;4450;4544;4639;4736;4836;4937;5041;5147;5255;5365;5478;5593;5710
2403;17750;18316;18900;19502;20124;20766;21428;22111;22816;23543;24294;25015;25757;26521;27307;28117;28952;29810;30695;31605;32543;33508;34502;35525;36579;20538;21175;21831;22508;23206;23926;24668;25433;26222;27035;27873;28734;29622;30537;31480;32453;33455;34489;35555;36653;37785;38953;40156;41397;42675;12781;12890;13001;13112;13224;13337;13451;13566;13682;13799;13917;14293;14679;15076;15483;15902;16332;16773;17226;17692;18170;18661;19165;19683;20215;13734;14015;14301;14593;14892;15196;15507;15824;16147;16477;16814;17294;17788;18296;18818;19356;19908;20477;21061;21663;22281;22918;23572;24245;24937;6016;6205;6400;6602;6809;7023;7244;7472;7707;7949;8199;8332;8468;8605;8745;8887;9031;9178;9327;9479;9633;9789;9948;10110;10274;6536;6837;7152;7482;7827;8188;8565;8960;9373;9805;10257;10513;10776;11046;11322;11605;11895;12192;12497;12809;13129;13458;13794;14139;14492
2501;33509;34565;35655;36779;37938;39134;40368;41641;42953;44307;45704;47230;48806;50435;52119;53859;55657;57515;59435;61419;63469;65588;67777;70039;72378;44103;45344;46620;47932;49281;50668;52094;53560;55068;56618;58211;60011;61867;63780;65752;67786;69882;72043;74271;76568;78935;81376;83893;86487;89162;21246;21623;22007;22398;22796;23201;23613;24032;24459;24893;25335;26140;26971;27828;28712;29624;30566;31537;32539;33573;34640;35740;36876;38048;39257;27249;28022;28817;29634;30475;31339;32228;33143;34083;35050;36044;37077;38140;39233;40358;41515;42705;43929;45188;46483;47816;49186;50596;52046;53538;10021;10261;10507;10759;11017;11281;11551;11828;12111;12402;12699;12960;13226;13498;13775;14058;14347;14641;14942;15249;15562;15882;16208;16541;16881;13539;14094;14672;15274;15900;16552;17231;17938;18673;19439;20236;20832;21445;22077;22727;23396;24085;24794;25524;26276;27050;27846;28666;29510;30379
2502;23636;24275;24932;25606;26299;27011;27741;28492;29262;30054;30867;31660;32473;33307;34162;35039;35939;36862;37808;38779;39775;40796;41844;42919;44021;30573;31233;31907;32596;33300;34019;34753;35504;36270;37053;37853;38698;39562;40445;41348;42271;43215;44179;45166;46174;47205;48259;49336;50437;51563;17231;17338;17445;17554;17662;17772;17882;17993;18105;18217;18330;18802;19286;19783;20292;20815;21351;21901;22465;23043;23637;24246;24870;25510;26167;20685;21059;21440;21828;22223;22625;23034;23451;23875;24307;24747;25323;25912;26515;27132;27763;28409;29070;29746;30438;31146;31871;32612;33371;34147;8743;8942;9145;9352;9565;9782;10004;10231;10463;10701;10944;11081;11219;11359;11501;11644;11789;11936;12085;12236;12389;12543;12700;12858;13019;10870;11284;11714;12160;12623;13103;13602;14120;14658;15216;15795;16129;16470;16818;17174;17537;17908;18287;18674;19068;19472;19884;20304;20733;21172
2503;13404;13775;14155;14547;14949;15362;15787;16223;16672;17132;17606;18013;18429;18855;19290;19736;20192;20658;21135;21624;22123;22634;23157;23692;24239;16254;16689;17136;17595;18066;18550;19047;19557;20080;20618;21170;21597;22033;22478;22932;23395;23867;24349;24841;25342;25854;26376;26908;27451;28005;9323;9428;9534;9641;9749;9859;9969;10081;10195;10309;10425;10688;10958;11234;11518;11808;12106;12411;12725;13046;13375;13712;14058;14413;14776;10436;10680;10930;11186;11448;11716;11991;12272;12559;12853;13154;13489;13832;14184;14545;14915;15294;15684;16083;16492;16911;17342;17783;18235;18699;4759;4869;4982;5098;5216;5337;5461;5587;5717;5849;5985;6083;6183;6285;6388;6493;6600;6708;6819;6931;7045;7160;7278;7398;7519;5280;5462;5650;5845;6047;6255;6471;6694;6925;7164;7411;7609;7812;8020;8234;8454;8679;8911;9148;9392;9643;9900;10164;10435;10713
2504;6923;7099;7279;7463;7652;7846;8045;8249;8459;8673;8893;9073;9257;9444;9636;9831;10030;10233;10440;10652;10867;11087;11312;11541;11775;8292;8514;8743;8977;9218;9465;9719;9980;10248;10523;10805;10985;11168;11355;11544;11736;11932;12131;12333;12539;12748;12961;13177;13397;13620;4705;4784;4864;4945;5028;5112;5198;5285;5374;5464;5555;5680;5808;5939;6072;6209;6349;6492;6638;6787;6940;7096;7256;7419;7586;5070;5223;5381;5544;5712;5885;6063;6246;6435;6629;6830;7002;7179;7361;7547;7737;7933;8133;8338;8549;8765;8986;9213;9446;9684;2340;2407;2477;2548;2621;2697;2774;2854;2936;3021;3108;3176;3246;3318;3391;3465;3542;3620;3699;3781;3864;3949;4036;4125;4216;2375;2481;2592;2708;2829;2956;3088;3226;3371;3521;3679;3793;3910;4031;4156;4285;4417;4554;4695;4840;4990;5145;5304;5468;5637
2601;97296;100372;103545;106819;110196;113680;117274;120981;124806;128752;132822;137347;142027;146866;151869;157043;162394;167927;173648;179564;185682;192008;198550;205315;212310;129560;133607;137780;142083;146521;151097;155817;160684;165702;170878;176215;182140;188264;194595;201138;207901;214892;222117;229586;237305;245285;253532;262057;270869;279976;54164;55389;56641;57922;59232;60572;61941;63342;64774;66239;67737;69925;72183;74514;76920;79404;81968;84616;87348;90169;93081;96087;99190;102393;105700;73214;75611;78087;80643;83284;86011;88827;91735;94739;97841;101044;104255;107568;110987;114514;118153;121908;125783;129780;133904;138160;142551;147081;151755;156578;20567;21317;22095;22901;23736;24602;25500;26430;27394;28393;29429;30118;30824;31546;32284;33040;33814;34606;35417;36246;37095;37964;38853;39763;40694;33001;34536;36143;37825;39585;41426;43354;45371;47482;49691;52003;53632;55311;57043;58830;60672;62572;64532;66552;68637;70786;73003;75289;77647;80078
2602;45304;46334;47387;48465;49567;50693;51846;53025;54230;55463;56724;58025;59355;60716;62108;63532;64989;66479;68003;69563;71157;72789;74458;76165;77912;55773;56880;58008;59159;60332;61529;62750;63995;65265;66559;67880;69419;70994;72604;74250;75934;77656;79418;81219;83061;84944;86871;88841;90856;92916;30037;30350;30666;30985;31308;31634;31963;32296;32632;32972;33315;34115;34935;35774;36633;37513;38414;39337;40282;41249;42240;43255;44294;45358;46448;33943;34715;35504;36311;37137;37981;38844;39727;40631;41554;42499;43467;44456;45468;46503;47562;48645;49752;50885;52043;53228;54440;55679;56947;58243;13238;13572;13914;14265;14624;14993;15371;15759;16156;16563;16981;17267;17557;17852;18152;18458;18768;19084;19404;19731;20063;20400;20743;21092;21446;16118;16628;17153;17696;18255;18832;19428;20042;20676;21330;22004;22596;23203;23827;24468;25126;25802;26496;27208;27940;28691;29463;30255;31069;31904
2603;10467;10769;11080;11399;11728;12066;12414;12772;13141;13520;13910;14200;14495;14797;15105;15420;15741;16068;16403;16744;17093;17449;17812;18183;18561;12820;13146;13480;13822;14174;14534;14903;15282;15670;16069;16477;16787;17103;17424;17752;18086;18426;18772;19125;19485;19851;20225;20605;20992;21387;7271;7341;7411;7482;7554;7626;7699;7773;7847;7922;7998;8218;8445;8678;8917;9162;9415;9674;9941;10215;10497;10786;11083;11388;11702;8099;8283;8472;8665;8862;9064;9270;9481;9697;9917;10143;10410;10684;10965;11254;11550;11854;12166;12486;12814;13152;13498;13853;14218;14592;3497;3584;3673;3764;3858;3954;4052;4153;4256;4362;4470;4562;4656;4752;4850;4950;5052;5156;5263;5371;5482;5595;5710;5828;5948;3896;4035;4178;4327;4481;4641;4806;4977;5154;5338;5528;5686;5848;6015;6187;6363;6545;6732;6924;7122;7325;7534;7749;7970;8198
2604;13914;14478;15065;15675;16311;16972;17659;18375;19120;19895;20701;21291;21898;22522;23164;23824;24503;25201;25919;26658;27418;28199;29003;29830;30680;16242;16858;17498;18162;18851;19566;20308;21079;21878;22708;23570;24278;25007;25757;26531;27327;28148;28993;29863;30760;31683;32634;33614;34623;35663;8086;8312;8545;8784;9030;9283;9543;9810;10085;10367;10657;11083;11527;11988;12468;12967;13486;14026;14587;15171;15778;16409;17066;17749;18459;9269;9612;9968;10337;10720;11117;11529;11956;12399;12858;13334;13827;14338;14868;15417;15987;16578;17191;17826;18485;19168;19876;20611;21373;22163;4094;4210;4330;4453;4579;4709;4843;4981;5122;5267;5417;5610;5809;6016;6229;6451;6680;6918;7164;7418;7682;7955;8238;8531;8834;5016;5192;5375;5564;5759;5961;6171;6388;6612;6844;7085;7378;7683;8001;8332;8677;9036;9410;9800;10205;10627;11067;11525;12002;12498
2701;30593;31687;32821;33995;35212;36471;37776;39128;40527;41977;43479;45105;46792;48542;50358;52241;54195;56222;58325;60506;62769;65117;67552;70078;72699;37602;38849;40137;41467;42842;44262;45730;47246;48812;50430;52102;54194;56371;58635;60989;63439;65986;68636;71393;74260;77242;80344;83571;86927;90418;16288;16702;17127;17563;18010;18468;18938;19420;19914;20420;20940;21722;22533;23374;24246;25151;26090;27064;28074;29122;30209;31337;32507;33720;34979;19947;20639;21354;22094;22860;23653;24473;25321;26199;27107;28047;29061;30112;31200;32328;33497;34708;35963;37264;38611;40007;41453;42952;44505;46114;7293;7439;7587;7739;7894;8052;8212;8377;8544;8715;8889;9108;9333;9563;9798;10040;10287;10541;10800;11066;11339;11619;11905;12198;12499;9798;10144;10503;10874;11258;11655;12067;12494;12935;13392;13865;14325;14800;15291;15799;16323;16864;17424;18002;18599;19216;19853;20512;21192;21896
2702;20344;21065;21812;22586;23387;24216;25075;25964;26885;27838;28825;29388;29963;30548;31146;31754;32375;33008;33653;34311;34981;35665;36362;37073;37797;24238;24934;25650;26386;27144;27923;28725;29549;30398;31270;32168;32935;33721;34526;35349;36193;37056;37940;38845;39772;40721;41692;42687;43705;44748;11508;11806;12112;12426;12748;13078;13417;13764;14121;14487;14862;15377;15909;16461;17031;17621;18231;18863;19516;20192;20892;21615;22364;23139;23940;13137;13564;14004;14459;14929;15414;15914;16431;16965;17516;18085;18664;19261;19878;20514;21171;21849;22548;23270;24015;24784;25577;26396;27241;28113;6075;6145;6215;6286;6359;6432;6505;6580;6655;6732;6809;7000;7197;7399;7607;7821;8041;8267;8499;8738;8984;9236;9496;9763;10037;7059;7207;7359;7514;7672;7833;7998;8166;8338;8513;8692;8984;9285;9597;9919;10252;10596;10952;11319;11699;12092;12498;12917;13351;13799
2801;19943;20830;21757;22726;23737;24793;25897;27049;28253;29510;30823;32147;33527;34967;36469;38035;39668;41371;43148;45001;46933;48949;51051;53243;55530;25669;26662;27694;28765;29878;31034;32235;33482;34778;36123;37521;39184;40920;42733;44626;46604;48669;50825;53078;55429;57886;60450;63129;65926;68847;10704;11049;11404;11772;12151;12542;12946;13362;13793;14237;14695;15366;16068;16802;17569;18371;19210;20088;21005;21964;22967;24016;25113;26260;27459;14723;15247;15789;16351;16933;17536;18160;18806;19475;20168;20886;21755;22661;23604;24586;25610;26676;27786;28942;30147;31402;32709;34070;35488;36965;5221;5341;5463;5588;5716;5847;5980;6117;6257;6400;6547;6774;7009;7252;7504;7764;8034;8312;8601;8899;9208;9527;9858;10200;10554;7426;7745;8078;8425;8788;9165;9559;9970;10399;10846;11312;11763;12231;12719;13225;13752;14300;14870;15463;16079;16719;17385;18078;18798;19547
2802;11251;11695;12156;12635;13133;13651;14189;14748;15330;15934;16562;17036;17525;18027;18543;19074;19621;20183;20761;21356;21967;22597;23244;23910;24595;13317;13726;14148;14583;15031;15492;15968;16459;16965;17486;18023;18562;19117;19688;20277;20883;21507;22150;22812;23494;24197;24920;25665;26432;27222;7028;7179;7334;7492;7653;7818;7986;8158;8334;8514;8697;9031;9379;9740;10114;10503;10907;11327;11762;12215;12685;13172;13679;14205;14751;7834;8073;8318;8572;8833;9102;9379;9665;9959;10262;10575;10939;11315;11705;12107;12524;12955;13400;13862;14338;14832;15342;15870;16416;16981;3858;3924;3991;4059;4128;4199;4271;4344;4418;4493;4570;4688;4810;4934;5062;5193;5328;5466;5607;5752;5901;6054;6211;6372;6537;4197;4331;4469;4612;4759;4911;5068;5229;5396;5568;5746;5945;6150;6363;6583;6811;7046;7290;7542;7803;8073;8352;8641;8940;9249
2901;58320;60946;63689;66557;69553;72684;75957;79376;82950;86684;90587;94472;98523;102748;107154;111749;116541;121538;126750;132185;137854;143765;149930;156359;163064;80019;83146;86394;89770;93278;96922;100709;104644;108733;112981;117396;122465;127752;133268;139021;145024;151285;157817;164631;171738;179153;186888;194957;203374;212155;28917;29981;31084;32228;33414;34644;35919;37241;38611;40032;41505;43419;45421;47516;49707;51999;54397;56905;59529;62275;65146;68150;71293;74581;78020;44972;46689;48472;50323;52245;54240;56311;58462;60694;63012;65418;67929;70537;73245;76057;78977;82009;85157;88427;91822;95347;99007;102808;106755;110853;11539;12009;12497;13006;13535;14086;14659;15256;15877;16523;17195;17850;18531;19237;19970;20731;21521;22341;23192;24076;24994;25946;26935;27961;29027;22766;23826;24934;26095;27309;28580;29911;31303;32760;34284;35880;37209;38588;40018;41500;43038;44632;46286;48001;49779;51624;53536;55520;57577;59710
2902;18818;19197;19584;19978;20381;20792;21210;21638;22074;22518;22972;23897;24859;25859;26900;27983;29110;30281;31500;32768;34087;35460;36887;38372;39916;23005;23353;23707;24066;24430;24800;25176;25557;25944;26337;26736;27730;28761;29830;30938;32089;33281;34518;35802;37132;38513;39944;41429;42969;44566;11453;11637;11823;12013;12205;12401;12600;12802;13007;13215;13427;13823;14232;14652;15085;15530;15989;16461;16947;17447;17962;18493;19039;19601;20180;13633;13992;14361;14740;15129;15528;15937;16358;16789;17232;17686;18090;18504;18927;19360;19803;20255;20719;21192;21677;22172;22679;23198;23728;24271;5556;5680;5807;5937;6069;6205;6343;6485;6630;6778;6929;7064;7201;7342;7485;7630;7779;7930;8085;8242;8403;8566;8733;8903;9076;7900;8125;8357;8595;8840;9092;9351;9617;9891;10173;10463;10750;11044;11347;11658;11977;12306;12643;12989;13345;13711;14087;14473;14870;15277
2903;35158;35814;36483;37164;37858;38565;39285;40018;40766;41527;42302;43851;45458;47123;48849;50638;52493;54416;56409;58475;60617;62837;65139;67525;69998;34390;35206;36042;36897;37773;38669;39587;40527;41488;42473;43481;45182;46949;48786;50694;52677;54738;56879;59104;61416;63818;66315;68909;71605;74406;18985;19459;19945;20443;20954;21477;22013;22563;23127;23704;24296;25016;25757;26519;27305;28114;28946;29804;30687;31596;32531;33495;34487;35508;36560;17679;18354;19054;19781;20536;21319;22133;22977;23854;24764;25709;26517;27351;28212;29099;30014;30958;31931;32935;33971;35040;36141;37278;38450;39659;7990;8260;8539;8827;9126;9434;9753;10082;10423;10775;11139;11441;11752;12071;12399;12735;13081;13436;13801;14176;14561;14956;15362;15779;16207;8978;9318;9672;10038;10419;10814;11224;11649;12091;12549;13025;13524;14042;14580;15139;15719;16321;16946;17596;18270;18970;19696;20451;21235;22048
2904;43294;43991;44699;45418;46149;46892;47647;48414;49193;49985;50789;52407;54076;55798;57576;59410;61302;63255;65269;67348;69493;71707;73991;76348;78780;46798;47643;48503;49379;50271;51179;52103;53044;54002;54977;55970;57591;59259;60976;62742;64560;66430;68354;70334;72371;74467;76624;78844;81128;83478;25271;25785;26310;26845;27391;27948;28517;29097;29689;30293;30909;31761;32637;33537;34462;35412;36389;37392;38423;39483;40572;41690;42840;44021;45235;26060;26825;27612;28422;29255;30114;30997;31907;32843;33806;34798;35803;36836;37900;38994;40120;41279;42470;43697;44958;46256;47592;48966;50380;51834;12071;12405;12749;13102;13464;13837;14220;14614;15019;15435;15862;16324;16800;17290;17794;18312;18846;19396;19961;20543;21142;21758;22392;23045;23716;14865;15322;15793;16279;16779;17295;17827;18375;18940;19523;20123;20807;21514;22246;23002;23784;24592;25428;26293;27186;28110;29066;30054;31076;32132
2905;15298;15733;16181;16641;17114;17601;18101;18616;19146;19690;20250;20777;21318;21872;22442;23026;23625;24240;24870;25518;26182;26863;27562;28279;29015;16509;16895;17289;17693;18107;18530;18963;19406;19859;20323;20798;21357;21931;22520;23125;23746;24384;25039;25712;26402;27112;27840;28588;29356;30145;8782;9061;9348;9644;9950;10266;10591;10927;11274;11631;12000;12396;12806;13228;13665;14116;14583;15064;15562;16075;16606;17155;17721;18306;18911;9497;9840;10194;10562;10943;11338;11747;12170;12609;13064;13535;13912;14300;14699;15109;15531;15964;16409;16866;17337;17820;18317;18828;19353;19893;4291;4428;4569;4715;4866;5021;5182;5347;5518;5694;5876;6101;6334;6576;6827;7088;7359;7641;7933;8236;8551;8878;9217;9569;9935;5703;5872;6045;6224;6408;6597;6792;6993;7199;7412;7631;7920;8220;8531;8854;9189;9537;9899;10273;10662;11066;11485;11920;12371;12840
2906;10338;10691;11057;11435;11826;12230;12648;13081;13528;13991;14469;15021;15594;16188;16806;17447;18112;18803;19520;20264;21037;21839;22672;23537;24434;10827;11123;11428;11741;12062;12392;12732;13080;13438;13806;14184;14720;15276;15853;16452;17073;17718;18388;19082;19803;20551;21327;22133;22969;23837;5612;5811;6018;6232;6453;6682;6920;7166;7420;7684;7957;8274;8604;8947;9304;9675;10061;10462;10879;11313;11764;12233;12721;13228;13756;5712;5959;6217;6487;6767;7060;7366;7685;8018;8365;8727;9034;9352;9682;10023;10375;10741;11119;11510;11916;12335;12769;13219;13684;14166;2530;2634;2742;2855;2972;3095;3222;3354;3492;3636;3785;3935;4091;4253;4422;4597;4779;4968;5165;5370;5583;5804;6034;6273;6522;2993;3101;3214;3330;3450;3575;3705;3839;3978;4122;4271;4456;4648;4849;5059;5278;5506;5745;5993;6252;6523;6805;7099;7406;7726
2907;12164;12584;13019;13469;13934;14416;14914;15429;15962;16513;17084;17525;17978;18442;18919;19408;19909;20423;20951;21492;22047;22617;23201;23800;24415;13251;13606;13971;14345;14729;15124;15529;15946;16373;16812;17262;17723;18196;18681;19180;19692;20217;20757;21311;21880;22464;23063;23679;24311;24960;7029;7243;7464;7691;7925;8166;8415;8671;8935;9208;9488;9812;10147;10494;10852;11223;11606;12003;12413;12837;13276;13729;14198;14683;15185;7446;7719;8002;8295;8599;8915;9241;9580;9931;10296;10673;10984;11305;11635;11974;12323;12683;13053;13434;13825;14229;14644;15071;15511;15963;3397;3486;3578;3672;3769;3868;3970;4074;4181;4291;4404;4558;4718;4883;5054;5230;5413;5603;5799;6002;6212;6429;6654;6887;7128;3961;4088;4219;4354;4493;4637;4785;4938;5097;5260;5428;5634;5849;6071;6302;6542;6790;7049;7317;7595;7884;8184;8495;8818;9153
2908;14410;14948;15506;16085;16686;17309;17956;18626;19322;20043;20792;21354;21931;22524;23133;23758;24400;25060;25737;26433;27148;27881;28635;29409;30204;16000;16495;17006;17532;18074;18634;19210;19805;20418;21050;21701;22294;22903;23529;24171;24832;25510;26207;26923;27659;28414;29191;29988;30807;31649;8397;8603;8815;9032;9254;9481;9715;9954;10198;10449;10706;11144;11601;12076;12570;13085;13621;14179;14760;15364;15993;16648;17330;18040;18778;9866;10129;10399;10675;10960;11252;11551;11859;12175;12499;12832;13276;13736;14212;14704;15213;15740;16285;16848;17432;18035;18660;19306;19974;20666;4411;4502;4595;4689;4786;4885;4985;5088;5193;5300;5409;5586;5769;5958;6153;6354;6563;6777;6999;7228;7465;7710;7962;8223;8492;5300;5477;5660;5849;6044;6246;6455;6670;6893;7123;7361;7609;7864;8129;8402;8685;8977;9279;9591;9913;10246;10591;10947;11315;11696
2909;17361;17956;18572;19208;19867;20548;21252;21981;22735;23514;24320;24671;25027;25388;25754;26125;26502;26884;27272;27666;28065;28469;28880;29297;29719;18945;19524;20120;20734;21367;22020;22692;23385;24100;24836;25594;26014;26442;26876;27317;27766;28222;28686;29157;29636;30122;30617;31120;31631;32151;10871;11079;11291;11507;11727;11952;12180;12414;12651;12893;13140;13588;14051;14530;15026;15538;16067;16615;17182;17767;18373;18999;19647;20317;21009;11422;11730;12047;12372;12706;13050;13402;13764;14135;14517;14909;15373;15851;16344;16852;17376;17917;18474;19048;19641;20252;20882;21531;22201;22891;5922;6049;6179;6312;6447;6586;6727;6872;7019;7170;7324;7509;7698;7892;8091;8295;8504;8718;8938;9163;9394;9631;9874;10123;10378;6530;6712;6899;7091;7289;7492;7700;7915;8135;8362;8595;8871;9157;9451;9755;10069;10393;10727;11072;11428;11796;12175;12567;12971;13388
2910;42885;44378;45922;47521;49175;50887;52658;54491;56387;58350;60381;61953;63566;65220;66918;68660;70447;72281;74163;76093;78074;80107;82192;84332;86527;51814;53390;55013;56686;58410;60187;62017;63903;65846;67849;69912;71723;73580;75486;77441;79446;81504;83614;85780;88001;90280;92618;95017;97478;100002;27065;27565;28074;28592;29120;29658;30206;30764;31332;31911;32500;33663;34868;36116;37409;38748;40135;41572;43060;44601;46198;47851;49564;51338;53176;31663;32540;33441;34367;35319;36297;37303;38336;39397;40489;41610;42991;44419;45893;47417;48991;50618;52298;54035;55829;57682;59597;61576;63620;65733;13408;13739;14078;14426;14782;15147;15521;15904;16297;16700;17112;17594;18089;18598;19121;19659;20213;20781;21366;21968;22586;23221;23875;24547;25238;17854;18435;19034;19653;20293;20953;21634;22338;23064;23814;24589;25403;26243;27112;28009;28935;29893;30882;31904;32960;34050;35177;36341;37544;38786
3101;103189;107361;111702;116218;120917;125806;130892;136184;141690;147419;153379;160140;167200;174570;182266;190300;198689;207448;216593;226141;236110;246518;257385;268731;280577;130605;135586;140757;146125;151698;157484;163490;169725;176198;182918;189894;198218;206907;215977;225445;235328;245643;256412;267652;279384;291632;304416;317760;331689;346229;47794;50102;52521;55056;57715;60501;63422;66485;69695;73060;76587;79952;83466;87133;90962;94959;99132;103488;108035;112783;117738;122912;128313;133951;139837;72163;75232;78431;81766;85243;88868;92647;96587;100694;104976;109440;113846;118430;123198;128159;133318;138686;144270;150079;156121;162407;168946;175748;182824;190185;16467;17388;18360;19387;20471;21616;22825;24102;25450;26873;28376;29958;31629;33393;35255;37222;39297;41489;43803;46245;48824;51547;54422;57457;60661;32582;34439;36402;38476;40669;42987;45437;48026;50763;53656;56714;59370;62151;65063;68110;71300;74640;78136;81796;85627;89638;93837;98232;102833;107650
3102;31557;32629;33738;34884;36069;37295;38562;39872;41227;42628;44076;45569;47113;48709;50359;52064;53828;55652;57537;59486;61501;63584;65738;67965;70267;34499;35536;36603;37703;38836;40003;41205;42444;43719;45033;46386;48022;49715;51468;53282;55161;57106;59119;61204;63362;65596;67909;70303;72782;75348;15606;16258;16937;17644;18381;19148;19948;20781;21649;22553;23495;24409;25358;26344;27369;28433;29539;30688;31881;33121;34409;35748;37138;38582;40083;17842;18644;19482;20357;21272;22228;23227;24271;25362;26502;27693;28699;29741;30821;31941;33101;34303;35549;36840;38178;39565;41002;42491;44034;45634;6390;6652;6925;7210;7505;7813;8134;8468;8816;9177;9554;10007;10482;10980;11500;12046;12618;13216;13844;14500;15188;15909;16664;17455;18283;8687;9085;9501;9937;10392;10868;11366;11887;12432;13001;13597;14200;14829;15486;16172;16889;17638;18419;19236;20088;20978;21908;22879;23893;24952
3103;30022;30551;31089;31636;32193;32760;33337;33924;34521;35129;35748;36735;37749;38791;39862;40962;42092;43254;44448;45675;46936;48232;49563;50931;52337;33611;34178;34754;35340;35936;36542;37158;37784;38421;39069;39728;40703;41701;42724;43773;44847;45947;47074;48229;49412;50624;51867;53139;54443;55778;15642;16195;16767;17360;17973;18609;19266;19947;20652;21382;22138;22637;23148;23669;24203;24749;25307;25877;26461;27057;27667;28291;28929;29581;30248;17874;18584;19321;20089;20886;21715;22577;23474;24406;25375;26382;26953;27537;28133;28743;29365;30001;30651;31315;31993;32686;33394;34117;34856;35611;6731;6952;7180;7416;7659;7910;8170;8438;8715;9001;9296;9683;10086;10506;10943;11399;11874;12368;12883;13419;13978;14560;15166;15797;16455;9744;10096;10461;10839;11231;11637;12057;12493;12944;13412;13897;14454;15034;15637;16264;16917;17595;18301;19035;19799;20593;21419;22278;23172;24101
3104;19887;20209;20535;20867;21205;21548;21896;22250;22610;22975;23347;24096;24870;25668;26492;27343;28220;29126;30061;31026;32022;33050;34111;35206;36336;23142;23522;23907;24299;24698;25103;25515;25933;26358;26791;27230;28012;28816;29644;30495;31371;32272;33198;34152;35133;36141;37179;38247;39345;40475;10739;11063;11397;11741;12096;12461;12837;13225;13624;14035;14459;14807;15163;15528;15901;16284;16675;17076;17487;17908;18338;18779;19231;19694;20167;12191;12682;13193;13725;14278;14853;15451;16074;16721;17395;18096;18506;18926;19356;19795;20244;20703;21172;21653;22144;22646;23160;23685;24222;24772;4288;4442;4603;4768;4940;5118;5303;5494;5692;5897;6109;6344;6588;6841;7104;7377;7660;7955;8261;8578;8908;9250;9606;9975;10359;5679;5924;6181;6448;6727;7017;7321;7637;7967;8312;8671;9039;9422;9822;10238;10672;11125;11597;12088;12601;13135;13692;14273;14878;15509
3105;21547;22108;22683;23273;23878;24500;25137;25791;26462;27151;27857;29143;30488;31895;33368;34908;36519;38205;39968;41813;43743;45763;47875;50085;52397;23881;24567;25272;25998;26744;27512;28302;29115;29951;30811;31696;33084;34532;36044;37622;39269;40989;42783;44657;46612;48652;50783;53006;55327;57749;11258;11697;12152;12626;13117;13628;14159;14711;15284;15879;16498;17033;17585;18155;18743;19350;19978;20625;21293;21984;22696;23432;24191;24975;25784;12596;13172;13775;14406;15065;15754;16475;17229;18017;18842;19704;20342;21001;21681;22383;23108;23856;24629;25427;26250;27100;27978;28884;29819;30785;3712;3938;4179;4434;4704;4991;5296;5619;5961;6325;6711;7017;7336;7671;8020;8385;8767;9167;9584;10021;10478;10955;11454;11976;12521;5193;5505;5836;6187;6559;6954;7372;7815;8285;8783;9311;9753;10217;10702;11210;11743;12301;12885;13497;14139;14810;15514;16251;17023;17832
3106;57624;59025;60460;61930;63436;64978;66558;68176;69833;71531;73270;76022;78877;81839;84913;88102;91411;94844;98406;102102;105936;109915;114043;118326;122770;65005;66625;68285;69986;71730;73517;75349;77226;79151;81123;83144;86194;89356;92634;96032;99555;103207;106993;110918;114987;119205;123578;128111;132811;137683;32665;33523;34404;35307;36235;37187;38163;39166;40195;41250;42334;43656;45020;46426;47876;49371;50913;52503;54143;55834;57577;59376;61230;63142;65114;40191;41298;42436;43605;44807;46041;47310;48613;49953;51329;52743;54265;55830;57441;59098;60802;62557;64361;66218;68128;70094;72116;74196;76336;78539;11596;12144;12718;13320;13949;14609;15299;16023;16780;17573;18404;19018;19653;20308;20986;21686;22410;23157;23930;24728;25553;26406;27287;28197;29138;17765;18650;19578;20553;21577;22651;23779;24964;26207;27512;28882;29815;30777;31771;32797;33856;34950;36078;37243;38446;39687;40969;42292;43658;45067
3107;17136;17684;18250;18833;19436;20057;20699;21361;22044;22749;23477;24481;25529;26621;27760;28948;30186;31478;32825;34229;35693;37221;38813;40474;42205;20276;20854;21449;22061;22691;23338;24004;24688;25393;26117;26862;27948;29077;30252;31475;32747;34070;35447;36879;38370;39920;41534;43212;44958;46775;8763;9053;9353;9663;9983;10314;10656;11009;11374;11751;12140;12630;13139;13669;14221;14794;15391;16012;16658;17330;18029;18756;19513;20300;21119;11824;12202;12592;12995;13410;13839;14281;14738;15209;15695;16197;16721;17262;17821;18398;18993;19608;20242;20898;21574;22272;22993;23737;24505;25298;3077;3200;3328;3461;3599;3743;3893;4049;4211;4379;4554;4756;4967;5187;5417;5657;5908;6170;6443;6729;7027;7339;7664;8004;8359;4720;4975;5243;5526;5824;6138;6469;6818;7186;7573;7982;8300;8631;8974;9332;9704;10090;10492;10910;11345;11796;12266;12755;13263;13791
3108;38563;39780;41036;42332;43668;45047;46469;47936;49449;51011;52621;54699;56859;59105;61439;63865;66387;69009;71734;74567;77512;80573;83755;87063;90501;40664;41852;43075;44334;45629;46962;48334;49747;51200;52696;54236;56484;58826;61264;63804;66449;69204;72072;75060;78172;81412;84787;88302;91963;95775;20911;21567;22244;22943;23663;24406;25172;25962;26777;27617;28484;29547;30649;31793;32979;34210;35486;36810;38184;39609;41087;42620;44210;45860;47571;24397;25137;25899;26684;27493;28327;29185;30070;30982;31921;32889;33994;35136;36316;37536;38796;40100;41447;42839;44278;45765;47302;48891;50533;52231;7220;7566;7929;8309;8708;9125;9563;10021;10502;11005;11533;11954;12390;12843;13311;13797;14301;14823;15364;15925;16506;17109;17733;18380;19051;10272;10786;11325;11892;12486;13111;13766;14455;15178;15937;16734;17300;17886;18491;19117;19764;20433;21125;21840;22579;23343;24133;24950;25794;26668
3109;30789;31813;32871;33964;35094;36261;37467;38713;40000;41330;42705;44362;46084;47872;49730;51660;53665;55747;57911;60158;62493;64918;67437;70054;72773;32593;33609;34657;35738;36852;38001;39186;40407;41667;42966;44306;46158;48088;50098;52192;54374;56646;59014;61481;64051;66729;69518;72424;75451;78605;17204;17741;18294;18865;19453;20060;20686;21331;21996;22682;23390;24302;25250;26235;27258;28321;29426;30574;31766;33005;34293;35630;37020;38464;39964;19039;19675;20333;21012;21714;22440;23190;23964;24765;25593;26448;27412;28411;29446;30519;31632;32784;33979;35218;36501;37831;39210;40639;42120;43655;5970;6254;6552;6864;7191;7534;7893;8268;8662;9075;9507;9861;10229;10610;11005;11416;11841;12282;12740;13215;13707;14218;14748;15298;15868;7644;8048;8474;8922;9393;9890;10413;10963;11543;12153;12796;13305;13835;14385;14958;15553;16172;16815;17484;18180;18904;19656;20438;21251;22097
3110;16130;16647;17180;17730;18298;18883;19488;20112;20756;21421;22107;23003;23935;24905;25914;26964;28057;29194;30377;31608;32889;34221;35608;37051;38552;17697;18253;18827;19418;20028;20657;21306;21976;22666;23378;24113;25119;26167;27258;28395;29579;30813;32098;33437;34832;36285;37798;39375;41017;42728;8101;8417;8745;9086;9440;9808;10190;10587;11000;11429;11874;12295;12732;13184;13651;14136;14637;15157;15695;16252;16828;17426;18044;18684;19347;9532;9926;10336;10763;11208;11671;12153;12655;13178;13722;14289;14788;15305;15839;16392;16965;17557;18170;18805;19462;20142;20845;21573;22326;23106;3029;3160;3298;3441;3590;3746;3909;4078;4255;4440;4633;4805;4984;5169;5361;5560;5767;5982;6204;6434;6674;6922;7179;7446;7723;4085;4285;4495;4716;4947;5190;5444;5711;5991;6285;6593;6871;7160;7462;7777;8105;8446;8802;9173;9560;9963;10382;10820;11276;11751
3111;22927;23738;24578;25447;26347;27279;28244;29243;30277;31348;32457;33683;34956;36276;37647;39069;40545;42077;43667;45316;47028;48805;50649;52563;54548;24716;25627;26571;27550;28565;29618;30709;31841;33014;34231;35492;37030;38634;40308;42054;43876;45777;47760;49829;51988;54240;56590;59042;61600;64269;11350;11839;12350;12882;13438;14017;14621;15252;15910;16595;17311;17958;18629;19325;20047;20796;21573;22379;23215;24082;24982;25916;26884;27888;28930;13159;13771;14411;15081;15783;16517;17285;18088;18930;19810;20731;21520;22340;23191;24074;24991;25942;26930;27956;29021;30126;31273;32464;33700;34984;4096;4317;4551;4797;5056;5330;5618;5922;6242;6579;6935;7230;7537;7857;8190;8538;8901;9279;9673;10084;10512;10959;11424;11909;12415;5426;5751;6096;6461;6848;7259;7694;8155;8644;9162;9711;10170;10650;11153;11679;12231;12808;13413;14047;14710;15405;16132;16894;17692;18527
3112;16212;16783;17374;17987;18620;19276;19956;20659;21386;22140;22920;23872;24864;25897;26973;28094;29261;30477;31743;33062;34436;35867;37357;38909;40526;16697;17240;17800;18379;18976;19593;20230;20887;21566;22267;22991;23972;24996;26062;27175;28335;29544;30805;32120;33491;34920;36411;37965;39585;41275;7729;8082;8451;8836;9240;9661;10102;10564;11046;11550;12077;12532;13004;13493;14001;14529;15076;15643;16232;16844;17478;18136;18819;19528;20263;8454;8853;9271;9709;10167;10647;11150;11676;12227;12805;13409;13889;14385;14900;15433;15985;16556;17148;17762;18397;19055;19736;20442;21173;21930;2682;2826;2978;3138;3306;3484;3671;3868;4076;4295;4526;4734;4951;5178;5415;5663;5923;6195;6479;6776;7086;7411;7751;8106;8478;3520;3718;3927;4148;4381;4627;4887;5162;5452;5758;6082;6367;6664;6976;7303;7644;8002;8376;8768;9178;9608;10057;10528;11021;11536
3113;27104;27948;28818;29715;30640;31594;32577;33591;34637;35715;36827;38470;40186;41978;43850;45806;47849;49984;52213;54542;56975;59516;62171;64944;67841;29555;30486;31447;32438;33460;34514;35602;36724;37881;39075;40306;42092;43958;45906;47940;50064;52283;54600;57020;59546;62185;64941;67819;70824;73963;13522;14086;14673;15284;15921;16585;17276;17996;18746;19527;20341;21127;21944;22792;23674;24589;25539;26527;27552;28617;29723;30873;32066;33306;34593;16623;17259;17919;18605;19317;20056;20823;21620;22447;23306;24198;25087;26009;26964;27955;28982;30046;31150;32294;33481;34711;35986;37308;38679;40100;4659;4890;5132;5386;5653;5933;6227;6536;6859;7199;7556;7941;8346;8771;9218;9687;10181;10699;11244;11817;12419;13052;13717;14416;15150;6950;7301;7670;8058;8465;8893;9342;9814;10310;10831;11378;11903;12453;13028;13630;14259;14917;15606;16327;17081;17870;18695;19558;20461;21406
3201;33411;34779;36203;37685;39228;40834;42506;44247;46058;47944;49907;52604;55447;58443;61601;64930;68439;72137;76035;80144;84475;89040;93852;98924;104269;39970;41559;43212;44931;46717;48575;50507;52515;54604;56775;59033;62242;65626;69194;72956;76922;81104;85514;90163;95065;100233;105682;111428;117486;123873;16667;17352;18066;18808;19581;20386;21225;22097;23006;23951;24936;26136;27393;28711;30092;31540;33057;34647;36314;38061;39892;41812;43823;45931;48141;21715;22702;23733;24812;25939;27117;28350;29638;30984;32392;33864;35384;36971;38631;40364;42175;44068;46046;48112;50271;52527;54884;57347;59920;62609;5363;5695;6048;6422;6819;7242;7690;8166;8671;9208;9778;10244;10732;11244;11780;12342;12930;13546;14192;14869;15577;16320;17098;17913;18767;9131;9712;10330;10987;11686;12430;13221;14062;14957;15909;16921;17762;18644;19570;20543;21563;22634;23759;24939;26178;27479;28844;30277;31781;33360
3202;9454;9786;10130;10487;10855;11237;11632;12041;12464;12902;13356;14030;14737;15480;16261;17081;17942;18847;19798;20796;21845;22947;24104;25320;26597;9967;10322;10689;11070;11464;11872;12294;12732;13185;13654;14140;14888;15676;16505;17379;18298;19266;20286;21359;22489;23679;24932;26251;27640;29102;5191;5359;5533;5712;5897;6088;6285;6489;6699;6916;7140;7442;7757;8085;8426;8783;9154;9541;9944;10365;10803;11260;11736;12232;12749;5117;5367;5629;5903;6192;6494;6811;7143;7492;7857;8241;8562;8896;9242;9602;9977;10365;10769;11189;11625;12078;12548;13037;13545;14073;1906;2005;2109;2219;2334;2455;2582;2717;2858;3006;3162;3282;3406;3535;3670;3809;3953;4103;4258;4420;4588;4761;4942;5129;5324;2379;2507;2642;2784;2934;3092;3258;3433;3618;3813;4018;4204;4400;4604;4817;5041;5275;5520;5776;6044;6324;6618;6925;7246;7583
3203;10359;10559;10763;10970;11182;11397;11617;11841;12070;12303;12540;13110;13706;14329;14980;15661;16373;17117;17895;18708;19559;20448;21377;22349;23364;11178;11416;11658;11906;12159;12417;12681;12951;13226;13507;13794;14387;15005;15649;16321;17022;17754;18516;19312;20141;21006;21909;22850;23832;24855;5640;5816;5997;6184;6377;6576;6781;6993;7211;7436;7668;7879;8095;8318;8547;8781;9023;9271;9526;9788;10057;10333;10617;10909;11209;5888;6129;6379;6640;6912;7194;7488;7794;8113;8445;8790;9047;9312;9585;9866;10155;10452;10758;11074;11398;11732;12075;12429;12793;13168;2111;2209;2312;2420;2532;2650;2773;2903;3038;3179;3327;3447;3571;3699;3832;3970;4113;4261;4414;4573;4738;4908;5085;5268;5458;2670;2799;2934;3076;3225;3381;3544;3716;3895;4084;4281;4468;4662;4866;5078;5299;5530;5771;6023;6286;6560;6846;7144;7455;7780
3204;13908;14252;14605;14966;15336;15716;16105;16503;16912;17330;17759;18560;19396;20271;21184;22139;23138;24181;25271;26410;27600;28845;30145;31504;32924;14912;15276;15649;16031;16422;16823;17233;17654;18085;18526;18978;19833;20726;21659;22634;23654;24719;25832;26995;28211;29481;30809;32196;33646;35161;7826;8051;8283;8521;8766;9018;9278;9544;9819;10101;10392;10733;11085;11448;11824;12212;12612;13026;13453;13894;14350;14821;15307;15809;16328;8671;8952;9241;9540;9849;10168;10497;10837;11187;11549;11923;12281;12650;13030;13422;13825;14241;14669;15109;15563;16031;16513;17009;17520;18047;2903;3037;3178;3325;3478;3639;3807;3983;4168;4360;4562;4715;4873;5036;5205;5380;5560;5747;5939;6139;6344;6557;6777;7004;7239;3859;4049;4248;4456;4675;4905;5146;5399;5665;5943;6235;6466;6705;6953;7210;7477;7754;8040;8338;8646;8966;9298;9642;9999;10369
3301;294224;301686;309337;317181;325225;333473;341930;350602;359493;368610;377958;389901;402222;414931;428043;441569;455522;469916;484765;500083;515885;532186;549003;566351;584247;387675;397315;407194;417320;427697;438332;449231;460402;471850;483583;495608;510764;526384;542481;559071;576168;593788;611946;630660;649947;669823;690307;711417;733173;755594;154245;158159;162172;166287;170507;174833;179269;183818;188482;193265;198169;203785;209560;215499;221606;227887;234345;240986;247816;254839;262061;269488;277125;284979;293055;239473;245379;251432;257633;263987;270498;277170;284006;291011;298188;305543;313223;321095;329166;337439;345921;354615;363528;372666;382032;391634;401478;411569;421914;432518;47748;50056;52476;55012;57671;60459;63382;66445;69657;73024;76554;78782;81075;83434;85862;88361;90932;93579;96302;99104;101989;104957;108011;111154;114389;100322;105322;110572;116083;121869;127943;134320;141014;148043;155422;163168;167494;171934;176492;181171;185974;190905;195966;201161;206494;211968;217588;223356;229277;235356
3302;22055;22842;23657;24502;25376;26282;27220;28191;29198;30240;31319;32595;33923;35305;36743;38240;39798;41420;43107;44863;46691;48593;50573;52633;54778;26493;27385;28308;29261;30247;31266;32319;33408;34533;35697;36899;38485;40139;41864;43663;45540;47497;49538;51667;53888;56204;58620;61139;63767;66507;11939;12288;12648;13017;13398;13790;14193;14608;15036;15475;15928;16547;17191;17859;18553;19275;20024;20802;21611;22451;23324;24231;25173;26152;27168;15380;15905;16448;17010;17591;18191;18812;19454;20119;20806;21516;22315;23145;24005;24896;25821;26781;27776;28808;29878;30988;32140;33334;34573;35857;3700;3900;4111;4333;4567;4813;5074;5348;5637;5941;6262;6492;6730;6977;7233;7499;7774;8059;8355;8662;8980;9309;9651;10005;10372;5994;6367;6764;7185;7632;8107;8612;9148;9718;10323;10966;11367;11782;12212;12658;13120;13600;14096;14611;15145;15698;16272;16866;17482;18121
3303;24112;24868;25647;26451;27280;28135;29017;29926;30864;31831;32829;33869;34941;36048;37189;38367;39582;40835;42128;43462;44838;46258;47723;49234;50793;28443;29385;30358;31364;32403;33476;34584;35730;36913;38136;39399;40662;41966;43311;44699;46132;47611;49137;50713;52338;54016;55748;57535;59379;61283;13280;13634;13998;14371;14755;15148;15552;15967;16393;16830;17279;17883;18508;19155;19825;20518;21236;21978;22746;23542;24365;25216;26098;27010;27955;17418;17925;18446;18983;19535;20103;20688;21290;21909;22546;23202;23986;24797;25636;26502;27398;28325;29282;30272;31295;32353;33447;34578;35747;36955;4390;4597;4814;5041;5279;5528;5789;6063;6349;6648;6962;7212;7472;7740;8019;8307;8606;8915;9236;9568;9912;10269;10638;11021;11417;7709;8088;8486;8904;9342;9802;10284;10790;11321;11878;12463;12871;13292;13726;14175;14639;15118;15612;16123;16650;17195;17757;18338;18938;19557
3304;23006;23588;24184;24795;25422;26065;26724;27400;28093;28803;29531;30568;31640;32751;33901;35090;36322;37597;38917;40283;41697;43160;44675;46243;47866;26261;26978;27715;28472;29250;30049;30870;31713;32580;33470;34384;35600;36858;38161;39510;40907;42353;43850;45400;47005;48667;50388;52169;54013;55923;12966;13290;13622;13962;14311;14669;15035;15411;15796;16190;16595;17082;17583;18100;18631;19178;19740;20320;20916;21530;22162;22812;23482;24171;24881;15166;15639;16127;16630;17149;17684;18236;18805;19392;19997;20621;21264;21926;22609;23314;24040;24789;25562;26358;27179;28026;28900;29800;30729;31686;4968;5145;5329;5519;5716;5919;6131;6349;6576;6810;7053;7265;7483;7708;7939;8177;8423;8676;8936;9205;9481;9766;10059;10361;10672;7213;7502;7802;8114;8439;8777;9128;9493;9873;10268;10679;11019;11369;11731;12104;12489;12886;13296;13719;14156;14606;15071;15550;16045;16555
3305;13599;14440;15334;16282;17289;18359;19495;20701;21981;23341;24785;26204;27704;29290;30967;32740;34615;36597;38692;40907;43249;45725;48343;51111;54037;13918;14892;15934;17049;18242;19519;20885;22347;23910;25584;27374;29042;30813;32691;34683;36797;39040;41420;43944;46623;49464;52479;55678;59072;62672;6443;6879;7345;7842;8373;8940;9545;10191;10881;11618;12404;13085;13804;14562;15362;16206;17096;18036;19026;20071;21174;22337;23564;24858;26224;7262;7778;8330;8922;9556;10235;10962;11740;12574;13467;14424;15269;16164;17111;18113;19175;20298;21488;22747;24079;25490;26984;28565;30239;32010;2185;2324;2473;2630;2798;2977;3166;3368;3583;3812;4055;4303;4566;4845;5142;5456;5790;6144;6520;6918;7342;7791;8267;8773;9309;3167;3412;3677;3962;4268;4599;4955;5339;5753;6199;6679;7076;7496;7942;8413;8913;9443;10004;10598;11228;11895;12601;13350;14143;14983
3501;402039;416482;431444;446944;463000;479633;496864;514713;533204;552360;572203;594921;618541;643098;668631;695177;722777;751473;781309;812329;844580;878112;912975;949222;986909;509903;528445;547661;567576;588215;609605;631772;654746;678554;703229;728801;758852;790143;822724;856648;891971;928751;967047;1006922;1048441;1091673;1136687;1183557;1232360;1283175;203794;210304;217021;223953;231106;238488;246106;253967;262079;270450;279089;290876;303161;315964;329309;343217;357712;372819;388565;404976;422079;439905;458484;477847;498029;301582;311370;321475;331909;342681;353803;365286;377141;389381;402018;415066;431792;449192;467292;486123;505712;526090;547290;569344;592287;616154;640983;666812;693682;721635;61409;64953;68702;72667;76862;81298;85990;90953;96203;101755;107628;112221;117009;122002;127208;132637;138297;144198;150351;156767;163456;170431;177704;185287;193194;119921;127204;134929;143124;151816;161036;170815;181189;192193;203865;216246;224706;233497;242631;252123;261987;272236;282886;293953;305453;317403;329820;342723;356131;370063
3502;59787;61887;64060;66310;68639;71050;73546;76129;78802;81570;84435;87966;91645;95478;99471;103632;107966;112481;117185;122086;127192;132512;138054;143828;149843;63223;65466;67789;70195;72686;75265;77935;80701;83564;86530;89600;93698;97984;102465;107152;112053;117178;122537;128141;134002;140131;146541;153243;160252;167582;31017;32113;33248;34423;35639;36899;38203;39553;40951;42398;43896;45704;47586;49546;51586;53711;55923;58226;60624;63121;65720;68427;71245;74179;77234;35760;37099;38488;39929;41424;42975;44584;46254;47985;49782;51646;53757;55955;58243;60624;63102;65682;68367;71162;74072;77100;80252;83533;86948;90503;10055;10565;11102;11665;12257;12879;13533;14220;14942;15700;16497;17174;17879;18613;19377;20172;21000;21862;22759;23693;24666;25678;26732;27829;28971;13734;14551;15416;16332;17303;18332;19422;20576;21800;23096;24469;25467;26505;27586;28711;29882;31101;32369;33689;35063;36493;37981;39530;41142;42820
3503;32588;33390;34212;35055;35918;36802;37708;38636;39588;40562;41561;43132;44761;46453;48208;50030;51920;53882;55919;58032;60224;62500;64862;67313;69857;37498;38419;39362;40329;41319;42333;43373;44438;45529;46647;47792;49640;51560;53554;55625;57776;60011;62331;64742;67246;69846;72547;75353;78267;81294;18161;18639;19130;19633;20150;20680;21225;21783;22357;22945;23549;24264;25001;25760;26542;27348;28179;29035;29916;30825;31761;32725;33719;34743;35798;22930;23623;24338;25074;25832;26613;27417;28246;29101;29980;30887;31770;32679;33614;34575;35564;36581;37627;38703;39810;40948;42119;43324;44563;45837;6344;6611;6890;7180;7483;7798;8127;8469;8826;9198;9586;9904;10232;10571;10922;11284;11658;12045;12444;12856;13283;13723;14178;14648;15134;9687;10174;10686;11224;11788;12381;13004;13658;14345;15067;15825;16330;16852;17390;17945;18518;19110;19720;20350;20999;21670;22362;23076;23813;24573
3504;27370;28037;28719;29419;30135;30869;31621;32391;33179;33987;34815;35874;36965;38089;39248;40442;41672;42939;44245;45591;46978;48407;49879;51396;52959;31047;31851;32675;33521;34388;35279;36192;37129;38090;39076;40087;41359;42672;44027;45424;46866;48353;49888;51471;53105;54791;56530;58324;60175;62085;15301;15702;16114;16537;16971;17416;17873;18342;18823;19317;19824;20383;20957;21547;22155;22779;23421;24081;24759;25457;26174;26912;27670;28450;29251;18288;18866;19462;20077;20711;21365;22040;22736;23455;24196;24960;25701;26464;27250;28060;28893;29751;30634;31544;32481;33445;34438;35461;36514;37598;5359;5583;5817;6060;6313;6577;6853;7139;7438;7749;8073;8320;8575;8837;9107;9386;9673;9969;10274;10589;10913;11247;11591;11946;12311;7469;7863;8277;8714;9173;9657;10166;10702;11266;11860;12485;12896;13321;13759;14212;14680;15164;15663;16179;16711;17262;17830;18417;19023;19650
3505;24929;25401;25882;26372;26872;27381;27900;28428;28966;29515;30074;31040;32037;33065;34127;35223;36354;37522;38727;39970;41254;42579;43946;45357;46814;26512;27202;27911;28638;29384;30149;30934;31740;32567;33415;34285;35427;36608;37827;39088;40390;41735;43126;44563;46047;47582;49167;50805;52498;54247;13970;14355;14750;15156;15574;16003;16443;16896;17362;17840;18331;18765;19209;19664;20129;20606;21093;21593;22104;22627;23163;23711;24272;24847;25435;14736;15280;15845;16430;17037;17666;18319;18995;19697;20425;21179;21806;22452;23117;23802;24506;25232;25979;26749;27541;28357;29196;30061;30951;31868;4913;5132;5361;5600;5849;6110;6383;6667;6964;7275;7599;7830;8068;8314;8566;8827;9095;9372;9657;9950;10253;10565;10886;11217;11558;5747;6065;6400;6754;7127;7521;7936;8375;8838;9327;9842;10245;10665;11102;11557;12030;12523;13036;13570;14127;14705;15308;15935;16588;17268
3506;20281;20802;21335;21883;22445;23021;23612;24218;24839;25477;26131;26978;27853;28757;29689;30652;31646;32673;33732;34826;35956;37122;38326;39569;40852;22149;22820;23511;24223;24957;25712;26491;27293;28120;28972;29849;30864;31913;32997;34119;35279;36478;37718;39000;40326;41696;43114;44579;46094;47661;10823;11171;11531;11902;12285;12681;13089;13510;13945;14394;14857;15311;15778;16260;16756;17268;17795;18339;18899;19476;20071;20683;21315;21966;22637;12465;12923;13397;13889;14399;14927;15475;16043;16632;17243;17876;18473;19090;19727;20386;21067;21771;22498;23249;24026;24828;25657;26514;27399;28315;3774;3946;4126;4315;4512;4718;4933;5158;5393;5640;5897;6111;6333;6563;6802;7049;7305;7570;7845;8130;8425;8731;9048;9377;9717;5217;5470;5735;6013;6304;6609;6929;7265;7617;7986;8373;8711;9063;9429;9810;10206;10618;11047;11493;11957;12440;12942;13465;14009;14575
3507;42590;43634;44704;45799;46922;48072;49251;50458;51695;52962;54260;56065;57931;59858;61850;63907;66034;68231;70501;72846;75270;77774;80362;83036;85798;46252;47547;48878;50246;51652;53098;54585;56113;57683;59298;60958;63132;65383;67714;70129;72629;75219;77901;80679;83555;86535;89620;92816;96126;99553;23038;23799;24586;25398;26238;27105;28001;28926;29882;30870;31890;32829;33795;34790;35815;36869;37954;39072;40222;41406;42625;43880;45172;46502;47871;26573;27568;28599;29670;30780;31932;33127;34367;35653;36988;38372;39589;40845;42141;43478;44857;46280;47748;49262;50825;52437;54101;55817;57588;59414;7573;7959;8364;8790;9238;9708;10203;10723;11269;11843;12446;12928;13428;13948;14488;15049;15631;16236;16864;17517;18195;18899;19631;20391;21180;10923;11499;12106;12744;13416;14124;14868;15653;16478;17347;18262;19012;19793;20606;21452;22333;23251;24206;25200;26235;27312;28434;29602;30818;32084
3508;53180;54855;56582;58364;60202;62097;64053;66070;68150;70296;72510;75244;78081;81025;84080;87251;90541;93955;97497;101174;104988;108947;113055;117318;121741;60836;62828;64885;67010;69204;71470;73810;76227;78723;81301;83963;87218;90599;94112;97760;101550;105487;109576;113824;118237;122821;127582;132528;137666;143003;27606;28535;29496;30489;31516;32577;33673;34807;35979;37190;38442;39842;41293;42797;44356;45971;47645;49381;51179;53043;54975;56977;59052;61203;63432;35301;36583;37912;39290;40717;42196;43729;45318;46964;48670;50438;52245;54117;56056;58065;60145;62301;64533;66845;69240;71721;74291;76953;79710;82566;8958;9428;9923;10444;10992;11569;12176;12815;13487;14195;14940;15521;16124;16751;17402;18079;18782;19512;20270;21058;21877;22727;23611;24529;25482;14966;15778;16635;17538;18490;19493;20551;21667;22843;24083;25390;26371;27391;28449;29549;30691;31877;33109;34389;35718;37099;38533;40022;41569;43176
3509;25516;26194;26891;27606;28339;29093;29866;30660;31475;32312;33171;34433;35744;37104;38516;39982;41503;43082;44722;46424;48190;50024;51928;53904;55955;28352;29178;30027;30902;31801;32727;33680;34661;35670;36709;37778;39260;40799;42399;44062;45790;47586;49453;51392;53408;55502;57679;59941;62292;64735;13996;14408;14833;15270;15720;16183;16659;17150;17655;18176;18711;19302;19912;20541;21190;21859;22549;23262;23996;24754;25536;26343;27175;28033;28919;17514;18053;18608;19180;19770;20378;21005;21651;22317;23003;23711;24484;25282;26106;26956;27835;28742;29679;30646;31645;32676;33741;34841;35977;37149;4413;4649;4897;5159;5434;5725;6030;6353;6692;7049;7426;7694;7972;8260;8559;8868;9188;9520;9864;10220;10589;10972;11368;11779;12204;7415;7821;8249;8701;9178;9680;10211;10770;11360;11982;12638;13051;13477;13917;14372;14841;15326;15827;16344;16878;17429;17998;18586;19193;19820
3510;131511;136306;141277;146428;151768;157302;163037;168982;175144;181531;188150;196164;204520;213231;222313;231783;241655;251948;262680;273869;285534;297696;310376;323596;337380;147654;153121;158790;164669;170766;177089;183646;190445;197497;204809;212392;222231;232525;243296;254566;266358;278697;291606;305114;319248;334036;349510;365700;382640;400365;69951;72345;74821;77382;80030;82769;85602;88532;91561;94695;97936;102079;106398;110899;115591;120482;125579;130892;136429;142201;148217;154488;161024;167836;174937;88574;91719;94975;98348;101839;105455;109200;113077;117092;121249;125554;130708;136074;141660;147476;153530;159833;166395;173226;180337;187740;195447;203471;211824;220520;21932;23189;24519;25925;27411;28983;30644;32401;34259;36223;38300;39941;41652;43436;45297;47238;49262;51372;53573;55868;58262;60758;63361;66076;68906;35040;37236;39570;42050;44686;47486;50463;53626;56987;60558;64354;66965;69682;72509;75451;78512;81698;85013;88462;92051;95786;99672;103716;107924;112303
3511;42947;44954;47055;49254;51556;53965;56487;59127;61890;64782;67810;70754;73825;77030;80374;83863;87503;91301;95265;99400;103715;108217;112915;117817;122931;47723;49961;52304;54757;57325;60014;62828;65775;68860;72089;75470;79096;82896;86879;91054;95429;100014;104819;109855;115133;120665;126463;132539;138907;145581;21418;22272;23160;24083;25043;26041;27079;28159;29281;30448;31662;33334;35094;36948;38899;40953;43116;45393;47790;50314;52971;55769;58714;61815;65079;27391;28424;29495;30607;31761;32958;34201;35490;36828;38216;39657;41703;43854;46116;48495;50997;53628;56394;59303;62362;65580;68962;72520;76261;80195;6961;7340;7739;8161;8605;9073;9567;10088;10637;11216;11827;12385;12969;13580;14221;14891;15594;16329;17099;17905;18750;19634;20560;21530;22545;11071;11728;12424;13161;13943;14770;15647;16575;17559;18601;19705;20602;21539;22520;23545;24616;25736;26908;28132;29413;30751;32151;33614;35144;36743
4101;64840;67465;70195;73037;75993;79069;82270;85600;89065;92670;96421;100688;105143;109796;114654;119728;125026;130558;136336;142369;148669;155247;162117;169291;176782;76468;79607;82874;86276;89817;93504;97342;101337;105497;109827;114335;119709;125335;131226;137393;143851;150612;157691;165102;172862;180986;189493;198399;207724;217487;30736;31967;33248;34580;35966;37407;38906;40465;42086;43772;45526;47718;50015;52423;54947;57592;60364;63270;66316;69509;72855;76363;80039;83892;87931;41871;43480;45150;46885;48687;50557;52500;54517;56612;58787;61046;63914;66917;70061;73353;76800;80408;84186;88141;92283;96619;101158;105911;110887;116097;9166;9674;10210;10775;11372;12003;12668;13369;14110;14892;15717;16511;17346;18223;19144;20111;21128;22196;23318;24497;25735;27035;28402;29838;31346;15750;16729;17768;18872;20044;21290;22613;24017;25510;27095;28778;30098;31478;32922;34431;36010;37662;39389;41195;43084;45060;47127;49288;51548;53912
4102;9000;9278;9564;9859;10163;10476;10799;11132;11475;11829;12194;12615;13051;13502;13969;14451;14950;15467;16001;16554;17126;17718;18330;18963;19618;9143;9426;9718;10018;10328;10648;10977;11317;11667;12028;12400;12886;13391;13916;14461;15028;15616;16228;16864;17525;18212;18925;19667;20438;21239;4169;4314;4463;4618;4779;4944;5116;5294;5477;5667;5864;6091;6328;6573;6828;7092;7367;7653;7950;8258;8578;8911;9256;9615;9988;4373;4540;4714;4895;5082;5277;5479;5688;5906;6132;6367;6620;6884;7158;7443;7739;8047;8367;8700;9046;9406;9781;10170;10575;10996;1245;1306;1369;1435;1505;1578;1655;1735;1820;1908;2001;2082;2166;2254;2345;2440;2538;2641;2748;2859;2975;3095;3220;3350;3486;1584;1663;1747;1834;1927;2023;2125;2231;2343;2461;2584;2688;2795;2907;3024;3145;3271;3402;3538;3680;3827;3981;4140;4306;4478
4103;42452;43857;45309;46808;48358;49958;51612;53320;55085;56908;58792;61076;63449;65914;68474;71134;73898;76769;79751;82849;86068;89411;92885;96493;100242;42640;44309;46043;47846;49718;51665;53687;55788;57972;60241;62599;65345;68212;71204;74328;77589;80992;84545;88254;92126;96167;100386;104790;109387;114186;19488;20362;21274;22228;23225;24266;25354;26490;27678;28919;30215;31417;32667;33967;35319;36724;38185;39705;41285;42927;44635;46411;48258;50178;52175;21311;22332;23403;24525;25700;26932;28223;29576;30994;32479;34036;35535;37100;38733;40439;42220;44079;46020;48046;50162;52371;54677;57085;59599;62223;6043;6361;6696;7048;7420;7810;8221;8654;9110;9589;10094;10593;11117;11666;12243;12848;13483;14150;14849;15583;16353;17162;18010;18900;19835;7723;8189;8683;9208;9763;10353;10978;11640;12343;13088;13878;14620;15402;16225;17093;18007;18970;19984;21053;22179;23365;24614;25930;27317;28777
4104;46763;47784;48828;49894;50984;52098;53236;54398;55586;56800;58041;60073;62176;64352;66605;68936;71350;73847;76432;79108;81877;84743;87710;90780;93958;46620;48182;49797;51466;53191;54974;56816;58720;60688;62722;64824;67386;70049;72817;75694;78686;81795;85027;88387;91880;95511;99285;103209;107288;111527;24881;25669;26483;27322;28187;29081;30002;30953;31933;32945;33989;34976;35991;37036;38111;39218;40356;41528;42733;43974;45251;46564;47916;49307;50738;24498;25516;26576;27680;28830;30028;31276;32575;33929;35339;36807;38263;39776;41349;42984;44684;46451;48289;50198;52184;54247;56393;58623;60941;63352;7913;8329;8766;9226;9711;10221;10758;11323;11917;12543;13202;13736;14291;14869;15471;16096;16747;17424;18129;18862;19625;20418;21244;22103;22997;9489;10022;10585;11180;11808;12472;13172;13913;14694;15520;16392;17195;18038;18922;19849;20822;21842;22912;24035;25213;26448;27744;29104;30530;32026
4105;48626;49961;51332;52741;54189;55676;57205;58775;60388;62046;63749;65735;67784;69896;72074;74320;76636;79024;81486;84026;86644;89344;92128;94999;97959;52001;53643;55336;57083;58885;60744;62662;64640;66680;68785;70957;73429;75986;78633;81372;84206;87139;90174;93315;96566;99929;103410;107012;110739;114597;25623;26446;27295;28171;29076;30009;30973;31967;32993;34053;35146;36263;37415;38604;39831;41097;42403;43751;45141;46576;48056;49583;51159;52785;54462;27777;28885;30038;31237;32483;33779;35127;36529;37986;39502;41078;42573;44122;45728;47392;49116;50903;52756;54676;56665;58727;60864;63079;65374;67753;8616;9019;9440;9881;10343;10826;11332;11861;12416;12996;13603;14128;14673;15240;15828;16439;17074;17733;18417;19128;19867;20634;21430;22257;23116;10986;11562;12169;12807;13479;14186;14930;15713;16537;17404;18317;19145;20011;20915;21861;22849;23882;24962;26090;27270;28503;29791;31138;32546;34017
4106;18905;19469;20051;20649;21265;21900;22554;23227;23921;24635;25370;26321;27307;28330;29392;30493;31635;32821;34050;35326;36650;38023;39448;40926;42460;20813;21411;22026;22658;23309;23978;24667;25375;26104;26854;27625;28696;29809;30964;32165;33412;34707;36053;37451;38903;40411;41978;43605;45296;47052;9571;9845;10127;10417;10716;11023;11339;11664;11998;12341;12695;13174;13671;14187;14723;15278;15855;16453;17074;17718;18387;19081;19801;20548;21324;11238;11589;11950;12323;12708;13104;13513;13935;14369;14818;15280;15831;16401;16992;17605;18240;18897;19578;20284;21015;21772;22557;23370;24212;25085;3068;3180;3296;3416;3540;3670;3803;3942;4086;4235;4389;4558;4734;4917;5107;5304;5509;5721;5942;6171;6410;6657;6914;7181;7458;4041;4247;4464;4691;4930;5182;5446;5723;6015;6322;6644;6893;7151;7420;7698;7986;8286;8596;8919;9253;9600;9960;10333;10720;11122
4201;16056;16919;17829;18788;19799;20863;21985;23168;24414;25726;27110;28619;30212;31894;33670;35544;37523;39612;41817;44145;46603;49197;51936;54827;57880;18838;19855;20926;22056;23246;24501;25824;27218;28687;30235;31867;33781;35810;37960;40240;42657;45219;47935;50814;53865;57100;60530;64165;68019;72104;7822;8196;8589;9000;9431;9883;10356;10852;11371;11916;12486;13269;14101;14985;15924;16922;17983;19111;20309;21582;22935;24373;25901;27525;29250;10974;11455;11958;12483;13030;13602;14199;14821;15472;16150;16859;17879;18962;20109;21327;22617;23986;25438;26978;28611;30343;32179;34127;36193;38383;2433;2585;2746;2917;3098;3292;3497;3714;3946;4192;4453;4719;5001;5300;5617;5953;6309;6686;7086;7509;7958;8434;8938;9472;10039;4666;4969;5292;5636;6003;6393;6808;7251;7722;8224;8759;9222;9709;10223;10763;11332;11931;12561;13225;13924;14660;15435;16251;17110;18014
4202;17320;18068;18849;19664;20513;21400;22324;23289;24295;25345;26440;27765;29156;30617;32151;33762;35454;37230;39096;41055;43112;45272;47541;49923;52425;19664;20486;21342;22234;23163;24131;25140;26190;27285;28425;29613;31088;32636;34261;35968;37759;39639;41613;43686;45861;48145;50543;53060;55702;58477;8874;9167;9470;9783;10106;10440;10785;11142;11510;11890;12283;12941;13635;14365;15135;15946;16801;17701;18650;19649;20702;21811;22980;24211;25509;11217;11612;12020;12443;12880;13333;13802;14288;14790;15310;15849;16634;17459;18324;19232;20185;21185;22235;23336;24493;25706;26980;28317;29720;31193;2739;2867;3002;3143;3290;3444;3606;3775;3952;4137;4331;4534;4746;4968;5201;5444;5699;5966;6246;6538;6844;7165;7500;7851;8219;4212;4435;4671;4918;5179;5454;5743;6048;6369;6706;7062;7392;7737;8098;8476;8872;9286;9720;10174;10649;11146;11666;12211;12781;13378
4203;8557;8788;9026;9270;9521;9778;10042;10314;10593;10879;11173;11533;11905;12289;12685;13094;13516;13952;14401;14866;15345;15839;16350;16877;17421;9127;9396;9673;9958;10252;10554;10865;11185;11515;11855;12204;12606;13021;13449;13892;14349;14821;15309;15813;16334;16871;17426;18000;18592;19204;4344;4466;4592;4721;4853;4990;5130;5274;5422;5574;5731;5922;6119;6322;6532;6750;6974;7206;7446;7693;7949;8214;8487;8769;9061;4715;4876;5043;5215;5394;5578;5769;5966;6170;6381;6599;6835;7079;7332;7594;7865;8147;8438;8739;9052;9375;9710;10057;10416;10789;1475;1535;1597;1661;1728;1798;1871;1946;2025;2107;2192;2267;2345;2425;2508;2594;2683;2774;2869;2968;3069;3174;3283;3395;3512;1866;1951;2040;2134;2231;2333;2440;2551;2668;2790;2917;3020;3128;3239;3353;3472;3596;3723;3855;3992;4134;4280;4432;4589;4752
4204;23435;24333;25265;26234;27239;28283;29366;30492;31660;32873;34133;35580;37088;38660;40299;42007;43787;45643;47578;49595;51697;53888;56172;58553;61035;25267;26188;27142;28130;29155;30218;31318;32459;33642;34868;36138;37638;39200;40826;42521;44285;46123;48037;50031;52107;54269;56521;58867;61310;63854;11232;11683;12153;12641;13149;13677;14227;14799;15393;16012;16655;17439;18261;19121;20021;20964;21951;22985;24068;25201;26388;27631;28932;30295;31721;13864;14425;15009;15616;16248;16905;17589;18301;19041;19811;20613;21465;22351;23274;24236;25237;26280;27365;28496;29673;30899;32175;33504;34888;36329;3428;3602;3785;3977;4179;4392;4615;4849;5095;5354;5626;5916;6222;6543;6881;7236;7610;8003;8416;8850;9307;9788;10293;10824;11383;5135;5455;5795;6156;6540;6947;7380;7840;8329;8848;9399;9842;10306;10793;11302;11835;12393;12977;13589;14230;14901;15604;16340;17111;17918
4205;4365;4513;4667;4826;4990;5160;5335;5517;5704;5898;6099;6333;6577;6829;7092;7364;7647;7941;8246;8563;8892;9234;9589;9957;10340;4596;4765;4940;5122;5310;5506;5708;5918;6135;6361;6595;6845;7104;7373;7652;7941;8242;8554;8878;9214;9562;9924;10300;10690;11094;1962;2049;2140;2236;2335;2439;2548;2661;2779;2903;3032;3150;3273;3400;3532;3670;3813;3961;4115;4275;4442;4614;4794;4981;5174;2287;2388;2493;2603;2718;2837;2962;3093;3229;3371;3520;3659;3804;3954;4111;4273;4442;4618;4800;4990;5188;5393;5606;5828;6058;611;644;679;716;755;796;839;885;933;984;1037;1078;1121;1166;1213;1261;1311;1364;1418;1474;1533;1594;1658;1724;1793;860;906;956;1007;1062;1119;1179;1243;1310;1381;1456;1523;1593;1666;1742;1822;1906;1993;2084;2180;2280;2385;2494;2608;2728
4206;20375;21252;22166;23120;24114;25152;26234;27363;28540;29768;31049;32714;34468;36315;38262;40314;42475;44752;47152;49680;52343;55149;58106;61221;64503;23166;24097;25066;26074;27122;28212;29346;30526;31753;33029;34357;36237;38221;40313;42519;44846;47301;49890;52620;55500;58538;61742;65121;68685;72444;9808;10191;10589;11003;11433;11880;12344;12826;13327;13848;14389;15160;15973;16829;17731;18681;19682;20737;21849;23020;24254;25553;26923;28366;29886;13043;13549;14074;14619;15186;15774;16386;17021;17681;18366;19078;19998;20961;21972;23031;24141;25304;26524;27803;29143;30547;32020;33563;35181;36876;2891;3040;3196;3360;3533;3714;3905;4106;4317;4539;4772;5018;5277;5550;5836;6138;6454;6788;7138;7506;7894;8301;8730;9181;9655;4800;5093;5405;5735;6086;6458;6853;7272;7717;8188;8689;9084;9496;9927;10378;10849;11342;11857;12395;12958;13547;14162;14805;15477;16180
4207;28028;29340;30713;32151;33656;35232;36881;38607;40415;42307;44287;46683;49208;51869;54675;57632;60750;64036;67499;71150;74999;79056;83332;87839;92591;32186;33619;35117;36681;38314;40020;41803;43665;45609;47640;49762;52566;55528;58656;61961;65452;69140;73036;77151;81498;86090;90941;96065;101478;107195;14220;14753;15306;15880;16475;17092;17733;18398;19087;19803;20545;21710;22941;24241;25616;27068;28602;30224;31938;33748;35662;37684;39820;42078;44463;18536;19296;20088;20912;21770;22663;23593;24561;25569;26618;27710;29108;30577;32120;33740;35443;37231;39109;41083;43156;45333;47620;50023;52547;55198;4373;4603;4846;5101;5370;5653;5951;6265;6595;6942;7308;7671;8053;8453;8873;9314;9777;10263;10773;11309;11871;12461;13080;13730;14413;7066;7495;7950;8432;8944;9486;10062;10673;11320;12007;12736;13366;14028;14722;15451;16216;17018;17860;18744;19672;20646;21668;22740;23865;25047
4301;102134;105856;109714;113713;117857;122153;126605;131219;136001;140958;146095;151545;157199;163064;169147;175457;182003;188793;195836;203142;210721;218582;226737;235196;243970;131394;135691;140129;144712;149444;154332;159379;164592;169974;175533;181274;187824;194612;201644;208931;216480;224303;232408;240807;249508;258525;267866;277546;287575;297967;49501;51182;52919;54716;56574;58495;60481;62535;64658;66853;69123;72146;75302;78596;82034;85622;89367;93276;97356;101614;106059;110698;115540;120594;125869;77771;80121;82542;85037;87607;90254;92982;95792;98686;101669;104741;108543;112484;116567;120798;125184;129728;134437;139318;144375;149616;155048;160676;166509;172553;14831;15592;16393;17235;18120;19050;20028;21056;22137;23274;24469;25530;26636;27791;28995;30252;31564;32932;34359;35848;37402;39024;40715;42480;44321;32016;33703;35479;37349;39317;41389;43570;45866;48283;50828;53506;55382;57324;59334;61414;63568;65796;68103;70491;72963;75521;78169;80910;83747;86683
4302;29392;30126;30878;31648;32438;33248;34078;34929;35800;36694;37610;38588;39591;40620;41675;42759;43870;45010;46180;47381;48612;49876;51172;52502;53867;35501;36238;36991;37760;38544;39344;40162;40996;41847;42717;43604;44730;45885;47070;48285;49532;50811;52123;53469;54849;56266;57719;59209;60738;62306;15158;15538;15928;16328;16738;17158;17588;18029;18482;18946;19421;20028;20654;21300;21966;22653;23361;24091;24844;25621;26422;27248;28100;28978;29884;22239;22733;23237;23753;24280;24819;25370;25933;26508;27097;27698;28348;29014;29695;30392;31105;31835;32582;33347;34130;34931;35751;36590;37449;38328;4816;5012;5217;5430;5651;5882;6122;6371;6631;6902;7183;7401;7625;7856;8094;8340;8593;8853;9122;9398;9683;9977;10279;10591;10912;9995;10396;10813;11247;11699;12168;12657;13165;13693;14242;14814;15147;15487;15835;16190;16554;16926;17306;17695;18092;18499;18914;19339;19773;20218
4303;23302;23862;24435;25022;25624;26239;26870;27515;28177;28854;29547;30356;31187;32041;32919;33820;34746;35698;36675;37679;38711;39771;40860;41979;43128;27324;27889;28465;29053;29653;30266;30891;31530;32181;32846;33525;34436;35371;36332;37319;38333;39374;40444;41543;42671;43830;45021;46244;47500;48791;12271;12601;12940;13288;13646;14013;14390;14777;15175;15583;16002;16493;16999;17520;18058;18612;19182;19771;20377;21002;21647;22311;22995;23700;24427;16861;17268;17684;18110;18547;18995;19453;19922;20402;20894;21398;21927;22470;23025;23595;24179;24777;25390;26018;26661;27321;27996;28689;29399;30126;4200;4353;4512;4677;4847;5024;5207;5397;5594;5798;6010;6236;6471;6714;6967;7229;7501;7783;8076;8379;8695;9022;9361;9713;10079;7603;7909;8227;8558;8902;9260;9633;10020;10423;10843;11279;11616;11963;12320;12688;13067;13457;13859;14273;14699;15138;15590;16056;16536;17029
4304;13313;13603;13899;14202;14511;14827;15150;15480;15817;16161;16513;16970;17440;17923;18419;18929;19453;19991;20545;21114;21698;22299;22916;23550;24202;14911;15226;15548;15877;16212;16555;16905;17262;17627;18000;18380;18869;19371;19886;20415;20958;21516;22088;22676;23279;23899;24534;25187;25857;26545;6422;6620;6825;7036;7253;7477;7708;7946;8192;8445;8706;8947;9196;9451;9713;9982;10259;10544;10836;11136;11445;11763;12089;12424;12769;8541;8776;9018;9267;9522;9785;10055;10332;10617;10909;11210;11476;11749;12028;12314;12607;12906;13213;13527;13848;14177;14514;14859;15212;15574;2406;2476;2548;2621;2697;2776;2856;2939;3024;3112;3202;3312;3426;3543;3665;3791;3921;4055;4195;4339;4488;4642;4801;4966;5136;4292;4425;4561;4702;4847;4997;5151;5311;5475;5644;5818;5975;6137;6303;6473;6648;6828;7013;7203;7397;7597;7803;8014;8231;8453
4305;24002;24687;25392;26116;26861;27628;28417;29228;30062;30920;31802;32680;33582;34509;35461;36440;37446;38479;39541;40633;41754;42907;44091;45308;46559;26624;27321;28036;28770;29524;30297;31090;31904;32739;33596;34476;35436;36423;37437;38479;39550;40651;41783;42947;44142;45371;46635;47933;49268;50639;12379;12747;13126;13516;13917;14331;14756;15195;15646;16111;16590;17164;17759;18373;19009;19667;20348;21053;21782;22536;23316;24123;24958;25822;26716;16292;16700;17118;17546;17986;18436;18897;19371;19855;20353;20862;21504;22165;22847;23550;24274;25021;25790;26583;27401;28244;29113;30008;30931;31882;4285;4443;4607;4777;4953;5136;5325;5522;5726;5937;6156;6380;6612;6852;7102;7360;7628;7905;8193;8490;8799;9119;9451;9795;10151;7001;7294;7600;7919;8250;8596;8957;9332;9723;10130;10555;10865;11184;11513;11851;12199;12558;12926;13306;13697;14099;14514;14940;15379;15831
4306;35241;36292;37374;38489;39637;40819;42036;43290;44581;45911;47280;48777;50321;51913;53557;55252;57001;58805;60666;62587;64568;66612;68720;70895;73139;40223;41301;42407;43543;44710;45908;47138;48401;49697;51029;52396;54070;55797;57580;59419;61318;63277;65298;67384;69537;71759;74051;76417;78858;81378;18168;18723;19296;19885;20493;21120;21765;22431;23116;23823;24551;25489;26463;27475;28525;29615;30747;31922;33142;34408;35723;37089;38506;39978;41505;23940;24659;25400;26163;26949;27758;28592;29451;30336;31247;32186;33213;34273;35367;36496;37661;38863;40104;41384;42705;44068;45475;46926;48424;49969;6148;6403;6669;6945;7233;7533;7846;8171;8510;8863;9231;9591;9965;10354;10758;11178;11614;12068;12538;13028;13536;14064;14613;15183;15776;10007;10483;10982;11505;12053;12626;13227;13857;14516;15207;15931;16494;17078;17682;18307;18954;19625;20319;21037;21781;22552;23349;24175;25030;25915
4307;25018;25972;26962;27990;29057;30165;31315;32508;33748;35034;36370;37971;39642;41386;43207;45109;47094;49166;51330;53589;55947;58410;60980;63664;66465;28911;29956;31040;32162;33325;34530;35779;37073;38414;39803;41242;43044;44926;46889;48938;51077;53310;55639;58071;60609;63258;66023;68908;71920;75063;12609;13081;13571;14080;14607;15154;15722;16311;16922;17555;18213;19048;19921;20835;21790;22789;23834;24926;26069;27264;28514;29822;31189;32619;34114;17458;18063;18689;19337;20007;20700;21418;22160;22928;23723;24545;25568;26634;27745;28902;30107;31362;32670;34032;35451;36929;38469;40073;41744;43484;3775;3983;4202;4433;4676;4934;5205;5491;5793;6112;6448;6768;7103;7455;7825;8213;8620;9048;9496;9967;10461;10980;11524;12095;12695;7056;7462;7891;8346;8826;9334;9871;10439;11040;11675;12347;12857;13387;13940;14515;15114;15738;16387;17064;17768;18501;19265;20060;20888;21750
4308;20775;21381;22005;22647;23308;23988;24687;25408;26149;26912;27697;28677;29691;30741;31828;32954;34119;35326;36575;37868;39208;40594;42030;43516;45055;24068;24665;25277;25904;26547;27205;27880;28572;29281;30008;30752;31774;32831;33922;35050;36215;37419;38663;39949;41277;42649;44067;45532;47046;48610;10672;10982;11302;11630;11969;12317;12675;13044;13423;13813;14215;14782;15371;15985;16622;17285;17974;18691;19437;20212;21018;21856;22728;23634;24577;15129;15532;15945;16369;16804;17252;17711;18182;18666;19162;19672;20271;20888;21523;22178;22853;23549;24266;25004;25765;26549;27357;28190;29048;29932;3243;3389;3541;3701;3867;4041;4223;4413;4612;4819;5036;5230;5432;5642;5860;6086;6321;6565;6819;7082;7355;7639;7934;8240;8558;6266;6560;6868;7191;7529;7882;8253;8640;9046;9471;9916;10244;10582;10932;11293;11666;12051;12449;12861;13285;13724;14178;14646;15130;15630
5001;24197;25183;26209;27276;28387;29544;30747;32000;33303;34660;36072;37625;39244;40933;42695;44532;46449;48448;50533;52708;54977;57343;59811;62385;65070;24707;25829;27002;28229;29511;30851;32253;33718;35249;36850;38524;40442;42455;44569;46788;49118;51563;54130;56825;59654;62624;65742;69015;72451;76058;11617;12189;12788;13418;14078;14770;15497;16260;17060;17899;18780;19504;20256;21037;21847;22690;23564;24472;25416;26395;27413;28470;29567;30707;31890;12162;12860;13597;14377;15202;16074;16996;17971;19002;20092;21244;22160;23115;24111;25151;26235;27366;28545;29776;31059;32398;33794;35251;36770;38355;4296;4525;4767;5021;5289;5572;5869;6182;6512;6860;7226;7544;7875;8221;8582;8959;9353;9764;10193;10641;11108;11596;12106;12638;13193;5200;5513;5845;6197;6570;6966;7386;7830;8302;8802;9332;9811;10315;10844;11401;11986;12602;13249;13929;14644;15396;16186;17017;17891;18809
5002;15481;15913;16357;16814;17283;17765;18261;18771;19295;19833;20387;21203;22051;22933;23851;24805;25798;26830;27904;29020;30181;31389;32645;33951;35310;14015;14607;15224;15867;16538;17236;17964;18723;19514;20339;21198;22160;23165;24216;25315;26463;27664;28919;30231;31603;33036;34535;36102;37740;39452;7892;8212;8544;8890;9250;9625;10015;10420;10842;11281;11738;12074;12420;12776;13141;13518;13905;14303;14713;15134;15568;16013;16472;16944;17429;7177;7508;7854;8216;8595;8991;9405;9839;10292;10767;11263;11726;12209;12711;13233;13778;14344;14934;15549;16188;16854;17547;18269;19020;19803;2728;2873;3027;3188;3358;3537;3726;3924;4133;4354;4586;4767;4956;5152;5355;5567;5787;6016;6254;6501;6758;7025;7303;7592;7892;2923;3095;3277;3470;3674;3891;4120;4362;4619;4891;5179;5418;5669;5931;6205;6492;6792;7106;7435;7779;8138;8514;8908;9320;9751
5003;7239;7440;7647;7860;8079;8303;8534;8772;9016;9266;9524;9798;10080;10370;10668;10975;11290;11615;11949;12293;12646;13010;13384;13769;14165;6758;6982;7214;7453;7700;7956;8220;8492;8774;9065;9366;9685;10016;10357;10710;11076;11453;11844;12248;12666;13097;13544;14006;14484;14978;3748;3866;3987;4113;4242;4375;4513;4655;4801;4952;5108;5250;5397;5547;5701;5860;6023;6191;6364;6541;6723;6910;7103;7301;7504;3560;3684;3813;3946;4084;4227;4375;4528;4686;4850;5019;5194;5375;5562;5756;5957;6164;6379;6601;6832;7070;7316;7571;7835;8108;1570;1620;1671;1724;1778;1835;1893;1953;2014;2078;2144;2201;2259;2320;2381;2444;2509;2576;2645;2715;2787;2861;2937;3015;3095;1823;1887;1954;2023;2095;2169;2245;2325;2407;2492;2580;2654;2730;2809;2889;2972;3058;3146;3236;3329;3424;3523;3624;3728;3835
5101;19138;20035;20975;21959;22988;24066;25195;26377;27613;28908;30264;31664;33129;34662;36266;37943;39699;41536;43457;45468;47571;49772;52075;54484;57005;18601;19543;20532;21572;22664;23811;25017;26283;27614;29012;30481;32104;33813;35613;37509;39506;41609;43824;46157;48614;51202;53928;56799;59823;63008;8731;9158;9607;10077;10570;11087;11630;12199;12797;13423;14080;14735;15421;16139;16890;17676;18498;19359;20260;21203;22190;23222;24303;25434;26618;8536;9021;9534;10076;10649;11254;11894;12570;13285;14040;14838;15622;16446;17315;18229;19192;20205;21272;22396;23578;24823;26134;27514;28967;30497;3173;3322;3479;3642;3814;3993;4181;4378;4584;4800;5026;5273;5533;5805;6091;6391;6705;7035;7381;7744;8126;8525;8945;9385;9847;3889;4082;4285;4498;4721;4956;5202;5460;5731;6016;6315;6673;7052;7452;7874;8321;8793;9292;9819;10376;10964;11586;12243;12937;13671
5102;5921;6082;6247;6417;6592;6771;6955;7144;7338;7538;7743;8037;8343;8660;8989;9331;9686;10054;10436;10833;11245;11672;12116;12577;13055;4933;5136;5347;5567;5795;6034;6282;6540;6809;7089;7380;7679;7990;8313;8650;9001;9365;9744;10139;10550;10977;11421;11884;12365;12866;2871;2988;3110;3237;3369;3507;3650;3799;3954;4115;4283;4409;4539;4672;4810;4951;5097;5247;5402;5560;5724;5893;6066;6245;6428;2139;2265;2399;2540;2690;2849;3017;3195;3383;3583;3794;3941;4093;4251;4415;4586;4763;4947;5138;5337;5543;5758;5980;6211;6451;934;984;1037;1092;1151;1212;1277;1345;1417;1493;1573;1639;1709;1781;1856;1934;2016;2101;2190;2282;2379;2479;2584;2693;2807;850;897;947;999;1054;1112;1174;1239;1307;1380;1456;1534;1617;1703;1795;1891;1993;2100;2213;2332;2457;2589;2728;2875;3029
5103;10935;11453;11995;12562;13157;13780;14432;15115;15831;16580;17365;18304;19293;20336;21435;22594;23815;25102;26459;27890;29397;30986;32661;34426;36287;7649;8146;8675;9238;9838;10477;11157;11882;12653;13475;14350;15251;16209;17226;18308;19458;20680;21978;23358;24825;26384;28040;29801;31672;33661;3991;4297;4627;4982;5365;5777;6220;6697;7211;7765;8361;8724;9103;9499;9911;10342;10791;11260;11749;12260;12792;13348;13928;14533;15164;2735;2982;3252;3546;3867;4217;4598;5014;5467;5962;6501;6901;7326;7777;8256;8765;9304;9877;10485;11131;11816;12544;13316;14136;15006;909;1001;1101;1213;1335;1469;1617;1780;1960;2158;2375;2534;2703;2883;3076;3281;3500;3734;3983;4249;4533;4835;5158;5502;5870;790;865;946;1036;1134;1241;1359;1487;1628;1782;1950;2117;2298;2495;2709;2941;3193;3466;3763;4086;4436;4816;5228;5676;6162
5104;5285;5531;5788;6058;6340;6635;6944;7267;7605;7959;8330;8672;9029;9400;9786;10188;10606;11042;11496;11968;12460;12972;13505;14060;14638;3935;4134;4343;4562;4792;5034;5289;5556;5836;6131;6441;6779;7135;7509;7903;8318;8755;9214;9698;10207;10743;11307;11900;12525;13182;2260;2390;2528;2673;2827;2990;3162;3344;3536;3740;3955;4132;4316;4509;4710;4921;5141;5370;5610;5861;6123;6396;6682;6980;7292;1678;1791;1912;2041;2178;2325;2481;2649;2827;3018;3221;3378;3543;3716;3898;4088;4287;4497;4716;4947;5188;5441;5707;5986;6278;851;902;955;1012;1072;1136;1203;1275;1351;1431;1516;1586;1659;1735;1815;1899;1986;2078;2174;2274;2379;2488;2603;2723;2848;702;744;788;834;884;936;992;1051;1113;1179;1249;1323;1402;1485;1574;1667;1767;1872;1983;2101;2226;2359;2499;2648;2805
5105;7350;7662;7987;8326;8680;9048;9432;9833;10250;10685;11139;11630;12143;12678;13237;13820;14429;15066;15730;16423;17147;17903;18692;19516;20376;6556;6866;7190;7529;7885;8257;8647;9055;9482;9930;10399;10933;11495;12086;12707;13360;14047;14769;15528;16326;17164;18047;18974;19949;20974;3522;3696;3878;4069;4270;4481;4702;4934;5177;5433;5701;5930;6168;6416;6674;6942;7221;7511;7813;8127;8454;8794;9147;9515;9897;2959;3135;3322;3520;3729;3952;4187;4436;4700;4980;5277;5541;5818;6109;6414;6735;7071;7425;7796;8186;8595;9025;9476;9950;10447;1315;1382;1452;1525;1603;1684;1770;1859;1954;2053;2157;2258;2364;2475;2591;2713;2840;2973;3113;3259;3411;3571;3739;3914;4098;1180;1250;1325;1404;1488;1576;1670;1770;1876;1987;2106;2232;2365;2507;2656;2815;2983;3162;3350;3551;3763;3988;4226;4479;4746
5201;53066;55292;57612;60028;62547;65170;67904;70753;73721;76814;80036;83715;87563;91588;95798;100202;104808;109626;114665;119936;125449;131215;137247;143556;150155;59398;62036;64791;67668;70673;73812;77090;80513;84089;87823;91723;96307;101121;106175;111482;117054;122904;129047;135497;142270;149380;156847;164686;172917;181560;25043;26246;27506;28827;30212;31663;33183;34777;36447;38198;40032;41845;43739;45720;47790;49953;52215;54579;57050;59634;62334;65156;68106;71190;74413;28896;30488;32168;33940;35810;37783;39865;42061;44378;46823;49403;51739;54186;56749;59433;62243;65187;68270;71499;74880;78421;82130;86014;90082;94342;8490;8983;9504;10056;10640;11258;11911;12603;13335;14109;14928;15674;16458;17281;18145;19052;20005;21005;22056;23159;24316;25532;26809;28149;29557;11195;11905;12659;13461;14315;15222;16187;17212;18303;19463;20697;21857;23082;24376;25743;27186;28710;30319;32018;33813;35709;37710;39824;42056;44414
5202;9036;9334;9643;9961;10290;10629;10980;11343;11717;12104;12504;12923;13356;13803;14266;14743;15237;15748;16275;16820;17384;17966;18568;19190;19833;8749;9061;9385;9720;10067;10426;10798;11184;11583;11997;12425;12955;13507;14082;14683;15308;15961;16641;17350;18090;18861;19665;20503;21377;22288;4378;4581;4793;5015;5247;5490;5745;6011;6289;6580;6885;7126;7376;7635;7903;8180;8467;8764;9071;9389;9718;10059;10412;10777;11155;4166;4397;4640;4897;5168;5454;5755;6074;6410;6765;7139;7423;7718;8026;8345;8677;9022;9381;9754;10143;10546;10966;11402;11856;12327;1532;1611;1695;1783;1875;1972;2074;2182;2295;2414;2539;2664;2795;2933;3077;3229;3388;3554;3729;3913;4106;4308;4520;4743;4976;1659;1751;1848;1951;2059;2174;2294;2422;2556;2698;2848;3007;3176;3353;3541;3739;3948;4169;4403;4649;4909;5184;5474;5780;6104
5203;11170;11593;12031;12486;12958;13449;13957;14485;15033;15602;16192;16727;17280;17851;18441;19051;19681;20331;21003;21697;22415;23156;23921;24712;25529;10169;10604;11057;11530;12022;12536;13072;13631;14214;14821;15455;16124;16822;17550;18310;19103;19930;20792;21693;22632;23611;24634;25700;26813;27973;5521;5781;6054;6339;6638;6951;7278;7622;7981;8357;8751;9046;9351;9667;9993;10330;10679;11039;11411;11796;12194;12606;13031;13471;13925;5054;5307;5573;5851;6144;6452;6775;7114;7470;7843;8236;8595;8969;9360;9768;10193;10637;11101;11584;12089;12616;13165;13739;14338;14962;2087;2195;2309;2429;2555;2687;2827;2973;3127;3289;3460;3603;3752;3907;4069;4237;4412;4594;4784;4982;5188;5403;5626;5859;6101;2091;2203;2322;2446;2578;2716;2862;3016;3178;3348;3528;3704;3889;4083;4287;4501;4725;4961;5209;5469;5742;6028;6329;6645;6976
5204;7967;8212;8464;8723;8991;9267;9551;9844;10147;10458;10779;11101;11432;11774;12125;12487;12860;13244;13640;14047;14466;14898;15343;15801;16273;7264;7519;7783;8057;8340;8633;8936;9250;9575;9911;10259;10636;11028;11433;11854;12290;12742;13211;13697;14201;14724;15265;15827;16409;17013;3802;3982;4171;4369;4577;4794;5021;5259;5509;5770;6044;6245;6453;6668;6890;7120;7357;7602;7855;8117;8387;8666;8955;9253;9561;3292;3468;3653;3848;4053;4269;4497;4737;4990;5256;5537;5758;5987;6225;6473;6731;6999;7278;7568;7870;8183;8509;8848;9200;9567;1414;1485;1559;1637;1719;1805;1895;1989;2089;2193;2303;2408;2518;2633;2753;2879;3010;3148;3292;3442;3599;3763;3935;4115;4302;1291;1360;1432;1508;1589;1673;1762;1856;1955;2059;2169;2286;2410;2540;2678;2823;2976;3137;3306;3485;3674;3872;4082;4303;4536
5205;12112;12474;12846;13230;13625;14032;14451;14883;15328;15785;16257;16806;17373;17959;18565;19191;19838;20508;21200;21915;22654;23419;24209;25026;25870;10998;11374;11762;12164;12579;13009;13453;13913;14388;14880;15388;15998;16631;17290;17975;18687;19427;20197;20997;21829;22693;23592;24527;25499;26509;6157;6391;6634;6886;7148;7420;7702;7995;8299;8614;8942;9223;9513;9812;10121;10439;10767;11105;11454;11814;12186;12569;12964;13372;13792;5238;5487;5748;6021;6308;6607;6922;7251;7596;7957;8335;8649;8975;9313;9664;10029;10407;10799;11206;11628;12066;12521;12993;13483;13991;2088;2193;2303;2418;2540;2667;2801;2942;3089;3244;3407;3552;3702;3860;4023;4194;4372;4558;4751;4953;5163;5383;5611;5849;6097;2032;2135;2243;2357;2477;2602;2734;2873;3019;3172;3333;3509;3695;3890;4095;4312;4540;4779;5032;5298;5578;5873;6183;6510;6854
5206;13818;14459;15129;15831;16565;17333;18136;18977;19857;20778;21741;22932;24188;25513;26911;28385;29940;31580;33310;35134;37059;39089;41230;43489;45871;13266;13923;14612;15336;16095;16892;17728;18606;19527;20493;21508;22827;24227;25713;27290;28964;30740;32625;34626;36750;39004;41396;43935;46630;49489;6079;6424;6789;7175;7583;8014;8469;8950;9459;9996;10564;11064;11587;12135;12709;13310;13939;14598;15288;16011;16769;17562;18392;19262;20173;5776;6135;6517;6923;7353;7811;8297;8813;9362;9944;10563;11143;11755;12401;13082;13801;14559;15358;16202;17092;18031;19021;20066;21168;22331;2059;2175;2299;2429;2566;2711;2865;3027;3198;3379;3570;3769;3979;4201;4436;4683;4944;5220;5511;5819;6143;6486;6848;7230;7633;2463;2595;2733;2879;3033;3195;3366;3546;3735;3935;4145;4403;4677;4969;5278;5607;5956;6327;6721;7139;7584;8056;8558;9091;9657
5301;32183;33768;35431;37176;39007;40928;42944;45058;47278;49606;52049;54439;56938;59552;62286;65145;68136;71264;74536;77958;81537;85280;89195;93290;97573;36908;39116;41457;43937;46566;49353;52305;55435;58752;62267;65993;69232;72629;76194;79933;83856;87971;92288;96817;101569;106553;111782;117268;123023;129060;12782;13649;14575;15564;16620;17748;18952;20238;21612;23078;24644;25887;27192;28563;30004;31517;33106;34775;36529;38371;40306;42338;44473;46716;49071;17043;18168;19368;20647;22011;23464;25014;26666;28427;30304;32305;34204;36214;38343;40597;42983;45509;48184;51017;54015;57190;60552;64111;67879;71869;3751;4061;4396;4758;5151;5576;6036;6534;7073;7657;8289;8885;9523;10207;10940;11726;12569;13472;14440;15477;16590;17781;19059;20428;21896;6971;7492;8052;8654;9301;9996;10743;11546;12409;13336;14333;15284;16298;17379;18533;19762;21074;22472;23963;25553;27248;29056;30984;33040;35232
